legacy_record_id,inchikey,source_file,source_role,compound,filtered,farma_elite,top_hit,nh_4ey7,nh_isolated,master
LEGACY-INCHIKEY-AAEZZIGDDBXQPK-UHFFFAOYSA-N,AAEZZIGDDBXQPK-UHFFFAOYSA-N,formolecular/novo_horizonte/banco_mestre_unificado.csv,MASTER_UNIFIED,AAEZZIGDDBXQPK-UHFFFAOYSA-N,0,0,0,0,0,1
LEGACY-INCHIKEY-AAFOKVPCVKGERD-UHFFFAOYSA-N,AAFOKVPCVKGERD-UHFFFAOYSA-N,formolecular/novo_horizonte/banco_mestre_unificado.csv,MASTER_UNIFIED,AAFOKVPCVKGERD-UHFFFAOYSA-N,0,0,0,0,0,1
LEGACY-INCHIKEY-AAKGQNMNJCSORB-UHFFFAOYSA-N,AAKGQNMNJCSORB-UHFFFAOYSA-N,formolecular/novo_horizonte/banco_mestre_unificado.csv,MASTER_UNIFIED,AAKGQNMNJCSORB-UHFFFAOYSA-N,0,0,0,0,0,1
LEGACY-INCHIKEY-AALIOCLBNQSGAX-UHFFFAOYSA-N,AALIOCLBNQSGAX-UHFFFAOYSA-N,formolecular/novo_horizonte/banco_mestre_unificado.csv,MASTER_UNIFIED,AALIOCLBNQSGAX-UHFFFAOYSA-N,0,0,0,0,0,1
LEGACY-INCHIKEY-AAPXPLOAGNIOSU-UHFFFAOYSA-N,AAPXPLOAGNIOSU-UHFFFAOYSA-N,formolecular/novo_horizonte/banco_mestre_unificado.csv,MASTER_UNIFIED,AAPXPLOAGNIOSU-UHFFFAOYSA-N,0,0,0,0,0,1
LEGACY-INCHIKEY-AATCBDNMGZWOAN-UHFFFAOYSA-N,AATCBDNMGZWOAN-UHFFFAOYSA-N,formolecular/novo_horizonte/banco_mestre_unificado.csv,MASTER_UNIFIED,AATCBDNMGZWOAN-UHFFFAOYSA-N,0,0,0,0,0,1
LEGACY-INCHIKEY-AAUJETAJCJPKSW-UHFFFAOYSA-N,AAUJETAJCJPKSW-UHFFFAOYSA-N,formolecular/novo_horizonte/banco_mestre_unificado.csv,MASTER_UNIFIED,AAUJETAJCJPKSW-UHFFFAOYSA-N,0,0,0,0,0,1
LEGACY-INCHIKEY-AAZYTOVRIWMLTE-UHFFFAOYSA-N,AAZYTOVRIWMLTE-UHFFFAOYSA-N,formolecular/novo_horizonte/banco_mestre_unificado.csv,MASTER_UNIFIED,AAZYTOVRIWMLTE-UHFFFAOYSA-N,0,0,0,0,0,1
LEGACY-INCHIKEY-ABCFPEYNRMDEOS-UHFFFAOYSA-N,ABCFPEYNRMDEOS-UHFFFAOYSA-N,formolecular/novo_horizonte/banco_mestre_unificado.csv,MASTER_UNIFIED,ABCFPEYNRMDEOS-UHFFFAOYSA-N,0,0,0,0,0,1
LEGACY-INCHIKEY-ABGQMUYAGYSMJU-UHFFFAOYSA-N,ABGQMUYAGYSMJU-UHFFFAOYSA-N,formolecular/novo_horizonte/banco_mestre_unificado.csv,MASTER_UNIFIED,ABGQMUYAGYSMJU-UHFFFAOYSA-N,0,0,0,0,0,1
LEGACY-INCHIKEY-ABKOGSPDYGXGDP-UHFFFAOYSA-N,ABKOGSPDYGXGDP-UHFFFAOYSA-N,formolecular/csv_elite_farma/RANKING_FARMACOS_ELITE_ADMET.csv,FARMA_ELITE,ABKOGSPDYGXGDP-UHFFFAOYSA-N,0,1,0,0,0,0
LEGACY-INCHIKEY-ACECRLBVOBJMOB-UHFFFAOYSA-N,ACECRLBVOBJMOB-UHFFFAOYSA-N,formolecular/novo_horizonte/banco_mestre_unificado.csv,MASTER_UNIFIED,ACECRLBVOBJMOB-UHFFFAOYSA-N,0,0,0,0,0,1
LEGACY-INCHIKEY-ACGAIKISYYTCIU-UHFFFAOYSA-N,ACGAIKISYYTCIU-UHFFFAOYSA-N,formolecular/novo_horizonte/banco_mestre_unificado.csv,MASTER_UNIFIED,ACGAIKISYYTCIU-UHFFFAOYSA-N,0,0,0,0,0,1
LEGACY-INCHIKEY-ACMPWZQOUILVFB-UHFFFAOYSA-N,ACMPWZQOUILVFB-UHFFFAOYSA-N,formolecular/novo_horizonte/banco_mestre_unificado.csv,MASTER_UNIFIED,ACMPWZQOUILVFB-UHFFFAOYSA-N,0,0,0,0,0,1
LEGACY-INCHIKEY-ACSNKKIBZFOZBH-UHFFFAOYSA-N,ACSNKKIBZFOZBH-UHFFFAOYSA-N,formolecular/novo_horizonte/banco_mestre_unificado.csv,MASTER_UNIFIED,ACSNKKIBZFOZBH-UHFFFAOYSA-N,0,0,0,0,0,1
LEGACY-INCHIKEY-ACVCTMJWUMXYTQ-UHFFFAOYSA-N,ACVCTMJWUMXYTQ-UHFFFAOYSA-N,formolecular/novo_horizonte/banco_mestre_unificado.csv,MASTER_UNIFIED,ACVCTMJWUMXYTQ-UHFFFAOYSA-N,0,0,0,0,0,1
LEGACY-INCHIKEY-ACWWRXBIEVMVMT-UHFFFAOYSA-N,ACWWRXBIEVMVMT-UHFFFAOYSA-N,formolecular/novo_horizonte/banco_mestre_unificado.csv,MASTER_UNIFIED,ACWWRXBIEVMVMT-UHFFFAOYSA-N,0,0,0,0,0,1
LEGACY-INCHIKEY-ADEOFEZYIUQHOO-UHFFFAOYSA-N,ADEOFEZYIUQHOO-UHFFFAOYSA-N,formolecular/novo_horizonte/banco_mestre_unificado.csv,MASTER_UNIFIED,ADEOFEZYIUQHOO-UHFFFAOYSA-N,0,0,0,0,0,1
LEGACY-INCHIKEY-ADJOBSVKSGXTAL-UHFFFAOYSA-N,ADJOBSVKSGXTAL-UHFFFAOYSA-N,formolecular/novo_horizonte/banco_mestre_unificado.csv,MASTER_UNIFIED,ADJOBSVKSGXTAL-UHFFFAOYSA-N,0,0,0,0,0,1
LEGACY-INCHIKEY-ADJQARFBFHNDLK-UHFFFAOYSA-N,ADJQARFBFHNDLK-UHFFFAOYSA-N,formolecular/novo_horizonte/banco_mestre_unificado.csv,MASTER_UNIFIED,ADJQARFBFHNDLK-UHFFFAOYSA-N,0,0,0,0,0,1
LEGACY-INCHIKEY-ADNFTDSADNEQKV-UHFFFAOYSA-N,ADNFTDSADNEQKV-UHFFFAOYSA-N,formolecular/novo_horizonte/banco_mestre_unificado.csv,MASTER_UNIFIED,ADNFTDSADNEQKV-UHFFFAOYSA-N,0,0,0,0,0,1
LEGACY-INCHIKEY-AEASSGGITMCXQY-UHFFFAOYSA-N,AEASSGGITMCXQY-UHFFFAOYSA-N,formolecular/novo_horizonte/banco_mestre_unificado.csv,MASTER_UNIFIED,AEASSGGITMCXQY-UHFFFAOYSA-N,0,0,0,0,0,1
LEGACY-INCHIKEY-AEDIXYWIVPYNBI-UHFFFAOYSA-N,AEDIXYWIVPYNBI-UHFFFAOYSA-N,formolecular/novo_horizonte/banco_mestre_unificado.csv,MASTER_UNIFIED,AEDIXYWIVPYNBI-UHFFFAOYSA-N,0,0,0,0,0,1
LEGACY-INCHIKEY-AEDVQRBUFSGOIS-UHFFFAOYSA-N,AEDVQRBUFSGOIS-UHFFFAOYSA-N,formolecular/novo_horizonte/banco_mestre_unificado.csv,MASTER_UNIFIED,AEDVQRBUFSGOIS-UHFFFAOYSA-N,0,0,0,0,0,1
LEGACY-INCHIKEY-AEJILMJISZUSQP-UHFFFAOYSA-N,AEJILMJISZUSQP-UHFFFAOYSA-N,formolecular/novo_horizonte/banco_mestre_unificado.csv,MASTER_UNIFIED,AEJILMJISZUSQP-UHFFFAOYSA-N,0,0,0,0,0,1
LEGACY-INCHIKEY-AEMUOGYCGJPXPC-UHFFFAOYSA-N,AEMUOGYCGJPXPC-UHFFFAOYSA-N,formolecular/csv_elite_farma/RANKING_FARMACOS_ELITE_ADMET.csv,FARMA_ELITE,AEMUOGYCGJPXPC-UHFFFAOYSA-N,0,1,0,0,0,0
LEGACY-INCHIKEY-AEQCPPUGTOMGAL-UHFFFAOYSA-N,AEQCPPUGTOMGAL-UHFFFAOYSA-N,formolecular/novo_horizonte/banco_mestre_unificado.csv,MASTER_UNIFIED,AEQCPPUGTOMGAL-UHFFFAOYSA-N,0,0,0,0,0,1
LEGACY-INCHIKEY-AERDHGCOKAKBIG-UHFFFAOYSA-N,AERDHGCOKAKBIG-UHFFFAOYSA-N,formolecular/novo_horizonte/banco_mestre_unificado.csv,MASTER_UNIFIED,AERDHGCOKAKBIG-UHFFFAOYSA-N,0,0,0,0,0,1
LEGACY-INCHIKEY-AFDJLLKEHQEYBQ-UHFFFAOYSA-N,AFDJLLKEHQEYBQ-UHFFFAOYSA-N,formolecular/novo_horizonte/banco_mestre_unificado.csv,MASTER_UNIFIED,AFDJLLKEHQEYBQ-UHFFFAOYSA-N,0,0,0,0,0,1
LEGACY-INCHIKEY-AFDQEHOUEUVIHV-UHFFFAOYSA-N,AFDQEHOUEUVIHV-UHFFFAOYSA-N,formolecular/novo_horizonte/banco_mestre_unificado.csv,MASTER_UNIFIED,AFDQEHOUEUVIHV-UHFFFAOYSA-N,0,0,0,0,0,1
LEGACY-INCHIKEY-AFHFYWLYFGBJMU-UHFFFAOYSA-N,AFHFYWLYFGBJMU-UHFFFAOYSA-N,formolecular/novo_horizonte/banco_mestre_unificado.csv,MASTER_UNIFIED,AFHFYWLYFGBJMU-UHFFFAOYSA-N,0,0,0,0,0,1
LEGACY-INCHIKEY-AFHGTLHBAHTQNP-UHFFFAOYSA-N,AFHGTLHBAHTQNP-UHFFFAOYSA-N,formolecular/novo_horizonte/banco_mestre_unificado.csv,MASTER_UNIFIED,AFHGTLHBAHTQNP-UHFFFAOYSA-N,0,0,0,0,0,1
LEGACY-INCHIKEY-AFHSPUAQMUOKFY-UHFFFAOYSA-N,AFHSPUAQMUOKFY-UHFFFAOYSA-N,formolecular/novo_horizonte/banco_mestre_unificado.csv,MASTER_UNIFIED,AFHSPUAQMUOKFY-UHFFFAOYSA-N,0,0,0,0,0,1
LEGACY-INCHIKEY-AFNSLWGSONKPBX-UHFFFAOYSA-N,AFNSLWGSONKPBX-UHFFFAOYSA-N,formolecular/novo_horizonte/banco_mestre_unificado.csv,MASTER_UNIFIED,AFNSLWGSONKPBX-UHFFFAOYSA-N,0,0,0,0,0,1
LEGACY-INCHIKEY-AFSOJYPTJOINAD-UHFFFAOYSA-N,AFSOJYPTJOINAD-UHFFFAOYSA-N,formolecular/novo_horizonte/banco_mestre_unificado.csv,MASTER_UNIFIED,AFSOJYPTJOINAD-UHFFFAOYSA-N,0,0,0,0,0,1
LEGACY-INCHIKEY-AFUCMQODXNNOEE-UHFFFAOYSA-N,AFUCMQODXNNOEE-UHFFFAOYSA-N,formolecular/novo_horizonte/banco_mestre_unificado.csv,MASTER_UNIFIED,AFUCMQODXNNOEE-UHFFFAOYSA-N,0,0,0,0,0,1
LEGACY-INCHIKEY-AFWNFJHIBBNJFE-UHFFFAOYSA-N,AFWNFJHIBBNJFE-UHFFFAOYSA-N,formolecular/novo_horizonte/banco_mestre_unificado.csv,MASTER_UNIFIED,AFWNFJHIBBNJFE-UHFFFAOYSA-N,0,0,0,0,0,1
LEGACY-INCHIKEY-AFXMGUGIPQYERW-UHFFFAOYSA-N,AFXMGUGIPQYERW-UHFFFAOYSA-N,formolecular/novo_horizonte/banco_mestre_unificado.csv,MASTER_UNIFIED,AFXMGUGIPQYERW-UHFFFAOYSA-N,0,0,0,0,0,1
LEGACY-INCHIKEY-AFZWKGNMLZLMFD-UHFFFAOYSA-N,AFZWKGNMLZLMFD-UHFFFAOYSA-N,formolecular/novo_horizonte/banco_mestre_unificado.csv,MASTER_UNIFIED,AFZWKGNMLZLMFD-UHFFFAOYSA-N,0,0,0,0,0,1
LEGACY-INCHIKEY-AGIMBQDDDXWKPH-UHFFFAOYSA-N,AGIMBQDDDXWKPH-UHFFFAOYSA-N,formolecular/novo_horizonte/banco_mestre_unificado.csv,MASTER_UNIFIED,AGIMBQDDDXWKPH-UHFFFAOYSA-N,0,0,0,0,0,1
LEGACY-INCHIKEY-AGNSHYFQEJTXPF-UHFFFAOYSA-N,AGNSHYFQEJTXPF-UHFFFAOYSA-N,formolecular/novo_horizonte/banco_mestre_unificado.csv,MASTER_UNIFIED,AGNSHYFQEJTXPF-UHFFFAOYSA-N,0,0,0,0,0,1
LEGACY-INCHIKEY-AGRAPCNPEFFZAY-UHFFFAOYSA-N,AGRAPCNPEFFZAY-UHFFFAOYSA-N,formolecular/novo_horizonte/banco_mestre_unificado.csv,MASTER_UNIFIED,AGRAPCNPEFFZAY-UHFFFAOYSA-N,0,0,0,0,0,1
LEGACY-INCHIKEY-AHCVXNFVLVNEJP-UHFFFAOYSA-N,AHCVXNFVLVNEJP-UHFFFAOYSA-N,formolecular/novo_horizonte/banco_mestre_unificado.csv,MASTER_UNIFIED,AHCVXNFVLVNEJP-UHFFFAOYSA-N,0,0,0,0,0,1
LEGACY-INCHIKEY-AHIYLZVOIGOUDQ-UHFFFAOYSA-N,AHIYLZVOIGOUDQ-UHFFFAOYSA-N,formolecular/novo_horizonte/banco_mestre_unificado.csv,MASTER_UNIFIED,AHIYLZVOIGOUDQ-UHFFFAOYSA-N,0,0,0,0,0,1
LEGACY-INCHIKEY-AHJYNGGSYCUUJU-UHFFFAOYSA-N,AHJYNGGSYCUUJU-UHFFFAOYSA-N,formolecular/novo_horizonte/banco_mestre_unificado.csv,MASTER_UNIFIED,AHJYNGGSYCUUJU-UHFFFAOYSA-N,0,0,0,0,0,1
LEGACY-INCHIKEY-AHKBNSUFLMEGMP-UHFFFAOYSA-N,AHKBNSUFLMEGMP-UHFFFAOYSA-N,formolecular/novo_horizonte/banco_mestre_unificado.csv,MASTER_UNIFIED,AHKBNSUFLMEGMP-UHFFFAOYSA-N,0,0,0,0,0,1
LEGACY-INCHIKEY-AHLWKGCYHYWBIB-UHFFFAOYSA-N,AHLWKGCYHYWBIB-UHFFFAOYSA-N,formolecular/novo_horizonte/banco_mestre_unificado.csv,MASTER_UNIFIED,AHLWKGCYHYWBIB-UHFFFAOYSA-N,0,0,0,0,0,1
LEGACY-INCHIKEY-AHMXEKIAAYFGFL-UHFFFAOYSA-N,AHMXEKIAAYFGFL-UHFFFAOYSA-N,formolecular/novo_horizonte/banco_mestre_unificado.csv,MASTER_UNIFIED,AHMXEKIAAYFGFL-UHFFFAOYSA-N,0,0,0,0,0,1
LEGACY-INCHIKEY-AHQLJUARKPCPBV-UHFFFAOYSA-N,AHQLJUARKPCPBV-UHFFFAOYSA-N,formolecular/novo_horizonte/banco_mestre_unificado.csv,MASTER_UNIFIED,AHQLJUARKPCPBV-UHFFFAOYSA-N,0,0,0,0,0,1
LEGACY-INCHIKEY-AICDAGRMEFRIOG-UHFFFAOYSA-N,AICDAGRMEFRIOG-UHFFFAOYSA-N,formolecular/novo_horizonte/banco_mestre_unificado.csv,MASTER_UNIFIED,AICDAGRMEFRIOG-UHFFFAOYSA-N,0,0,0,0,0,1
LEGACY-INCHIKEY-AIOXEHSKPKWQER-UHFFFAOYSA-N,AIOXEHSKPKWQER-UHFFFAOYSA-N,formolecular/novo_horizonte/banco_mestre_unificado.csv,MASTER_UNIFIED,AIOXEHSKPKWQER-UHFFFAOYSA-N,0,0,0,0,0,1
LEGACY-INCHIKEY-AIZXYUCIAWXLKL-UHFFFAOYSA-N,AIZXYUCIAWXLKL-UHFFFAOYSA-N,formolecular/novo_horizonte/banco_mestre_unificado.csv,MASTER_UNIFIED,AIZXYUCIAWXLKL-UHFFFAOYSA-N,0,0,0,0,0,1
LEGACY-INCHIKEY-AJBCMVMGZRNALM-UHFFFAOYSA-N,AJBCMVMGZRNALM-UHFFFAOYSA-N,formolecular/novo_horizonte/banco_mestre_unificado.csv,MASTER_UNIFIED,AJBCMVMGZRNALM-UHFFFAOYSA-N,0,0,0,0,0,1
LEGACY-INCHIKEY-AJCXVIANAHQQLB-UHFFFAOYSA-N,AJCXVIANAHQQLB-UHFFFAOYSA-N,formolecular/novo_horizonte/banco_mestre_unificado.csv,MASTER_UNIFIED,AJCXVIANAHQQLB-UHFFFAOYSA-N,0,0,0,0,0,1
LEGACY-INCHIKEY-AJDRWSAJCVBFNG-UHFFFAOYSA-N,AJDRWSAJCVBFNG-UHFFFAOYSA-N,formolecular/novo_horizonte/banco_mestre_unificado.csv,MASTER_UNIFIED,AJDRWSAJCVBFNG-UHFFFAOYSA-N,0,0,0,0,0,1
LEGACY-INCHIKEY-AJEXESQSZRGVNK-UHFFFAOYSA-N,AJEXESQSZRGVNK-UHFFFAOYSA-N,formolecular/novo_horizonte/banco_mestre_unificado.csv,MASTER_UNIFIED,AJEXESQSZRGVNK-UHFFFAOYSA-N,0,0,0,0,0,1
LEGACY-INCHIKEY-AJGDNMJHQNUZJR-UHFFFAOYSA-N,AJGDNMJHQNUZJR-UHFFFAOYSA-N,formolecular/novo_horizonte/banco_mestre_unificado.csv,MASTER_UNIFIED,AJGDNMJHQNUZJR-UHFFFAOYSA-N,0,0,0,0,0,1
LEGACY-INCHIKEY-AJHLUOTXKSHNSM-UHFFFAOYSA-N,AJHLUOTXKSHNSM-UHFFFAOYSA-N,formolecular/novo_horizonte/banco_mestre_unificado.csv,MASTER_UNIFIED,AJHLUOTXKSHNSM-UHFFFAOYSA-N,0,0,0,0,0,1
LEGACY-INCHIKEY-AJJOJGHCUOOYIL-UHFFFAOYSA-N,AJJOJGHCUOOYIL-UHFFFAOYSA-N,formolecular/novo_horizonte/banco_mestre_unificado.csv,MASTER_UNIFIED,AJJOJGHCUOOYIL-UHFFFAOYSA-N,0,0,0,0,0,1
LEGACY-INCHIKEY-AJLHOCCWHYTGSI-UHFFFAOYSA-N,AJLHOCCWHYTGSI-UHFFFAOYSA-N,formolecular/novo_horizonte/banco_mestre_unificado.csv,MASTER_UNIFIED,AJLHOCCWHYTGSI-UHFFFAOYSA-N,0,0,0,0,0,1
LEGACY-INCHIKEY-AJNJYSXJJQLKSR-UHFFFAOYSA-N,AJNJYSXJJQLKSR-UHFFFAOYSA-N,formolecular/novo_horizonte/banco_mestre_unificado.csv,MASTER_UNIFIED,AJNJYSXJJQLKSR-UHFFFAOYSA-N,0,0,0,0,0,1
LEGACY-INCHIKEY-AJNKTKHLIKPQLP-UHFFFAOYSA-N,AJNKTKHLIKPQLP-UHFFFAOYSA-N,formolecular/novo_horizonte/banco_mestre_unificado.csv,MASTER_UNIFIED,AJNKTKHLIKPQLP-UHFFFAOYSA-N,0,0,0,0,0,1
LEGACY-INCHIKEY-AJSVFOLJOYZOCM-UHFFFAOYSA-N,AJSVFOLJOYZOCM-UHFFFAOYSA-N,formolecular/novo_horizonte/banco_mestre_unificado.csv,MASTER_UNIFIED,AJSVFOLJOYZOCM-UHFFFAOYSA-N,0,0,0,0,0,1
LEGACY-INCHIKEY-AJTXKOHECRWOSA-UHFFFAOYSA-N,AJTXKOHECRWOSA-UHFFFAOYSA-N,formolecular/novo_horizonte/banco_mestre_unificado.csv,MASTER_UNIFIED,AJTXKOHECRWOSA-UHFFFAOYSA-N,0,0,0,0,0,1
LEGACY-INCHIKEY-AJWUKFSAHLBTAN-UHFFFAOYSA-N,AJWUKFSAHLBTAN-UHFFFAOYSA-N,formolecular/novo_horizonte/banco_mestre_unificado.csv,MASTER_UNIFIED,AJWUKFSAHLBTAN-UHFFFAOYSA-N,0,0,0,0,0,1
LEGACY-INCHIKEY-AKDDGBQDYNYKCD-UHFFFAOYSA-N,AKDDGBQDYNYKCD-UHFFFAOYSA-N,formolecular/novo_horizonte/banco_mestre_unificado.csv,MASTER_UNIFIED,AKDDGBQDYNYKCD-UHFFFAOYSA-N,0,0,0,0,0,1
LEGACY-INCHIKEY-AKMVTUPJYLPZGA-UHFFFAOYSA-N,AKMVTUPJYLPZGA-UHFFFAOYSA-N,formolecular/novo_horizonte/banco_mestre_unificado.csv,MASTER_UNIFIED,AKMVTUPJYLPZGA-UHFFFAOYSA-N,0,0,0,0,0,1
LEGACY-INCHIKEY-AKNNQNOYTMLEIU-UHFFFAOYSA-N,AKNNQNOYTMLEIU-UHFFFAOYSA-N,formolecular/novo_horizonte/banco_mestre_unificado.csv,MASTER_UNIFIED,AKNNQNOYTMLEIU-UHFFFAOYSA-N,0,0,0,0,0,1
LEGACY-INCHIKEY-AKWVBMHOCJWRET-UHFFFAOYSA-N,AKWVBMHOCJWRET-UHFFFAOYSA-N,formolecular/novo_horizonte/banco_mestre_unificado.csv,MASTER_UNIFIED,AKWVBMHOCJWRET-UHFFFAOYSA-N,0,0,0,0,0,1
LEGACY-INCHIKEY-ALBWVXZDZLYVFV-UHFFFAOYSA-N,ALBWVXZDZLYVFV-UHFFFAOYSA-N,formolecular/novo_horizonte/banco_mestre_unificado.csv,MASTER_UNIFIED,ALBWVXZDZLYVFV-UHFFFAOYSA-N,0,0,0,0,0,1
LEGACY-INCHIKEY-ALKXFLYXIWJKCH-UHFFFAOYSA-N,ALKXFLYXIWJKCH-UHFFFAOYSA-N,formolecular/novo_horizonte/banco_mestre_unificado.csv,MASTER_UNIFIED,ALKXFLYXIWJKCH-UHFFFAOYSA-N,0,0,0,0,0,1
LEGACY-INCHIKEY-ALNHOTLQKTXLDP-UHFFFAOYSA-N,ALNHOTLQKTXLDP-UHFFFAOYSA-N,formolecular/novo_horizonte/banco_mestre_unificado.csv,MASTER_UNIFIED,ALNHOTLQKTXLDP-UHFFFAOYSA-N,0,0,0,0,0,1
LEGACY-INCHIKEY-ALQLKISGFCOMRQ-UHFFFAOYSA-N,ALQLKISGFCOMRQ-UHFFFAOYSA-N,formolecular/novo_horizonte/banco_mestre_unificado.csv,MASTER_UNIFIED,ALQLKISGFCOMRQ-UHFFFAOYSA-N,0,0,0,0,0,1
LEGACY-INCHIKEY-AMBJRTWDWAMYMY-UHFFFAOYSA-N,AMBJRTWDWAMYMY-UHFFFAOYSA-N,formolecular/novo_horizonte/banco_mestre_unificado.csv,MASTER_UNIFIED,AMBJRTWDWAMYMY-UHFFFAOYSA-N,0,0,0,0,0,1
LEGACY-INCHIKEY-AMDDYFRDVWJRTK-UHFFFAOYSA-N,AMDDYFRDVWJRTK-UHFFFAOYSA-N,formolecular/novo_horizonte/banco_mestre_unificado.csv,MASTER_UNIFIED,AMDDYFRDVWJRTK-UHFFFAOYSA-N,0,0,0,0,0,1
LEGACY-INCHIKEY-AMFKWMRIKKBNLZ-UHFFFAOYSA-N,AMFKWMRIKKBNLZ-UHFFFAOYSA-N,formolecular/novo_horizonte/banco_mestre_unificado.csv,MASTER_UNIFIED,AMFKWMRIKKBNLZ-UHFFFAOYSA-N,0,0,0,0,0,1
LEGACY-INCHIKEY-AMIHWZYSYQDRBC-UHFFFAOYSA-N,AMIHWZYSYQDRBC-UHFFFAOYSA-N,formolecular/novo_horizonte/banco_mestre_unificado.csv,MASTER_UNIFIED,AMIHWZYSYQDRBC-UHFFFAOYSA-N,0,0,0,0,0,1
LEGACY-INCHIKEY-AMJHCKWAPXVUNL-UHFFFAOYSA-N,AMJHCKWAPXVUNL-UHFFFAOYSA-N,formolecular/novo_horizonte/banco_mestre_unificado.csv,MASTER_UNIFIED,AMJHCKWAPXVUNL-UHFFFAOYSA-N,0,0,0,0,0,1
LEGACY-INCHIKEY-AMLPBZLKRHMLLX-UHFFFAOYSA-N,AMLPBZLKRHMLLX-UHFFFAOYSA-N,formolecular/novo_horizonte/banco_mestre_unificado.csv,MASTER_UNIFIED,AMLPBZLKRHMLLX-UHFFFAOYSA-N,0,0,0,0,0,1
LEGACY-INCHIKEY-AMLPIQNOMRTMQL-UHFFFAOYSA-N,AMLPIQNOMRTMQL-UHFFFAOYSA-N,formolecular/novo_horizonte/banco_mestre_unificado.csv,MASTER_UNIFIED,AMLPIQNOMRTMQL-UHFFFAOYSA-N,0,0,0,0,0,1
LEGACY-INCHIKEY-AMRIWUKOUWISQL-UHFFFAOYSA-N,AMRIWUKOUWISQL-UHFFFAOYSA-N,formolecular/novo_horizonte/banco_mestre_unificado.csv,MASTER_UNIFIED,AMRIWUKOUWISQL-UHFFFAOYSA-N,0,0,0,0,0,1
LEGACY-INCHIKEY-AMXJORCJSWSLIM-UHFFFAOYSA-N,AMXJORCJSWSLIM-UHFFFAOYSA-N,formolecular/novo_horizonte/banco_mestre_unificado.csv,MASTER_UNIFIED,AMXJORCJSWSLIM-UHFFFAOYSA-N,0,0,0,0,0,1
LEGACY-INCHIKEY-ANDDAPGHAAFRDL-UHFFFAOYSA-N,ANDDAPGHAAFRDL-UHFFFAOYSA-N,formolecular/novo_horizonte/banco_mestre_unificado.csv,MASTER_UNIFIED,ANDDAPGHAAFRDL-UHFFFAOYSA-N,0,0,0,0,0,1
LEGACY-INCHIKEY-ANEQRDFPJRUCJY-UHFFFAOYSA-N,ANEQRDFPJRUCJY-UHFFFAOYSA-N,formolecular/novo_horizonte/banco_mestre_unificado.csv,MASTER_UNIFIED,ANEQRDFPJRUCJY-UHFFFAOYSA-N,0,0,0,0,0,1
LEGACY-INCHIKEY-ANFANOVBURLZIZ-UHFFFAOYSA-N,ANFANOVBURLZIZ-UHFFFAOYSA-N,formolecular/novo_horizonte/banco_mestre_unificado.csv,MASTER_UNIFIED,ANFANOVBURLZIZ-UHFFFAOYSA-N,0,0,0,0,0,1
LEGACY-INCHIKEY-ANHJWRBLILMDAM-UHFFFAOYSA-N,ANHJWRBLILMDAM-UHFFFAOYSA-N,formolecular/novo_horizonte/banco_mestre_unificado.csv,MASTER_UNIFIED,ANHJWRBLILMDAM-UHFFFAOYSA-N,0,0,0,0,0,1
LEGACY-INCHIKEY-ANIAQZPSNGLNJZ-UHFFFAOYSA-N,ANIAQZPSNGLNJZ-UHFFFAOYSA-N,formolecular/novo_horizonte/banco_mestre_unificado.csv,MASTER_UNIFIED,ANIAQZPSNGLNJZ-UHFFFAOYSA-N,0,0,0,0,0,1
LEGACY-INCHIKEY-ANKNNHSGFAUVNO-UHFFFAOYSA-N,ANKNNHSGFAUVNO-UHFFFAOYSA-N,formolecular/novo_horizonte/banco_mestre_unificado.csv,MASTER_UNIFIED,ANKNNHSGFAUVNO-UHFFFAOYSA-N,0,0,0,0,0,1
LEGACY-INCHIKEY-ANMASXHHTQBCHZ-UHFFFAOYSA-N,ANMASXHHTQBCHZ-UHFFFAOYSA-N,formolecular/novo_horizonte/banco_mestre_unificado.csv,MASTER_UNIFIED,ANMASXHHTQBCHZ-UHFFFAOYSA-N,0,0,0,0,0,1
LEGACY-INCHIKEY-ANQWFRIEPYAGBH-UHFFFAOYSA-N,ANQWFRIEPYAGBH-UHFFFAOYSA-N,formolecular/novo_horizonte/banco_mestre_unificado.csv,MASTER_UNIFIED,ANQWFRIEPYAGBH-UHFFFAOYSA-N,0,0,0,0,0,1
LEGACY-INCHIKEY-ANQYFKRRFGFLQA-UHFFFAOYSA-N,ANQYFKRRFGFLQA-UHFFFAOYSA-N,formolecular/novo_horizonte/banco_mestre_unificado.csv,MASTER_UNIFIED,ANQYFKRRFGFLQA-UHFFFAOYSA-N,0,0,0,0,0,1
LEGACY-INCHIKEY-ANUAHVDIQRWJJX-UHFFFAOYSA-N,ANUAHVDIQRWJJX-UHFFFAOYSA-N,formolecular/novo_horizonte/banco_mestre_unificado.csv,MASTER_UNIFIED,ANUAHVDIQRWJJX-UHFFFAOYSA-N,0,0,0,0,0,1
LEGACY-INCHIKEY-ANUSBNBWAZANSO-UHFFFAOYSA-N,ANUSBNBWAZANSO-UHFFFAOYSA-N,formolecular/novo_horizonte/banco_mestre_unificado.csv,MASTER_UNIFIED,ANUSBNBWAZANSO-UHFFFAOYSA-N,0,0,0,0,0,1
LEGACY-INCHIKEY-ANYWXXNJHQWZJQ-UHFFFAOYSA-N,ANYWXXNJHQWZJQ-UHFFFAOYSA-N,formolecular/novo_horizonte/banco_mestre_unificado.csv,MASTER_UNIFIED,ANYWXXNJHQWZJQ-UHFFFAOYSA-N,0,0,0,0,0,1
LEGACY-INCHIKEY-AOJLLTDMZRPGSP-UHFFFAOYSA-N,AOJLLTDMZRPGSP-UHFFFAOYSA-N,formolecular/novo_horizonte/banco_mestre_unificado.csv,MASTER_UNIFIED,AOJLLTDMZRPGSP-UHFFFAOYSA-N,0,0,0,0,0,1
LEGACY-INCHIKEY-AOLFQPDJRCHRPT-UHFFFAOYSA-N,AOLFQPDJRCHRPT-UHFFFAOYSA-N,formolecular/novo_horizonte/banco_mestre_unificado.csv,MASTER_UNIFIED,AOLFQPDJRCHRPT-UHFFFAOYSA-N,0,0,0,0,0,1
LEGACY-INCHIKEY-AOZLOJMRRLYQKW-UHFFFAOYSA-N,AOZLOJMRRLYQKW-UHFFFAOYSA-N,formolecular/novo_horizonte/banco_mestre_unificado.csv,MASTER_UNIFIED,AOZLOJMRRLYQKW-UHFFFAOYSA-N,0,0,0,0,0,1
LEGACY-INCHIKEY-APBFSZWOVPVRKM-UHFFFAOYSA-N,APBFSZWOVPVRKM-UHFFFAOYSA-N,formolecular/novo_horizonte/banco_mestre_unificado.csv,MASTER_UNIFIED,APBFSZWOVPVRKM-UHFFFAOYSA-N,0,0,0,0,0,1
LEGACY-INCHIKEY-APSCPVZOWYRJQB-UHFFFAOYSA-N,APSCPVZOWYRJQB-UHFFFAOYSA-N,formolecular/novo_horizonte/banco_mestre_unificado.csv,MASTER_UNIFIED,APSCPVZOWYRJQB-UHFFFAOYSA-N,0,0,0,0,0,1
LEGACY-INCHIKEY-APTLVTLJCBOTHG-UHFFFAOYSA-N,APTLVTLJCBOTHG-UHFFFAOYSA-N,formolecular/novo_horizonte/banco_mestre_unificado.csv,MASTER_UNIFIED,APTLVTLJCBOTHG-UHFFFAOYSA-N,0,0,0,0,0,1
LEGACY-INCHIKEY-APYRUJIVRQRVBA-UHFFFAOYSA-N,APYRUJIVRQRVBA-UHFFFAOYSA-N,formolecular/novo_horizonte/banco_mestre_unificado.csv,MASTER_UNIFIED,APYRUJIVRQRVBA-UHFFFAOYSA-N,0,0,0,0,0,1
LEGACY-INCHIKEY-AQBBPIYAHSYURG-UHFFFAOYSA-N,AQBBPIYAHSYURG-UHFFFAOYSA-N,formolecular/novo_horizonte/banco_mestre_unificado.csv,MASTER_UNIFIED,AQBBPIYAHSYURG-UHFFFAOYSA-N,0,0,0,0,0,1
LEGACY-INCHIKEY-AQHMYBSVNDBXBU-UHFFFAOYSA-N,AQHMYBSVNDBXBU-UHFFFAOYSA-N,formolecular/novo_horizonte/banco_mestre_unificado.csv,MASTER_UNIFIED,AQHMYBSVNDBXBU-UHFFFAOYSA-N,0,0,0,0,0,1
LEGACY-INCHIKEY-AQOFNZYNYGCBNF-UHFFFAOYSA-N,AQOFNZYNYGCBNF-UHFFFAOYSA-N,formolecular/novo_horizonte/banco_mestre_unificado.csv,MASTER_UNIFIED,AQOFNZYNYGCBNF-UHFFFAOYSA-N,0,0,0,0,0,1
LEGACY-INCHIKEY-AQPWZMWJZOCIGK-UHFFFAOYSA-N,AQPWZMWJZOCIGK-UHFFFAOYSA-N,formolecular/novo_horizonte/banco_mestre_unificado.csv,MASTER_UNIFIED,AQPWZMWJZOCIGK-UHFFFAOYSA-N,0,0,0,0,0,1
LEGACY-INCHIKEY-AQYONBGTZZAYQK-UHFFFAOYSA-N,AQYONBGTZZAYQK-UHFFFAOYSA-N,formolecular/novo_horizonte/banco_mestre_unificado.csv,MASTER_UNIFIED,AQYONBGTZZAYQK-UHFFFAOYSA-N,0,0,0,0,0,1
LEGACY-INCHIKEY-AQZVYHMYCYVENX-UHFFFAOYSA-N,AQZVYHMYCYVENX-UHFFFAOYSA-N,formolecular/novo_horizonte/banco_mestre_unificado.csv,MASTER_UNIFIED,AQZVYHMYCYVENX-UHFFFAOYSA-N,0,0,0,0,0,1
LEGACY-INCHIKEY-ARDUBIDOQATSRW-UHFFFAOYSA-N,ARDUBIDOQATSRW-UHFFFAOYSA-N,formolecular/novo_horizonte/banco_mestre_unificado.csv,MASTER_UNIFIED,ARDUBIDOQATSRW-UHFFFAOYSA-N,0,0,0,0,0,1
LEGACY-INCHIKEY-AREILSTZDXGFHF-UHFFFAOYSA-N,AREILSTZDXGFHF-UHFFFAOYSA-N,formolecular/novo_horizonte/banco_mestre_unificado.csv,MASTER_UNIFIED,AREILSTZDXGFHF-UHFFFAOYSA-N,0,0,0,0,0,1
LEGACY-INCHIKEY-ARFVYJKPBVQXHD-UHFFFAOYSA-N,ARFVYJKPBVQXHD-UHFFFAOYSA-N,formolecular/novo_horizonte/banco_mestre_unificado.csv,MASTER_UNIFIED,ARFVYJKPBVQXHD-UHFFFAOYSA-N,0,0,0,0,0,1
LEGACY-INCHIKEY-ARGVLOKZRPBDHA-UHFFFAOYSA-N,ARGVLOKZRPBDHA-UHFFFAOYSA-N,formolecular/novo_horizonte/banco_mestre_unificado.csv,MASTER_UNIFIED,ARGVLOKZRPBDHA-UHFFFAOYSA-N,0,0,0,0,0,1
LEGACY-INCHIKEY-ARIPTJHWKNGKLL-UHFFFAOYSA-N,ARIPTJHWKNGKLL-UHFFFAOYSA-N,formolecular/novo_horizonte/banco_mestre_unificado.csv,MASTER_UNIFIED,ARIPTJHWKNGKLL-UHFFFAOYSA-N,0,0,0,0,0,1
LEGACY-INCHIKEY-ARJBWBYIDIFPDV-UHFFFAOYSA-N,ARJBWBYIDIFPDV-UHFFFAOYSA-N,formolecular/novo_horizonte/banco_mestre_unificado.csv,MASTER_UNIFIED,ARJBWBYIDIFPDV-UHFFFAOYSA-N,0,0,0,0,0,1
LEGACY-INCHIKEY-ARMGEGVQGSVIIV-UHFFFAOYSA-N,ARMGEGVQGSVIIV-UHFFFAOYSA-N,formolecular/novo_horizonte/banco_mestre_unificado.csv,MASTER_UNIFIED,ARMGEGVQGSVIIV-UHFFFAOYSA-N,0,0,0,0,0,1
LEGACY-INCHIKEY-ARQYMCDBDVCUTH-UHFFFAOYSA-N,ARQYMCDBDVCUTH-UHFFFAOYSA-N,formolecular/novo_horizonte/banco_mestre_unificado.csv,MASTER_UNIFIED,ARQYMCDBDVCUTH-UHFFFAOYSA-N,0,0,0,0,0,1
LEGACY-INCHIKEY-ASABTYMXMNESGM-UHFFFAOYSA-N,ASABTYMXMNESGM-UHFFFAOYSA-N,formolecular/novo_horizonte/banco_mestre_unificado.csv,MASTER_UNIFIED,ASABTYMXMNESGM-UHFFFAOYSA-N,0,0,0,0,0,1
LEGACY-INCHIKEY-ASECFPVJHJKKLT-UHFFFAOYSA-N,ASECFPVJHJKKLT-UHFFFAOYSA-N,formolecular/novo_horizonte/banco_mestre_unificado.csv,MASTER_UNIFIED,ASECFPVJHJKKLT-UHFFFAOYSA-N,0,0,0,0,0,1
LEGACY-INCHIKEY-ASHJQOCCLZKIRV-UHFFFAOYSA-N,ASHJQOCCLZKIRV-UHFFFAOYSA-N,formolecular/novo_horizonte/banco_mestre_unificado.csv,MASTER_UNIFIED,ASHJQOCCLZKIRV-UHFFFAOYSA-N,0,0,0,0,0,1
LEGACY-INCHIKEY-ATKQVCQLOCXDBX-UHFFFAOYSA-N,ATKQVCQLOCXDBX-UHFFFAOYSA-N,formolecular/novo_horizonte/banco_mestre_unificado.csv,MASTER_UNIFIED,ATKQVCQLOCXDBX-UHFFFAOYSA-N,0,0,0,0,0,1
LEGACY-INCHIKEY-ATLNHCNIEGGMOT-UHFFFAOYSA-N,ATLNHCNIEGGMOT-UHFFFAOYSA-N,formolecular/novo_horizonte/banco_mestre_unificado.csv,MASTER_UNIFIED,ATLNHCNIEGGMOT-UHFFFAOYSA-N,0,0,0,0,0,1
LEGACY-INCHIKEY-ATOYMBZYBUYEDL-UHFFFAOYSA-N,ATOYMBZYBUYEDL-UHFFFAOYSA-N,formolecular/novo_horizonte/banco_mestre_unificado.csv,MASTER_UNIFIED,ATOYMBZYBUYEDL-UHFFFAOYSA-N,0,0,0,0,0,1
LEGACY-INCHIKEY-AUCBXRYVZLTCSG-UHFFFAOYSA-N,AUCBXRYVZLTCSG-UHFFFAOYSA-N,formolecular/novo_horizonte/banco_mestre_unificado.csv,MASTER_UNIFIED,AUCBXRYVZLTCSG-UHFFFAOYSA-N,0,0,0,0,0,1
LEGACY-INCHIKEY-AUKZKMDUGWMHMF-UHFFFAOYSA-N,AUKZKMDUGWMHMF-UHFFFAOYSA-N,formolecular/novo_horizonte/banco_mestre_unificado.csv,MASTER_UNIFIED,AUKZKMDUGWMHMF-UHFFFAOYSA-N,0,0,0,0,0,1
LEGACY-INCHIKEY-AULPQZUGZATRTD-UHFFFAOYSA-N,AULPQZUGZATRTD-UHFFFAOYSA-N,formolecular/novo_horizonte/banco_mestre_unificado.csv,MASTER_UNIFIED,AULPQZUGZATRTD-UHFFFAOYSA-N,0,0,0,0,0,1
LEGACY-INCHIKEY-AUVAXQOVYRBDEG-UHFFFAOYSA-N,AUVAXQOVYRBDEG-UHFFFAOYSA-N,formolecular/novo_horizonte/banco_mestre_unificado.csv,MASTER_UNIFIED,AUVAXQOVYRBDEG-UHFFFAOYSA-N,0,0,0,0,0,1
LEGACY-INCHIKEY-AUVSSNBLRVGYLD-UHFFFAOYSA-N,AUVSSNBLRVGYLD-UHFFFAOYSA-N,formolecular/novo_horizonte/banco_mestre_unificado.csv,MASTER_UNIFIED,AUVSSNBLRVGYLD-UHFFFAOYSA-N,0,0,0,0,0,1
LEGACY-INCHIKEY-AUZZLRLRGVDRAJ-UHFFFAOYSA-N,AUZZLRLRGVDRAJ-UHFFFAOYSA-N,formolecular/novo_horizonte/banco_mestre_unificado.csv,MASTER_UNIFIED,AUZZLRLRGVDRAJ-UHFFFAOYSA-N,0,0,0,0,0,1
LEGACY-INCHIKEY-AVDKAVNPYAEQBU-UHFFFAOYSA-N,AVDKAVNPYAEQBU-UHFFFAOYSA-N,formolecular/novo_horizonte/banco_mestre_unificado.csv,MASTER_UNIFIED,AVDKAVNPYAEQBU-UHFFFAOYSA-N,0,0,0,0,0,1
LEGACY-INCHIKEY-AVEBLRBQDRLVIX-UHFFFAOYSA-N,AVEBLRBQDRLVIX-UHFFFAOYSA-N,formolecular/novo_horizonte/banco_mestre_unificado.csv,MASTER_UNIFIED,AVEBLRBQDRLVIX-UHFFFAOYSA-N,0,0,0,0,0,1
LEGACY-INCHIKEY-AVPWBKGMJILWMP-UHFFFAOYSA-N,AVPWBKGMJILWMP-UHFFFAOYSA-N,formolecular/novo_horizonte/banco_mestre_unificado.csv,MASTER_UNIFIED,AVPWBKGMJILWMP-UHFFFAOYSA-N,0,0,0,0,0,1
LEGACY-INCHIKEY-AVTQIDBGEZFRPX-UHFFFAOYSA-N,AVTQIDBGEZFRPX-UHFFFAOYSA-N,formolecular/novo_horizonte/banco_mestre_unificado.csv,MASTER_UNIFIED,AVTQIDBGEZFRPX-UHFFFAOYSA-N,0,0,0,0,0,1
LEGACY-INCHIKEY-AVUNAFAGRQLKKH-UHFFFAOYSA-N,AVUNAFAGRQLKKH-UHFFFAOYSA-N,formolecular/novo_horizonte/banco_mestre_unificado.csv,MASTER_UNIFIED,AVUNAFAGRQLKKH-UHFFFAOYSA-N,0,0,0,0,0,1
LEGACY-INCHIKEY-AWEAMVZAKNTAMA-UHFFFAOYSA-N,AWEAMVZAKNTAMA-UHFFFAOYSA-N,formolecular/novo_horizonte/banco_mestre_unificado.csv,MASTER_UNIFIED,AWEAMVZAKNTAMA-UHFFFAOYSA-N,0,0,0,0,0,1
LEGACY-INCHIKEY-AWIANVFSWVXHBN-UHFFFAOYSA-N,AWIANVFSWVXHBN-UHFFFAOYSA-N,formolecular/novo_horizonte/banco_mestre_unificado.csv,MASTER_UNIFIED,AWIANVFSWVXHBN-UHFFFAOYSA-N,0,0,0,0,0,1
LEGACY-INCHIKEY-AWJWCOFPMICBMF-UHFFFAOYSA-N,AWJWCOFPMICBMF-UHFFFAOYSA-N,formolecular/novo_horizonte/banco_mestre_unificado.csv,MASTER_UNIFIED,AWJWCOFPMICBMF-UHFFFAOYSA-N,0,0,0,0,0,1
LEGACY-INCHIKEY-AWNOPZPQIJXGMV-UHFFFAOYSA-N,AWNOPZPQIJXGMV-UHFFFAOYSA-N,formolecular/novo_horizonte/banco_mestre_unificado.csv,MASTER_UNIFIED,AWNOPZPQIJXGMV-UHFFFAOYSA-N,0,0,0,0,0,1
LEGACY-INCHIKEY-AWSORZNHZQFVBL-UHFFFAOYSA-N,AWSORZNHZQFVBL-UHFFFAOYSA-N,formolecular/novo_horizonte/banco_mestre_unificado.csv,MASTER_UNIFIED,AWSORZNHZQFVBL-UHFFFAOYSA-N,0,0,0,0,0,1
LEGACY-INCHIKEY-AXHRRMYXDUBWRK-UHFFFAOYSA-N,AXHRRMYXDUBWRK-UHFFFAOYSA-N,formolecular/novo_horizonte/banco_mestre_unificado.csv,MASTER_UNIFIED,AXHRRMYXDUBWRK-UHFFFAOYSA-N,0,0,0,0,0,1
LEGACY-INCHIKEY-AXIBUDMVUNBELE-UHFFFAOYSA-N,AXIBUDMVUNBELE-UHFFFAOYSA-N,formolecular/csv_elite_farma/RANKING_FARMACOS_ELITE_ADMET.csv,FARMA_ELITE,AXIBUDMVUNBELE-UHFFFAOYSA-N,0,1,0,0,0,0
LEGACY-INCHIKEY-AXJSDJIKHXKZEX-UHFFFAOYSA-N,AXJSDJIKHXKZEX-UHFFFAOYSA-N,formolecular/novo_horizonte/banco_mestre_unificado.csv,MASTER_UNIFIED,AXJSDJIKHXKZEX-UHFFFAOYSA-N,0,0,0,0,0,1
LEGACY-INCHIKEY-AXMQUHPMGITEOB-UHFFFAOYSA-N,AXMQUHPMGITEOB-UHFFFAOYSA-N,formolecular/novo_horizonte/banco_mestre_unificado.csv,MASTER_UNIFIED,AXMQUHPMGITEOB-UHFFFAOYSA-N,0,0,0,0,0,1
LEGACY-INCHIKEY-AXMWQGZSQUAJLB-UHFFFAOYSA-N,AXMWQGZSQUAJLB-UHFFFAOYSA-N,formolecular/novo_horizonte/banco_mestre_unificado.csv,MASTER_UNIFIED,AXMWQGZSQUAJLB-UHFFFAOYSA-N,0,0,0,0,0,1
LEGACY-INCHIKEY-AYBWVCBXTQYKLY-UHFFFAOYSA-N,AYBWVCBXTQYKLY-UHFFFAOYSA-N,formolecular/novo_horizonte/banco_mestre_unificado.csv,MASTER_UNIFIED,AYBWVCBXTQYKLY-UHFFFAOYSA-N,0,0,0,0,0,1
LEGACY-INCHIKEY-AYEPBNXFIPYAEB-UHFFFAOYSA-N,AYEPBNXFIPYAEB-UHFFFAOYSA-N,formolecular/novo_horizonte/banco_mestre_unificado.csv,MASTER_UNIFIED,AYEPBNXFIPYAEB-UHFFFAOYSA-N,0,0,0,0,0,1
LEGACY-INCHIKEY-AYJSQPUKBWYMCA-UHFFFAOYSA-N,AYJSQPUKBWYMCA-UHFFFAOYSA-N,formolecular/novo_horizonte/banco_mestre_unificado.csv,MASTER_UNIFIED,AYJSQPUKBWYMCA-UHFFFAOYSA-N,0,0,0,0,0,1
LEGACY-INCHIKEY-AYJXRYCHKDATDP-UHFFFAOYSA-N,AYJXRYCHKDATDP-UHFFFAOYSA-N,formolecular/novo_horizonte/banco_mestre_unificado.csv,MASTER_UNIFIED,AYJXRYCHKDATDP-UHFFFAOYSA-N,0,0,0,0,0,1
LEGACY-INCHIKEY-AYLHYBNOAPYYEP-UHFFFAOYSA-N,AYLHYBNOAPYYEP-UHFFFAOYSA-N,formolecular/novo_horizonte/banco_mestre_unificado.csv,MASTER_UNIFIED,AYLHYBNOAPYYEP-UHFFFAOYSA-N,0,0,0,0,0,1
LEGACY-INCHIKEY-AYNGIMSVBZMPKK-UHFFFAOYSA-N,AYNGIMSVBZMPKK-UHFFFAOYSA-N,formolecular/novo_horizonte/banco_mestre_unificado.csv,MASTER_UNIFIED,AYNGIMSVBZMPKK-UHFFFAOYSA-N,0,0,0,0,0,1
LEGACY-INCHIKEY-AYTQFOAZSBHUFU-UHFFFAOYSA-N,AYTQFOAZSBHUFU-UHFFFAOYSA-N,formolecular/novo_horizonte/banco_mestre_unificado.csv,MASTER_UNIFIED,AYTQFOAZSBHUFU-UHFFFAOYSA-N,0,0,0,0,0,1
LEGACY-INCHIKEY-AYTSWNXIGFNSNZ-UHFFFAOYSA-N,AYTSWNXIGFNSNZ-UHFFFAOYSA-N,formolecular/novo_horizonte/banco_mestre_unificado.csv,MASTER_UNIFIED,AYTSWNXIGFNSNZ-UHFFFAOYSA-N,0,0,0,0,0,1
LEGACY-INCHIKEY-AZIIMFBQIDXVJI-UHFFFAOYSA-N,AZIIMFBQIDXVJI-UHFFFAOYSA-N,formolecular/novo_horizonte/banco_mestre_unificado.csv,MASTER_UNIFIED,AZIIMFBQIDXVJI-UHFFFAOYSA-N,0,0,0,0,0,1
LEGACY-INCHIKEY-AZNOROQLGMLFJC-UHFFFAOYSA-N,AZNOROQLGMLFJC-UHFFFAOYSA-N,formolecular/novo_horizonte/banco_mestre_unificado.csv,MASTER_UNIFIED,AZNOROQLGMLFJC-UHFFFAOYSA-N,0,0,0,0,0,1
LEGACY-INCHIKEY-AZXBOQUGGYUVSA-UHFFFAOYSA-N,AZXBOQUGGYUVSA-UHFFFAOYSA-N,formolecular/novo_horizonte/banco_mestre_unificado.csv,MASTER_UNIFIED,AZXBOQUGGYUVSA-UHFFFAOYSA-N,0,0,0,0,0,1
LEGACY-INCHIKEY-BABRSBXQWGCCNP-UHFFFAOYSA-N,BABRSBXQWGCCNP-UHFFFAOYSA-N,formolecular/novo_horizonte/banco_mestre_unificado.csv,MASTER_UNIFIED,BABRSBXQWGCCNP-UHFFFAOYSA-N,0,0,0,0,0,1
LEGACY-INCHIKEY-BADHPVQBNCBNFP-UHFFFAOYSA-N,BADHPVQBNCBNFP-UHFFFAOYSA-N,formolecular/novo_horizonte/banco_mestre_unificado.csv,MASTER_UNIFIED,BADHPVQBNCBNFP-UHFFFAOYSA-N,0,0,0,0,0,1
LEGACY-INCHIKEY-BAIHTFGTQWGQRA-UHFFFAOYSA-N,BAIHTFGTQWGQRA-UHFFFAOYSA-N,formolecular/novo_horizonte/banco_mestre_unificado.csv,MASTER_UNIFIED,BAIHTFGTQWGQRA-UHFFFAOYSA-N,0,0,0,0,0,1
LEGACY-INCHIKEY-BAKTXJQXTNTDJF-UHFFFAOYSA-N,BAKTXJQXTNTDJF-UHFFFAOYSA-N,formolecular/novo_horizonte/banco_mestre_unificado.csv,MASTER_UNIFIED,BAKTXJQXTNTDJF-UHFFFAOYSA-N,0,0,0,0,0,1
LEGACY-INCHIKEY-BAOGCHCZLPDAGF-UHFFFAOYSA-N,BAOGCHCZLPDAGF-UHFFFAOYSA-N,formolecular/novo_horizonte/banco_mestre_unificado.csv,MASTER_UNIFIED,BAOGCHCZLPDAGF-UHFFFAOYSA-N,0,0,0,0,0,1
LEGACY-INCHIKEY-BATMMWMPHQAXOV-UHFFFAOYSA-N,BATMMWMPHQAXOV-UHFFFAOYSA-N,formolecular/novo_horizonte/banco_mestre_unificado.csv,MASTER_UNIFIED,BATMMWMPHQAXOV-UHFFFAOYSA-N,0,0,0,0,0,1
LEGACY-INCHIKEY-BAZYMCKESQHQRF-UHFFFAOYSA-N,BAZYMCKESQHQRF-UHFFFAOYSA-N,formolecular/novo_horizonte/banco_mestre_unificado.csv,MASTER_UNIFIED,BAZYMCKESQHQRF-UHFFFAOYSA-N,0,0,0,0,0,1
LEGACY-INCHIKEY-BBNBXHOGIKHKCD-UHFFFAOYSA-N,BBNBXHOGIKHKCD-UHFFFAOYSA-N,formolecular/novo_horizonte/banco_mestre_unificado.csv,MASTER_UNIFIED,BBNBXHOGIKHKCD-UHFFFAOYSA-N,0,0,0,0,0,1
LEGACY-INCHIKEY-BBULAXIDNYZVRY-UHFFFAOYSA-N,BBULAXIDNYZVRY-UHFFFAOYSA-N,formolecular/novo_horizonte/banco_mestre_unificado.csv,MASTER_UNIFIED,BBULAXIDNYZVRY-UHFFFAOYSA-N,0,0,0,0,0,1
LEGACY-INCHIKEY-BCBLUQQBAWEJOJ-UHFFFAOYSA-N,BCBLUQQBAWEJOJ-UHFFFAOYSA-N,formolecular/novo_horizonte/banco_mestre_unificado.csv,MASTER_UNIFIED,BCBLUQQBAWEJOJ-UHFFFAOYSA-N,0,0,0,0,0,1
LEGACY-INCHIKEY-BCCLHKDDACTLEW-UHFFFAOYSA-N,BCCLHKDDACTLEW-UHFFFAOYSA-N,formolecular/novo_horizonte/banco_mestre_unificado.csv,MASTER_UNIFIED,BCCLHKDDACTLEW-UHFFFAOYSA-N,0,0,0,0,0,1
LEGACY-INCHIKEY-BCHAKCKMAVARGQ-UHFFFAOYSA-N,BCHAKCKMAVARGQ-UHFFFAOYSA-N,formolecular/novo_horizonte/banco_mestre_unificado.csv,MASTER_UNIFIED,BCHAKCKMAVARGQ-UHFFFAOYSA-N,0,0,0,0,0,1
LEGACY-INCHIKEY-BCJRCOHGCSOHHN-UHFFFAOYSA-N,BCJRCOHGCSOHHN-UHFFFAOYSA-N,formolecular/novo_horizonte/banco_mestre_unificado.csv,MASTER_UNIFIED,BCJRCOHGCSOHHN-UHFFFAOYSA-N,0,0,0,0,0,1
LEGACY-INCHIKEY-BCKNMVYMEPVJGO-UHFFFAOYSA-N,BCKNMVYMEPVJGO-UHFFFAOYSA-N,formolecular/novo_horizonte/banco_mestre_unificado.csv,MASTER_UNIFIED,BCKNMVYMEPVJGO-UHFFFAOYSA-N,0,0,0,0,0,1
LEGACY-INCHIKEY-BCOJWRZUTHHCRR-UHFFFAOYSA-N,BCOJWRZUTHHCRR-UHFFFAOYSA-N,formolecular/novo_horizonte/banco_mestre_unificado.csv,MASTER_UNIFIED,BCOJWRZUTHHCRR-UHFFFAOYSA-N,0,0,0,0,0,1
LEGACY-INCHIKEY-BCQSJJBCVWVBMA-UHFFFAOYSA-N,BCQSJJBCVWVBMA-UHFFFAOYSA-N,formolecular/novo_horizonte/banco_mestre_unificado.csv,MASTER_UNIFIED,BCQSJJBCVWVBMA-UHFFFAOYSA-N,0,0,0,0,0,1
LEGACY-INCHIKEY-BCRCOIFCICEXDP-UHFFFAOYSA-N,BCRCOIFCICEXDP-UHFFFAOYSA-N,formolecular/novo_horizonte/banco_mestre_unificado.csv,MASTER_UNIFIED,BCRCOIFCICEXDP-UHFFFAOYSA-N,0,0,0,0,0,1
LEGACY-INCHIKEY-BCSSENFCZHKAAW-UHFFFAOYSA-N,BCSSENFCZHKAAW-UHFFFAOYSA-N,formolecular/novo_horizonte/banco_mestre_unificado.csv,MASTER_UNIFIED,BCSSENFCZHKAAW-UHFFFAOYSA-N,0,0,0,0,0,1
LEGACY-INCHIKEY-BCYWXDFXLXKFDB-UHFFFAOYSA-N,BCYWXDFXLXKFDB-UHFFFAOYSA-N,formolecular/novo_horizonte/banco_mestre_unificado.csv,MASTER_UNIFIED,BCYWXDFXLXKFDB-UHFFFAOYSA-N,0,0,0,0,0,1
LEGACY-INCHIKEY-BCZWANVKNDPAMA-UHFFFAOYSA-N,BCZWANVKNDPAMA-UHFFFAOYSA-N,formolecular/novo_horizonte/banco_mestre_unificado.csv,MASTER_UNIFIED,BCZWANVKNDPAMA-UHFFFAOYSA-N,0,0,0,0,0,1
LEGACY-INCHIKEY-BDALKROTHYOGQE-UHFFFAOYSA-N,BDALKROTHYOGQE-UHFFFAOYSA-N,formolecular/novo_horizonte/banco_mestre_unificado.csv,MASTER_UNIFIED,BDALKROTHYOGQE-UHFFFAOYSA-N,0,0,0,0,0,1
LEGACY-INCHIKEY-BDCDJCLIZDWBFR-UHFFFAOYSA-N,BDCDJCLIZDWBFR-UHFFFAOYSA-N,formolecular/novo_horizonte/banco_mestre_unificado.csv,MASTER_UNIFIED,BDCDJCLIZDWBFR-UHFFFAOYSA-N,0,0,0,0,0,1
LEGACY-INCHIKEY-BDELUGRNSSDTIO-UHFFFAOYSA-N,BDELUGRNSSDTIO-UHFFFAOYSA-N,formolecular/novo_horizonte/banco_mestre_unificado.csv,MASTER_UNIFIED,BDELUGRNSSDTIO-UHFFFAOYSA-N,0,0,0,0,0,1
LEGACY-INCHIKEY-BDENRUBWBBTZTB-UHFFFAOYSA-N,BDENRUBWBBTZTB-UHFFFAOYSA-N,formolecular/novo_horizonte/banco_mestre_unificado.csv,MASTER_UNIFIED,BDENRUBWBBTZTB-UHFFFAOYSA-N,0,0,0,0,0,1
LEGACY-INCHIKEY-BDGIBGVSBMEUKP-UHFFFAOYSA-N,BDGIBGVSBMEUKP-UHFFFAOYSA-N,formolecular/novo_horizonte/banco_mestre_unificado.csv,MASTER_UNIFIED,BDGIBGVSBMEUKP-UHFFFAOYSA-N,0,0,0,0,0,1
LEGACY-INCHIKEY-BDGPTDDWDYPQCQ-UHFFFAOYSA-N,BDGPTDDWDYPQCQ-UHFFFAOYSA-N,formolecular/novo_horizonte/banco_mestre_unificado.csv,MASTER_UNIFIED,BDGPTDDWDYPQCQ-UHFFFAOYSA-N,0,0,0,0,0,1
LEGACY-INCHIKEY-BDMXNPUGXFFRNY-UHFFFAOYSA-N,BDMXNPUGXFFRNY-UHFFFAOYSA-N,formolecular/novo_horizonte/banco_mestre_unificado.csv,MASTER_UNIFIED,BDMXNPUGXFFRNY-UHFFFAOYSA-N,0,0,0,0,0,1
LEGACY-INCHIKEY-BDNHCSUBMFDEIZ-UHFFFAOYSA-N,BDNHCSUBMFDEIZ-UHFFFAOYSA-N,formolecular/novo_horizonte/banco_mestre_unificado.csv,MASTER_UNIFIED,BDNHCSUBMFDEIZ-UHFFFAOYSA-N,0,0,0,0,0,1
LEGACY-INCHIKEY-BDOCZLPSGWIMFH-UHFFFAOYSA-N,BDOCZLPSGWIMFH-UHFFFAOYSA-N,formolecular/novo_horizonte/banco_mestre_unificado.csv,MASTER_UNIFIED,BDOCZLPSGWIMFH-UHFFFAOYSA-N,0,0,0,0,0,1
LEGACY-INCHIKEY-BEMAMIPCYDUKOI-UHFFFAOYSA-N,BEMAMIPCYDUKOI-UHFFFAOYSA-N,formolecular/novo_horizonte/banco_mestre_unificado.csv,MASTER_UNIFIED,BEMAMIPCYDUKOI-UHFFFAOYSA-N,0,0,0,0,0,1
LEGACY-INCHIKEY-BESRYIIVMAMGTR-UHFFFAOYSA-N,BESRYIIVMAMGTR-UHFFFAOYSA-N,formolecular/novo_horizonte/banco_mestre_unificado.csv,MASTER_UNIFIED,BESRYIIVMAMGTR-UHFFFAOYSA-N,0,0,0,0,0,1
LEGACY-INCHIKEY-BEUWRJQDZDFKCT-UHFFFAOYSA-N,BEUWRJQDZDFKCT-UHFFFAOYSA-N,formolecular/novo_horizonte/banco_mestre_unificado.csv,MASTER_UNIFIED,BEUWRJQDZDFKCT-UHFFFAOYSA-N,0,0,0,0,0,1
LEGACY-INCHIKEY-BEWCBEZVQRKDLS-UHFFFAOYSA-N,BEWCBEZVQRKDLS-UHFFFAOYSA-N,formolecular/novo_horizonte/banco_mestre_unificado.csv,MASTER_UNIFIED,BEWCBEZVQRKDLS-UHFFFAOYSA-N,0,0,0,0,0,1
LEGACY-INCHIKEY-BFBTYSIBEWLQFT-UHFFFAOYSA-N,BFBTYSIBEWLQFT-UHFFFAOYSA-N,formolecular/novo_horizonte/banco_mestre_unificado.csv,MASTER_UNIFIED,BFBTYSIBEWLQFT-UHFFFAOYSA-N,0,0,0,0,0,1
LEGACY-INCHIKEY-BFCIPTHOWHVULV-UHFFFAOYSA-N,BFCIPTHOWHVULV-UHFFFAOYSA-N,formolecular/novo_horizonte/banco_mestre_unificado.csv,MASTER_UNIFIED,BFCIPTHOWHVULV-UHFFFAOYSA-N,0,0,0,0,0,1
LEGACY-INCHIKEY-BFGGKXXNKAOUQX-UHFFFAOYSA-N,BFGGKXXNKAOUQX-UHFFFAOYSA-N,formolecular/novo_horizonte/banco_mestre_unificado.csv,MASTER_UNIFIED,BFGGKXXNKAOUQX-UHFFFAOYSA-N,0,0,0,0,0,1
LEGACY-INCHIKEY-BFILIVJFYYWKPV-UHFFFAOYSA-N,BFILIVJFYYWKPV-UHFFFAOYSA-N,formolecular/novo_horizonte/banco_mestre_unificado.csv,MASTER_UNIFIED,BFILIVJFYYWKPV-UHFFFAOYSA-N,0,0,0,0,0,1
LEGACY-INCHIKEY-BFMRJIZRSYTCTO-UHFFFAOYSA-N,BFMRJIZRSYTCTO-UHFFFAOYSA-N,formolecular/novo_horizonte/banco_mestre_unificado.csv,MASTER_UNIFIED,BFMRJIZRSYTCTO-UHFFFAOYSA-N,0,0,0,0,0,1
LEGACY-INCHIKEY-BFMURXSIBGLXPV-UHFFFAOYSA-N,BFMURXSIBGLXPV-UHFFFAOYSA-N,formolecular/novo_horizonte/banco_mestre_unificado.csv,MASTER_UNIFIED,BFMURXSIBGLXPV-UHFFFAOYSA-N,0,0,0,0,0,1
LEGACY-INCHIKEY-BFPGFGHQAFPHEI-UHFFFAOYSA-N,BFPGFGHQAFPHEI-UHFFFAOYSA-N,formolecular/novo_horizonte/banco_mestre_unificado.csv,MASTER_UNIFIED,BFPGFGHQAFPHEI-UHFFFAOYSA-N,0,0,0,0,0,1
LEGACY-INCHIKEY-BFTLIDNXRFRMIS-UHFFFAOYSA-N,BFTLIDNXRFRMIS-UHFFFAOYSA-N,formolecular/novo_horizonte/banco_mestre_unificado.csv,MASTER_UNIFIED,BFTLIDNXRFRMIS-UHFFFAOYSA-N,0,0,0,0,0,1
LEGACY-INCHIKEY-BFTXYRIUBFGUAE-UHFFFAOYSA-N,BFTXYRIUBFGUAE-UHFFFAOYSA-N,formolecular/novo_horizonte/banco_mestre_unificado.csv,MASTER_UNIFIED,BFTXYRIUBFGUAE-UHFFFAOYSA-N,0,0,0,0,0,1
LEGACY-INCHIKEY-BFZYRFXEQGCBDT-UHFFFAOYSA-N,BFZYRFXEQGCBDT-UHFFFAOYSA-N,formolecular/novo_horizonte/banco_mestre_unificado.csv,MASTER_UNIFIED,BFZYRFXEQGCBDT-UHFFFAOYSA-N,0,0,0,0,0,1
LEGACY-INCHIKEY-BGFFJSMEPYCDCO-UHFFFAOYSA-N,BGFFJSMEPYCDCO-UHFFFAOYSA-N,formolecular/novo_horizonte/banco_mestre_unificado.csv,MASTER_UNIFIED,BGFFJSMEPYCDCO-UHFFFAOYSA-N,0,0,0,0,0,1
LEGACY-INCHIKEY-BGGHZNNTWHRQEI-UHFFFAOYSA-N,BGGHZNNTWHRQEI-UHFFFAOYSA-N,formolecular/novo_horizonte/banco_mestre_unificado.csv,MASTER_UNIFIED,BGGHZNNTWHRQEI-UHFFFAOYSA-N,0,0,0,0,0,1
LEGACY-INCHIKEY-BGGKDZSQZBXQHU-UHFFFAOYSA-N,BGGKDZSQZBXQHU-UHFFFAOYSA-N,formolecular/novo_horizonte/banco_mestre_unificado.csv,MASTER_UNIFIED,BGGKDZSQZBXQHU-UHFFFAOYSA-N,0,0,0,0,0,1
LEGACY-INCHIKEY-BGJWHJARCWKHSN-UHFFFAOYSA-N,BGJWHJARCWKHSN-UHFFFAOYSA-N,formolecular/novo_horizonte/banco_mestre_unificado.csv,MASTER_UNIFIED,BGJWHJARCWKHSN-UHFFFAOYSA-N,0,0,0,0,0,1
LEGACY-INCHIKEY-BGMZATCOSIWZER-UHFFFAOYSA-N,BGMZATCOSIWZER-UHFFFAOYSA-N,formolecular/novo_horizonte/banco_mestre_unificado.csv,MASTER_UNIFIED,BGMZATCOSIWZER-UHFFFAOYSA-N,0,0,0,0,0,1
LEGACY-INCHIKEY-BGPJTPLOQDVZNC-UHFFFAOYSA-N,BGPJTPLOQDVZNC-UHFFFAOYSA-N,formolecular/novo_horizonte/banco_mestre_unificado.csv,MASTER_UNIFIED,BGPJTPLOQDVZNC-UHFFFAOYSA-N,0,0,0,0,0,1
LEGACY-INCHIKEY-BGUAWKXKHHDHRG-UHFFFAOYSA-N,BGUAWKXKHHDHRG-UHFFFAOYSA-N,formolecular/novo_horizonte/banco_mestre_unificado.csv,MASTER_UNIFIED,BGUAWKXKHHDHRG-UHFFFAOYSA-N,0,0,0,0,0,1
LEGACY-INCHIKEY-BGVVGMULYHHJNT-UHFFFAOYSA-N,BGVVGMULYHHJNT-UHFFFAOYSA-N,formolecular/novo_horizonte/banco_mestre_unificado.csv,MASTER_UNIFIED,BGVVGMULYHHJNT-UHFFFAOYSA-N,0,0,0,0,0,1
LEGACY-INCHIKEY-BHJMDQAROGFPAQ-UHFFFAOYSA-N,BHJMDQAROGFPAQ-UHFFFAOYSA-N,formolecular/novo_horizonte/banco_mestre_unificado.csv,MASTER_UNIFIED,BHJMDQAROGFPAQ-UHFFFAOYSA-N,0,0,0,0,0,1
LEGACY-INCHIKEY-BHOSACXSJXNNJW-UHFFFAOYSA-N,BHOSACXSJXNNJW-UHFFFAOYSA-N,formolecular/novo_horizonte/banco_mestre_unificado.csv,MASTER_UNIFIED,BHOSACXSJXNNJW-UHFFFAOYSA-N,0,0,0,0,0,1
LEGACY-INCHIKEY-BHSYDLHHRWRVLC-UHFFFAOYSA-N,BHSYDLHHRWRVLC-UHFFFAOYSA-N,formolecular/novo_horizonte/banco_mestre_unificado.csv,MASTER_UNIFIED,BHSYDLHHRWRVLC-UHFFFAOYSA-N,0,0,0,0,0,1
LEGACY-INCHIKEY-BHXMAPXMJASLOH-UHFFFAOYSA-N,BHXMAPXMJASLOH-UHFFFAOYSA-N,formolecular/novo_horizonte/banco_mestre_unificado.csv,MASTER_UNIFIED,BHXMAPXMJASLOH-UHFFFAOYSA-N,0,0,0,0,0,1
LEGACY-INCHIKEY-BICQBPGNUXEHNI-UHFFFAOYSA-N,BICQBPGNUXEHNI-UHFFFAOYSA-N,formolecular/novo_horizonte/banco_mestre_unificado.csv,MASTER_UNIFIED,BICQBPGNUXEHNI-UHFFFAOYSA-N,0,0,0,0,0,1
LEGACY-INCHIKEY-BIDBYQCHQJJGRF-UHFFFAOYSA-N,BIDBYQCHQJJGRF-UHFFFAOYSA-N,formolecular/novo_horizonte/banco_mestre_unificado.csv,MASTER_UNIFIED,BIDBYQCHQJJGRF-UHFFFAOYSA-N,0,0,0,0,0,1
LEGACY-INCHIKEY-BIDYCTKIKYYUCJ-UHFFFAOYSA-N,BIDYCTKIKYYUCJ-UHFFFAOYSA-N,formolecular/novo_horizonte/banco_mestre_unificado.csv,MASTER_UNIFIED,BIDYCTKIKYYUCJ-UHFFFAOYSA-N,0,0,0,0,0,1
LEGACY-INCHIKEY-BIGGRPJNSXPIRR-UHFFFAOYSA-N,BIGGRPJNSXPIRR-UHFFFAOYSA-N,formolecular/novo_horizonte/banco_mestre_unificado.csv,MASTER_UNIFIED,BIGGRPJNSXPIRR-UHFFFAOYSA-N,0,0,0,0,0,1
LEGACY-INCHIKEY-BILJROBCEDXESP-UHFFFAOYSA-N,BILJROBCEDXESP-UHFFFAOYSA-N,formolecular/novo_horizonte/banco_mestre_unificado.csv,MASTER_UNIFIED,BILJROBCEDXESP-UHFFFAOYSA-N,0,0,0,0,0,1
LEGACY-INCHIKEY-BIPIDLFEQIDJLY-UHFFFAOYSA-N,BIPIDLFEQIDJLY-UHFFFAOYSA-N,formolecular/novo_horizonte/banco_mestre_unificado.csv,MASTER_UNIFIED,BIPIDLFEQIDJLY-UHFFFAOYSA-N,0,0,0,0,0,1
LEGACY-INCHIKEY-BIRXGBIZBBRXCJ-UHFFFAOYSA-N,BIRXGBIZBBRXCJ-UHFFFAOYSA-N,formolecular/novo_horizonte/banco_mestre_unificado.csv,MASTER_UNIFIED,BIRXGBIZBBRXCJ-UHFFFAOYSA-N,0,0,0,0,0,1
LEGACY-INCHIKEY-BJCXLARRGJWNFA-UHFFFAOYSA-N,BJCXLARRGJWNFA-UHFFFAOYSA-N,formolecular/novo_horizonte/banco_mestre_unificado.csv,MASTER_UNIFIED,BJCXLARRGJWNFA-UHFFFAOYSA-N,0,0,0,0,0,1
LEGACY-INCHIKEY-BJFUOZKGJNMUBP-UHFFFAOYSA-N,BJFUOZKGJNMUBP-UHFFFAOYSA-N,formolecular/novo_horizonte/banco_mestre_unificado.csv,MASTER_UNIFIED,BJFUOZKGJNMUBP-UHFFFAOYSA-N,0,0,0,0,0,1
LEGACY-INCHIKEY-BJGGCNSOTODHPQ-UHFFFAOYSA-N,BJGGCNSOTODHPQ-UHFFFAOYSA-N,formolecular/novo_horizonte/banco_mestre_unificado.csv,MASTER_UNIFIED,BJGGCNSOTODHPQ-UHFFFAOYSA-N,0,0,0,0,0,1
LEGACY-INCHIKEY-BJIGPODPYBKRJB-UHFFFAOYSA-N,BJIGPODPYBKRJB-UHFFFAOYSA-N,formolecular/novo_horizonte/banco_mestre_unificado.csv,MASTER_UNIFIED,BJIGPODPYBKRJB-UHFFFAOYSA-N,0,0,0,0,0,1
LEGACY-INCHIKEY-BJOSLVAPPWBYHE-UHFFFAOYSA-N,BJOSLVAPPWBYHE-UHFFFAOYSA-N,formolecular/novo_horizonte/banco_mestre_unificado.csv,MASTER_UNIFIED,BJOSLVAPPWBYHE-UHFFFAOYSA-N,0,0,0,0,0,1
LEGACY-INCHIKEY-BJPJRKYFAVGQKO-UHFFFAOYSA-N,BJPJRKYFAVGQKO-UHFFFAOYSA-N,formolecular/novo_horizonte/banco_mestre_unificado.csv,MASTER_UNIFIED,BJPJRKYFAVGQKO-UHFFFAOYSA-N,0,0,0,0,0,1
LEGACY-INCHIKEY-BJSZZWOSQXWEOW-UHFFFAOYSA-N,BJSZZWOSQXWEOW-UHFFFAOYSA-N,formolecular/novo_horizonte/banco_mestre_unificado.csv,MASTER_UNIFIED,BJSZZWOSQXWEOW-UHFFFAOYSA-N,0,0,0,0,0,1
LEGACY-INCHIKEY-BJXGVEXHNOSBGJ-UHFFFAOYSA-N,BJXGVEXHNOSBGJ-UHFFFAOYSA-N,formolecular/novo_horizonte/banco_mestre_unificado.csv,MASTER_UNIFIED,BJXGVEXHNOSBGJ-UHFFFAOYSA-N,0,0,0,0,0,1
LEGACY-INCHIKEY-BJZIXVNGCFMHLK-UHFFFAOYSA-N,BJZIXVNGCFMHLK-UHFFFAOYSA-N,formolecular/novo_horizonte/banco_mestre_unificado.csv,MASTER_UNIFIED,BJZIXVNGCFMHLK-UHFFFAOYSA-N,0,0,0,0,0,1
LEGACY-INCHIKEY-BKCVJVQTQSMWTD-UHFFFAOYSA-N,BKCVJVQTQSMWTD-UHFFFAOYSA-N,formolecular/novo_horizonte/banco_mestre_unificado.csv,MASTER_UNIFIED,BKCVJVQTQSMWTD-UHFFFAOYSA-N,0,0,0,0,0,1
LEGACY-INCHIKEY-BKEAHADBUUKZFT-UHFFFAOYSA-N,BKEAHADBUUKZFT-UHFFFAOYSA-N,formolecular/novo_horizonte/banco_mestre_unificado.csv,MASTER_UNIFIED,BKEAHADBUUKZFT-UHFFFAOYSA-N,0,0,0,0,0,1
LEGACY-INCHIKEY-BKGWINNBCNALAP-UHFFFAOYSA-N,BKGWINNBCNALAP-UHFFFAOYSA-N,formolecular/novo_horizonte/banco_mestre_unificado.csv,MASTER_UNIFIED,BKGWINNBCNALAP-UHFFFAOYSA-N,0,0,0,0,0,1
LEGACY-INCHIKEY-BKHRRAUVLAQJIP-UHFFFAOYSA-N,BKHRRAUVLAQJIP-UHFFFAOYSA-N,formolecular/novo_horizonte/banco_mestre_unificado.csv,MASTER_UNIFIED,BKHRRAUVLAQJIP-UHFFFAOYSA-N,0,0,0,0,0,1
LEGACY-INCHIKEY-BKTVLDVGIWLWDB-UHFFFAOYSA-N,BKTVLDVGIWLWDB-UHFFFAOYSA-N,formolecular/novo_horizonte/banco_mestre_unificado.csv,MASTER_UNIFIED,BKTVLDVGIWLWDB-UHFFFAOYSA-N,0,0,0,0,0,1
LEGACY-INCHIKEY-BKVVMNIZBFFZHU-UHFFFAOYSA-N,BKVVMNIZBFFZHU-UHFFFAOYSA-N,formolecular/novo_horizonte/banco_mestre_unificado.csv,MASTER_UNIFIED,BKVVMNIZBFFZHU-UHFFFAOYSA-N,0,0,0,0,0,1
LEGACY-INCHIKEY-BKVXSNPGWLZYGQ-UHFFFAOYSA-N,BKVXSNPGWLZYGQ-UHFFFAOYSA-N,formolecular/novo_horizonte/banco_mestre_unificado.csv,MASTER_UNIFIED,BKVXSNPGWLZYGQ-UHFFFAOYSA-N,0,0,0,0,0,1
LEGACY-INCHIKEY-BLENHLBHECCTOM-UHFFFAOYSA-N,BLENHLBHECCTOM-UHFFFAOYSA-N,formolecular/novo_horizonte/banco_mestre_unificado.csv,MASTER_UNIFIED,BLENHLBHECCTOM-UHFFFAOYSA-N,0,0,0,0,0,1
LEGACY-INCHIKEY-BLIOGJAWWKSOGN-UHFFFAOYSA-N,BLIOGJAWWKSOGN-UHFFFAOYSA-N,formolecular/novo_horizonte/banco_mestre_unificado.csv,MASTER_UNIFIED,BLIOGJAWWKSOGN-UHFFFAOYSA-N,0,0,0,0,0,1
LEGACY-INCHIKEY-BLMSOOUHNPXSEU-UHFFFAOYSA-N,BLMSOOUHNPXSEU-UHFFFAOYSA-N,formolecular/novo_horizonte/banco_mestre_unificado.csv,MASTER_UNIFIED,BLMSOOUHNPXSEU-UHFFFAOYSA-N,0,0,0,0,0,1
LEGACY-INCHIKEY-BLNCDQHVWGNMQR-UHFFFAOYSA-N,BLNCDQHVWGNMQR-UHFFFAOYSA-N,formolecular/novo_horizonte/banco_mestre_unificado.csv,MASTER_UNIFIED,BLNCDQHVWGNMQR-UHFFFAOYSA-N,0,0,0,0,0,1
LEGACY-INCHIKEY-BLYDJYXBWIRBPY-UHFFFAOYSA-N,BLYDJYXBWIRBPY-UHFFFAOYSA-N,formolecular/novo_horizonte/banco_mestre_unificado.csv,MASTER_UNIFIED,BLYDJYXBWIRBPY-UHFFFAOYSA-N,0,0,0,0,0,1
LEGACY-INCHIKEY-BMDCKALIADYEHM-UHFFFAOYSA-N,BMDCKALIADYEHM-UHFFFAOYSA-N,formolecular/novo_horizonte/banco_mestre_unificado.csv,MASTER_UNIFIED,BMDCKALIADYEHM-UHFFFAOYSA-N,0,0,0,0,0,1
LEGACY-INCHIKEY-BMEUDBPJPKLOJX-UHFFFAOYSA-N,BMEUDBPJPKLOJX-UHFFFAOYSA-N,formolecular/novo_horizonte/banco_mestre_unificado.csv,MASTER_UNIFIED,BMEUDBPJPKLOJX-UHFFFAOYSA-N,0,0,0,0,0,1
LEGACY-INCHIKEY-BMFJMYCRQMJXSZ-UHFFFAOYSA-N,BMFJMYCRQMJXSZ-UHFFFAOYSA-N,formolecular/novo_horizonte/banco_mestre_unificado.csv,MASTER_UNIFIED,BMFJMYCRQMJXSZ-UHFFFAOYSA-N,0,0,0,0,0,1
LEGACY-INCHIKEY-BMFWGZVKVOJINC-UHFFFAOYSA-N,BMFWGZVKVOJINC-UHFFFAOYSA-N,formolecular/novo_horizonte/banco_mestre_unificado.csv,MASTER_UNIFIED,BMFWGZVKVOJINC-UHFFFAOYSA-N,0,0,0,0,0,1
LEGACY-INCHIKEY-BMSZQVLDNVABTK-UHFFFAOYSA-N,BMSZQVLDNVABTK-UHFFFAOYSA-N,formolecular/novo_horizonte/banco_mestre_unificado.csv,MASTER_UNIFIED,BMSZQVLDNVABTK-UHFFFAOYSA-N,0,0,0,0,0,1
LEGACY-INCHIKEY-BNAQKPCHXMONAS-UHFFFAOYSA-N,BNAQKPCHXMONAS-UHFFFAOYSA-N,formolecular/novo_horizonte/banco_mestre_unificado.csv,MASTER_UNIFIED,BNAQKPCHXMONAS-UHFFFAOYSA-N,0,0,0,0,0,1
LEGACY-INCHIKEY-BNCUWMSBGYSMAA-UHFFFAOYSA-N,BNCUWMSBGYSMAA-UHFFFAOYSA-N,formolecular/novo_horizonte/banco_mestre_unificado.csv,MASTER_UNIFIED,BNCUWMSBGYSMAA-UHFFFAOYSA-N,0,0,0,0,0,1
LEGACY-INCHIKEY-BNRDTDURJWIATJ-UHFFFAOYSA-N,BNRDTDURJWIATJ-UHFFFAOYSA-N,formolecular/novo_horizonte/banco_mestre_unificado.csv,MASTER_UNIFIED,BNRDTDURJWIATJ-UHFFFAOYSA-N,0,0,0,0,0,1
LEGACY-INCHIKEY-BNSYPZDSDMJUBO-UHFFFAOYSA-N,BNSYPZDSDMJUBO-UHFFFAOYSA-N,formolecular/novo_horizonte/banco_mestre_unificado.csv,MASTER_UNIFIED,BNSYPZDSDMJUBO-UHFFFAOYSA-N,0,0,0,0,0,1
LEGACY-INCHIKEY-BOBVYZYDWMWVHR-UHFFFAOYSA-N,BOBVYZYDWMWVHR-UHFFFAOYSA-N,formolecular/novo_horizonte/banco_mestre_unificado.csv,MASTER_UNIFIED,BOBVYZYDWMWVHR-UHFFFAOYSA-N,0,0,0,0,0,1
LEGACY-INCHIKEY-BODVAIYOEXFQHQ-UHFFFAOYSA-N,BODVAIYOEXFQHQ-UHFFFAOYSA-N,formolecular/novo_horizonte/banco_mestre_unificado.csv,MASTER_UNIFIED,BODVAIYOEXFQHQ-UHFFFAOYSA-N,0,0,0,0,0,1
LEGACY-INCHIKEY-BOEOFSNMHZWYGW-UHFFFAOYSA-N,BOEOFSNMHZWYGW-UHFFFAOYSA-N,formolecular/novo_horizonte/banco_mestre_unificado.csv,MASTER_UNIFIED,BOEOFSNMHZWYGW-UHFFFAOYSA-N,0,0,0,0,0,1
LEGACY-INCHIKEY-BOFOVVBUTZLBAT-UHFFFAOYSA-N,BOFOVVBUTZLBAT-UHFFFAOYSA-N,formolecular/novo_horizonte/banco_mestre_unificado.csv,MASTER_UNIFIED,BOFOVVBUTZLBAT-UHFFFAOYSA-N,0,0,0,0,0,1
LEGACY-INCHIKEY-BOSXYNLXEDJVOX-UHFFFAOYSA-N,BOSXYNLXEDJVOX-UHFFFAOYSA-N,formolecular/novo_horizonte/banco_mestre_unificado.csv,MASTER_UNIFIED,BOSXYNLXEDJVOX-UHFFFAOYSA-N,0,0,0,0,0,1
LEGACY-INCHIKEY-BOVBICNYXBAVRK-UHFFFAOYSA-N,BOVBICNYXBAVRK-UHFFFAOYSA-N,formolecular/novo_horizonte/banco_mestre_unificado.csv,MASTER_UNIFIED,BOVBICNYXBAVRK-UHFFFAOYSA-N,0,0,0,0,0,1
LEGACY-INCHIKEY-BOYAGBNMHSRYFN-UHFFFAOYSA-N,BOYAGBNMHSRYFN-UHFFFAOYSA-N,formolecular/novo_horizonte/banco_mestre_unificado.csv,MASTER_UNIFIED,BOYAGBNMHSRYFN-UHFFFAOYSA-N,0,0,0,0,0,1
LEGACY-INCHIKEY-BPGHPBPAYNOXAH-UHFFFAOYSA-N,BPGHPBPAYNOXAH-UHFFFAOYSA-N,formolecular/novo_horizonte/banco_mestre_unificado.csv,MASTER_UNIFIED,BPGHPBPAYNOXAH-UHFFFAOYSA-N,0,0,0,0,0,1
LEGACY-INCHIKEY-BPIPHRAWLYTPHY-UHFFFAOYSA-N,BPIPHRAWLYTPHY-UHFFFAOYSA-N,formolecular/novo_horizonte/banco_mestre_unificado.csv,MASTER_UNIFIED,BPIPHRAWLYTPHY-UHFFFAOYSA-N,0,0,0,0,0,1
LEGACY-INCHIKEY-BPIQVQSNBBLFTE-UHFFFAOYSA-N,BPIQVQSNBBLFTE-UHFFFAOYSA-N,formolecular/novo_horizonte/banco_mestre_unificado.csv,MASTER_UNIFIED,BPIQVQSNBBLFTE-UHFFFAOYSA-N,0,0,0,0,0,1
LEGACY-INCHIKEY-BPPDGDRJVWEDTQ-UHFFFAOYSA-N,BPPDGDRJVWEDTQ-UHFFFAOYSA-N,formolecular/novo_horizonte/banco_mestre_unificado.csv,MASTER_UNIFIED,BPPDGDRJVWEDTQ-UHFFFAOYSA-N,0,0,0,0,0,1
LEGACY-INCHIKEY-BPQCSNGSHUJVRZ-UHFFFAOYSA-N,BPQCSNGSHUJVRZ-UHFFFAOYSA-N,formolecular/novo_horizonte/banco_mestre_unificado.csv,MASTER_UNIFIED,BPQCSNGSHUJVRZ-UHFFFAOYSA-N,0,0,0,0,0,1
LEGACY-INCHIKEY-BPRJDUQJPYAHLU-UHFFFAOYSA-N,BPRJDUQJPYAHLU-UHFFFAOYSA-N,formolecular/novo_horizonte/banco_mestre_unificado.csv,MASTER_UNIFIED,BPRJDUQJPYAHLU-UHFFFAOYSA-N,0,0,0,0,0,1
LEGACY-INCHIKEY-BQCMERQRNKGXPJ-UHFFFAOYSA-N,BQCMERQRNKGXPJ-UHFFFAOYSA-N,formolecular/novo_horizonte/banco_mestre_unificado.csv,MASTER_UNIFIED,BQCMERQRNKGXPJ-UHFFFAOYSA-N,0,0,0,0,0,1
LEGACY-INCHIKEY-BQCWFXRREOHXBV-UHFFFAOYSA-N,BQCWFXRREOHXBV-UHFFFAOYSA-N,formolecular/novo_horizonte/banco_mestre_unificado.csv,MASTER_UNIFIED,BQCWFXRREOHXBV-UHFFFAOYSA-N,0,0,0,0,0,1
LEGACY-INCHIKEY-BQIXWPRLOPRMPV-UHFFFAOYSA-N,BQIXWPRLOPRMPV-UHFFFAOYSA-N,formolecular/novo_horizonte/banco_mestre_unificado.csv,MASTER_UNIFIED,BQIXWPRLOPRMPV-UHFFFAOYSA-N,0,0,0,0,0,1
LEGACY-INCHIKEY-BQMNNGMHZWSVNM-UHFFFAOYSA-N,BQMNNGMHZWSVNM-UHFFFAOYSA-N,formolecular/novo_horizonte/banco_mestre_unificado.csv,MASTER_UNIFIED,BQMNNGMHZWSVNM-UHFFFAOYSA-N,0,0,0,0,0,1
LEGACY-INCHIKEY-BQMPIRITUVVXPD-UHFFFAOYSA-N,BQMPIRITUVVXPD-UHFFFAOYSA-N,formolecular/novo_horizonte/banco_mestre_unificado.csv,MASTER_UNIFIED,BQMPIRITUVVXPD-UHFFFAOYSA-N,0,0,0,0,0,1
LEGACY-INCHIKEY-BQNRDSOGYBHTMH-UHFFFAOYSA-N,BQNRDSOGYBHTMH-UHFFFAOYSA-N,formolecular/novo_horizonte/banco_mestre_unificado.csv,MASTER_UNIFIED,BQNRDSOGYBHTMH-UHFFFAOYSA-N,0,0,0,0,0,1
LEGACY-INCHIKEY-BQQBSBJZOUKHQJ-UHFFFAOYSA-N,BQQBSBJZOUKHQJ-UHFFFAOYSA-N,formolecular/novo_horizonte/banco_mestre_unificado.csv,MASTER_UNIFIED,BQQBSBJZOUKHQJ-UHFFFAOYSA-N,0,0,0,0,0,1
LEGACY-INCHIKEY-BRCXSSOAHYRMIV-UHFFFAOYSA-N,BRCXSSOAHYRMIV-UHFFFAOYSA-N,formolecular/novo_horizonte/banco_mestre_unificado.csv,MASTER_UNIFIED,BRCXSSOAHYRMIV-UHFFFAOYSA-N,0,0,0,0,0,1
LEGACY-INCHIKEY-BRGDFTMDKAUTCB-UHFFFAOYSA-N,BRGDFTMDKAUTCB-UHFFFAOYSA-N,formolecular/novo_horizonte/banco_mestre_unificado.csv,MASTER_UNIFIED,BRGDFTMDKAUTCB-UHFFFAOYSA-N,0,0,0,0,0,1
LEGACY-INCHIKEY-BRGHKFIZDQKARB-UHFFFAOYSA-N,BRGHKFIZDQKARB-UHFFFAOYSA-N,formolecular/novo_horizonte/banco_mestre_unificado.csv,MASTER_UNIFIED,BRGHKFIZDQKARB-UHFFFAOYSA-N,0,0,0,0,0,1
LEGACY-INCHIKEY-BRQANIBSKPMMOO-UHFFFAOYSA-N,BRQANIBSKPMMOO-UHFFFAOYSA-N,formolecular/novo_horizonte/banco_mestre_unificado.csv,MASTER_UNIFIED,BRQANIBSKPMMOO-UHFFFAOYSA-N,0,0,0,0,0,1
LEGACY-INCHIKEY-BRRPBFFOHQPOGY-UHFFFAOYSA-N,BRRPBFFOHQPOGY-UHFFFAOYSA-N,formolecular/novo_horizonte/banco_mestre_unificado.csv,MASTER_UNIFIED,BRRPBFFOHQPOGY-UHFFFAOYSA-N,0,0,0,0,0,1
LEGACY-INCHIKEY-BRSCDEQVSVNPEQ-UHFFFAOYSA-N,BRSCDEQVSVNPEQ-UHFFFAOYSA-N,formolecular/novo_horizonte/banco_mestre_unificado.csv,MASTER_UNIFIED,BRSCDEQVSVNPEQ-UHFFFAOYSA-N,0,0,0,0,0,1
LEGACY-INCHIKEY-BRSKUKJQZJQYMI-UHFFFAOYSA-N,BRSKUKJQZJQYMI-UHFFFAOYSA-N,formolecular/novo_horizonte/banco_mestre_unificado.csv,MASTER_UNIFIED,BRSKUKJQZJQYMI-UHFFFAOYSA-N,0,0,0,0,0,1
LEGACY-INCHIKEY-BRVYFJOHFBXVAE-UHFFFAOYSA-N,BRVYFJOHFBXVAE-UHFFFAOYSA-N,formolecular/novo_horizonte/banco_mestre_unificado.csv,MASTER_UNIFIED,BRVYFJOHFBXVAE-UHFFFAOYSA-N,0,0,0,0,0,1
LEGACY-INCHIKEY-BSFIDSAIVKPBHP-UHFFFAOYSA-N,BSFIDSAIVKPBHP-UHFFFAOYSA-N,formolecular/novo_horizonte/banco_mestre_unificado.csv,MASTER_UNIFIED,BSFIDSAIVKPBHP-UHFFFAOYSA-N,0,0,0,0,0,1
LEGACY-INCHIKEY-BSHMENUZSZFILO-UHFFFAOYSA-N,BSHMENUZSZFILO-UHFFFAOYSA-N,formolecular/novo_horizonte/banco_mestre_unificado.csv,MASTER_UNIFIED,BSHMENUZSZFILO-UHFFFAOYSA-N,0,0,0,0,0,1
LEGACY-INCHIKEY-BSIBTIOVGUURTG-UHFFFAOYSA-N,BSIBTIOVGUURTG-UHFFFAOYSA-N,formolecular/novo_horizonte/banco_mestre_unificado.csv,MASTER_UNIFIED,BSIBTIOVGUURTG-UHFFFAOYSA-N,0,0,0,0,0,1
LEGACY-INCHIKEY-BSNBOJHGABBXTQ-UHFFFAOYSA-N,BSNBOJHGABBXTQ-UHFFFAOYSA-N,formolecular/novo_horizonte/banco_mestre_unificado.csv,MASTER_UNIFIED,BSNBOJHGABBXTQ-UHFFFAOYSA-N,0,0,0,0,0,1
LEGACY-INCHIKEY-BSSQFSBYVBXLGG-UHFFFAOYSA-N,BSSQFSBYVBXLGG-UHFFFAOYSA-N,formolecular/novo_horizonte/banco_mestre_unificado.csv,MASTER_UNIFIED,BSSQFSBYVBXLGG-UHFFFAOYSA-N,0,0,0,0,0,1
LEGACY-INCHIKEY-BSYJLJIINRNALT-UHFFFAOYSA-N,BSYJLJIINRNALT-UHFFFAOYSA-N,formolecular/novo_horizonte/banco_mestre_unificado.csv,MASTER_UNIFIED,BSYJLJIINRNALT-UHFFFAOYSA-N,0,0,0,0,0,1
LEGACY-INCHIKEY-BTSJFGYAHKJAIC-UHFFFAOYSA-N,BTSJFGYAHKJAIC-UHFFFAOYSA-N,formolecular/novo_horizonte/banco_mestre_unificado.csv,MASTER_UNIFIED,BTSJFGYAHKJAIC-UHFFFAOYSA-N,0,0,0,0,0,1
LEGACY-INCHIKEY-BTSPZNGKRWXBAE-UHFFFAOYSA-N,BTSPZNGKRWXBAE-UHFFFAOYSA-N,formolecular/novo_horizonte/banco_mestre_unificado.csv,MASTER_UNIFIED,BTSPZNGKRWXBAE-UHFFFAOYSA-N,0,0,0,0,0,1
LEGACY-INCHIKEY-BTVRELSOZYWIDI-UHFFFAOYSA-N,BTVRELSOZYWIDI-UHFFFAOYSA-N,formolecular/novo_horizonte/banco_mestre_unificado.csv,MASTER_UNIFIED,BTVRELSOZYWIDI-UHFFFAOYSA-N,0,0,0,0,0,1
LEGACY-INCHIKEY-BTWLKCIQTNSNEB-UHFFFAOYSA-N,BTWLKCIQTNSNEB-UHFFFAOYSA-N,formolecular/novo_horizonte/banco_mestre_unificado.csv,MASTER_UNIFIED,BTWLKCIQTNSNEB-UHFFFAOYSA-N,0,0,0,0,0,1
LEGACY-INCHIKEY-BUDRRIKUFYKJJL-UHFFFAOYSA-N,BUDRRIKUFYKJJL-UHFFFAOYSA-N,formolecular/novo_horizonte/top10_validado_4EY7.csv,NH_VALIDATED_4EY7;NH_ISOLATED;MASTER_UNIFIED,BUDRRIKUFYKJJL-UHFFFAOYSA-N,0,0,0,1,1,1
LEGACY-INCHIKEY-BUIJSRSAILBKNQ-UHFFFAOYSA-N,BUIJSRSAILBKNQ-UHFFFAOYSA-N,formolecular/novo_horizonte/banco_mestre_unificado.csv,MASTER_UNIFIED,BUIJSRSAILBKNQ-UHFFFAOYSA-N,0,0,0,0,0,1
LEGACY-INCHIKEY-BUJGJTBNHIVVKE-UHFFFAOYSA-N,BUJGJTBNHIVVKE-UHFFFAOYSA-N,formolecular/novo_horizonte/banco_mestre_unificado.csv,MASTER_UNIFIED,BUJGJTBNHIVVKE-UHFFFAOYSA-N,0,0,0,0,0,1
LEGACY-INCHIKEY-BUTXCKXIXZOZII-UHFFFAOYSA-N,BUTXCKXIXZOZII-UHFFFAOYSA-N,formolecular/novo_horizonte/banco_mestre_unificado.csv,MASTER_UNIFIED,BUTXCKXIXZOZII-UHFFFAOYSA-N,0,0,0,0,0,1
LEGACY-INCHIKEY-BUXKUKLAPZLXPT-UHFFFAOYSA-N,BUXKUKLAPZLXPT-UHFFFAOYSA-N,formolecular/novo_horizonte/banco_mestre_unificado.csv,MASTER_UNIFIED,BUXKUKLAPZLXPT-UHFFFAOYSA-N,0,0,0,0,0,1
LEGACY-INCHIKEY-BUZFJZWMKFZTJU-UHFFFAOYSA-N,BUZFJZWMKFZTJU-UHFFFAOYSA-N,formolecular/novo_horizonte/banco_mestre_unificado.csv,MASTER_UNIFIED,BUZFJZWMKFZTJU-UHFFFAOYSA-N,0,0,0,0,0,1
LEGACY-INCHIKEY-BVEAEGQWWRYVMF-UHFFFAOYSA-N,BVEAEGQWWRYVMF-UHFFFAOYSA-N,formolecular/novo_horizonte/banco_mestre_unificado.csv,MASTER_UNIFIED,BVEAEGQWWRYVMF-UHFFFAOYSA-N,0,0,0,0,0,1
LEGACY-INCHIKEY-BVFAAXVGXIVVQS-UHFFFAOYSA-N,BVFAAXVGXIVVQS-UHFFFAOYSA-N,formolecular/novo_horizonte/banco_mestre_unificado.csv,MASTER_UNIFIED,BVFAAXVGXIVVQS-UHFFFAOYSA-N,0,0,0,0,0,1
LEGACY-INCHIKEY-BVFFKJTXUXWCKT-UHFFFAOYSA-N,BVFFKJTXUXWCKT-UHFFFAOYSA-N,formolecular/novo_horizonte/banco_mestre_unificado.csv,MASTER_UNIFIED,BVFFKJTXUXWCKT-UHFFFAOYSA-N,0,0,0,0,0,1
LEGACY-INCHIKEY-BVFKQOXVAYTABX-UHFFFAOYSA-N,BVFKQOXVAYTABX-UHFFFAOYSA-N,formolecular/novo_horizonte/banco_mestre_unificado.csv,MASTER_UNIFIED,BVFKQOXVAYTABX-UHFFFAOYSA-N,0,0,0,0,0,1
LEGACY-INCHIKEY-BVGOKQKSKSGDIG-UHFFFAOYSA-N,BVGOKQKSKSGDIG-UHFFFAOYSA-N,formolecular/novo_horizonte/banco_mestre_unificado.csv,MASTER_UNIFIED,BVGOKQKSKSGDIG-UHFFFAOYSA-N,0,0,0,0,0,1
LEGACY-INCHIKEY-BVGYCOQJCBNNGT-UHFFFAOYSA-N,BVGYCOQJCBNNGT-UHFFFAOYSA-N,formolecular/novo_horizonte/banco_mestre_unificado.csv,MASTER_UNIFIED,BVGYCOQJCBNNGT-UHFFFAOYSA-N,0,0,0,0,0,1
LEGACY-INCHIKEY-BVKWOAAQSCJKGL-UHFFFAOYSA-N,BVKWOAAQSCJKGL-UHFFFAOYSA-N,formolecular/novo_horizonte/banco_mestre_unificado.csv,MASTER_UNIFIED,BVKWOAAQSCJKGL-UHFFFAOYSA-N,0,0,0,0,0,1
LEGACY-INCHIKEY-BVQPUNXEYUVUPR-UHFFFAOYSA-N,BVQPUNXEYUVUPR-UHFFFAOYSA-N,formolecular/novo_horizonte/banco_mestre_unificado.csv,MASTER_UNIFIED,BVQPUNXEYUVUPR-UHFFFAOYSA-N,0,0,0,0,0,1
LEGACY-INCHIKEY-BVRFMELVXLVPFI-UHFFFAOYSA-N,BVRFMELVXLVPFI-UHFFFAOYSA-N,formolecular/novo_horizonte/banco_mestre_unificado.csv,MASTER_UNIFIED,BVRFMELVXLVPFI-UHFFFAOYSA-N,0,0,0,0,0,1
LEGACY-INCHIKEY-BVXUNDRAGDYRIO-UHFFFAOYSA-N,BVXUNDRAGDYRIO-UHFFFAOYSA-N,formolecular/novo_horizonte/banco_mestre_unificado.csv,MASTER_UNIFIED,BVXUNDRAGDYRIO-UHFFFAOYSA-N,0,0,0,0,0,1
LEGACY-INCHIKEY-BVZBPLWGCNTKQJ-UHFFFAOYSA-N,BVZBPLWGCNTKQJ-UHFFFAOYSA-N,formolecular/novo_horizonte/banco_mestre_unificado.csv,MASTER_UNIFIED,BVZBPLWGCNTKQJ-UHFFFAOYSA-N,0,0,0,0,0,1
LEGACY-INCHIKEY-BWHXOHDUBFNJGR-UHFFFAOYSA-N,BWHXOHDUBFNJGR-UHFFFAOYSA-N,formolecular/novo_horizonte/banco_mestre_unificado.csv,MASTER_UNIFIED,BWHXOHDUBFNJGR-UHFFFAOYSA-N,0,0,0,0,0,1
LEGACY-INCHIKEY-BWJJPLOYNCENOT-UHFFFAOYSA-N,BWJJPLOYNCENOT-UHFFFAOYSA-N,formolecular/novo_horizonte/banco_mestre_unificado.csv,MASTER_UNIFIED,BWJJPLOYNCENOT-UHFFFAOYSA-N,0,0,0,0,0,1
LEGACY-INCHIKEY-BWKHHZAJOSRJSL-UHFFFAOYSA-N,BWKHHZAJOSRJSL-UHFFFAOYSA-N,formolecular/novo_horizonte/banco_mestre_unificado.csv,MASTER_UNIFIED,BWKHHZAJOSRJSL-UHFFFAOYSA-N,0,0,0,0,0,1
LEGACY-INCHIKEY-BWLIFTOASZCEIS-UHFFFAOYSA-N,BWLIFTOASZCEIS-UHFFFAOYSA-N,formolecular/novo_horizonte/banco_mestre_unificado.csv,MASTER_UNIFIED,BWLIFTOASZCEIS-UHFFFAOYSA-N,0,0,0,0,0,1
LEGACY-INCHIKEY-BWMBIXUGRLKKGW-UHFFFAOYSA-N,BWMBIXUGRLKKGW-UHFFFAOYSA-N,formolecular/novo_horizonte/banco_mestre_unificado.csv,MASTER_UNIFIED,BWMBIXUGRLKKGW-UHFFFAOYSA-N,0,0,0,0,0,1
LEGACY-INCHIKEY-BWPUOBMRHMBNCQ-UHFFFAOYSA-N,BWPUOBMRHMBNCQ-UHFFFAOYSA-N,formolecular/novo_horizonte/banco_mestre_unificado.csv,MASTER_UNIFIED,BWPUOBMRHMBNCQ-UHFFFAOYSA-N,0,0,0,0,0,1
LEGACY-INCHIKEY-BWRNZQUPXYBLAH-UHFFFAOYSA-N,BWRNZQUPXYBLAH-UHFFFAOYSA-N,formolecular/novo_horizonte/banco_mestre_unificado.csv,MASTER_UNIFIED,BWRNZQUPXYBLAH-UHFFFAOYSA-N,0,0,0,0,0,1
LEGACY-INCHIKEY-BWUAMELKLGEQRV-UHFFFAOYSA-N,BWUAMELKLGEQRV-UHFFFAOYSA-N,formolecular/novo_horizonte/banco_mestre_unificado.csv,MASTER_UNIFIED,BWUAMELKLGEQRV-UHFFFAOYSA-N,0,0,0,0,0,1
LEGACY-INCHIKEY-BWZJRJPTFUVQOI-UHFFFAOYSA-N,BWZJRJPTFUVQOI-UHFFFAOYSA-N,formolecular/novo_horizonte/banco_mestre_unificado.csv,MASTER_UNIFIED,BWZJRJPTFUVQOI-UHFFFAOYSA-N,0,0,0,0,0,1
LEGACY-INCHIKEY-BXKWFGHTZNINQV-UHFFFAOYSA-N,BXKWFGHTZNINQV-UHFFFAOYSA-N,formolecular/novo_horizonte/banco_mestre_unificado.csv,MASTER_UNIFIED,BXKWFGHTZNINQV-UHFFFAOYSA-N,0,0,0,0,0,1
LEGACY-INCHIKEY-BXMCDWUJXZMDOP-UHFFFAOYSA-N,BXMCDWUJXZMDOP-UHFFFAOYSA-N,formolecular/novo_horizonte/banco_mestre_unificado.csv,MASTER_UNIFIED,BXMCDWUJXZMDOP-UHFFFAOYSA-N,0,0,0,0,0,1
LEGACY-INCHIKEY-BXNIBWQIMNZSKO-UHFFFAOYSA-N,BXNIBWQIMNZSKO-UHFFFAOYSA-N,formolecular/novo_horizonte/banco_mestre_unificado.csv,MASTER_UNIFIED,BXNIBWQIMNZSKO-UHFFFAOYSA-N,0,0,0,0,0,1
LEGACY-INCHIKEY-BXNPYTGXWSRPEA-UHFFFAOYSA-N,BXNPYTGXWSRPEA-UHFFFAOYSA-N,formolecular/novo_horizonte/banco_mestre_unificado.csv,MASTER_UNIFIED,BXNPYTGXWSRPEA-UHFFFAOYSA-N,0,0,0,0,0,1
LEGACY-INCHIKEY-BXTPINPVBNIALC-UHFFFAOYSA-N,BXTPINPVBNIALC-UHFFFAOYSA-N,formolecular/novo_horizonte/banco_mestre_unificado.csv,MASTER_UNIFIED,BXTPINPVBNIALC-UHFFFAOYSA-N,0,0,0,0,0,1
LEGACY-INCHIKEY-BXVSYTBSWIEOOI-UHFFFAOYSA-N,BXVSYTBSWIEOOI-UHFFFAOYSA-N,formolecular/novo_horizonte/banco_mestre_unificado.csv,MASTER_UNIFIED,BXVSYTBSWIEOOI-UHFFFAOYSA-N,0,0,0,0,0,1
LEGACY-INCHIKEY-BXWBGASYNNOUOU-UHFFFAOYSA-N,BXWBGASYNNOUOU-UHFFFAOYSA-N,formolecular/novo_horizonte/banco_mestre_unificado.csv,MASTER_UNIFIED,BXWBGASYNNOUOU-UHFFFAOYSA-N,0,0,0,0,0,1
LEGACY-INCHIKEY-BXWQMLVANPNOJJ-UHFFFAOYSA-N,BXWQMLVANPNOJJ-UHFFFAOYSA-N,formolecular/novo_horizonte/banco_mestre_unificado.csv,MASTER_UNIFIED,BXWQMLVANPNOJJ-UHFFFAOYSA-N,0,0,0,0,0,1
LEGACY-INCHIKEY-BYAVXSDXFVOBRQ-UHFFFAOYSA-N,BYAVXSDXFVOBRQ-UHFFFAOYSA-N,formolecular/novo_horizonte/banco_mestre_unificado.csv,MASTER_UNIFIED,BYAVXSDXFVOBRQ-UHFFFAOYSA-N,0,0,0,0,0,1
LEGACY-INCHIKEY-BYAWRSBSJASTNS-UHFFFAOYSA-N,BYAWRSBSJASTNS-UHFFFAOYSA-N,formolecular/novo_horizonte/banco_mestre_unificado.csv,MASTER_UNIFIED,BYAWRSBSJASTNS-UHFFFAOYSA-N,0,0,0,0,0,1
LEGACY-INCHIKEY-BYDHJQBERYWEBJ-UHFFFAOYSA-N,BYDHJQBERYWEBJ-UHFFFAOYSA-N,formolecular/novo_horizonte/banco_mestre_unificado.csv,MASTER_UNIFIED,BYDHJQBERYWEBJ-UHFFFAOYSA-N,0,0,0,0,0,1
LEGACY-INCHIKEY-BYEROLGTUFCRDY-UHFFFAOYSA-N,BYEROLGTUFCRDY-UHFFFAOYSA-N,formolecular/novo_horizonte/banco_mestre_unificado.csv,MASTER_UNIFIED,BYEROLGTUFCRDY-UHFFFAOYSA-N,0,0,0,0,0,1
LEGACY-INCHIKEY-BYHLWHPIMVIRRI-UHFFFAOYSA-N,BYHLWHPIMVIRRI-UHFFFAOYSA-N,formolecular/novo_horizonte/banco_mestre_unificado.csv,MASTER_UNIFIED,BYHLWHPIMVIRRI-UHFFFAOYSA-N,0,0,0,0,0,1
LEGACY-INCHIKEY-BYJFXEOQSJVIAB-UHFFFAOYSA-N,BYJFXEOQSJVIAB-UHFFFAOYSA-N,formolecular/novo_horizonte/banco_mestre_unificado.csv,MASTER_UNIFIED,BYJFXEOQSJVIAB-UHFFFAOYSA-N,0,0,0,0,0,1
LEGACY-INCHIKEY-BYQBNZQJNMDRQR-UHFFFAOYSA-N,BYQBNZQJNMDRQR-UHFFFAOYSA-N,formolecular/novo_horizonte/banco_mestre_unificado.csv,MASTER_UNIFIED,BYQBNZQJNMDRQR-UHFFFAOYSA-N,0,0,0,0,0,1
LEGACY-INCHIKEY-BYYKNNDCHMDRTI-UHFFFAOYSA-N,BYYKNNDCHMDRTI-UHFFFAOYSA-N,formolecular/novo_horizonte/banco_mestre_unificado.csv,MASTER_UNIFIED,BYYKNNDCHMDRTI-UHFFFAOYSA-N,0,0,0,0,0,1
LEGACY-INCHIKEY-BYZBNIMIAMGUPH-UHFFFAOYSA-N,BYZBNIMIAMGUPH-UHFFFAOYSA-N,formolecular/novo_horizonte/banco_mestre_unificado.csv,MASTER_UNIFIED,BYZBNIMIAMGUPH-UHFFFAOYSA-N,0,0,0,0,0,1
LEGACY-INCHIKEY-BZDHVVHLMQFSQU-UHFFFAOYSA-N,BZDHVVHLMQFSQU-UHFFFAOYSA-N,formolecular/novo_horizonte/banco_mestre_unificado.csv,MASTER_UNIFIED,BZDHVVHLMQFSQU-UHFFFAOYSA-N,0,0,0,0,0,1
LEGACY-INCHIKEY-BZMHBVIDSLVNSK-UHFFFAOYSA-N,BZMHBVIDSLVNSK-UHFFFAOYSA-N,formolecular/novo_horizonte/banco_mestre_unificado.csv,MASTER_UNIFIED,BZMHBVIDSLVNSK-UHFFFAOYSA-N,0,0,0,0,0,1
LEGACY-INCHIKEY-BZSRMCADOHSTQI-UHFFFAOYSA-N,BZSRMCADOHSTQI-UHFFFAOYSA-N,formolecular/novo_horizonte/banco_mestre_unificado.csv,MASTER_UNIFIED,BZSRMCADOHSTQI-UHFFFAOYSA-N,0,0,0,0,0,1
LEGACY-INCHIKEY-BZVSTQPSJVKOEK-UHFFFAOYSA-N,BZVSTQPSJVKOEK-UHFFFAOYSA-N,formolecular/novo_horizonte/banco_mestre_unificado.csv,MASTER_UNIFIED,BZVSTQPSJVKOEK-UHFFFAOYSA-N,0,0,0,0,0,1
LEGACY-INCHIKEY-BZYMBYUOTHDRNX-UHFFFAOYSA-N,BZYMBYUOTHDRNX-UHFFFAOYSA-N,formolecular/novo_horizonte/banco_mestre_unificado.csv,MASTER_UNIFIED,BZYMBYUOTHDRNX-UHFFFAOYSA-N,0,0,0,0,0,1
LEGACY-INCHIKEY-BZZZRMICYLPDOQ-UHFFFAOYSA-N,BZZZRMICYLPDOQ-UHFFFAOYSA-N,formolecular/novo_horizonte/banco_mestre_unificado.csv,MASTER_UNIFIED,BZZZRMICYLPDOQ-UHFFFAOYSA-N,0,0,0,0,0,1
LEGACY-INCHIKEY-CAEIMRVRTJZRQJ-UHFFFAOYSA-N,CAEIMRVRTJZRQJ-UHFFFAOYSA-N,formolecular/novo_horizonte/banco_mestre_unificado.csv,MASTER_UNIFIED,CAEIMRVRTJZRQJ-UHFFFAOYSA-N,0,0,0,0,0,1
LEGACY-INCHIKEY-CALWYFDTBMJJAB-UHFFFAOYSA-N,CALWYFDTBMJJAB-UHFFFAOYSA-N,formolecular/novo_horizonte/banco_mestre_unificado.csv,MASTER_UNIFIED,CALWYFDTBMJJAB-UHFFFAOYSA-N,0,0,0,0,0,1
LEGACY-INCHIKEY-CAPJTMRHHVDTSA-UHFFFAOYSA-N,CAPJTMRHHVDTSA-UHFFFAOYSA-N,formolecular/novo_horizonte/banco_mestre_unificado.csv,MASTER_UNIFIED,CAPJTMRHHVDTSA-UHFFFAOYSA-N,0,0,0,0,0,1
LEGACY-INCHIKEY-CAPVBSKLKKBKHR-UHFFFAOYSA-N,CAPVBSKLKKBKHR-UHFFFAOYSA-N,formolecular/novo_horizonte/banco_mestre_unificado.csv,MASTER_UNIFIED,CAPVBSKLKKBKHR-UHFFFAOYSA-N,0,0,0,0,0,1
LEGACY-INCHIKEY-CATYPPXKNVCUKW-UHFFFAOYSA-N,CATYPPXKNVCUKW-UHFFFAOYSA-N,formolecular/novo_horizonte/banco_mestre_unificado.csv,MASTER_UNIFIED,CATYPPXKNVCUKW-UHFFFAOYSA-N,0,0,0,0,0,1
LEGACY-INCHIKEY-CAYITGBREXIDGI-UHFFFAOYSA-N,CAYITGBREXIDGI-UHFFFAOYSA-N,formolecular/novo_horizonte/banco_mestre_unificado.csv,MASTER_UNIFIED,CAYITGBREXIDGI-UHFFFAOYSA-N,0,0,0,0,0,1
LEGACY-INCHIKEY-CAZLUBPFDZXZFT-UHFFFAOYSA-N,CAZLUBPFDZXZFT-UHFFFAOYSA-N,formolecular/novo_horizonte/banco_mestre_unificado.csv,MASTER_UNIFIED,CAZLUBPFDZXZFT-UHFFFAOYSA-N,0,0,0,0,0,1
LEGACY-INCHIKEY-CBBGYTGRDTVXLH-UHFFFAOYSA-N,CBBGYTGRDTVXLH-UHFFFAOYSA-N,formolecular/novo_horizonte/banco_mestre_unificado.csv,MASTER_UNIFIED,CBBGYTGRDTVXLH-UHFFFAOYSA-N,0,0,0,0,0,1
LEGACY-INCHIKEY-CBBYOXXCGPQXJY-UHFFFAOYSA-N,CBBYOXXCGPQXJY-UHFFFAOYSA-N,formolecular/novo_horizonte/banco_mestre_unificado.csv,MASTER_UNIFIED,CBBYOXXCGPQXJY-UHFFFAOYSA-N,0,0,0,0,0,1
LEGACY-INCHIKEY-CBILMAGYPUIPNE-UHFFFAOYSA-N,CBILMAGYPUIPNE-UHFFFAOYSA-N,formolecular/novo_horizonte/banco_mestre_unificado.csv,MASTER_UNIFIED,CBILMAGYPUIPNE-UHFFFAOYSA-N,0,0,0,0,0,1
LEGACY-INCHIKEY-CBSMFBYWZGGKGA-UHFFFAOYSA-N,CBSMFBYWZGGKGA-UHFFFAOYSA-N,formolecular/novo_horizonte/banco_mestre_unificado.csv,MASTER_UNIFIED,CBSMFBYWZGGKGA-UHFFFAOYSA-N,0,0,0,0,0,1
LEGACY-INCHIKEY-CBSUSWILQDUDJQ-UHFFFAOYSA-N,CBSUSWILQDUDJQ-UHFFFAOYSA-N,formolecular/novo_horizonte/banco_mestre_unificado.csv,MASTER_UNIFIED,CBSUSWILQDUDJQ-UHFFFAOYSA-N,0,0,0,0,0,1
LEGACY-INCHIKEY-CBYYMQBBJFRJCI-UHFFFAOYSA-N,CBYYMQBBJFRJCI-UHFFFAOYSA-N,formolecular/novo_horizonte/banco_mestre_unificado.csv,MASTER_UNIFIED,CBYYMQBBJFRJCI-UHFFFAOYSA-N,0,0,0,0,0,1
LEGACY-INCHIKEY-CBZKPHVFAARXSP-UHFFFAOYSA-N,CBZKPHVFAARXSP-UHFFFAOYSA-N,formolecular/novo_horizonte/banco_mestre_unificado.csv,MASTER_UNIFIED,CBZKPHVFAARXSP-UHFFFAOYSA-N,0,0,0,0,0,1
LEGACY-INCHIKEY-CCDXDHAOMJMJOB-UHFFFAOYSA-N,CCDXDHAOMJMJOB-UHFFFAOYSA-N,formolecular/novo_horizonte/banco_mestre_unificado.csv,MASTER_UNIFIED,CCDXDHAOMJMJOB-UHFFFAOYSA-N,0,0,0,0,0,1
LEGACY-INCHIKEY-CCEDFSVZVMVIMI-UHFFFAOYSA-N,CCEDFSVZVMVIMI-UHFFFAOYSA-N,formolecular/novo_horizonte/banco_mestre_unificado.csv,MASTER_UNIFIED,CCEDFSVZVMVIMI-UHFFFAOYSA-N,0,0,0,0,0,1
LEGACY-INCHIKEY-CCHJFQRCTJAHPY-UHFFFAOYSA-N,CCHJFQRCTJAHPY-UHFFFAOYSA-N,formolecular/novo_horizonte/banco_mestre_unificado.csv,MASTER_UNIFIED,CCHJFQRCTJAHPY-UHFFFAOYSA-N,0,0,0,0,0,1
LEGACY-INCHIKEY-CCIQOIIUTSCQAF-UHFFFAOYSA-N,CCIQOIIUTSCQAF-UHFFFAOYSA-N,formolecular/novo_horizonte/banco_mestre_unificado.csv,MASTER_UNIFIED,CCIQOIIUTSCQAF-UHFFFAOYSA-N,0,0,0,0,0,1
LEGACY-INCHIKEY-CCIUJRPFHFAYQW-UHFFFAOYSA-N,CCIUJRPFHFAYQW-UHFFFAOYSA-N,formolecular/novo_horizonte/banco_mestre_unificado.csv,MASTER_UNIFIED,CCIUJRPFHFAYQW-UHFFFAOYSA-N,0,0,0,0,0,1
LEGACY-INCHIKEY-CCUGOHRFWYVHJO-UHFFFAOYSA-N,CCUGOHRFWYVHJO-UHFFFAOYSA-N,formolecular/novo_horizonte/banco_mestre_unificado.csv,MASTER_UNIFIED,CCUGOHRFWYVHJO-UHFFFAOYSA-N,0,0,0,0,0,1
LEGACY-INCHIKEY-CCVDGONAWXGPRK-UHFFFAOYSA-N,CCVDGONAWXGPRK-UHFFFAOYSA-N,formolecular/novo_horizonte/banco_mestre_unificado.csv,MASTER_UNIFIED,CCVDGONAWXGPRK-UHFFFAOYSA-N,0,0,0,0,0,1
LEGACY-INCHIKEY-CCZGAEXFVJTEFD-UHFFFAOYSA-N,CCZGAEXFVJTEFD-UHFFFAOYSA-N,formolecular/novo_horizonte/banco_mestre_unificado.csv,MASTER_UNIFIED,CCZGAEXFVJTEFD-UHFFFAOYSA-N,0,0,0,0,0,1
LEGACY-INCHIKEY-CDCACDGIHPMPHH-UHFFFAOYSA-N,CDCACDGIHPMPHH-UHFFFAOYSA-N,formolecular/novo_horizonte/banco_mestre_unificado.csv,MASTER_UNIFIED,CDCACDGIHPMPHH-UHFFFAOYSA-N,0,0,0,0,0,1
LEGACY-INCHIKEY-CDHSRVNGFOPRSS-UHFFFAOYSA-N,CDHSRVNGFOPRSS-UHFFFAOYSA-N,formolecular/novo_horizonte/banco_mestre_unificado.csv,MASTER_UNIFIED,CDHSRVNGFOPRSS-UHFFFAOYSA-N,0,0,0,0,0,1
LEGACY-INCHIKEY-CDOARWMOMQZKPQ-UHFFFAOYSA-N,CDOARWMOMQZKPQ-UHFFFAOYSA-N,formolecular/novo_horizonte/banco_mestre_unificado.csv,MASTER_UNIFIED,CDOARWMOMQZKPQ-UHFFFAOYSA-N,0,0,0,0,0,1
LEGACY-INCHIKEY-CDRKLIGJGQLUQS-UHFFFAOYSA-N,CDRKLIGJGQLUQS-UHFFFAOYSA-N,formolecular/novo_horizonte/banco_mestre_unificado.csv,MASTER_UNIFIED,CDRKLIGJGQLUQS-UHFFFAOYSA-N,0,0,0,0,0,1
LEGACY-INCHIKEY-CDWJFHRKOFVOFL-UHFFFAOYSA-N,CDWJFHRKOFVOFL-UHFFFAOYSA-N,formolecular/novo_horizonte/banco_mestre_unificado.csv,MASTER_UNIFIED,CDWJFHRKOFVOFL-UHFFFAOYSA-N,0,0,0,0,0,1
LEGACY-INCHIKEY-CDZWNVYZJNCOHL-UHFFFAOYSA-N,CDZWNVYZJNCOHL-UHFFFAOYSA-N,formolecular/novo_horizonte/banco_mestre_unificado.csv,MASTER_UNIFIED,CDZWNVYZJNCOHL-UHFFFAOYSA-N,0,0,0,0,0,1
LEGACY-INCHIKEY-CEYJMTUYKBOHIR-UHFFFAOYSA-N,CEYJMTUYKBOHIR-UHFFFAOYSA-N,formolecular/novo_horizonte/banco_mestre_unificado.csv,MASTER_UNIFIED,CEYJMTUYKBOHIR-UHFFFAOYSA-N,0,0,0,0,0,1
LEGACY-INCHIKEY-CFCFGUVXCCUONI-UHFFFAOYSA-N,CFCFGUVXCCUONI-UHFFFAOYSA-N,formolecular/novo_horizonte/banco_mestre_unificado.csv,MASTER_UNIFIED,CFCFGUVXCCUONI-UHFFFAOYSA-N,0,0,0,0,0,1
LEGACY-INCHIKEY-CFCURODHFUXPDF-UHFFFAOYSA-N,CFCURODHFUXPDF-UHFFFAOYSA-N,formolecular/novo_horizonte/banco_mestre_unificado.csv,MASTER_UNIFIED,CFCURODHFUXPDF-UHFFFAOYSA-N,0,0,0,0,0,1
LEGACY-INCHIKEY-CFDSJDNSALPIFM-UHFFFAOYSA-N,CFDSJDNSALPIFM-UHFFFAOYSA-N,formolecular/novo_horizonte/banco_mestre_unificado.csv,MASTER_UNIFIED,CFDSJDNSALPIFM-UHFFFAOYSA-N,0,0,0,0,0,1
LEGACY-INCHIKEY-CFGXZAUJIGCQSD-UHFFFAOYSA-N,CFGXZAUJIGCQSD-UHFFFAOYSA-N,formolecular/novo_horizonte/banco_mestre_unificado.csv,MASTER_UNIFIED,CFGXZAUJIGCQSD-UHFFFAOYSA-N,0,0,0,0,0,1
LEGACY-INCHIKEY-CFKXHOQGONLMOE-UHFFFAOYSA-N,CFKXHOQGONLMOE-UHFFFAOYSA-N,formolecular/novo_horizonte/banco_mestre_unificado.csv,MASTER_UNIFIED,CFKXHOQGONLMOE-UHFFFAOYSA-N,0,0,0,0,0,1
LEGACY-INCHIKEY-CFLDTPDQSSKAFD-UHFFFAOYSA-N,CFLDTPDQSSKAFD-UHFFFAOYSA-N,formolecular/novo_horizonte/banco_mestre_unificado.csv,MASTER_UNIFIED,CFLDTPDQSSKAFD-UHFFFAOYSA-N,0,0,0,0,0,1
LEGACY-INCHIKEY-CFSUJIUMQCSDLQ-UHFFFAOYSA-N,CFSUJIUMQCSDLQ-UHFFFAOYSA-N,formolecular/novo_horizonte/banco_mestre_unificado.csv,MASTER_UNIFIED,CFSUJIUMQCSDLQ-UHFFFAOYSA-N,0,0,0,0,0,1
LEGACY-INCHIKEY-CGBBNSQISWNLBB-UHFFFAOYSA-N,CGBBNSQISWNLBB-UHFFFAOYSA-N,formolecular/novo_horizonte/banco_mestre_unificado.csv,MASTER_UNIFIED,CGBBNSQISWNLBB-UHFFFAOYSA-N,0,0,0,0,0,1
LEGACY-INCHIKEY-CGGTZJLTVDTDTG-UHFFFAOYSA-N,CGGTZJLTVDTDTG-UHFFFAOYSA-N,formolecular/novo_horizonte/banco_mestre_unificado.csv,MASTER_UNIFIED,CGGTZJLTVDTDTG-UHFFFAOYSA-N,0,0,0,0,0,1
LEGACY-INCHIKEY-CGIGDMFJXJATDK-UHFFFAOYSA-N,CGIGDMFJXJATDK-UHFFFAOYSA-N,Biolab/matriz_compostos_filtrados.csv,BIOLAB_FILTERED,CGIGDMFJXJATDK-UHFFFAOYSA-N,1,0,0,0,0,0
LEGACY-INCHIKEY-CGIKYEWSDLJMHC-UHFFFAOYSA-N,CGIKYEWSDLJMHC-UHFFFAOYSA-N,formolecular/novo_horizonte/banco_mestre_unificado.csv,MASTER_UNIFIED,CGIKYEWSDLJMHC-UHFFFAOYSA-N,0,0,0,0,0,1
LEGACY-INCHIKEY-CGKANBDPCWBNRK-UHFFFAOYSA-N,CGKANBDPCWBNRK-UHFFFAOYSA-N,formolecular/novo_horizonte/banco_mestre_unificado.csv,MASTER_UNIFIED,CGKANBDPCWBNRK-UHFFFAOYSA-N,0,0,0,0,0,1
LEGACY-INCHIKEY-CGYGISNCBVDNAX-UHFFFAOYSA-N,CGYGISNCBVDNAX-UHFFFAOYSA-N,formolecular/novo_horizonte/top10_validado_4EY7.csv,NH_VALIDATED_4EY7;NH_ISOLATED;MASTER_UNIFIED,CGYGISNCBVDNAX-UHFFFAOYSA-N,0,0,0,1,1,1
LEGACY-INCHIKEY-CHFGTJUULYUDFX-UHFFFAOYSA-N,CHFGTJUULYUDFX-UHFFFAOYSA-N,formolecular/novo_horizonte/banco_mestre_unificado.csv,MASTER_UNIFIED,CHFGTJUULYUDFX-UHFFFAOYSA-N,0,0,0,0,0,1
LEGACY-INCHIKEY-CHGGCADAASSPSU-UHFFFAOYSA-N,CHGGCADAASSPSU-UHFFFAOYSA-N,formolecular/novo_horizonte/banco_mestre_unificado.csv,MASTER_UNIFIED,CHGGCADAASSPSU-UHFFFAOYSA-N,0,0,0,0,0,1
LEGACY-INCHIKEY-CHKMFPQQTWSZIP-UHFFFAOYSA-N,CHKMFPQQTWSZIP-UHFFFAOYSA-N,formolecular/novo_horizonte/banco_mestre_unificado.csv,MASTER_UNIFIED,CHKMFPQQTWSZIP-UHFFFAOYSA-N,0,0,0,0,0,1
LEGACY-INCHIKEY-CHTKFQHZCFYMJY-UHFFFAOYSA-N,CHTKFQHZCFYMJY-UHFFFAOYSA-N,formolecular/novo_horizonte/banco_mestre_unificado.csv,MASTER_UNIFIED,CHTKFQHZCFYMJY-UHFFFAOYSA-N,0,0,0,0,0,1
LEGACY-INCHIKEY-CHTRMTXVXIXGIP-UHFFFAOYSA-N,CHTRMTXVXIXGIP-UHFFFAOYSA-N,formolecular/novo_horizonte/banco_mestre_unificado.csv,MASTER_UNIFIED,CHTRMTXVXIXGIP-UHFFFAOYSA-N,0,0,0,0,0,1
LEGACY-INCHIKEY-CHULRPJEQIQUGO-UHFFFAOYSA-N,CHULRPJEQIQUGO-UHFFFAOYSA-N,formolecular/novo_horizonte/banco_mestre_unificado.csv,MASTER_UNIFIED,CHULRPJEQIQUGO-UHFFFAOYSA-N,0,0,0,0,0,1
LEGACY-INCHIKEY-CIBINRRVPCEGJR-UHFFFAOYSA-N,CIBINRRVPCEGJR-UHFFFAOYSA-N,formolecular/novo_horizonte/banco_mestre_unificado.csv,MASTER_UNIFIED,CIBINRRVPCEGJR-UHFFFAOYSA-N,0,0,0,0,0,1
LEGACY-INCHIKEY-CIJXUZZYINHFCA-UHFFFAOYSA-N,CIJXUZZYINHFCA-UHFFFAOYSA-N,formolecular/novo_horizonte/banco_mestre_unificado.csv,MASTER_UNIFIED,CIJXUZZYINHFCA-UHFFFAOYSA-N,0,0,0,0,0,1
LEGACY-INCHIKEY-CIVZFLSLTUBNIQ-UHFFFAOYSA-N,CIVZFLSLTUBNIQ-UHFFFAOYSA-N,formolecular/novo_horizonte/banco_mestre_unificado.csv,MASTER_UNIFIED,CIVZFLSLTUBNIQ-UHFFFAOYSA-N,0,0,0,0,0,1
LEGACY-INCHIKEY-CJAWFGSBSUHZQD-UHFFFAOYSA-N,CJAWFGSBSUHZQD-UHFFFAOYSA-N,formolecular/novo_horizonte/banco_mestre_unificado.csv,MASTER_UNIFIED,CJAWFGSBSUHZQD-UHFFFAOYSA-N,0,0,0,0,0,1
LEGACY-INCHIKEY-CJCOXZZDFUGRPB-UHFFFAOYSA-N,CJCOXZZDFUGRPB-UHFFFAOYSA-N,formolecular/novo_horizonte/banco_mestre_unificado.csv,MASTER_UNIFIED,CJCOXZZDFUGRPB-UHFFFAOYSA-N,0,0,0,0,0,1
LEGACY-INCHIKEY-CJFPFBYGSGTSMD-UHFFFAOYSA-N,CJFPFBYGSGTSMD-UHFFFAOYSA-N,formolecular/novo_horizonte/banco_mestre_unificado.csv,MASTER_UNIFIED,CJFPFBYGSGTSMD-UHFFFAOYSA-N,0,0,0,0,0,1
LEGACY-INCHIKEY-CJJLQTZYFUXOFT-UHFFFAOYSA-N,CJJLQTZYFUXOFT-UHFFFAOYSA-N,formolecular/novo_horizonte/banco_mestre_unificado.csv,MASTER_UNIFIED,CJJLQTZYFUXOFT-UHFFFAOYSA-N,0,0,0,0,0,1
LEGACY-INCHIKEY-CJSMUDNTBQNFQJ-UHFFFAOYSA-N,CJSMUDNTBQNFQJ-UHFFFAOYSA-N,formolecular/novo_horizonte/banco_mestre_unificado.csv,MASTER_UNIFIED,CJSMUDNTBQNFQJ-UHFFFAOYSA-N,0,0,0,0,0,1
LEGACY-INCHIKEY-CJTXKOUNIYSLSB-UHFFFAOYSA-N,CJTXKOUNIYSLSB-UHFFFAOYSA-N,formolecular/novo_horizonte/banco_mestre_unificado.csv,MASTER_UNIFIED,CJTXKOUNIYSLSB-UHFFFAOYSA-N,0,0,0,0,0,1
LEGACY-INCHIKEY-CJXWRAHYUNQSJT-UHFFFAOYSA-N,CJXWRAHYUNQSJT-UHFFFAOYSA-N,formolecular/novo_horizonte/banco_mestre_unificado.csv,MASTER_UNIFIED,CJXWRAHYUNQSJT-UHFFFAOYSA-N,0,0,0,0,0,1
LEGACY-INCHIKEY-CKIOPPLUXRURMM-UHFFFAOYSA-N,CKIOPPLUXRURMM-UHFFFAOYSA-N,formolecular/novo_horizonte/banco_mestre_unificado.csv,MASTER_UNIFIED,CKIOPPLUXRURMM-UHFFFAOYSA-N,0,0,0,0,0,1
LEGACY-INCHIKEY-CKMGXHUQXQYILZ-UHFFFAOYSA-N,CKMGXHUQXQYILZ-UHFFFAOYSA-N,formolecular/novo_horizonte/banco_mestre_unificado.csv,MASTER_UNIFIED,CKMGXHUQXQYILZ-UHFFFAOYSA-N,0,0,0,0,0,1
LEGACY-INCHIKEY-CKMKAVKORKIPSR-UHFFFAOYSA-N,CKMKAVKORKIPSR-UHFFFAOYSA-N,formolecular/novo_horizonte/banco_mestre_unificado.csv,MASTER_UNIFIED,CKMKAVKORKIPSR-UHFFFAOYSA-N,0,0,0,0,0,1
LEGACY-INCHIKEY-CKQYWHUXDWIDDD-UHFFFAOYSA-N,CKQYWHUXDWIDDD-UHFFFAOYSA-N,formolecular/novo_horizonte/banco_mestre_unificado.csv,MASTER_UNIFIED,CKQYWHUXDWIDDD-UHFFFAOYSA-N,0,0,0,0,0,1
LEGACY-INCHIKEY-CKSDEWYRTWKSBE-UHFFFAOYSA-N,CKSDEWYRTWKSBE-UHFFFAOYSA-N,formolecular/novo_horizonte/banco_mestre_unificado.csv,MASTER_UNIFIED,CKSDEWYRTWKSBE-UHFFFAOYSA-N,0,0,0,0,0,1
LEGACY-INCHIKEY-CLBJEGCAMBUPQH-UHFFFAOYSA-N,CLBJEGCAMBUPQH-UHFFFAOYSA-N,formolecular/novo_horizonte/banco_mestre_unificado.csv,MASTER_UNIFIED,CLBJEGCAMBUPQH-UHFFFAOYSA-N,0,0,0,0,0,1
LEGACY-INCHIKEY-CLDPEHRGDPPERY-UHFFFAOYSA-N,CLDPEHRGDPPERY-UHFFFAOYSA-N,formolecular/novo_horizonte/banco_mestre_unificado.csv,MASTER_UNIFIED,CLDPEHRGDPPERY-UHFFFAOYSA-N,0,0,0,0,0,1
LEGACY-INCHIKEY-CLEKZUZUVWKFIT-UHFFFAOYSA-N,CLEKZUZUVWKFIT-UHFFFAOYSA-N,formolecular/novo_horizonte/banco_mestre_unificado.csv,MASTER_UNIFIED,CLEKZUZUVWKFIT-UHFFFAOYSA-N,0,0,0,0,0,1
LEGACY-INCHIKEY-CLGDAGZQURBSBQ-UHFFFAOYSA-N,CLGDAGZQURBSBQ-UHFFFAOYSA-N,formolecular/novo_horizonte/banco_mestre_unificado.csv,MASTER_UNIFIED,CLGDAGZQURBSBQ-UHFFFAOYSA-N,0,0,0,0,0,1
LEGACY-INCHIKEY-CLMJHTQKAWZPLZ-UHFFFAOYSA-N,CLMJHTQKAWZPLZ-UHFFFAOYSA-N,formolecular/novo_horizonte/banco_mestre_unificado.csv,MASTER_UNIFIED,CLMJHTQKAWZPLZ-UHFFFAOYSA-N,0,0,0,0,0,1
LEGACY-INCHIKEY-CLOFUADJULCXAP-UHFFFAOYSA-N,CLOFUADJULCXAP-UHFFFAOYSA-N,formolecular/novo_horizonte/banco_mestre_unificado.csv,MASTER_UNIFIED,CLOFUADJULCXAP-UHFFFAOYSA-N,0,0,0,0,0,1
LEGACY-INCHIKEY-CLPVBKRHWPWLJH-UHFFFAOYSA-N,CLPVBKRHWPWLJH-UHFFFAOYSA-N,formolecular/novo_horizonte/banco_mestre_unificado.csv,MASTER_UNIFIED,CLPVBKRHWPWLJH-UHFFFAOYSA-N,0,0,0,0,0,1
LEGACY-INCHIKEY-CLRSRECKOATKDH-UHFFFAOYSA-N,CLRSRECKOATKDH-UHFFFAOYSA-N,formolecular/novo_horizonte/banco_mestre_unificado.csv,MASTER_UNIFIED,CLRSRECKOATKDH-UHFFFAOYSA-N,0,0,0,0,0,1
LEGACY-INCHIKEY-CLRZIAHMSLMSLW-UHFFFAOYSA-N,CLRZIAHMSLMSLW-UHFFFAOYSA-N,formolecular/novo_horizonte/banco_mestre_unificado.csv,MASTER_UNIFIED,CLRZIAHMSLMSLW-UHFFFAOYSA-N,0,0,0,0,0,1
LEGACY-INCHIKEY-CLWXVYUPLAJHQR-UHFFFAOYSA-N,CLWXVYUPLAJHQR-UHFFFAOYSA-N,formolecular/novo_horizonte/banco_mestre_unificado.csv,MASTER_UNIFIED,CLWXVYUPLAJHQR-UHFFFAOYSA-N,0,0,0,0,0,1
LEGACY-INCHIKEY-CLXURUOCNRRYMB-UHFFFAOYSA-N,CLXURUOCNRRYMB-UHFFFAOYSA-N,formolecular/novo_horizonte/banco_mestre_unificado.csv,MASTER_UNIFIED,CLXURUOCNRRYMB-UHFFFAOYSA-N,0,0,0,0,0,1
LEGACY-INCHIKEY-CLYIMCWWTGCLRN-UHFFFAOYSA-N,CLYIMCWWTGCLRN-UHFFFAOYSA-N,formolecular/novo_horizonte/banco_mestre_unificado.csv,MASTER_UNIFIED,CLYIMCWWTGCLRN-UHFFFAOYSA-N,0,0,0,0,0,1
LEGACY-INCHIKEY-CMFICHMAAQRCTM-UHFFFAOYSA-N,CMFICHMAAQRCTM-UHFFFAOYSA-N,formolecular/novo_horizonte/banco_mestre_unificado.csv,MASTER_UNIFIED,CMFICHMAAQRCTM-UHFFFAOYSA-N,0,0,0,0,0,1
LEGACY-INCHIKEY-CMGIDMVWFOADDW-UHFFFAOYSA-N,CMGIDMVWFOADDW-UHFFFAOYSA-N,formolecular/novo_horizonte/banco_mestre_unificado.csv,MASTER_UNIFIED,CMGIDMVWFOADDW-UHFFFAOYSA-N,0,0,0,0,0,1
LEGACY-INCHIKEY-CMPANQFBVJVIPU-UHFFFAOYSA-N,CMPANQFBVJVIPU-UHFFFAOYSA-N,formolecular/novo_horizonte/banco_mestre_unificado.csv,MASTER_UNIFIED,CMPANQFBVJVIPU-UHFFFAOYSA-N,0,0,0,0,0,1
LEGACY-INCHIKEY-CMQSESPNOPNSAR-UHFFFAOYSA-N,CMQSESPNOPNSAR-UHFFFAOYSA-N,formolecular/novo_horizonte/banco_mestre_unificado.csv,MASTER_UNIFIED,CMQSESPNOPNSAR-UHFFFAOYSA-N,0,0,0,0,0,1
LEGACY-INCHIKEY-CMTDEDWBCOPLDH-UHFFFAOYSA-N,CMTDEDWBCOPLDH-UHFFFAOYSA-N,formolecular/novo_horizonte/banco_mestre_unificado.csv,MASTER_UNIFIED,CMTDEDWBCOPLDH-UHFFFAOYSA-N,0,0,0,0,0,1
LEGACY-INCHIKEY-CMTMLMJSTWIWTP-UHFFFAOYSA-N,CMTMLMJSTWIWTP-UHFFFAOYSA-N,formolecular/novo_horizonte/banco_mestre_unificado.csv,MASTER_UNIFIED,CMTMLMJSTWIWTP-UHFFFAOYSA-N,0,0,0,0,0,1
LEGACY-INCHIKEY-CNDBNHCGAHUKGG-UHFFFAOYSA-N,CNDBNHCGAHUKGG-UHFFFAOYSA-N,formolecular/novo_horizonte/banco_mestre_unificado.csv,MASTER_UNIFIED,CNDBNHCGAHUKGG-UHFFFAOYSA-N,0,0,0,0,0,1
LEGACY-INCHIKEY-CNHOSOAAOQBPKA-UHFFFAOYSA-N,CNHOSOAAOQBPKA-UHFFFAOYSA-N,formolecular/novo_horizonte/banco_mestre_unificado.csv,MASTER_UNIFIED,CNHOSOAAOQBPKA-UHFFFAOYSA-N,0,0,0,0,0,1
LEGACY-INCHIKEY-CNUYGKOMIWHGJZ-UHFFFAOYSA-N,CNUYGKOMIWHGJZ-UHFFFAOYSA-N,formolecular/novo_horizonte/banco_mestre_unificado.csv,MASTER_UNIFIED,CNUYGKOMIWHGJZ-UHFFFAOYSA-N,0,0,0,0,0,1
LEGACY-INCHIKEY-CNVVKHHHRYGNIK-UHFFFAOYSA-N,CNVVKHHHRYGNIK-UHFFFAOYSA-N,formolecular/novo_horizonte/banco_mestre_unificado.csv,MASTER_UNIFIED,CNVVKHHHRYGNIK-UHFFFAOYSA-N,0,0,0,0,0,1
LEGACY-INCHIKEY-CNVVLNDBMUZQJN-UHFFFAOYSA-N,CNVVLNDBMUZQJN-UHFFFAOYSA-N,formolecular/novo_horizonte/banco_mestre_unificado.csv,MASTER_UNIFIED,CNVVLNDBMUZQJN-UHFFFAOYSA-N,0,0,0,0,0,1
LEGACY-INCHIKEY-CNWAJFTXUHCJCX-UHFFFAOYSA-N,CNWAJFTXUHCJCX-UHFFFAOYSA-N,formolecular/novo_horizonte/banco_mestre_unificado.csv,MASTER_UNIFIED,CNWAJFTXUHCJCX-UHFFFAOYSA-N,0,0,0,0,0,1
LEGACY-INCHIKEY-CNWVURUAHRUKNL-UHFFFAOYSA-N,CNWVURUAHRUKNL-UHFFFAOYSA-N,formolecular/novo_horizonte/banco_mestre_unificado.csv,MASTER_UNIFIED,CNWVURUAHRUKNL-UHFFFAOYSA-N,0,0,0,0,0,1
LEGACY-INCHIKEY-COBYVHYUIAETNL-UHFFFAOYSA-N,COBYVHYUIAETNL-UHFFFAOYSA-N,formolecular/novo_horizonte/banco_mestre_unificado.csv,MASTER_UNIFIED,COBYVHYUIAETNL-UHFFFAOYSA-N,0,0,0,0,0,1
LEGACY-INCHIKEY-COHGJEYKYUPCPF-UHFFFAOYSA-N,COHGJEYKYUPCPF-UHFFFAOYSA-N,formolecular/novo_horizonte/banco_mestre_unificado.csv,MASTER_UNIFIED,COHGJEYKYUPCPF-UHFFFAOYSA-N,0,0,0,0,0,1
LEGACY-INCHIKEY-COKCBMHDJYMTDZ-UHFFFAOYSA-N,COKCBMHDJYMTDZ-UHFFFAOYSA-N,formolecular/novo_horizonte/banco_mestre_unificado.csv,MASTER_UNIFIED,COKCBMHDJYMTDZ-UHFFFAOYSA-N,0,0,0,0,0,1
LEGACY-INCHIKEY-COOSHQNBUZHDOC-UHFFFAOYSA-N,COOSHQNBUZHDOC-UHFFFAOYSA-N,formolecular/novo_horizonte/banco_mestre_unificado.csv,MASTER_UNIFIED,COOSHQNBUZHDOC-UHFFFAOYSA-N,0,0,0,0,0,1
LEGACY-INCHIKEY-CPKXZVNILJKHFS-UHFFFAOYSA-N,CPKXZVNILJKHFS-UHFFFAOYSA-N,formolecular/novo_horizonte/banco_mestre_unificado.csv,MASTER_UNIFIED,CPKXZVNILJKHFS-UHFFFAOYSA-N,0,0,0,0,0,1
LEGACY-INCHIKEY-CPVTXZDTCQQLAO-UHFFFAOYSA-N,CPVTXZDTCQQLAO-UHFFFAOYSA-N,formolecular/novo_horizonte/banco_mestre_unificado.csv,MASTER_UNIFIED,CPVTXZDTCQQLAO-UHFFFAOYSA-N,0,0,0,0,0,1
LEGACY-INCHIKEY-CPWPYNJSBGDUAL-UHFFFAOYSA-N,CPWPYNJSBGDUAL-UHFFFAOYSA-N,formolecular/novo_horizonte/banco_mestre_unificado.csv,MASTER_UNIFIED,CPWPYNJSBGDUAL-UHFFFAOYSA-N,0,0,0,0,0,1
LEGACY-INCHIKEY-CPXAILPELCHZDR-UHFFFAOYSA-N,CPXAILPELCHZDR-UHFFFAOYSA-N,formolecular/novo_horizonte/banco_mestre_unificado.csv,MASTER_UNIFIED,CPXAILPELCHZDR-UHFFFAOYSA-N,0,0,0,0,0,1
LEGACY-INCHIKEY-CQDYNTPRCXBAON-UHFFFAOYSA-N,CQDYNTPRCXBAON-UHFFFAOYSA-N,formolecular/novo_horizonte/banco_mestre_unificado.csv,MASTER_UNIFIED,CQDYNTPRCXBAON-UHFFFAOYSA-N,0,0,0,0,0,1
LEGACY-INCHIKEY-CQLVZELSWNXOCY-UHFFFAOYSA-N,CQLVZELSWNXOCY-UHFFFAOYSA-N,formolecular/novo_horizonte/banco_mestre_unificado.csv,MASTER_UNIFIED,CQLVZELSWNXOCY-UHFFFAOYSA-N,0,0,0,0,0,1
LEGACY-INCHIKEY-CQLZGGVANIVCEJ-UHFFFAOYSA-N,CQLZGGVANIVCEJ-UHFFFAOYSA-N,formolecular/novo_horizonte/banco_mestre_unificado.csv,MASTER_UNIFIED,CQLZGGVANIVCEJ-UHFFFAOYSA-N,0,0,0,0,0,1
LEGACY-INCHIKEY-CQMJICUCBMTHIV-UHFFFAOYSA-N,CQMJICUCBMTHIV-UHFFFAOYSA-N,formolecular/novo_horizonte/banco_mestre_unificado.csv,MASTER_UNIFIED,CQMJICUCBMTHIV-UHFFFAOYSA-N,0,0,0,0,0,1
LEGACY-INCHIKEY-CQRXDINIADKJGL-UHFFFAOYSA-N,CQRXDINIADKJGL-UHFFFAOYSA-N,formolecular/novo_horizonte/banco_mestre_unificado.csv,MASTER_UNIFIED,CQRXDINIADKJGL-UHFFFAOYSA-N,0,0,0,0,0,1
LEGACY-INCHIKEY-CQSSQQNGUZKKAU-UHFFFAOYSA-N,CQSSQQNGUZKKAU-UHFFFAOYSA-N,formolecular/novo_horizonte/banco_mestre_unificado.csv,MASTER_UNIFIED,CQSSQQNGUZKKAU-UHFFFAOYSA-N,0,0,0,0,0,1
LEGACY-INCHIKEY-CQVSILFISUPRNR-UHFFFAOYSA-N,CQVSILFISUPRNR-UHFFFAOYSA-N,formolecular/novo_horizonte/banco_mestre_unificado.csv,MASTER_UNIFIED,CQVSILFISUPRNR-UHFFFAOYSA-N,0,0,0,0,0,1
LEGACY-INCHIKEY-CQWKCXGBHUWJAA-UHFFFAOYSA-N,CQWKCXGBHUWJAA-UHFFFAOYSA-N,formolecular/novo_horizonte/banco_mestre_unificado.csv,MASTER_UNIFIED,CQWKCXGBHUWJAA-UHFFFAOYSA-N,0,0,0,0,0,1
LEGACY-INCHIKEY-CRRRXKRVKIFJJM-UHFFFAOYSA-N,CRRRXKRVKIFJJM-UHFFFAOYSA-N,formolecular/novo_horizonte/banco_mestre_unificado.csv,MASTER_UNIFIED,CRRRXKRVKIFJJM-UHFFFAOYSA-N,0,0,0,0,0,1
LEGACY-INCHIKEY-CSBVYTVEYZOUMW-UHFFFAOYSA-N,CSBVYTVEYZOUMW-UHFFFAOYSA-N,formolecular/novo_horizonte/banco_mestre_unificado.csv,MASTER_UNIFIED,CSBVYTVEYZOUMW-UHFFFAOYSA-N,0,0,0,0,0,1
LEGACY-INCHIKEY-CSRGLSIYKBIXGF-UHFFFAOYSA-N,CSRGLSIYKBIXGF-UHFFFAOYSA-N,formolecular/novo_horizonte/banco_mestre_unificado.csv,MASTER_UNIFIED,CSRGLSIYKBIXGF-UHFFFAOYSA-N,0,0,0,0,0,1
LEGACY-INCHIKEY-CSXDMOQDLOIJRZ-UHFFFAOYSA-N,CSXDMOQDLOIJRZ-UHFFFAOYSA-N,formolecular/novo_horizonte/banco_mestre_unificado.csv,MASTER_UNIFIED,CSXDMOQDLOIJRZ-UHFFFAOYSA-N,0,0,0,0,0,1
LEGACY-INCHIKEY-CTDQKDWDAHYDTN-UHFFFAOYSA-N,CTDQKDWDAHYDTN-UHFFFAOYSA-N,formolecular/novo_horizonte/banco_mestre_unificado.csv,MASTER_UNIFIED,CTDQKDWDAHYDTN-UHFFFAOYSA-N,0,0,0,0,0,1
LEGACY-INCHIKEY-CTJNSUOHTQCSKU-UHFFFAOYSA-N,CTJNSUOHTQCSKU-UHFFFAOYSA-N,formolecular/novo_horizonte/banco_mestre_unificado.csv,MASTER_UNIFIED,CTJNSUOHTQCSKU-UHFFFAOYSA-N,0,0,0,0,0,1
LEGACY-INCHIKEY-CTSJDCDBRJEPCR-UHFFFAOYSA-N,CTSJDCDBRJEPCR-UHFFFAOYSA-N,formolecular/novo_horizonte/banco_mestre_unificado.csv,MASTER_UNIFIED,CTSJDCDBRJEPCR-UHFFFAOYSA-N,0,0,0,0,0,1
LEGACY-INCHIKEY-CTSUJFAPQWIMJQ-UHFFFAOYSA-N,CTSUJFAPQWIMJQ-UHFFFAOYSA-N,formolecular/novo_horizonte/banco_mestre_unificado.csv,MASTER_UNIFIED,CTSUJFAPQWIMJQ-UHFFFAOYSA-N,0,0,0,0,0,1
LEGACY-INCHIKEY-CUIJOGVZVMRGFI-UHFFFAOYSA-N,CUIJOGVZVMRGFI-UHFFFAOYSA-N,formolecular/novo_horizonte/banco_mestre_unificado.csv,MASTER_UNIFIED,CUIJOGVZVMRGFI-UHFFFAOYSA-N,0,0,0,0,0,1
LEGACY-INCHIKEY-CUJRRLBYSPGFLY-UHFFFAOYSA-N,CUJRRLBYSPGFLY-UHFFFAOYSA-N,formolecular/novo_horizonte/banco_mestre_unificado.csv,MASTER_UNIFIED,CUJRRLBYSPGFLY-UHFFFAOYSA-N,0,0,0,0,0,1
LEGACY-INCHIKEY-CULCEWURFYNBSC-UHFFFAOYSA-N,CULCEWURFYNBSC-UHFFFAOYSA-N,formolecular/novo_horizonte/banco_mestre_unificado.csv,MASTER_UNIFIED,CULCEWURFYNBSC-UHFFFAOYSA-N,0,0,0,0,0,1
LEGACY-INCHIKEY-CUNNUAGTWWOELZ-UHFFFAOYSA-N,CUNNUAGTWWOELZ-UHFFFAOYSA-N,formolecular/novo_horizonte/banco_mestre_unificado.csv,MASTER_UNIFIED,CUNNUAGTWWOELZ-UHFFFAOYSA-N,0,0,0,0,0,1
LEGACY-INCHIKEY-CUOSROYBYGPVHC-UHFFFAOYSA-N,CUOSROYBYGPVHC-UHFFFAOYSA-N,formolecular/novo_horizonte/banco_mestre_unificado.csv,MASTER_UNIFIED,CUOSROYBYGPVHC-UHFFFAOYSA-N,0,0,0,0,0,1
LEGACY-INCHIKEY-CUVGZMRBFPRMQU-UHFFFAOYSA-N,CUVGZMRBFPRMQU-UHFFFAOYSA-N,formolecular/novo_horizonte/banco_mestre_unificado.csv,MASTER_UNIFIED,CUVGZMRBFPRMQU-UHFFFAOYSA-N,0,0,0,0,0,1
LEGACY-INCHIKEY-CUXOYRWWLHYUSX-UHFFFAOYSA-N,CUXOYRWWLHYUSX-UHFFFAOYSA-N,formolecular/novo_horizonte/banco_mestre_unificado.csv,MASTER_UNIFIED,CUXOYRWWLHYUSX-UHFFFAOYSA-N,0,0,0,0,0,1
LEGACY-INCHIKEY-CUXXWBAUQQMQIH-UHFFFAOYSA-N,CUXXWBAUQQMQIH-UHFFFAOYSA-N,formolecular/novo_horizonte/banco_mestre_unificado.csv,MASTER_UNIFIED,CUXXWBAUQQMQIH-UHFFFAOYSA-N,0,0,0,0,0,1
LEGACY-INCHIKEY-CUZJZPRAMOHTPQ-UHFFFAOYSA-N,CUZJZPRAMOHTPQ-UHFFFAOYSA-N,formolecular/novo_horizonte/banco_mestre_unificado.csv,MASTER_UNIFIED,CUZJZPRAMOHTPQ-UHFFFAOYSA-N,0,0,0,0,0,1
LEGACY-INCHIKEY-CVDHFVQVXCESOK-UHFFFAOYSA-N,CVDHFVQVXCESOK-UHFFFAOYSA-N,formolecular/novo_horizonte/banco_mestre_unificado.csv,MASTER_UNIFIED,CVDHFVQVXCESOK-UHFFFAOYSA-N,0,0,0,0,0,1
LEGACY-INCHIKEY-CVHZLGWOQUMJBN-UHFFFAOYSA-N,CVHZLGWOQUMJBN-UHFFFAOYSA-N,formolecular/novo_horizonte/banco_mestre_unificado.csv,MASTER_UNIFIED,CVHZLGWOQUMJBN-UHFFFAOYSA-N,0,0,0,0,0,1
LEGACY-INCHIKEY-CVPGHJASTXPOTC-UHFFFAOYSA-N,CVPGHJASTXPOTC-UHFFFAOYSA-N,formolecular/novo_horizonte/banco_mestre_unificado.csv,MASTER_UNIFIED,CVPGHJASTXPOTC-UHFFFAOYSA-N,0,0,0,0,0,1
LEGACY-INCHIKEY-CVUXMVGTSPGHBW-UHFFFAOYSA-N,CVUXMVGTSPGHBW-UHFFFAOYSA-N,formolecular/novo_horizonte/banco_mestre_unificado.csv,MASTER_UNIFIED,CVUXMVGTSPGHBW-UHFFFAOYSA-N,0,0,0,0,0,1
LEGACY-INCHIKEY-CVYGXYBJBQTRBQ-UHFFFAOYSA-N,CVYGXYBJBQTRBQ-UHFFFAOYSA-N,formolecular/novo_horizonte/banco_mestre_unificado.csv,MASTER_UNIFIED,CVYGXYBJBQTRBQ-UHFFFAOYSA-N,0,0,0,0,0,1
LEGACY-INCHIKEY-CWBHVRKDQDUULJ-UHFFFAOYSA-N,CWBHVRKDQDUULJ-UHFFFAOYSA-N,formolecular/csv_elite_farma/RANKING_FARMACOS_ELITE_ADMET.csv,FARMA_ELITE,CWBHVRKDQDUULJ-UHFFFAOYSA-N,0,1,0,0,0,0
LEGACY-INCHIKEY-CWGJDZKRJYTUBA-UHFFFAOYSA-N,CWGJDZKRJYTUBA-UHFFFAOYSA-N,formolecular/novo_horizonte/banco_mestre_unificado.csv,MASTER_UNIFIED,CWGJDZKRJYTUBA-UHFFFAOYSA-N,0,0,0,0,0,1
LEGACY-INCHIKEY-CWIVVHFCFKKFMQ-UHFFFAOYSA-N,CWIVVHFCFKKFMQ-UHFFFAOYSA-N,formolecular/novo_horizonte/banco_mestre_unificado.csv,MASTER_UNIFIED,CWIVVHFCFKKFMQ-UHFFFAOYSA-N,0,0,0,0,0,1
LEGACY-INCHIKEY-CWJSGTLMOZKHNB-UHFFFAOYSA-N,CWJSGTLMOZKHNB-UHFFFAOYSA-N,formolecular/novo_horizonte/banco_mestre_unificado.csv,MASTER_UNIFIED,CWJSGTLMOZKHNB-UHFFFAOYSA-N,0,0,0,0,0,1
LEGACY-INCHIKEY-CWUROESUPQINNY-UHFFFAOYSA-N,CWUROESUPQINNY-UHFFFAOYSA-N,formolecular/novo_horizonte/banco_mestre_unificado.csv,MASTER_UNIFIED,CWUROESUPQINNY-UHFFFAOYSA-N,0,0,0,0,0,1
LEGACY-INCHIKEY-CWXSGVDYLIFDSA-UHFFFAOYSA-N,CWXSGVDYLIFDSA-UHFFFAOYSA-N,formolecular/novo_horizonte/banco_mestre_unificado.csv,MASTER_UNIFIED,CWXSGVDYLIFDSA-UHFFFAOYSA-N,0,0,0,0,0,1
LEGACY-INCHIKEY-CXBOPEAQIOOYAU-UHFFFAOYSA-N,CXBOPEAQIOOYAU-UHFFFAOYSA-N,formolecular/novo_horizonte/banco_mestre_unificado.csv,MASTER_UNIFIED,CXBOPEAQIOOYAU-UHFFFAOYSA-N,0,0,0,0,0,1
LEGACY-INCHIKEY-CXFMJTGZYFZVRN-UHFFFAOYSA-N,CXFMJTGZYFZVRN-UHFFFAOYSA-N,formolecular/novo_horizonte/banco_mestre_unificado.csv,MASTER_UNIFIED,CXFMJTGZYFZVRN-UHFFFAOYSA-N,0,0,0,0,0,1
LEGACY-INCHIKEY-CXNSKIKYGRTQSQ-UHFFFAOYSA-N,CXNSKIKYGRTQSQ-UHFFFAOYSA-N,formolecular/novo_horizonte/banco_mestre_unificado.csv,MASTER_UNIFIED,CXNSKIKYGRTQSQ-UHFFFAOYSA-N,0,0,0,0,0,1
LEGACY-INCHIKEY-CXOQGYXTYOTNFX-UHFFFAOYSA-N,CXOQGYXTYOTNFX-UHFFFAOYSA-N,formolecular/novo_horizonte/banco_mestre_unificado.csv,MASTER_UNIFIED,CXOQGYXTYOTNFX-UHFFFAOYSA-N,0,0,0,0,0,1
LEGACY-INCHIKEY-CXOTYDAMXTZBIN-UHFFFAOYSA-N,CXOTYDAMXTZBIN-UHFFFAOYSA-N,formolecular/novo_horizonte/banco_mestre_unificado.csv,MASTER_UNIFIED,CXOTYDAMXTZBIN-UHFFFAOYSA-N,0,0,0,0,0,1
LEGACY-INCHIKEY-CXRJFEZWLFVXBE-UHFFFAOYSA-N,CXRJFEZWLFVXBE-UHFFFAOYSA-N,formolecular/novo_horizonte/banco_mestre_unificado.csv,MASTER_UNIFIED,CXRJFEZWLFVXBE-UHFFFAOYSA-N,0,0,0,0,0,1
LEGACY-INCHIKEY-CXRMKVLNBRYEGO-UHFFFAOYSA-N,CXRMKVLNBRYEGO-UHFFFAOYSA-N,formolecular/novo_horizonte/banco_mestre_unificado.csv,MASTER_UNIFIED,CXRMKVLNBRYEGO-UHFFFAOYSA-N,0,0,0,0,0,1
LEGACY-INCHIKEY-CXTUJZGDBHTMEH-UHFFFAOYSA-N,CXTUJZGDBHTMEH-UHFFFAOYSA-N,formolecular/novo_horizonte/banco_mestre_unificado.csv,MASTER_UNIFIED,CXTUJZGDBHTMEH-UHFFFAOYSA-N,0,0,0,0,0,1
LEGACY-INCHIKEY-CXVSZEMAEWMQDY-UHFFFAOYSA-N,CXVSZEMAEWMQDY-UHFFFAOYSA-N,formolecular/novo_horizonte/banco_mestre_unificado.csv,MASTER_UNIFIED,CXVSZEMAEWMQDY-UHFFFAOYSA-N,0,0,0,0,0,1
LEGACY-INCHIKEY-CXWVKMYYEUSIFG-UHFFFAOYSA-N,CXWVKMYYEUSIFG-UHFFFAOYSA-N,formolecular/novo_horizonte/banco_mestre_unificado.csv,MASTER_UNIFIED,CXWVKMYYEUSIFG-UHFFFAOYSA-N,0,0,0,0,0,1
LEGACY-INCHIKEY-CYCFNPLNSWGUHI-UHFFFAOYSA-N,CYCFNPLNSWGUHI-UHFFFAOYSA-N,formolecular/novo_horizonte/banco_mestre_unificado.csv,MASTER_UNIFIED,CYCFNPLNSWGUHI-UHFFFAOYSA-N,0,0,0,0,0,1
LEGACY-INCHIKEY-CYRNLNCCQFXYBY-UHFFFAOYSA-N,CYRNLNCCQFXYBY-UHFFFAOYSA-N,formolecular/novo_horizonte/banco_mestre_unificado.csv,MASTER_UNIFIED,CYRNLNCCQFXYBY-UHFFFAOYSA-N,0,0,0,0,0,1
LEGACY-INCHIKEY-CYTPVCNXHHUCLA-UHFFFAOYSA-N,CYTPVCNXHHUCLA-UHFFFAOYSA-N,formolecular/novo_horizonte/banco_mestre_unificado.csv,MASTER_UNIFIED,CYTPVCNXHHUCLA-UHFFFAOYSA-N,0,0,0,0,0,1
LEGACY-INCHIKEY-CZHIJQIXLLRCLH-UHFFFAOYSA-N,CZHIJQIXLLRCLH-UHFFFAOYSA-N,formolecular/novo_horizonte/banco_mestre_unificado.csv,MASTER_UNIFIED,CZHIJQIXLLRCLH-UHFFFAOYSA-N,0,0,0,0,0,1
LEGACY-INCHIKEY-CZQOSXCDYCZLBF-UHFFFAOYSA-N,CZQOSXCDYCZLBF-UHFFFAOYSA-N,formolecular/novo_horizonte/banco_mestre_unificado.csv,MASTER_UNIFIED,CZQOSXCDYCZLBF-UHFFFAOYSA-N,0,0,0,0,0,1
LEGACY-INCHIKEY-CZRAXMRPGBQJNO-UHFFFAOYSA-N,CZRAXMRPGBQJNO-UHFFFAOYSA-N,formolecular/novo_horizonte/banco_mestre_unificado.csv,MASTER_UNIFIED,CZRAXMRPGBQJNO-UHFFFAOYSA-N,0,0,0,0,0,1
LEGACY-INCHIKEY-CZXGFBXDILLKKV-UHFFFAOYSA-N,CZXGFBXDILLKKV-UHFFFAOYSA-N,formolecular/csv_elite_farma/RANKING_FARMACOS_ELITE_ADMET.csv,FARMA_ELITE,CZXGFBXDILLKKV-UHFFFAOYSA-N,0,1,0,0,0,0
LEGACY-INCHIKEY-DADIOOOLFOALDJ-UHFFFAOYSA-N,DADIOOOLFOALDJ-UHFFFAOYSA-N,formolecular/novo_horizonte/banco_mestre_unificado.csv,MASTER_UNIFIED,DADIOOOLFOALDJ-UHFFFAOYSA-N,0,0,0,0,0,1
LEGACY-INCHIKEY-DARMPJBOEBCZLQ-UHFFFAOYSA-N,DARMPJBOEBCZLQ-UHFFFAOYSA-N,formolecular/novo_horizonte/banco_mestre_unificado.csv,MASTER_UNIFIED,DARMPJBOEBCZLQ-UHFFFAOYSA-N,0,0,0,0,0,1
LEGACY-INCHIKEY-DASRTVZDGYKCDU-UHFFFAOYSA-N,DASRTVZDGYKCDU-UHFFFAOYSA-N,formolecular/novo_horizonte/banco_mestre_unificado.csv,MASTER_UNIFIED,DASRTVZDGYKCDU-UHFFFAOYSA-N,0,0,0,0,0,1
LEGACY-INCHIKEY-DAUIFNQMJNQAOH-UHFFFAOYSA-N,DAUIFNQMJNQAOH-UHFFFAOYSA-N,formolecular/novo_horizonte/banco_mestre_unificado.csv,MASTER_UNIFIED,DAUIFNQMJNQAOH-UHFFFAOYSA-N,0,0,0,0,0,1
LEGACY-INCHIKEY-DAXXRBOTVCLWDH-UHFFFAOYSA-N,DAXXRBOTVCLWDH-UHFFFAOYSA-N,formolecular/novo_horizonte/banco_mestre_unificado.csv,MASTER_UNIFIED,DAXXRBOTVCLWDH-UHFFFAOYSA-N,0,0,0,0,0,1
LEGACY-INCHIKEY-DAYSIOCGKDUKSF-UHFFFAOYSA-N,DAYSIOCGKDUKSF-UHFFFAOYSA-N,formolecular/novo_horizonte/banco_mestre_unificado.csv,MASTER_UNIFIED,DAYSIOCGKDUKSF-UHFFFAOYSA-N,0,0,0,0,0,1
LEGACY-INCHIKEY-DBGQDYMJRDONRT-UHFFFAOYSA-N,DBGQDYMJRDONRT-UHFFFAOYSA-N,formolecular/novo_horizonte/banco_mestre_unificado.csv,MASTER_UNIFIED,DBGQDYMJRDONRT-UHFFFAOYSA-N,0,0,0,0,0,1
LEGACY-INCHIKEY-DBGZXJCBCAGZJX-UHFFFAOYSA-N,DBGZXJCBCAGZJX-UHFFFAOYSA-N,formolecular/novo_horizonte/banco_mestre_unificado.csv,MASTER_UNIFIED,DBGZXJCBCAGZJX-UHFFFAOYSA-N,0,0,0,0,0,1
LEGACY-INCHIKEY-DBKAFPGEIQXILB-UHFFFAOYSA-N,DBKAFPGEIQXILB-UHFFFAOYSA-N,formolecular/novo_horizonte/banco_mestre_unificado.csv,MASTER_UNIFIED,DBKAFPGEIQXILB-UHFFFAOYSA-N,0,0,0,0,0,1
LEGACY-INCHIKEY-DBLJODPKQCIPPF-UHFFFAOYSA-N,DBLJODPKQCIPPF-UHFFFAOYSA-N,formolecular/novo_horizonte/banco_mestre_unificado.csv,MASTER_UNIFIED,DBLJODPKQCIPPF-UHFFFAOYSA-N,0,0,0,0,0,1
LEGACY-INCHIKEY-DBRBTPBAMSRAEG-UHFFFAOYSA-N,DBRBTPBAMSRAEG-UHFFFAOYSA-N,formolecular/novo_horizonte/banco_mestre_unificado.csv,MASTER_UNIFIED,DBRBTPBAMSRAEG-UHFFFAOYSA-N,0,0,0,0,0,1
LEGACY-INCHIKEY-DBXZKIYVUWWMNY-UHFFFAOYSA-N,DBXZKIYVUWWMNY-UHFFFAOYSA-N,formolecular/novo_horizonte/banco_mestre_unificado.csv,MASTER_UNIFIED,DBXZKIYVUWWMNY-UHFFFAOYSA-N,0,0,0,0,0,1
LEGACY-INCHIKEY-DCCRJPOHTJZTEN-UHFFFAOYSA-N,DCCRJPOHTJZTEN-UHFFFAOYSA-N,formolecular/novo_horizonte/banco_mestre_unificado.csv,MASTER_UNIFIED,DCCRJPOHTJZTEN-UHFFFAOYSA-N,0,0,0,0,0,1
LEGACY-INCHIKEY-DCFHHDWMGRTYJZ-UHFFFAOYSA-N,DCFHHDWMGRTYJZ-UHFFFAOYSA-N,formolecular/novo_horizonte/banco_mestre_unificado.csv,MASTER_UNIFIED,DCFHHDWMGRTYJZ-UHFFFAOYSA-N,0,0,0,0,0,1
LEGACY-INCHIKEY-DCMATMVVYPKGLT-UHFFFAOYSA-N,DCMATMVVYPKGLT-UHFFFAOYSA-N,formolecular/novo_horizonte/banco_mestre_unificado.csv,MASTER_UNIFIED,DCMATMVVYPKGLT-UHFFFAOYSA-N,0,0,0,0,0,1
LEGACY-INCHIKEY-DCMFHLYJFXERQI-UHFFFAOYSA-N,DCMFHLYJFXERQI-UHFFFAOYSA-N,formolecular/novo_horizonte/banco_mestre_unificado.csv,MASTER_UNIFIED,DCMFHLYJFXERQI-UHFFFAOYSA-N,0,0,0,0,0,1
LEGACY-INCHIKEY-DCQJPVRIUXWXPI-UHFFFAOYSA-N,DCQJPVRIUXWXPI-UHFFFAOYSA-N,formolecular/novo_horizonte/banco_mestre_unificado.csv,MASTER_UNIFIED,DCQJPVRIUXWXPI-UHFFFAOYSA-N,0,0,0,0,0,1
LEGACY-INCHIKEY-DCRIUQHSYCHFDV-UHFFFAOYSA-N,DCRIUQHSYCHFDV-UHFFFAOYSA-N,formolecular/novo_horizonte/banco_mestre_unificado.csv,MASTER_UNIFIED,DCRIUQHSYCHFDV-UHFFFAOYSA-N,0,0,0,0,0,1
LEGACY-INCHIKEY-DCYZHFOEQPWCSH-UHFFFAOYSA-N,DCYZHFOEQPWCSH-UHFFFAOYSA-N,formolecular/novo_horizonte/banco_mestre_unificado.csv,MASTER_UNIFIED,DCYZHFOEQPWCSH-UHFFFAOYSA-N,0,0,0,0,0,1
LEGACY-INCHIKEY-DCZZIWYGTKEUGA-UHFFFAOYSA-N,DCZZIWYGTKEUGA-UHFFFAOYSA-N,formolecular/novo_horizonte/banco_mestre_unificado.csv,MASTER_UNIFIED,DCZZIWYGTKEUGA-UHFFFAOYSA-N,0,0,0,0,0,1
LEGACY-INCHIKEY-DDIMGSPIDJJNDX-UHFFFAOYSA-N,DDIMGSPIDJJNDX-UHFFFAOYSA-N,formolecular/novo_horizonte/banco_mestre_unificado.csv,MASTER_UNIFIED,DDIMGSPIDJJNDX-UHFFFAOYSA-N,0,0,0,0,0,1
LEGACY-INCHIKEY-DDIYVHBMQLEKIF-UHFFFAOYSA-N,DDIYVHBMQLEKIF-UHFFFAOYSA-N,formolecular/novo_horizonte/banco_mestre_unificado.csv,MASTER_UNIFIED,DDIYVHBMQLEKIF-UHFFFAOYSA-N,0,0,0,0,0,1
LEGACY-INCHIKEY-DDMVFVJXAMTAFB-UHFFFAOYSA-N,DDMVFVJXAMTAFB-UHFFFAOYSA-N,formolecular/novo_horizonte/banco_mestre_unificado.csv,MASTER_UNIFIED,DDMVFVJXAMTAFB-UHFFFAOYSA-N,0,0,0,0,0,1
LEGACY-INCHIKEY-DDNVSESZSVBXHE-UHFFFAOYSA-N,DDNVSESZSVBXHE-UHFFFAOYSA-N,formolecular/novo_horizonte/banco_mestre_unificado.csv,MASTER_UNIFIED,DDNVSESZSVBXHE-UHFFFAOYSA-N,0,0,0,0,0,1
LEGACY-INCHIKEY-DDZKTGFXPYUBKC-UHFFFAOYSA-N,DDZKTGFXPYUBKC-UHFFFAOYSA-N,formolecular/novo_horizonte/banco_mestre_unificado.csv,MASTER_UNIFIED,DDZKTGFXPYUBKC-UHFFFAOYSA-N,0,0,0,0,0,1
LEGACY-INCHIKEY-DEDSGBWXUPNQIN-UHFFFAOYSA-N,DEDSGBWXUPNQIN-UHFFFAOYSA-N,formolecular/novo_horizonte/banco_mestre_unificado.csv,MASTER_UNIFIED,DEDSGBWXUPNQIN-UHFFFAOYSA-N,0,0,0,0,0,1
LEGACY-INCHIKEY-DEDXSTWBUSSPJC-UHFFFAOYSA-N,DEDXSTWBUSSPJC-UHFFFAOYSA-N,formolecular/novo_horizonte/banco_mestre_unificado.csv,MASTER_UNIFIED,DEDXSTWBUSSPJC-UHFFFAOYSA-N,0,0,0,0,0,1
LEGACY-INCHIKEY-DEFKKSBZMAVOCH-UHFFFAOYSA-N,DEFKKSBZMAVOCH-UHFFFAOYSA-N,formolecular/novo_horizonte/banco_mestre_unificado.csv,MASTER_UNIFIED,DEFKKSBZMAVOCH-UHFFFAOYSA-N,0,0,0,0,0,1
LEGACY-INCHIKEY-DELXZLDQCPBQFL-UHFFFAOYSA-N,DELXZLDQCPBQFL-UHFFFAOYSA-N,formolecular/novo_horizonte/banco_mestre_unificado.csv,MASTER_UNIFIED,DELXZLDQCPBQFL-UHFFFAOYSA-N,0,0,0,0,0,1
LEGACY-INCHIKEY-DEOCHDSMHCKPEQ-UHFFFAOYSA-N,DEOCHDSMHCKPEQ-UHFFFAOYSA-N,formolecular/novo_horizonte/banco_mestre_unificado.csv,MASTER_UNIFIED,DEOCHDSMHCKPEQ-UHFFFAOYSA-N,0,0,0,0,0,1
LEGACY-INCHIKEY-DEQIZTHUDXNGCY-UHFFFAOYSA-N,DEQIZTHUDXNGCY-UHFFFAOYSA-N,formolecular/novo_horizonte/banco_mestre_unificado.csv,MASTER_UNIFIED,DEQIZTHUDXNGCY-UHFFFAOYSA-N,0,0,0,0,0,1
LEGACY-INCHIKEY-DEUWTSVCXJLDSE-UHFFFAOYSA-N,DEUWTSVCXJLDSE-UHFFFAOYSA-N,formolecular/novo_horizonte/banco_mestre_unificado.csv,MASTER_UNIFIED,DEUWTSVCXJLDSE-UHFFFAOYSA-N,0,0,0,0,0,1
LEGACY-INCHIKEY-DEWZFTPJOGJUJP-UHFFFAOYSA-N,DEWZFTPJOGJUJP-UHFFFAOYSA-N,formolecular/novo_horizonte/banco_mestre_unificado.csv,MASTER_UNIFIED,DEWZFTPJOGJUJP-UHFFFAOYSA-N,0,0,0,0,0,1
LEGACY-INCHIKEY-DFAICSVRGZWRJV-UHFFFAOYSA-N,DFAICSVRGZWRJV-UHFFFAOYSA-N,formolecular/novo_horizonte/banco_mestre_unificado.csv,MASTER_UNIFIED,DFAICSVRGZWRJV-UHFFFAOYSA-N,0,0,0,0,0,1
LEGACY-INCHIKEY-DFBOZBPZUYJHCU-UHFFFAOYSA-N,DFBOZBPZUYJHCU-UHFFFAOYSA-N,formolecular/novo_horizonte/banco_mestre_unificado.csv,MASTER_UNIFIED,DFBOZBPZUYJHCU-UHFFFAOYSA-N,0,0,0,0,0,1
LEGACY-INCHIKEY-DFCZCYLZORQOCW-UHFFFAOYSA-N,DFCZCYLZORQOCW-UHFFFAOYSA-N,formolecular/novo_horizonte/banco_mestre_unificado.csv,MASTER_UNIFIED,DFCZCYLZORQOCW-UHFFFAOYSA-N,0,0,0,0,0,1
LEGACY-INCHIKEY-DFVZKRVKFFMYHS-UHFFFAOYSA-N,DFVZKRVKFFMYHS-UHFFFAOYSA-N,formolecular/novo_horizonte/banco_mestre_unificado.csv,MASTER_UNIFIED,DFVZKRVKFFMYHS-UHFFFAOYSA-N,0,0,0,0,0,1
LEGACY-INCHIKEY-DFWQSOFXZNEQPX-UHFFFAOYSA-N,DFWQSOFXZNEQPX-UHFFFAOYSA-N,formolecular/novo_horizonte/banco_mestre_unificado.csv,MASTER_UNIFIED,DFWQSOFXZNEQPX-UHFFFAOYSA-N,0,0,0,0,0,1
LEGACY-INCHIKEY-DGAXFJZIASXSRD-UHFFFAOYSA-N,DGAXFJZIASXSRD-UHFFFAOYSA-N,formolecular/novo_horizonte/banco_mestre_unificado.csv,MASTER_UNIFIED,DGAXFJZIASXSRD-UHFFFAOYSA-N,0,0,0,0,0,1
LEGACY-INCHIKEY-DGBBILZSQIQAKX-UHFFFAOYSA-N,DGBBILZSQIQAKX-UHFFFAOYSA-N,formolecular/novo_horizonte/banco_mestre_unificado.csv,MASTER_UNIFIED,DGBBILZSQIQAKX-UHFFFAOYSA-N,0,0,0,0,0,1
LEGACY-INCHIKEY-DGGQKDONZRYQMI-UHFFFAOYSA-N,DGGQKDONZRYQMI-UHFFFAOYSA-N,formolecular/novo_horizonte/banco_mestre_unificado.csv,MASTER_UNIFIED,DGGQKDONZRYQMI-UHFFFAOYSA-N,0,0,0,0,0,1
LEGACY-INCHIKEY-DGHNVEQRQXVODH-UHFFFAOYSA-N,DGHNVEQRQXVODH-UHFFFAOYSA-N,formolecular/novo_horizonte/banco_mestre_unificado.csv,MASTER_UNIFIED,DGHNVEQRQXVODH-UHFFFAOYSA-N,0,0,0,0,0,1
LEGACY-INCHIKEY-DGJANEABSKNJPX-UHFFFAOYSA-N,DGJANEABSKNJPX-UHFFFAOYSA-N,formolecular/novo_horizonte/banco_mestre_unificado.csv,MASTER_UNIFIED,DGJANEABSKNJPX-UHFFFAOYSA-N,0,0,0,0,0,1
LEGACY-INCHIKEY-DGPLJKUALUGIIR-UHFFFAOYSA-N,DGPLJKUALUGIIR-UHFFFAOYSA-N,formolecular/novo_horizonte/banco_mestre_unificado.csv,MASTER_UNIFIED,DGPLJKUALUGIIR-UHFFFAOYSA-N,0,0,0,0,0,1
LEGACY-INCHIKEY-DGWHRRPAEDSKNA-UHFFFAOYSA-N,DGWHRRPAEDSKNA-UHFFFAOYSA-N,formolecular/novo_horizonte/banco_mestre_unificado.csv,MASTER_UNIFIED,DGWHRRPAEDSKNA-UHFFFAOYSA-N,0,0,0,0,0,1
LEGACY-INCHIKEY-DGYCJYZCETWHDF-UHFFFAOYSA-N,DGYCJYZCETWHDF-UHFFFAOYSA-N,formolecular/novo_horizonte/banco_mestre_unificado.csv,MASTER_UNIFIED,DGYCJYZCETWHDF-UHFFFAOYSA-N,0,0,0,0,0,1
LEGACY-INCHIKEY-DGYHTYBVFJSXSD-UHFFFAOYSA-N,DGYHTYBVFJSXSD-UHFFFAOYSA-N,formolecular/novo_horizonte/banco_mestre_unificado.csv,MASTER_UNIFIED,DGYHTYBVFJSXSD-UHFFFAOYSA-N,0,0,0,0,0,1
LEGACY-INCHIKEY-DHHRSMNXZAZJNM-UHFFFAOYSA-N,DHHRSMNXZAZJNM-UHFFFAOYSA-N,formolecular/novo_horizonte/banco_mestre_unificado.csv,MASTER_UNIFIED,DHHRSMNXZAZJNM-UHFFFAOYSA-N,0,0,0,0,0,1
LEGACY-INCHIKEY-DHKFFFRWVSOZKB-UHFFFAOYSA-N,DHKFFFRWVSOZKB-UHFFFAOYSA-N,formolecular/novo_horizonte/banco_mestre_unificado.csv,MASTER_UNIFIED,DHKFFFRWVSOZKB-UHFFFAOYSA-N,0,0,0,0,0,1
LEGACY-INCHIKEY-DHMLGRILIWWRAN-UHFFFAOYSA-N,DHMLGRILIWWRAN-UHFFFAOYSA-N,formolecular/novo_horizonte/banco_mestre_unificado.csv,MASTER_UNIFIED,DHMLGRILIWWRAN-UHFFFAOYSA-N,0,0,0,0,0,1
LEGACY-INCHIKEY-DHONWGSENXTECG-UHFFFAOYSA-N,DHONWGSENXTECG-UHFFFAOYSA-N,formolecular/novo_horizonte/banco_mestre_unificado.csv,MASTER_UNIFIED,DHONWGSENXTECG-UHFFFAOYSA-N,0,0,0,0,0,1
LEGACY-INCHIKEY-DIHWHTIIAHNQCE-UHFFFAOYSA-N,DIHWHTIIAHNQCE-UHFFFAOYSA-N,formolecular/novo_horizonte/banco_mestre_unificado.csv,MASTER_UNIFIED,DIHWHTIIAHNQCE-UHFFFAOYSA-N,0,0,0,0,0,1
LEGACY-INCHIKEY-DIIMPEQWYMERQX-UHFFFAOYSA-N,DIIMPEQWYMERQX-UHFFFAOYSA-N,formolecular/novo_horizonte/banco_mestre_unificado.csv,MASTER_UNIFIED,DIIMPEQWYMERQX-UHFFFAOYSA-N,0,0,0,0,0,1
LEGACY-INCHIKEY-DINFKNVTTARSGI-UHFFFAOYSA-N,DINFKNVTTARSGI-UHFFFAOYSA-N,formolecular/novo_horizonte/banco_mestre_unificado.csv,MASTER_UNIFIED,DINFKNVTTARSGI-UHFFFAOYSA-N,0,0,0,0,0,1
LEGACY-INCHIKEY-DIOCFCPOUFOSFG-UHFFFAOYSA-N,DIOCFCPOUFOSFG-UHFFFAOYSA-N,formolecular/novo_horizonte/banco_mestre_unificado.csv,MASTER_UNIFIED,DIOCFCPOUFOSFG-UHFFFAOYSA-N,0,0,0,0,0,1
LEGACY-INCHIKEY-DIPAPMLBHCQGCD-UHFFFAOYSA-N,DIPAPMLBHCQGCD-UHFFFAOYSA-N,formolecular/novo_horizonte/banco_mestre_unificado.csv,MASTER_UNIFIED,DIPAPMLBHCQGCD-UHFFFAOYSA-N,0,0,0,0,0,1
LEGACY-INCHIKEY-DIVGWICOLDHASQ-UHFFFAOYSA-N,DIVGWICOLDHASQ-UHFFFAOYSA-N,formolecular/novo_horizonte/banco_mestre_unificado.csv,MASTER_UNIFIED,DIVGWICOLDHASQ-UHFFFAOYSA-N,0,0,0,0,0,1
LEGACY-INCHIKEY-DJJJFAXHPJDWNA-UHFFFAOYSA-N,DJJJFAXHPJDWNA-UHFFFAOYSA-N,formolecular/novo_horizonte/banco_mestre_unificado.csv,MASTER_UNIFIED,DJJJFAXHPJDWNA-UHFFFAOYSA-N,0,0,0,0,0,1
LEGACY-INCHIKEY-DJQVZTIJBVTMKS-UHFFFAOYSA-N,DJQVZTIJBVTMKS-UHFFFAOYSA-N,formolecular/novo_horizonte/banco_mestre_unificado.csv,MASTER_UNIFIED,DJQVZTIJBVTMKS-UHFFFAOYSA-N,0,0,0,0,0,1
LEGACY-INCHIKEY-DJRLRQBWHBFFNN-UHFFFAOYSA-N,DJRLRQBWHBFFNN-UHFFFAOYSA-N,formolecular/novo_horizonte/banco_mestre_unificado.csv,MASTER_UNIFIED,DJRLRQBWHBFFNN-UHFFFAOYSA-N,0,0,0,0,0,1
LEGACY-INCHIKEY-DJVAKNXPGJFWCC-UHFFFAOYSA-N,DJVAKNXPGJFWCC-UHFFFAOYSA-N,formolecular/novo_horizonte/banco_mestre_unificado.csv,MASTER_UNIFIED,DJVAKNXPGJFWCC-UHFFFAOYSA-N,0,0,0,0,0,1
LEGACY-INCHIKEY-DJWLYAIWWBXYOQ-UHFFFAOYSA-N,DJWLYAIWWBXYOQ-UHFFFAOYSA-N,formolecular/novo_horizonte/banco_mestre_unificado.csv,MASTER_UNIFIED,DJWLYAIWWBXYOQ-UHFFFAOYSA-N,0,0,0,0,0,1
LEGACY-INCHIKEY-DJXMNAACGMLRAU-UHFFFAOYSA-N,DJXMNAACGMLRAU-UHFFFAOYSA-N,formolecular/novo_horizonte/banco_mestre_unificado.csv,MASTER_UNIFIED,DJXMNAACGMLRAU-UHFFFAOYSA-N,0,0,0,0,0,1
LEGACY-INCHIKEY-DKAMHINTESIHSJ-UHFFFAOYSA-N,DKAMHINTESIHSJ-UHFFFAOYSA-N,formolecular/novo_horizonte/banco_mestre_unificado.csv,MASTER_UNIFIED,DKAMHINTESIHSJ-UHFFFAOYSA-N,0,0,0,0,0,1
LEGACY-INCHIKEY-DKGBKUBLUUAIAL-UHFFFAOYSA-N,DKGBKUBLUUAIAL-UHFFFAOYSA-N,formolecular/novo_horizonte/banco_mestre_unificado.csv,MASTER_UNIFIED,DKGBKUBLUUAIAL-UHFFFAOYSA-N,0,0,0,0,0,1
LEGACY-INCHIKEY-DKKWTCDKTHFYNI-UHFFFAOYSA-N,DKKWTCDKTHFYNI-UHFFFAOYSA-N,formolecular/novo_horizonte/banco_mestre_unificado.csv,MASTER_UNIFIED,DKKWTCDKTHFYNI-UHFFFAOYSA-N,0,0,0,0,0,1
LEGACY-INCHIKEY-DKLCJDNIQLQEAW-UHFFFAOYSA-N,DKLCJDNIQLQEAW-UHFFFAOYSA-N,formolecular/novo_horizonte/banco_mestre_unificado.csv,MASTER_UNIFIED,DKLCJDNIQLQEAW-UHFFFAOYSA-N,0,0,0,0,0,1
LEGACY-INCHIKEY-DKTQAQVIFAMMMJ-UHFFFAOYSA-N,DKTQAQVIFAMMMJ-UHFFFAOYSA-N,formolecular/novo_horizonte/banco_mestre_unificado.csv,MASTER_UNIFIED,DKTQAQVIFAMMMJ-UHFFFAOYSA-N,0,0,0,0,0,1
LEGACY-INCHIKEY-DKWQXFWBFGPVFD-UHFFFAOYSA-N,DKWQXFWBFGPVFD-UHFFFAOYSA-N,formolecular/novo_horizonte/banco_mestre_unificado.csv,MASTER_UNIFIED,DKWQXFWBFGPVFD-UHFFFAOYSA-N,0,0,0,0,0,1
LEGACY-INCHIKEY-DKWWGBZIBSLGTR-UHFFFAOYSA-N,DKWWGBZIBSLGTR-UHFFFAOYSA-N,formolecular/novo_horizonte/banco_mestre_unificado.csv,MASTER_UNIFIED,DKWWGBZIBSLGTR-UHFFFAOYSA-N,0,0,0,0,0,1
LEGACY-INCHIKEY-DKYWVDODHFEZIM-UHFFFAOYSA-N,DKYWVDODHFEZIM-UHFFFAOYSA-N,Biolab/matriz_compostos_filtrados.csv,BIOLAB_FILTERED,DKYWVDODHFEZIM-UHFFFAOYSA-N,1,0,0,0,0,0
LEGACY-INCHIKEY-DLKOVYUOQZHAGD-UHFFFAOYSA-N,DLKOVYUOQZHAGD-UHFFFAOYSA-N,formolecular/novo_horizonte/banco_mestre_unificado.csv,MASTER_UNIFIED,DLKOVYUOQZHAGD-UHFFFAOYSA-N,0,0,0,0,0,1
LEGACY-INCHIKEY-DLNRVWLWKZFEJT-UHFFFAOYSA-N,DLNRVWLWKZFEJT-UHFFFAOYSA-N,formolecular/novo_horizonte/banco_mestre_unificado.csv,MASTER_UNIFIED,DLNRVWLWKZFEJT-UHFFFAOYSA-N,0,0,0,0,0,1
LEGACY-INCHIKEY-DLOCKLITDKXTEA-UHFFFAOYSA-N,DLOCKLITDKXTEA-UHFFFAOYSA-N,formolecular/novo_horizonte/banco_mestre_unificado.csv,MASTER_UNIFIED,DLOCKLITDKXTEA-UHFFFAOYSA-N,0,0,0,0,0,1
LEGACY-INCHIKEY-DLYIPZDQJFUHTB-UHFFFAOYSA-N,DLYIPZDQJFUHTB-UHFFFAOYSA-N,formolecular/novo_horizonte/banco_mestre_unificado.csv,MASTER_UNIFIED,DLYIPZDQJFUHTB-UHFFFAOYSA-N,0,0,0,0,0,1
LEGACY-INCHIKEY-DMENAKONIQPQKM-UHFFFAOYSA-N,DMENAKONIQPQKM-UHFFFAOYSA-N,formolecular/novo_horizonte/top10_validado_4EY7.csv,NH_VALIDATED_4EY7;NH_ISOLATED;MASTER_UNIFIED,DMENAKONIQPQKM-UHFFFAOYSA-N,0,0,0,1,1,1
LEGACY-INCHIKEY-DMFRTBKISMIMBZ-UHFFFAOYSA-N,DMFRTBKISMIMBZ-UHFFFAOYSA-N,formolecular/novo_horizonte/banco_mestre_unificado.csv,MASTER_UNIFIED,DMFRTBKISMIMBZ-UHFFFAOYSA-N,0,0,0,0,0,1
LEGACY-INCHIKEY-DMIKBJAEYBOXIW-UHFFFAOYSA-N,DMIKBJAEYBOXIW-UHFFFAOYSA-N,formolecular/novo_horizonte/banco_mestre_unificado.csv,MASTER_UNIFIED,DMIKBJAEYBOXIW-UHFFFAOYSA-N,0,0,0,0,0,1
LEGACY-INCHIKEY-DMUPSTHMAXIECC-UHFFFAOYSA-N,DMUPSTHMAXIECC-UHFFFAOYSA-N,formolecular/novo_horizonte/banco_mestre_unificado.csv,MASTER_UNIFIED,DMUPSTHMAXIECC-UHFFFAOYSA-N,0,0,0,0,0,1
LEGACY-INCHIKEY-DMYSJZPLESXUGD-UHFFFAOYSA-N,DMYSJZPLESXUGD-UHFFFAOYSA-N,formolecular/novo_horizonte/banco_mestre_unificado.csv,MASTER_UNIFIED,DMYSJZPLESXUGD-UHFFFAOYSA-N,0,0,0,0,0,1
LEGACY-INCHIKEY-DNHWSIFBOKWXOP-UHFFFAOYSA-N,DNHWSIFBOKWXOP-UHFFFAOYSA-N,formolecular/novo_horizonte/banco_mestre_unificado.csv,MASTER_UNIFIED,DNHWSIFBOKWXOP-UHFFFAOYSA-N,0,0,0,0,0,1
LEGACY-INCHIKEY-DNLLJYUCFQDVHK-UHFFFAOYSA-N,DNLLJYUCFQDVHK-UHFFFAOYSA-N,formolecular/novo_horizonte/banco_mestre_unificado.csv,MASTER_UNIFIED,DNLLJYUCFQDVHK-UHFFFAOYSA-N,0,0,0,0,0,1
LEGACY-INCHIKEY-DNLXAFASZHBGFJ-UHFFFAOYSA-N,DNLXAFASZHBGFJ-UHFFFAOYSA-N,formolecular/novo_horizonte/banco_mestre_unificado.csv,MASTER_UNIFIED,DNLXAFASZHBGFJ-UHFFFAOYSA-N,0,0,0,0,0,1
LEGACY-INCHIKEY-DOCGPRZTQGLYOG-UHFFFAOYSA-N,DOCGPRZTQGLYOG-UHFFFAOYSA-N,formolecular/novo_horizonte/banco_mestre_unificado.csv,MASTER_UNIFIED,DOCGPRZTQGLYOG-UHFFFAOYSA-N,0,0,0,0,0,1
LEGACY-INCHIKEY-DOCQTKXVXATXHK-UHFFFAOYSA-N,DOCQTKXVXATXHK-UHFFFAOYSA-N,formolecular/novo_horizonte/banco_mestre_unificado.csv,MASTER_UNIFIED,DOCQTKXVXATXHK-UHFFFAOYSA-N,0,0,0,0,0,1
LEGACY-INCHIKEY-DOIHCFWHUWQUNT-UHFFFAOYSA-N,DOIHCFWHUWQUNT-UHFFFAOYSA-N,formolecular/novo_horizonte/banco_mestre_unificado.csv,MASTER_UNIFIED,DOIHCFWHUWQUNT-UHFFFAOYSA-N,0,0,0,0,0,1
LEGACY-INCHIKEY-DOQMWKBJIXLMNZ-UHFFFAOYSA-N,DOQMWKBJIXLMNZ-UHFFFAOYSA-N,formolecular/novo_horizonte/banco_mestre_unificado.csv,MASTER_UNIFIED,DOQMWKBJIXLMNZ-UHFFFAOYSA-N,0,0,0,0,0,1
LEGACY-INCHIKEY-DOSGPVOVJGMPIK-UHFFFAOYSA-N,DOSGPVOVJGMPIK-UHFFFAOYSA-N,formolecular/novo_horizonte/banco_mestre_unificado.csv,MASTER_UNIFIED,DOSGPVOVJGMPIK-UHFFFAOYSA-N,0,0,0,0,0,1
LEGACY-INCHIKEY-DOSTWWAJBNWFIR-UHFFFAOYSA-N,DOSTWWAJBNWFIR-UHFFFAOYSA-N,formolecular/novo_horizonte/banco_mestre_unificado.csv,MASTER_UNIFIED,DOSTWWAJBNWFIR-UHFFFAOYSA-N,0,0,0,0,0,1
LEGACY-INCHIKEY-DOUYBZXPYXKMJK-UHFFFAOYSA-N,DOUYBZXPYXKMJK-UHFFFAOYSA-N,formolecular/novo_horizonte/banco_mestre_unificado.csv,MASTER_UNIFIED,DOUYBZXPYXKMJK-UHFFFAOYSA-N,0,0,0,0,0,1
LEGACY-INCHIKEY-DOVILEHTSDPDRP-UHFFFAOYSA-N,DOVILEHTSDPDRP-UHFFFAOYSA-N,formolecular/novo_horizonte/banco_mestre_unificado.csv,MASTER_UNIFIED,DOVILEHTSDPDRP-UHFFFAOYSA-N,0,0,0,0,0,1
LEGACY-INCHIKEY-DOYMCKNEEUPQJB-UHFFFAOYSA-N,DOYMCKNEEUPQJB-UHFFFAOYSA-N,formolecular/novo_horizonte/banco_mestre_unificado.csv,MASTER_UNIFIED,DOYMCKNEEUPQJB-UHFFFAOYSA-N,0,0,0,0,0,1
LEGACY-INCHIKEY-DPGRJXDIVMCUFI-UHFFFAOYSA-N,DPGRJXDIVMCUFI-UHFFFAOYSA-N,formolecular/novo_horizonte/banco_mestre_unificado.csv,MASTER_UNIFIED,DPGRJXDIVMCUFI-UHFFFAOYSA-N,0,0,0,0,0,1
LEGACY-INCHIKEY-DPINFERBFJYOTP-UHFFFAOYSA-N,DPINFERBFJYOTP-UHFFFAOYSA-N,formolecular/novo_horizonte/banco_mestre_unificado.csv,MASTER_UNIFIED,DPINFERBFJYOTP-UHFFFAOYSA-N,0,0,0,0,0,1
LEGACY-INCHIKEY-DPPNNDADYGQWOA-UHFFFAOYSA-N,DPPNNDADYGQWOA-UHFFFAOYSA-N,formolecular/novo_horizonte/banco_mestre_unificado.csv,MASTER_UNIFIED,DPPNNDADYGQWOA-UHFFFAOYSA-N,0,0,0,0,0,1
LEGACY-INCHIKEY-DQAPIHWVJQCZRI-UHFFFAOYSA-N,DQAPIHWVJQCZRI-UHFFFAOYSA-N,formolecular/novo_horizonte/banco_mestre_unificado.csv,MASTER_UNIFIED,DQAPIHWVJQCZRI-UHFFFAOYSA-N,0,0,0,0,0,1
LEGACY-INCHIKEY-DQAYQYYEGOOAHL-UHFFFAOYSA-N,DQAYQYYEGOOAHL-UHFFFAOYSA-N,formolecular/novo_horizonte/banco_mestre_unificado.csv,MASTER_UNIFIED,DQAYQYYEGOOAHL-UHFFFAOYSA-N,0,0,0,0,0,1
LEGACY-INCHIKEY-DQDILVKITSXHHV-UHFFFAOYSA-N,DQDILVKITSXHHV-UHFFFAOYSA-N,formolecular/novo_horizonte/banco_mestre_unificado.csv,MASTER_UNIFIED,DQDILVKITSXHHV-UHFFFAOYSA-N,0,0,0,0,0,1
LEGACY-INCHIKEY-DQDRNPHLOPLYSA-UHFFFAOYSA-N,DQDRNPHLOPLYSA-UHFFFAOYSA-N,formolecular/novo_horizonte/banco_mestre_unificado.csv,MASTER_UNIFIED,DQDRNPHLOPLYSA-UHFFFAOYSA-N,0,0,0,0,0,1
LEGACY-INCHIKEY-DQJMUQJBFUELKI-UHFFFAOYSA-N,DQJMUQJBFUELKI-UHFFFAOYSA-N,formolecular/novo_horizonte/banco_mestre_unificado.csv,MASTER_UNIFIED,DQJMUQJBFUELKI-UHFFFAOYSA-N,0,0,0,0,0,1
LEGACY-INCHIKEY-DQNWSTZRODYGKO-UHFFFAOYSA-N,DQNWSTZRODYGKO-UHFFFAOYSA-N,formolecular/novo_horizonte/banco_mestre_unificado.csv,MASTER_UNIFIED,DQNWSTZRODYGKO-UHFFFAOYSA-N,0,0,0,0,0,1
LEGACY-INCHIKEY-DQOFZNNURBUWJC-UHFFFAOYSA-N,DQOFZNNURBUWJC-UHFFFAOYSA-N,formolecular/novo_horizonte/banco_mestre_unificado.csv,MASTER_UNIFIED,DQOFZNNURBUWJC-UHFFFAOYSA-N,0,0,0,0,0,1
LEGACY-INCHIKEY-DQQJEJRKDQKIML-UHFFFAOYSA-N,DQQJEJRKDQKIML-UHFFFAOYSA-N,formolecular/novo_horizonte/banco_mestre_unificado.csv,MASTER_UNIFIED,DQQJEJRKDQKIML-UHFFFAOYSA-N,0,0,0,0,0,1
LEGACY-INCHIKEY-DQVJIPXQZBTIIN-UHFFFAOYSA-N,DQVJIPXQZBTIIN-UHFFFAOYSA-N,formolecular/novo_horizonte/banco_mestre_unificado.csv,MASTER_UNIFIED,DQVJIPXQZBTIIN-UHFFFAOYSA-N,0,0,0,0,0,1
LEGACY-INCHIKEY-DQXAEEYASMFOJN-UHFFFAOYSA-N,DQXAEEYASMFOJN-UHFFFAOYSA-N,formolecular/novo_horizonte/banco_mestre_unificado.csv,MASTER_UNIFIED,DQXAEEYASMFOJN-UHFFFAOYSA-N,0,0,0,0,0,1
LEGACY-INCHIKEY-DQYKIGAJCCRDNF-UHFFFAOYSA-N,DQYKIGAJCCRDNF-UHFFFAOYSA-N,formolecular/novo_horizonte/banco_mestre_unificado.csv,MASTER_UNIFIED,DQYKIGAJCCRDNF-UHFFFAOYSA-N,0,0,0,0,0,1
LEGACY-INCHIKEY-DRHICVKFEFIRLQ-UHFFFAOYSA-N,DRHICVKFEFIRLQ-UHFFFAOYSA-N,formolecular/novo_horizonte/banco_mestre_unificado.csv,MASTER_UNIFIED,DRHICVKFEFIRLQ-UHFFFAOYSA-N,0,0,0,0,0,1
LEGACY-INCHIKEY-DRHNTDUGFWNNCH-UHFFFAOYSA-N,DRHNTDUGFWNNCH-UHFFFAOYSA-N,formolecular/novo_horizonte/banco_mestre_unificado.csv,MASTER_UNIFIED,DRHNTDUGFWNNCH-UHFFFAOYSA-N,0,0,0,0,0,1
LEGACY-INCHIKEY-DRLWSQNDWVFYMI-UHFFFAOYSA-N,DRLWSQNDWVFYMI-UHFFFAOYSA-N,formolecular/novo_horizonte/banco_mestre_unificado.csv,MASTER_UNIFIED,DRLWSQNDWVFYMI-UHFFFAOYSA-N,0,0,0,0,0,1
LEGACY-INCHIKEY-DROWLQIMBBQJLV-UHFFFAOYSA-N,DROWLQIMBBQJLV-UHFFFAOYSA-N,formolecular/novo_horizonte/banco_mestre_unificado.csv,MASTER_UNIFIED,DROWLQIMBBQJLV-UHFFFAOYSA-N,0,0,0,0,0,1
LEGACY-INCHIKEY-DRZMXYRHOIBORV-UHFFFAOYSA-N,DRZMXYRHOIBORV-UHFFFAOYSA-N,formolecular/novo_horizonte/banco_mestre_unificado.csv,MASTER_UNIFIED,DRZMXYRHOIBORV-UHFFFAOYSA-N,0,0,0,0,0,1
LEGACY-INCHIKEY-DSAHDRAEKUBQNE-UHFFFAOYSA-N,DSAHDRAEKUBQNE-UHFFFAOYSA-N,formolecular/novo_horizonte/banco_mestre_unificado.csv,MASTER_UNIFIED,DSAHDRAEKUBQNE-UHFFFAOYSA-N,0,0,0,0,0,1
LEGACY-INCHIKEY-DSCAOFJQYMYSAU-UHFFFAOYSA-N,DSCAOFJQYMYSAU-UHFFFAOYSA-N,formolecular/novo_horizonte/banco_mestre_unificado.csv,MASTER_UNIFIED,DSCAOFJQYMYSAU-UHFFFAOYSA-N,0,0,0,0,0,1
LEGACY-INCHIKEY-DSDGBSMBUWFURC-UHFFFAOYSA-N,DSDGBSMBUWFURC-UHFFFAOYSA-N,formolecular/novo_horizonte/banco_mestre_unificado.csv,MASTER_UNIFIED,DSDGBSMBUWFURC-UHFFFAOYSA-N,0,0,0,0,0,1
LEGACY-INCHIKEY-DSFHITPKYRASQY-UHFFFAOYSA-N,DSFHITPKYRASQY-UHFFFAOYSA-N,formolecular/novo_horizonte/banco_mestre_unificado.csv,MASTER_UNIFIED,DSFHITPKYRASQY-UHFFFAOYSA-N,0,0,0,0,0,1
LEGACY-INCHIKEY-DSFMYVDIWOUNJJ-UHFFFAOYSA-N,DSFMYVDIWOUNJJ-UHFFFAOYSA-N,formolecular/novo_horizonte/banco_mestre_unificado.csv,MASTER_UNIFIED,DSFMYVDIWOUNJJ-UHFFFAOYSA-N,0,0,0,0,0,1
LEGACY-INCHIKEY-DSGNWRDINYCJFI-UHFFFAOYSA-N,DSGNWRDINYCJFI-UHFFFAOYSA-N,formolecular/novo_horizonte/banco_mestre_unificado.csv,MASTER_UNIFIED,DSGNWRDINYCJFI-UHFFFAOYSA-N,0,0,0,0,0,1
LEGACY-INCHIKEY-DSHKFQWSXCLOOA-UHFFFAOYSA-N,DSHKFQWSXCLOOA-UHFFFAOYSA-N,formolecular/novo_horizonte/banco_mestre_unificado.csv,MASTER_UNIFIED,DSHKFQWSXCLOOA-UHFFFAOYSA-N,0,0,0,0,0,1
LEGACY-INCHIKEY-DSLRLCVXBCKPOW-UHFFFAOYSA-N,DSLRLCVXBCKPOW-UHFFFAOYSA-N,formolecular/novo_horizonte/banco_mestre_unificado.csv,MASTER_UNIFIED,DSLRLCVXBCKPOW-UHFFFAOYSA-N,0,0,0,0,0,1
LEGACY-INCHIKEY-DSMQMFOPIYMSMI-UHFFFAOYSA-N,DSMQMFOPIYMSMI-UHFFFAOYSA-N,formolecular/novo_horizonte/banco_mestre_unificado.csv,MASTER_UNIFIED,DSMQMFOPIYMSMI-UHFFFAOYSA-N,0,0,0,0,0,1
LEGACY-INCHIKEY-DSURZBROGOIFLU-UHFFFAOYSA-N,DSURZBROGOIFLU-UHFFFAOYSA-N,formolecular/novo_horizonte/banco_mestre_unificado.csv,MASTER_UNIFIED,DSURZBROGOIFLU-UHFFFAOYSA-N,0,0,0,0,0,1
LEGACY-INCHIKEY-DSYFCEURTASVEZ-UHFFFAOYSA-N,DSYFCEURTASVEZ-UHFFFAOYSA-N,formolecular/novo_horizonte/banco_mestre_unificado.csv,MASTER_UNIFIED,DSYFCEURTASVEZ-UHFFFAOYSA-N,0,0,0,0,0,1
LEGACY-INCHIKEY-DSYYYPFQYDTQIZ-UHFFFAOYSA-N,DSYYYPFQYDTQIZ-UHFFFAOYSA-N,formolecular/novo_horizonte/banco_mestre_unificado.csv,MASTER_UNIFIED,DSYYYPFQYDTQIZ-UHFFFAOYSA-N,0,0,0,0,0,1
LEGACY-INCHIKEY-DTAAOLIVQOWFHU-UHFFFAOYSA-N,DTAAOLIVQOWFHU-UHFFFAOYSA-N,formolecular/novo_horizonte/banco_mestre_unificado.csv,MASTER_UNIFIED,DTAAOLIVQOWFHU-UHFFFAOYSA-N,0,0,0,0,0,1
LEGACY-INCHIKEY-DTDSVUXYOIUPPY-UHFFFAOYSA-N,DTDSVUXYOIUPPY-UHFFFAOYSA-N,formolecular/novo_horizonte/banco_mestre_unificado.csv,MASTER_UNIFIED,DTDSVUXYOIUPPY-UHFFFAOYSA-N,0,0,0,0,0,1
LEGACY-INCHIKEY-DTRPUBFERJFRTG-UHFFFAOYSA-N,DTRPUBFERJFRTG-UHFFFAOYSA-N,formolecular/novo_horizonte/banco_mestre_unificado.csv,MASTER_UNIFIED,DTRPUBFERJFRTG-UHFFFAOYSA-N,0,0,0,0,0,1
LEGACY-INCHIKEY-DTRSKHUQQLVNHX-UHFFFAOYSA-N,DTRSKHUQQLVNHX-UHFFFAOYSA-N,formolecular/novo_horizonte/banco_mestre_unificado.csv,MASTER_UNIFIED,DTRSKHUQQLVNHX-UHFFFAOYSA-N,0,0,0,0,0,1
LEGACY-INCHIKEY-DTUKNIVXHKCARF-UHFFFAOYSA-N,DTUKNIVXHKCARF-UHFFFAOYSA-N,formolecular/novo_horizonte/banco_mestre_unificado.csv,MASTER_UNIFIED,DTUKNIVXHKCARF-UHFFFAOYSA-N,0,0,0,0,0,1
LEGACY-INCHIKEY-DUDUFEXVYSRSBN-UHFFFAOYSA-N,DUDUFEXVYSRSBN-UHFFFAOYSA-N,formolecular/novo_horizonte/banco_mestre_unificado.csv,MASTER_UNIFIED,DUDUFEXVYSRSBN-UHFFFAOYSA-N,0,0,0,0,0,1
LEGACY-INCHIKEY-DUQYEEQPXAYAIC-UHFFFAOYSA-N,DUQYEEQPXAYAIC-UHFFFAOYSA-N,formolecular/novo_horizonte/banco_mestre_unificado.csv,MASTER_UNIFIED,DUQYEEQPXAYAIC-UHFFFAOYSA-N,0,0,0,0,0,1
LEGACY-INCHIKEY-DUWGLPWFJPZGNJ-UHFFFAOYSA-N,DUWGLPWFJPZGNJ-UHFFFAOYSA-N,formolecular/novo_horizonte/banco_mestre_unificado.csv,MASTER_UNIFIED,DUWGLPWFJPZGNJ-UHFFFAOYSA-N,0,0,0,0,0,1
LEGACY-INCHIKEY-DUWYKXPWWVEIQY-UHFFFAOYSA-N,DUWYKXPWWVEIQY-UHFFFAOYSA-N,formolecular/novo_horizonte/banco_mestre_unificado.csv,MASTER_UNIFIED,DUWYKXPWWVEIQY-UHFFFAOYSA-N,0,0,0,0,0,1
LEGACY-INCHIKEY-DVACJGXZEVCUJK-UHFFFAOYSA-N,DVACJGXZEVCUJK-UHFFFAOYSA-N,formolecular/novo_horizonte/banco_mestre_unificado.csv,MASTER_UNIFIED,DVACJGXZEVCUJK-UHFFFAOYSA-N,0,0,0,0,0,1
LEGACY-INCHIKEY-DVBGRVRVCUFTHS-UHFFFAOYSA-N,DVBGRVRVCUFTHS-UHFFFAOYSA-N,formolecular/novo_horizonte/banco_mestre_unificado.csv,MASTER_UNIFIED,DVBGRVRVCUFTHS-UHFFFAOYSA-N,0,0,0,0,0,1
LEGACY-INCHIKEY-DVGBOXFEQVSGJO-UHFFFAOYSA-N,DVGBOXFEQVSGJO-UHFFFAOYSA-N,formolecular/novo_horizonte/banco_mestre_unificado.csv,MASTER_UNIFIED,DVGBOXFEQVSGJO-UHFFFAOYSA-N,0,0,0,0,0,1
LEGACY-INCHIKEY-DVLDFOPRGNVJQY-UHFFFAOYSA-N,DVLDFOPRGNVJQY-UHFFFAOYSA-N,formolecular/novo_horizonte/banco_mestre_unificado.csv,MASTER_UNIFIED,DVLDFOPRGNVJQY-UHFFFAOYSA-N,0,0,0,0,0,1
LEGACY-INCHIKEY-DVNAGZUVWKFKAA-UHFFFAOYSA-N,DVNAGZUVWKFKAA-UHFFFAOYSA-N,formolecular/novo_horizonte/banco_mestre_unificado.csv,MASTER_UNIFIED,DVNAGZUVWKFKAA-UHFFFAOYSA-N,0,0,0,0,0,1
LEGACY-INCHIKEY-DVNHFCYGVYGDPJ-UHFFFAOYSA-N,DVNHFCYGVYGDPJ-UHFFFAOYSA-N,formolecular/novo_horizonte/banco_mestre_unificado.csv,MASTER_UNIFIED,DVNHFCYGVYGDPJ-UHFFFAOYSA-N,0,0,0,0,0,1
LEGACY-INCHIKEY-DVNTVGDXKXEYRK-UHFFFAOYSA-N,DVNTVGDXKXEYRK-UHFFFAOYSA-N,formolecular/novo_horizonte/banco_mestre_unificado.csv,MASTER_UNIFIED,DVNTVGDXKXEYRK-UHFFFAOYSA-N,0,0,0,0,0,1
LEGACY-INCHIKEY-DVOYDSYPBIEOGW-UHFFFAOYSA-N,DVOYDSYPBIEOGW-UHFFFAOYSA-N,formolecular/novo_horizonte/banco_mestre_unificado.csv,MASTER_UNIFIED,DVOYDSYPBIEOGW-UHFFFAOYSA-N,0,0,0,0,0,1
LEGACY-INCHIKEY-DVSPCWGYKLOWBW-UHFFFAOYSA-N,DVSPCWGYKLOWBW-UHFFFAOYSA-N,formolecular/novo_horizonte/banco_mestre_unificado.csv,MASTER_UNIFIED,DVSPCWGYKLOWBW-UHFFFAOYSA-N,0,0,0,0,0,1
LEGACY-INCHIKEY-DVUYLGZNUBAQNG-UHFFFAOYSA-N,DVUYLGZNUBAQNG-UHFFFAOYSA-N,formolecular/novo_horizonte/banco_mestre_unificado.csv,MASTER_UNIFIED,DVUYLGZNUBAQNG-UHFFFAOYSA-N,0,0,0,0,0,1
LEGACY-INCHIKEY-DVVRIADUBROHDY-UHFFFAOYSA-N,DVVRIADUBROHDY-UHFFFAOYSA-N,formolecular/novo_horizonte/banco_mestre_unificado.csv,MASTER_UNIFIED,DVVRIADUBROHDY-UHFFFAOYSA-N,0,0,0,0,0,1
LEGACY-INCHIKEY-DWJSLSYNWSGOQA-UHFFFAOYSA-N,DWJSLSYNWSGOQA-UHFFFAOYSA-N,formolecular/novo_horizonte/banco_mestre_unificado.csv,MASTER_UNIFIED,DWJSLSYNWSGOQA-UHFFFAOYSA-N,0,0,0,0,0,1
LEGACY-INCHIKEY-DWSNRYIXFBLCLP-UHFFFAOYSA-N,DWSNRYIXFBLCLP-UHFFFAOYSA-N,formolecular/novo_horizonte/banco_mestre_unificado.csv,MASTER_UNIFIED,DWSNRYIXFBLCLP-UHFFFAOYSA-N,0,0,0,0,0,1
LEGACY-INCHIKEY-DWSPXKIRJOVGJI-UHFFFAOYSA-N,DWSPXKIRJOVGJI-UHFFFAOYSA-N,formolecular/novo_horizonte/banco_mestre_unificado.csv,MASTER_UNIFIED,DWSPXKIRJOVGJI-UHFFFAOYSA-N,0,0,0,0,0,1
LEGACY-INCHIKEY-DWVCBAASJFRDMS-UHFFFAOYSA-N,DWVCBAASJFRDMS-UHFFFAOYSA-N,formolecular/novo_horizonte/banco_mestre_unificado.csv,MASTER_UNIFIED,DWVCBAASJFRDMS-UHFFFAOYSA-N,0,0,0,0,0,1
LEGACY-INCHIKEY-DWXWBYIEBKPZTM-UHFFFAOYSA-N,DWXWBYIEBKPZTM-UHFFFAOYSA-N,formolecular/novo_horizonte/banco_mestre_unificado.csv,MASTER_UNIFIED,DWXWBYIEBKPZTM-UHFFFAOYSA-N,0,0,0,0,0,1
LEGACY-INCHIKEY-DWYVVOWPXYTAKH-UHFFFAOYSA-N,DWYVVOWPXYTAKH-UHFFFAOYSA-N,formolecular/novo_horizonte/banco_mestre_unificado.csv,MASTER_UNIFIED,DWYVVOWPXYTAKH-UHFFFAOYSA-N,0,0,0,0,0,1
LEGACY-INCHIKEY-DXAATUOEZYPEPT-UHFFFAOYSA-N,DXAATUOEZYPEPT-UHFFFAOYSA-N,formolecular/novo_horizonte/banco_mestre_unificado.csv,MASTER_UNIFIED,DXAATUOEZYPEPT-UHFFFAOYSA-N,0,0,0,0,0,1
LEGACY-INCHIKEY-DXIFJTHZMDCRHO-UHFFFAOYSA-N,DXIFJTHZMDCRHO-UHFFFAOYSA-N,formolecular/novo_horizonte/banco_mestre_unificado.csv,MASTER_UNIFIED,DXIFJTHZMDCRHO-UHFFFAOYSA-N,0,0,0,0,0,1
LEGACY-INCHIKEY-DXIVDGUYSRXPQE-UHFFFAOYSA-N,DXIVDGUYSRXPQE-UHFFFAOYSA-N,formolecular/novo_horizonte/banco_mestre_unificado.csv,MASTER_UNIFIED,DXIVDGUYSRXPQE-UHFFFAOYSA-N,0,0,0,0,0,1
LEGACY-INCHIKEY-DXQLZBPSNNUATI-UHFFFAOYSA-N,DXQLZBPSNNUATI-UHFFFAOYSA-N,formolecular/novo_horizonte/banco_mestre_unificado.csv,MASTER_UNIFIED,DXQLZBPSNNUATI-UHFFFAOYSA-N,0,0,0,0,0,1
LEGACY-INCHIKEY-DYCHPKVSAHNTRH-UHFFFAOYSA-N,DYCHPKVSAHNTRH-UHFFFAOYSA-N,formolecular/novo_horizonte/banco_mestre_unificado.csv,MASTER_UNIFIED,DYCHPKVSAHNTRH-UHFFFAOYSA-N,0,0,0,0,0,1
LEGACY-INCHIKEY-DYEDIMCWGSDZOZ-UHFFFAOYSA-N,DYEDIMCWGSDZOZ-UHFFFAOYSA-N,formolecular/novo_horizonte/banco_mestre_unificado.csv,MASTER_UNIFIED,DYEDIMCWGSDZOZ-UHFFFAOYSA-N,0,0,0,0,0,1
LEGACY-INCHIKEY-DYTWGSMOEWTFII-UHFFFAOYSA-N,DYTWGSMOEWTFII-UHFFFAOYSA-N,formolecular/novo_horizonte/banco_mestre_unificado.csv,MASTER_UNIFIED,DYTWGSMOEWTFII-UHFFFAOYSA-N,0,0,0,0,0,1
LEGACY-INCHIKEY-DZFZPRJPWLHHEH-UHFFFAOYSA-N,DZFZPRJPWLHHEH-UHFFFAOYSA-N,formolecular/novo_horizonte/banco_mestre_unificado.csv,MASTER_UNIFIED,DZFZPRJPWLHHEH-UHFFFAOYSA-N,0,0,0,0,0,1
LEGACY-INCHIKEY-DZKSCSSSZVLUBX-UHFFFAOYSA-N,DZKSCSSSZVLUBX-UHFFFAOYSA-N,formolecular/novo_horizonte/banco_mestre_unificado.csv,MASTER_UNIFIED,DZKSCSSSZVLUBX-UHFFFAOYSA-N,0,0,0,0,0,1
LEGACY-INCHIKEY-DZLPWAKZTGIKCG-UHFFFAOYSA-N,DZLPWAKZTGIKCG-UHFFFAOYSA-N,formolecular/novo_horizonte/banco_mestre_unificado.csv,MASTER_UNIFIED,DZLPWAKZTGIKCG-UHFFFAOYSA-N,0,0,0,0,0,1
LEGACY-INCHIKEY-DZTULMDMCGGXJO-UHFFFAOYSA-N,DZTULMDMCGGXJO-UHFFFAOYSA-N,formolecular/novo_horizonte/banco_mestre_unificado.csv,MASTER_UNIFIED,DZTULMDMCGGXJO-UHFFFAOYSA-N,0,0,0,0,0,1
LEGACY-INCHIKEY-DZVXQLAOWSPWKE-UHFFFAOYSA-N,DZVXQLAOWSPWKE-UHFFFAOYSA-N,formolecular/novo_horizonte/banco_mestre_unificado.csv,MASTER_UNIFIED,DZVXQLAOWSPWKE-UHFFFAOYSA-N,0,0,0,0,0,1
LEGACY-INCHIKEY-FAALFGPLEKLBGT-UHFFFAOYSA-N,FAALFGPLEKLBGT-UHFFFAOYSA-N,formolecular/novo_horizonte/banco_mestre_unificado.csv,MASTER_UNIFIED,FAALFGPLEKLBGT-UHFFFAOYSA-N,0,0,0,0,0,1
LEGACY-INCHIKEY-FABUJPYBTHSTJZ-UHFFFAOYSA-N,FABUJPYBTHSTJZ-UHFFFAOYSA-N,formolecular/novo_horizonte/banco_mestre_unificado.csv,MASTER_UNIFIED,FABUJPYBTHSTJZ-UHFFFAOYSA-N,0,0,0,0,0,1
LEGACY-INCHIKEY-FAFBIACCKSTPGB-UHFFFAOYSA-N,FAFBIACCKSTPGB-UHFFFAOYSA-N,formolecular/novo_horizonte/banco_mestre_unificado.csv,MASTER_UNIFIED,FAFBIACCKSTPGB-UHFFFAOYSA-N,0,0,0,0,0,1
LEGACY-INCHIKEY-FAUDQTYMRLCUKW-UHFFFAOYSA-N,FAUDQTYMRLCUKW-UHFFFAOYSA-N,formolecular/novo_horizonte/banco_mestre_unificado.csv,MASTER_UNIFIED,FAUDQTYMRLCUKW-UHFFFAOYSA-N,0,0,0,0,0,1
LEGACY-INCHIKEY-FBGMXTSQDAVWQY-UHFFFAOYSA-N,FBGMXTSQDAVWQY-UHFFFAOYSA-N,formolecular/novo_horizonte/banco_mestre_unificado.csv,MASTER_UNIFIED,FBGMXTSQDAVWQY-UHFFFAOYSA-N,0,0,0,0,0,1
LEGACY-INCHIKEY-FBJYCOMVUVXIFS-UHFFFAOYSA-N,FBJYCOMVUVXIFS-UHFFFAOYSA-N,formolecular/novo_horizonte/banco_mestre_unificado.csv,MASTER_UNIFIED,FBJYCOMVUVXIFS-UHFFFAOYSA-N,0,0,0,0,0,1
LEGACY-INCHIKEY-FBLAYBRRXJZLEN-UHFFFAOYSA-N,FBLAYBRRXJZLEN-UHFFFAOYSA-N,formolecular/novo_horizonte/banco_mestre_unificado.csv,MASTER_UNIFIED,FBLAYBRRXJZLEN-UHFFFAOYSA-N,0,0,0,0,0,1
LEGACY-INCHIKEY-FBOVDPMPZYAXNV-UHFFFAOYSA-N,FBOVDPMPZYAXNV-UHFFFAOYSA-N,formolecular/novo_horizonte/banco_mestre_unificado.csv,MASTER_UNIFIED,FBOVDPMPZYAXNV-UHFFFAOYSA-N,0,0,0,0,0,1
LEGACY-INCHIKEY-FBPXVFCFMBERBZ-UHFFFAOYSA-N,FBPXVFCFMBERBZ-UHFFFAOYSA-N,formolecular/novo_horizonte/banco_mestre_unificado.csv,MASTER_UNIFIED,FBPXVFCFMBERBZ-UHFFFAOYSA-N,0,0,0,0,0,1
LEGACY-INCHIKEY-FBZXFPBOTXAKPV-UHFFFAOYSA-N,FBZXFPBOTXAKPV-UHFFFAOYSA-N,formolecular/novo_horizonte/banco_mestre_unificado.csv,MASTER_UNIFIED,FBZXFPBOTXAKPV-UHFFFAOYSA-N,0,0,0,0,0,1
LEGACY-INCHIKEY-FCBMJRQSBJHIMY-UHFFFAOYSA-N,FCBMJRQSBJHIMY-UHFFFAOYSA-N,formolecular/novo_horizonte/banco_mestre_unificado.csv,MASTER_UNIFIED,FCBMJRQSBJHIMY-UHFFFAOYSA-N,0,0,0,0,0,1
LEGACY-INCHIKEY-FCGNKYNFYSLIIG-UHFFFAOYSA-N,FCGNKYNFYSLIIG-UHFFFAOYSA-N,formolecular/novo_horizonte/banco_mestre_unificado.csv,MASTER_UNIFIED,FCGNKYNFYSLIIG-UHFFFAOYSA-N,0,0,0,0,0,1
LEGACY-INCHIKEY-FCIFVTCZYVNQJW-UHFFFAOYSA-N,FCIFVTCZYVNQJW-UHFFFAOYSA-N,formolecular/novo_horizonte/banco_mestre_unificado.csv,MASTER_UNIFIED,FCIFVTCZYVNQJW-UHFFFAOYSA-N,0,0,0,0,0,1
LEGACY-INCHIKEY-FCKNJXDYUYLVFN-UHFFFAOYSA-N,FCKNJXDYUYLVFN-UHFFFAOYSA-N,formolecular/novo_horizonte/banco_mestre_unificado.csv,MASTER_UNIFIED,FCKNJXDYUYLVFN-UHFFFAOYSA-N,0,0,0,0,0,1
LEGACY-INCHIKEY-FCLINESNQYBSON-UHFFFAOYSA-N,FCLINESNQYBSON-UHFFFAOYSA-N,formolecular/novo_horizonte/banco_mestre_unificado.csv,MASTER_UNIFIED,FCLINESNQYBSON-UHFFFAOYSA-N,0,0,0,0,0,1
LEGACY-INCHIKEY-FCPATKQLWOOOAY-UHFFFAOYSA-N,FCPATKQLWOOOAY-UHFFFAOYSA-N,formolecular/novo_horizonte/banco_mestre_unificado.csv,MASTER_UNIFIED,FCPATKQLWOOOAY-UHFFFAOYSA-N,0,0,0,0,0,1
LEGACY-INCHIKEY-FCVPRIUQYMWUIR-UHFFFAOYSA-N,FCVPRIUQYMWUIR-UHFFFAOYSA-N,formolecular/novo_horizonte/banco_mestre_unificado.csv,MASTER_UNIFIED,FCVPRIUQYMWUIR-UHFFFAOYSA-N,0,0,0,0,0,1
LEGACY-INCHIKEY-FCWGGCMADBORNY-UHFFFAOYSA-N,FCWGGCMADBORNY-UHFFFAOYSA-N,formolecular/novo_horizonte/banco_mestre_unificado.csv,MASTER_UNIFIED,FCWGGCMADBORNY-UHFFFAOYSA-N,0,0,0,0,0,1
LEGACY-INCHIKEY-FCXSAOJPQUZAMI-UHFFFAOYSA-N,FCXSAOJPQUZAMI-UHFFFAOYSA-N,formolecular/novo_horizonte/banco_mestre_unificado.csv,MASTER_UNIFIED,FCXSAOJPQUZAMI-UHFFFAOYSA-N,0,0,0,0,0,1
LEGACY-INCHIKEY-FCYVYIVENXGMAC-UHFFFAOYSA-N,FCYVYIVENXGMAC-UHFFFAOYSA-N,formolecular/novo_horizonte/banco_mestre_unificado.csv,MASTER_UNIFIED,FCYVYIVENXGMAC-UHFFFAOYSA-N,0,0,0,0,0,1
LEGACY-INCHIKEY-FDCYPKHLDARJQP-UHFFFAOYSA-N,FDCYPKHLDARJQP-UHFFFAOYSA-N,formolecular/novo_horizonte/banco_mestre_unificado.csv,MASTER_UNIFIED,FDCYPKHLDARJQP-UHFFFAOYSA-N,0,0,0,0,0,1
LEGACY-INCHIKEY-FDRKRCFVAYJWRZ-UHFFFAOYSA-N,FDRKRCFVAYJWRZ-UHFFFAOYSA-N,formolecular/novo_horizonte/banco_mestre_unificado.csv,MASTER_UNIFIED,FDRKRCFVAYJWRZ-UHFFFAOYSA-N,0,0,0,0,0,1
LEGACY-INCHIKEY-FDTWYWFECPYITH-UHFFFAOYSA-N,FDTWYWFECPYITH-UHFFFAOYSA-N,formolecular/novo_horizonte/banco_mestre_unificado.csv,MASTER_UNIFIED,FDTWYWFECPYITH-UHFFFAOYSA-N,0,0,0,0,0,1
LEGACY-INCHIKEY-FDVJPSWBUJJREN-UHFFFAOYSA-N,FDVJPSWBUJJREN-UHFFFAOYSA-N,formolecular/novo_horizonte/banco_mestre_unificado.csv,MASTER_UNIFIED,FDVJPSWBUJJREN-UHFFFAOYSA-N,0,0,0,0,0,1
LEGACY-INCHIKEY-FECIJZVPSCWPAB-UHFFFAOYSA-N,FECIJZVPSCWPAB-UHFFFAOYSA-N,formolecular/novo_horizonte/banco_mestre_unificado.csv,MASTER_UNIFIED,FECIJZVPSCWPAB-UHFFFAOYSA-N,0,0,0,0,0,1
LEGACY-INCHIKEY-FERSYMCKEZVTGG-UHFFFAOYSA-N,FERSYMCKEZVTGG-UHFFFAOYSA-N,formolecular/novo_horizonte/banco_mestre_unificado.csv,MASTER_UNIFIED,FERSYMCKEZVTGG-UHFFFAOYSA-N,0,0,0,0,0,1
LEGACY-INCHIKEY-FEVXMXJJKQUEKN-UHFFFAOYSA-N,FEVXMXJJKQUEKN-UHFFFAOYSA-N,formolecular/novo_horizonte/banco_mestre_unificado.csv,MASTER_UNIFIED,FEVXMXJJKQUEKN-UHFFFAOYSA-N,0,0,0,0,0,1
LEGACY-INCHIKEY-FFIGPPAOIFPSCM-UHFFFAOYSA-N,FFIGPPAOIFPSCM-UHFFFAOYSA-N,formolecular/novo_horizonte/banco_mestre_unificado.csv,MASTER_UNIFIED,FFIGPPAOIFPSCM-UHFFFAOYSA-N,0,0,0,0,0,1
LEGACY-INCHIKEY-FFKHUACUFCFASF-UHFFFAOYSA-N,FFKHUACUFCFASF-UHFFFAOYSA-N,formolecular/novo_horizonte/banco_mestre_unificado.csv,MASTER_UNIFIED,FFKHUACUFCFASF-UHFFFAOYSA-N,0,0,0,0,0,1
LEGACY-INCHIKEY-FFLDPSNMFXYDDP-UHFFFAOYSA-N,FFLDPSNMFXYDDP-UHFFFAOYSA-N,formolecular/novo_horizonte/banco_mestre_unificado.csv,MASTER_UNIFIED,FFLDPSNMFXYDDP-UHFFFAOYSA-N,0,0,0,0,0,1
LEGACY-INCHIKEY-FFLTWTARUQDFQX-UHFFFAOYSA-N,FFLTWTARUQDFQX-UHFFFAOYSA-N,formolecular/novo_horizonte/banco_mestre_unificado.csv,MASTER_UNIFIED,FFLTWTARUQDFQX-UHFFFAOYSA-N,0,0,0,0,0,1
LEGACY-INCHIKEY-FFMAZSHIETWIQV-UHFFFAOYSA-N,FFMAZSHIETWIQV-UHFFFAOYSA-N,formolecular/novo_horizonte/banco_mestre_unificado.csv,MASTER_UNIFIED,FFMAZSHIETWIQV-UHFFFAOYSA-N,0,0,0,0,0,1
LEGACY-INCHIKEY-FFRJXWPGIOEIDM-UHFFFAOYSA-N,FFRJXWPGIOEIDM-UHFFFAOYSA-N,formolecular/novo_horizonte/banco_mestre_unificado.csv,MASTER_UNIFIED,FFRJXWPGIOEIDM-UHFFFAOYSA-N,0,0,0,0,0,1
LEGACY-INCHIKEY-FFSRVPXARVCYJQ-UHFFFAOYSA-N,FFSRVPXARVCYJQ-UHFFFAOYSA-N,formolecular/novo_horizonte/banco_mestre_unificado.csv,MASTER_UNIFIED,FFSRVPXARVCYJQ-UHFFFAOYSA-N,0,0,0,0,0,1
LEGACY-INCHIKEY-FFSXXDMGQUCMCB-UHFFFAOYSA-N,FFSXXDMGQUCMCB-UHFFFAOYSA-N,formolecular/novo_horizonte/banco_mestre_unificado.csv,MASTER_UNIFIED,FFSXXDMGQUCMCB-UHFFFAOYSA-N,0,0,0,0,0,1
LEGACY-INCHIKEY-FGCQYGGQBDFCNM-UHFFFAOYSA-N,FGCQYGGQBDFCNM-UHFFFAOYSA-N,formolecular/novo_horizonte/banco_mestre_unificado.csv,MASTER_UNIFIED,FGCQYGGQBDFCNM-UHFFFAOYSA-N,0,0,0,0,0,1
LEGACY-INCHIKEY-FGHWYRIFBPWOMD-UHFFFAOYSA-N,FGHWYRIFBPWOMD-UHFFFAOYSA-N,formolecular/novo_horizonte/banco_mestre_unificado.csv,MASTER_UNIFIED,FGHWYRIFBPWOMD-UHFFFAOYSA-N,0,0,0,0,0,1
LEGACY-INCHIKEY-FGJNKWUBULZBJZ-UHFFFAOYSA-N,FGJNKWUBULZBJZ-UHFFFAOYSA-N,formolecular/novo_horizonte/banco_mestre_unificado.csv,MASTER_UNIFIED,FGJNKWUBULZBJZ-UHFFFAOYSA-N,0,0,0,0,0,1
LEGACY-INCHIKEY-FGLLRMZJTAUFGI-UHFFFAOYSA-N,FGLLRMZJTAUFGI-UHFFFAOYSA-N,formolecular/novo_horizonte/banco_mestre_unificado.csv,MASTER_UNIFIED,FGLLRMZJTAUFGI-UHFFFAOYSA-N,0,0,0,0,0,1
LEGACY-INCHIKEY-FGNUPWDRDVJZKJ-UHFFFAOYSA-N,FGNUPWDRDVJZKJ-UHFFFAOYSA-N,formolecular/novo_horizonte/banco_mestre_unificado.csv,MASTER_UNIFIED,FGNUPWDRDVJZKJ-UHFFFAOYSA-N,0,0,0,0,0,1
LEGACY-INCHIKEY-FGOJBOBEEMRGGW-UHFFFAOYSA-N,FGOJBOBEEMRGGW-UHFFFAOYSA-N,formolecular/novo_horizonte/banco_mestre_unificado.csv,MASTER_UNIFIED,FGOJBOBEEMRGGW-UHFFFAOYSA-N,0,0,0,0,0,1
LEGACY-INCHIKEY-FGRMXBJSEJOJHS-UHFFFAOYSA-N,FGRMXBJSEJOJHS-UHFFFAOYSA-N,formolecular/novo_horizonte/banco_mestre_unificado.csv,MASTER_UNIFIED,FGRMXBJSEJOJHS-UHFFFAOYSA-N,0,0,0,0,0,1
LEGACY-INCHIKEY-FGTODWBJEIDRLN-UHFFFAOYSA-N,FGTODWBJEIDRLN-UHFFFAOYSA-N,formolecular/novo_horizonte/banco_mestre_unificado.csv,MASTER_UNIFIED,FGTODWBJEIDRLN-UHFFFAOYSA-N,0,0,0,0,0,1
LEGACY-INCHIKEY-FGVLJZDUWGILAI-UHFFFAOYSA-N,FGVLJZDUWGILAI-UHFFFAOYSA-N,formolecular/novo_horizonte/banco_mestre_unificado.csv,MASTER_UNIFIED,FGVLJZDUWGILAI-UHFFFAOYSA-N,0,0,0,0,0,1
LEGACY-INCHIKEY-FHFQWADILBORRH-UHFFFAOYSA-N,FHFQWADILBORRH-UHFFFAOYSA-N,formolecular/novo_horizonte/banco_mestre_unificado.csv,MASTER_UNIFIED,FHFQWADILBORRH-UHFFFAOYSA-N,0,0,0,0,0,1
LEGACY-INCHIKEY-FHHRXOGUWOAXKN-UHFFFAOYSA-N,FHHRXOGUWOAXKN-UHFFFAOYSA-N,formolecular/novo_horizonte/banco_mestre_unificado.csv,MASTER_UNIFIED,FHHRXOGUWOAXKN-UHFFFAOYSA-N,0,0,0,0,0,1
LEGACY-INCHIKEY-FHHTYOICIASBFU-UHFFFAOYSA-N,FHHTYOICIASBFU-UHFFFAOYSA-N,formolecular/novo_horizonte/banco_mestre_unificado.csv,MASTER_UNIFIED,FHHTYOICIASBFU-UHFFFAOYSA-N,0,0,0,0,0,1
LEGACY-INCHIKEY-FHLNVQISSMRXDE-UHFFFAOYSA-N,FHLNVQISSMRXDE-UHFFFAOYSA-N,formolecular/novo_horizonte/banco_mestre_unificado.csv,MASTER_UNIFIED,FHLNVQISSMRXDE-UHFFFAOYSA-N,0,0,0,0,0,1
LEGACY-INCHIKEY-FHQDWCYENIQZEP-UHFFFAOYSA-N,FHQDWCYENIQZEP-UHFFFAOYSA-N,formolecular/novo_horizonte/banco_mestre_unificado.csv,MASTER_UNIFIED,FHQDWCYENIQZEP-UHFFFAOYSA-N,0,0,0,0,0,1
LEGACY-INCHIKEY-FHWZBFYBZDYJGY-UHFFFAOYSA-N,FHWZBFYBZDYJGY-UHFFFAOYSA-N,formolecular/novo_horizonte/banco_mestre_unificado.csv,MASTER_UNIFIED,FHWZBFYBZDYJGY-UHFFFAOYSA-N,0,0,0,0,0,1
LEGACY-INCHIKEY-FHZGAKCIBIUJLH-UHFFFAOYSA-N,FHZGAKCIBIUJLH-UHFFFAOYSA-N,formolecular/novo_horizonte/banco_mestre_unificado.csv,MASTER_UNIFIED,FHZGAKCIBIUJLH-UHFFFAOYSA-N,0,0,0,0,0,1
LEGACY-INCHIKEY-FIEKSBVZWDKGNG-UHFFFAOYSA-N,FIEKSBVZWDKGNG-UHFFFAOYSA-N,formolecular/novo_horizonte/banco_mestre_unificado.csv,MASTER_UNIFIED,FIEKSBVZWDKGNG-UHFFFAOYSA-N,0,0,0,0,0,1
LEGACY-INCHIKEY-FIHOULWXBFWXGJ-UHFFFAOYSA-N,FIHOULWXBFWXGJ-UHFFFAOYSA-N,formolecular/novo_horizonte/banco_mestre_unificado.csv,MASTER_UNIFIED,FIHOULWXBFWXGJ-UHFFFAOYSA-N,0,0,0,0,0,1
LEGACY-INCHIKEY-FIWCFYGOOHYAON-UHFFFAOYSA-N,FIWCFYGOOHYAON-UHFFFAOYSA-N,formolecular/novo_horizonte/banco_mestre_unificado.csv,MASTER_UNIFIED,FIWCFYGOOHYAON-UHFFFAOYSA-N,0,0,0,0,0,1
LEGACY-INCHIKEY-FIYAJSWLZNNIER-UHFFFAOYSA-N,FIYAJSWLZNNIER-UHFFFAOYSA-N,formolecular/novo_horizonte/banco_mestre_unificado.csv,MASTER_UNIFIED,FIYAJSWLZNNIER-UHFFFAOYSA-N,0,0,0,0,0,1
LEGACY-INCHIKEY-FIYHPMCLTPYMGU-UHFFFAOYSA-N,FIYHPMCLTPYMGU-UHFFFAOYSA-N,formolecular/novo_horizonte/banco_mestre_unificado.csv,MASTER_UNIFIED,FIYHPMCLTPYMGU-UHFFFAOYSA-N,0,0,0,0,0,1
LEGACY-INCHIKEY-FIYHWEIRVAGQJU-UHFFFAOYSA-N,FIYHWEIRVAGQJU-UHFFFAOYSA-N,formolecular/novo_horizonte/banco_mestre_unificado.csv,MASTER_UNIFIED,FIYHWEIRVAGQJU-UHFFFAOYSA-N,0,0,0,0,0,1
LEGACY-INCHIKEY-FJCBVHMODOIYOF-UHFFFAOYSA-N,FJCBVHMODOIYOF-UHFFFAOYSA-N,formolecular/novo_horizonte/banco_mestre_unificado.csv,MASTER_UNIFIED,FJCBVHMODOIYOF-UHFFFAOYSA-N,0,0,0,0,0,1
LEGACY-INCHIKEY-FJPBQDHJXQOPTA-UHFFFAOYSA-N,FJPBQDHJXQOPTA-UHFFFAOYSA-N,formolecular/novo_horizonte/banco_mestre_unificado.csv,MASTER_UNIFIED,FJPBQDHJXQOPTA-UHFFFAOYSA-N,0,0,0,0,0,1
LEGACY-INCHIKEY-FJWMGYMSVYTFLK-UHFFFAOYSA-N,FJWMGYMSVYTFLK-UHFFFAOYSA-N,formolecular/novo_horizonte/banco_mestre_unificado.csv,MASTER_UNIFIED,FJWMGYMSVYTFLK-UHFFFAOYSA-N,0,0,0,0,0,1
LEGACY-INCHIKEY-FJZNJLOHYDFFLK-UHFFFAOYSA-N,FJZNJLOHYDFFLK-UHFFFAOYSA-N,formolecular/novo_horizonte/banco_mestre_unificado.csv,MASTER_UNIFIED,FJZNJLOHYDFFLK-UHFFFAOYSA-N,0,0,0,0,0,1
LEGACY-INCHIKEY-FKKIHLLECIFOSN-UHFFFAOYSA-N,FKKIHLLECIFOSN-UHFFFAOYSA-N,formolecular/novo_horizonte/banco_mestre_unificado.csv,MASTER_UNIFIED,FKKIHLLECIFOSN-UHFFFAOYSA-N,0,0,0,0,0,1
LEGACY-INCHIKEY-FKPMEVUVLTTYAS-UHFFFAOYSA-N,FKPMEVUVLTTYAS-UHFFFAOYSA-N,formolecular/novo_horizonte/banco_mestre_unificado.csv,MASTER_UNIFIED,FKPMEVUVLTTYAS-UHFFFAOYSA-N,0,0,0,0,0,1
LEGACY-INCHIKEY-FKRAPWQTLDMHFW-UHFFFAOYSA-N,FKRAPWQTLDMHFW-UHFFFAOYSA-N,formolecular/novo_horizonte/banco_mestre_unificado.csv,MASTER_UNIFIED,FKRAPWQTLDMHFW-UHFFFAOYSA-N,0,0,0,0,0,1
LEGACY-INCHIKEY-FKYIMRSESXHGJY-UHFFFAOYSA-N,FKYIMRSESXHGJY-UHFFFAOYSA-N,formolecular/novo_horizonte/banco_mestre_unificado.csv,MASTER_UNIFIED,FKYIMRSESXHGJY-UHFFFAOYSA-N,0,0,0,0,0,1
LEGACY-INCHIKEY-FLANEFSGNJLRQJ-UHFFFAOYSA-N,FLANEFSGNJLRQJ-UHFFFAOYSA-N,formolecular/novo_horizonte/banco_mestre_unificado.csv,MASTER_UNIFIED,FLANEFSGNJLRQJ-UHFFFAOYSA-N,0,0,0,0,0,1
LEGACY-INCHIKEY-FLDQQQZHZSTKCP-UHFFFAOYSA-N,FLDQQQZHZSTKCP-UHFFFAOYSA-N,formolecular/novo_horizonte/banco_mestre_unificado.csv,MASTER_UNIFIED,FLDQQQZHZSTKCP-UHFFFAOYSA-N,0,0,0,0,0,1
LEGACY-INCHIKEY-FLKGSDRSONTXKN-UHFFFAOYSA-N,FLKGSDRSONTXKN-UHFFFAOYSA-N,formolecular/novo_horizonte/banco_mestre_unificado.csv,MASTER_UNIFIED,FLKGSDRSONTXKN-UHFFFAOYSA-N,0,0,0,0,0,1
LEGACY-INCHIKEY-FLLQDRNFYJHYMB-UHFFFAOYSA-N,FLLQDRNFYJHYMB-UHFFFAOYSA-N,formolecular/novo_horizonte/banco_mestre_unificado.csv,MASTER_UNIFIED,FLLQDRNFYJHYMB-UHFFFAOYSA-N,0,0,0,0,0,1
LEGACY-INCHIKEY-FLOTUQIWTJZCSZ-UHFFFAOYSA-N,FLOTUQIWTJZCSZ-UHFFFAOYSA-N,formolecular/novo_horizonte/banco_mestre_unificado.csv,MASTER_UNIFIED,FLOTUQIWTJZCSZ-UHFFFAOYSA-N,0,0,0,0,0,1
LEGACY-INCHIKEY-FLSFWMUJTHSUDW-UHFFFAOYSA-N,FLSFWMUJTHSUDW-UHFFFAOYSA-N,formolecular/novo_horizonte/banco_mestre_unificado.csv,MASTER_UNIFIED,FLSFWMUJTHSUDW-UHFFFAOYSA-N,0,0,0,0,0,1
LEGACY-INCHIKEY-FLTOOQUWHJXVGB-UHFFFAOYSA-N,FLTOOQUWHJXVGB-UHFFFAOYSA-N,formolecular/novo_horizonte/banco_mestre_unificado.csv,MASTER_UNIFIED,FLTOOQUWHJXVGB-UHFFFAOYSA-N,0,0,0,0,0,1
LEGACY-INCHIKEY-FLVAQJAFCZUSTB-UHFFFAOYSA-N,FLVAQJAFCZUSTB-UHFFFAOYSA-N,formolecular/novo_horizonte/banco_mestre_unificado.csv,MASTER_UNIFIED,FLVAQJAFCZUSTB-UHFFFAOYSA-N,0,0,0,0,0,1
LEGACY-INCHIKEY-FLWJLYNDRAPVFO-UHFFFAOYSA-N,FLWJLYNDRAPVFO-UHFFFAOYSA-N,formolecular/novo_horizonte/banco_mestre_unificado.csv,MASTER_UNIFIED,FLWJLYNDRAPVFO-UHFFFAOYSA-N,0,0,0,0,0,1
LEGACY-INCHIKEY-FMDBMQAOIKSINC-UHFFFAOYSA-N,FMDBMQAOIKSINC-UHFFFAOYSA-N,formolecular/novo_horizonte/banco_mestre_unificado.csv,MASTER_UNIFIED,FMDBMQAOIKSINC-UHFFFAOYSA-N,0,0,0,0,0,1
LEGACY-INCHIKEY-FMDXWKQAULALGN-UHFFFAOYSA-N,FMDXWKQAULALGN-UHFFFAOYSA-N,formolecular/novo_horizonte/banco_mestre_unificado.csv,MASTER_UNIFIED,FMDXWKQAULALGN-UHFFFAOYSA-N,0,0,0,0,0,1
LEGACY-INCHIKEY-FMGRUZWPXDKTHC-UHFFFAOYSA-N,FMGRUZWPXDKTHC-UHFFFAOYSA-N,formolecular/novo_horizonte/banco_mestre_unificado.csv,MASTER_UNIFIED,FMGRUZWPXDKTHC-UHFFFAOYSA-N,0,0,0,0,0,1
LEGACY-INCHIKEY-FMJLCVJQLNPHGK-UHFFFAOYSA-N,FMJLCVJQLNPHGK-UHFFFAOYSA-N,formolecular/novo_horizonte/banco_mestre_unificado.csv,MASTER_UNIFIED,FMJLCVJQLNPHGK-UHFFFAOYSA-N,0,0,0,0,0,1
LEGACY-INCHIKEY-FMJSPZFHGKRMBK-UHFFFAOYSA-N,FMJSPZFHGKRMBK-UHFFFAOYSA-N,formolecular/novo_horizonte/banco_mestre_unificado.csv,MASTER_UNIFIED,FMJSPZFHGKRMBK-UHFFFAOYSA-N,0,0,0,0,0,1
LEGACY-INCHIKEY-FMLNSFPRMOYNKY-UHFFFAOYSA-N,FMLNSFPRMOYNKY-UHFFFAOYSA-N,formolecular/novo_horizonte/banco_mestre_unificado.csv,MASTER_UNIFIED,FMLNSFPRMOYNKY-UHFFFAOYSA-N,0,0,0,0,0,1
LEGACY-INCHIKEY-FMRXJCZVKKYXAH-UHFFFAOYSA-N,FMRXJCZVKKYXAH-UHFFFAOYSA-N,formolecular/novo_horizonte/banco_mestre_unificado.csv,MASTER_UNIFIED,FMRXJCZVKKYXAH-UHFFFAOYSA-N,0,0,0,0,0,1
LEGACY-INCHIKEY-FMVJLIUPYMVLEL-UHFFFAOYSA-N,FMVJLIUPYMVLEL-UHFFFAOYSA-N,formolecular/novo_horizonte/banco_mestre_unificado.csv,MASTER_UNIFIED,FMVJLIUPYMVLEL-UHFFFAOYSA-N,0,0,0,0,0,1
LEGACY-INCHIKEY-FMZKZWFSFLNKQO-UHFFFAOYSA-N,FMZKZWFSFLNKQO-UHFFFAOYSA-N,formolecular/novo_horizonte/banco_mestre_unificado.csv,MASTER_UNIFIED,FMZKZWFSFLNKQO-UHFFFAOYSA-N,0,0,0,0,0,1
LEGACY-INCHIKEY-FMZRNXWOHUBVDT-UHFFFAOYSA-N,FMZRNXWOHUBVDT-UHFFFAOYSA-N,formolecular/novo_horizonte/banco_mestre_unificado.csv,MASTER_UNIFIED,FMZRNXWOHUBVDT-UHFFFAOYSA-N,0,0,0,0,0,1
LEGACY-INCHIKEY-FNBZMTDTSOIOIU-UHFFFAOYSA-N,FNBZMTDTSOIOIU-UHFFFAOYSA-N,formolecular/novo_horizonte/banco_mestre_unificado.csv,MASTER_UNIFIED,FNBZMTDTSOIOIU-UHFFFAOYSA-N,0,0,0,0,0,1
LEGACY-INCHIKEY-FNSKGBNJSUZZMS-UHFFFAOYSA-N,FNSKGBNJSUZZMS-UHFFFAOYSA-N,formolecular/novo_horizonte/banco_mestre_unificado.csv,MASTER_UNIFIED,FNSKGBNJSUZZMS-UHFFFAOYSA-N,0,0,0,0,0,1
LEGACY-INCHIKEY-FNVBGYMIDFIAAD-UHFFFAOYSA-N,FNVBGYMIDFIAAD-UHFFFAOYSA-N,formolecular/novo_horizonte/banco_mestre_unificado.csv,MASTER_UNIFIED,FNVBGYMIDFIAAD-UHFFFAOYSA-N,0,0,0,0,0,1
LEGACY-INCHIKEY-FOCCMKJIHMSNBG-UHFFFAOYSA-N,FOCCMKJIHMSNBG-UHFFFAOYSA-N,formolecular/novo_horizonte/banco_mestre_unificado.csv,MASTER_UNIFIED,FOCCMKJIHMSNBG-UHFFFAOYSA-N,0,0,0,0,0,1
LEGACY-INCHIKEY-FOELFENYZKTPHH-UHFFFAOYSA-N,FOELFENYZKTPHH-UHFFFAOYSA-N,formolecular/novo_horizonte/banco_mestre_unificado.csv,MASTER_UNIFIED,FOELFENYZKTPHH-UHFFFAOYSA-N,0,0,0,0,0,1
LEGACY-INCHIKEY-FOHROTRXVMPKTR-UHFFFAOYSA-N,FOHROTRXVMPKTR-UHFFFAOYSA-N,formolecular/novo_horizonte/banco_mestre_unificado.csv,MASTER_UNIFIED,FOHROTRXVMPKTR-UHFFFAOYSA-N,0,0,0,0,0,1
LEGACY-INCHIKEY-FOIJQLVNIYRQMH-UHFFFAOYSA-N,FOIJQLVNIYRQMH-UHFFFAOYSA-N,formolecular/novo_horizonte/banco_mestre_unificado.csv,MASTER_UNIFIED,FOIJQLVNIYRQMH-UHFFFAOYSA-N,0,0,0,0,0,1
LEGACY-INCHIKEY-FONVLFWCZSSDDC-UHFFFAOYSA-N,FONVLFWCZSSDDC-UHFFFAOYSA-N,formolecular/novo_horizonte/banco_mestre_unificado.csv,MASTER_UNIFIED,FONVLFWCZSSDDC-UHFFFAOYSA-N,0,0,0,0,0,1
LEGACY-INCHIKEY-FOPYCXNLIGIVQQ-UHFFFAOYSA-N,FOPYCXNLIGIVQQ-UHFFFAOYSA-N,formolecular/novo_horizonte/banco_mestre_unificado.csv,MASTER_UNIFIED,FOPYCXNLIGIVQQ-UHFFFAOYSA-N,0,0,0,0,0,1
LEGACY-INCHIKEY-FOUBQBOXVGWUEP-UHFFFAOYSA-N,FOUBQBOXVGWUEP-UHFFFAOYSA-N,formolecular/novo_horizonte/banco_mestre_unificado.csv,MASTER_UNIFIED,FOUBQBOXVGWUEP-UHFFFAOYSA-N,0,0,0,0,0,1
LEGACY-INCHIKEY-FOVHDZQWXVMQMQ-UHFFFAOYSA-N,FOVHDZQWXVMQMQ-UHFFFAOYSA-N,formolecular/novo_horizonte/banco_mestre_unificado.csv,MASTER_UNIFIED,FOVHDZQWXVMQMQ-UHFFFAOYSA-N,0,0,0,0,0,1
LEGACY-INCHIKEY-FPAHCMGUSFLGJD-UHFFFAOYSA-N,FPAHCMGUSFLGJD-UHFFFAOYSA-N,formolecular/novo_horizonte/banco_mestre_unificado.csv,MASTER_UNIFIED,FPAHCMGUSFLGJD-UHFFFAOYSA-N,0,0,0,0,0,1
LEGACY-INCHIKEY-FPDUUGNNGRAXRO-UHFFFAOYSA-N,FPDUUGNNGRAXRO-UHFFFAOYSA-N,formolecular/novo_horizonte/banco_mestre_unificado.csv,MASTER_UNIFIED,FPDUUGNNGRAXRO-UHFFFAOYSA-N,0,0,0,0,0,1
LEGACY-INCHIKEY-FPDZDUCXBJNWDR-UHFFFAOYSA-N,FPDZDUCXBJNWDR-UHFFFAOYSA-N,formolecular/novo_horizonte/banco_mestre_unificado.csv,MASTER_UNIFIED,FPDZDUCXBJNWDR-UHFFFAOYSA-N,0,0,0,0,0,1
LEGACY-INCHIKEY-FPMDAVDQMOLMDS-UHFFFAOYSA-N,FPMDAVDQMOLMDS-UHFFFAOYSA-N,formolecular/novo_horizonte/banco_mestre_unificado.csv,MASTER_UNIFIED,FPMDAVDQMOLMDS-UHFFFAOYSA-N,0,0,0,0,0,1
LEGACY-INCHIKEY-FPMWYCXCPHXFTO-UHFFFAOYSA-N,FPMWYCXCPHXFTO-UHFFFAOYSA-N,formolecular/novo_horizonte/banco_mestre_unificado.csv,MASTER_UNIFIED,FPMWYCXCPHXFTO-UHFFFAOYSA-N,0,0,0,0,0,1
LEGACY-INCHIKEY-FPNLHBGRFAJNIK-UHFFFAOYSA-N,FPNLHBGRFAJNIK-UHFFFAOYSA-N,formolecular/novo_horizonte/banco_mestre_unificado.csv,MASTER_UNIFIED,FPNLHBGRFAJNIK-UHFFFAOYSA-N,0,0,0,0,0,1
LEGACY-INCHIKEY-FPONDCLVMFBLSH-UHFFFAOYSA-N,FPONDCLVMFBLSH-UHFFFAOYSA-N,formolecular/novo_horizonte/banco_mestre_unificado.csv,MASTER_UNIFIED,FPONDCLVMFBLSH-UHFFFAOYSA-N,0,0,0,0,0,1
LEGACY-INCHIKEY-FPTFAGMCNIKSBZ-UHFFFAOYSA-N,FPTFAGMCNIKSBZ-UHFFFAOYSA-N,formolecular/novo_horizonte/banco_mestre_unificado.csv,MASTER_UNIFIED,FPTFAGMCNIKSBZ-UHFFFAOYSA-N,0,0,0,0,0,1
LEGACY-INCHIKEY-FQJQFBABDOUIJT-UHFFFAOYSA-N,FQJQFBABDOUIJT-UHFFFAOYSA-N,formolecular/novo_horizonte/banco_mestre_unificado.csv,MASTER_UNIFIED,FQJQFBABDOUIJT-UHFFFAOYSA-N,0,0,0,0,0,1
LEGACY-INCHIKEY-FQJZAAJRRIODTF-UHFFFAOYSA-N,FQJZAAJRRIODTF-UHFFFAOYSA-N,formolecular/novo_horizonte/banco_mestre_unificado.csv,MASTER_UNIFIED,FQJZAAJRRIODTF-UHFFFAOYSA-N,0,0,0,0,0,1
LEGACY-INCHIKEY-FQRPZHVCKHWXQZ-UHFFFAOYSA-N,FQRPZHVCKHWXQZ-UHFFFAOYSA-N,formolecular/novo_horizonte/banco_mestre_unificado.csv,MASTER_UNIFIED,FQRPZHVCKHWXQZ-UHFFFAOYSA-N,0,0,0,0,0,1
LEGACY-INCHIKEY-FQUIFZOLFBWENK-UHFFFAOYSA-N,FQUIFZOLFBWENK-UHFFFAOYSA-N,formolecular/novo_horizonte/banco_mestre_unificado.csv,MASTER_UNIFIED,FQUIFZOLFBWENK-UHFFFAOYSA-N,0,0,0,0,0,1
LEGACY-INCHIKEY-FQVZFAVIILPUIS-UHFFFAOYSA-N,FQVZFAVIILPUIS-UHFFFAOYSA-N,formolecular/novo_horizonte/banco_mestre_unificado.csv,MASTER_UNIFIED,FQVZFAVIILPUIS-UHFFFAOYSA-N,0,0,0,0,0,1
LEGACY-INCHIKEY-FQWJHFHLNSGNTI-UHFFFAOYSA-N,FQWJHFHLNSGNTI-UHFFFAOYSA-N,formolecular/novo_horizonte/banco_mestre_unificado.csv,MASTER_UNIFIED,FQWJHFHLNSGNTI-UHFFFAOYSA-N,0,0,0,0,0,1
LEGACY-INCHIKEY-FQXXGXMNDGIAAH-UHFFFAOYSA-N,FQXXGXMNDGIAAH-UHFFFAOYSA-N,formolecular/novo_horizonte/banco_mestre_unificado.csv,MASTER_UNIFIED,FQXXGXMNDGIAAH-UHFFFAOYSA-N,0,0,0,0,0,1
LEGACY-INCHIKEY-FQYUCXNJPGMJOL-UHFFFAOYSA-N,FQYUCXNJPGMJOL-UHFFFAOYSA-N,formolecular/novo_horizonte/banco_mestre_unificado.csv,MASTER_UNIFIED,FQYUCXNJPGMJOL-UHFFFAOYSA-N,0,0,0,0,0,1
LEGACY-INCHIKEY-FRCCRFRJNFZUNT-UHFFFAOYSA-N,FRCCRFRJNFZUNT-UHFFFAOYSA-N,formolecular/novo_horizonte/banco_mestre_unificado.csv,MASTER_UNIFIED,FRCCRFRJNFZUNT-UHFFFAOYSA-N,0,0,0,0,0,1
LEGACY-INCHIKEY-FRKQJXKNVZCJTG-UHFFFAOYSA-N,FRKQJXKNVZCJTG-UHFFFAOYSA-N,formolecular/novo_horizonte/banco_mestre_unificado.csv,MASTER_UNIFIED,FRKQJXKNVZCJTG-UHFFFAOYSA-N,0,0,0,0,0,1
LEGACY-INCHIKEY-FRNQCJMKWCVYGV-UHFFFAOYSA-N,FRNQCJMKWCVYGV-UHFFFAOYSA-N,formolecular/novo_horizonte/banco_mestre_unificado.csv,MASTER_UNIFIED,FRNQCJMKWCVYGV-UHFFFAOYSA-N,0,0,0,0,0,1
LEGACY-INCHIKEY-FRUNCHPVOQBRJB-UHFFFAOYSA-N,FRUNCHPVOQBRJB-UHFFFAOYSA-N,formolecular/novo_horizonte/banco_mestre_unificado.csv,MASTER_UNIFIED,FRUNCHPVOQBRJB-UHFFFAOYSA-N,0,0,0,0,0,1
LEGACY-INCHIKEY-FSECFNKEXSICJM-UHFFFAOYSA-N,FSECFNKEXSICJM-UHFFFAOYSA-N,formolecular/novo_horizonte/banco_mestre_unificado.csv,MASTER_UNIFIED,FSECFNKEXSICJM-UHFFFAOYSA-N,0,0,0,0,0,1
LEGACY-INCHIKEY-FSLGEZIYBYANRS-UHFFFAOYSA-N,FSLGEZIYBYANRS-UHFFFAOYSA-N,formolecular/novo_horizonte/banco_mestre_unificado.csv,MASTER_UNIFIED,FSLGEZIYBYANRS-UHFFFAOYSA-N,0,0,0,0,0,1
LEGACY-INCHIKEY-FSSDJHXJFFKFQF-UHFFFAOYSA-N,FSSDJHXJFFKFQF-UHFFFAOYSA-N,formolecular/novo_horizonte/banco_mestre_unificado.csv,MASTER_UNIFIED,FSSDJHXJFFKFQF-UHFFFAOYSA-N,0,0,0,0,0,1
LEGACY-INCHIKEY-FSVBJWMNQICCQY-UHFFFAOYSA-N,FSVBJWMNQICCQY-UHFFFAOYSA-N,formolecular/novo_horizonte/banco_mestre_unificado.csv,MASTER_UNIFIED,FSVBJWMNQICCQY-UHFFFAOYSA-N,0,0,0,0,0,1
LEGACY-INCHIKEY-FSZVQIDRBCDPIA-UHFFFAOYSA-N,FSZVQIDRBCDPIA-UHFFFAOYSA-N,formolecular/novo_horizonte/banco_mestre_unificado.csv,MASTER_UNIFIED,FSZVQIDRBCDPIA-UHFFFAOYSA-N,0,0,0,0,0,1
LEGACY-INCHIKEY-FTBYTCSJTALNMI-UHFFFAOYSA-N,FTBYTCSJTALNMI-UHFFFAOYSA-N,formolecular/novo_horizonte/banco_mestre_unificado.csv,MASTER_UNIFIED,FTBYTCSJTALNMI-UHFFFAOYSA-N,0,0,0,0,0,1
LEGACY-INCHIKEY-FTDLOLMGBJISKD-UHFFFAOYSA-N,FTDLOLMGBJISKD-UHFFFAOYSA-N,formolecular/novo_horizonte/banco_mestre_unificado.csv,MASTER_UNIFIED,FTDLOLMGBJISKD-UHFFFAOYSA-N,0,0,0,0,0,1
LEGACY-INCHIKEY-FTFLTIRDAOXDPB-UHFFFAOYSA-N,FTFLTIRDAOXDPB-UHFFFAOYSA-N,formolecular/novo_horizonte/banco_mestre_unificado.csv,MASTER_UNIFIED,FTFLTIRDAOXDPB-UHFFFAOYSA-N,0,0,0,0,0,1
LEGACY-INCHIKEY-FTMYMTVYWRSPIU-UHFFFAOYSA-N,FTMYMTVYWRSPIU-UHFFFAOYSA-N,formolecular/novo_horizonte/banco_mestre_unificado.csv,MASTER_UNIFIED,FTMYMTVYWRSPIU-UHFFFAOYSA-N,0,0,0,0,0,1
LEGACY-INCHIKEY-FTQNEKMVJDWUHC-UHFFFAOYSA-N,FTQNEKMVJDWUHC-UHFFFAOYSA-N,formolecular/csv_elite_farma/RANKING_FARMACOS_ELITE_ADMET.csv,FARMA_ELITE,FTQNEKMVJDWUHC-UHFFFAOYSA-N,0,1,0,0,0,0
LEGACY-INCHIKEY-FTVKCELCSIRWKN-UHFFFAOYSA-N,FTVKCELCSIRWKN-UHFFFAOYSA-N,formolecular/novo_horizonte/banco_mestre_unificado.csv,MASTER_UNIFIED,FTVKCELCSIRWKN-UHFFFAOYSA-N,0,0,0,0,0,1
LEGACY-INCHIKEY-FTZQQPCKDSPKPE-UHFFFAOYSA-N,FTZQQPCKDSPKPE-UHFFFAOYSA-N,formolecular/novo_horizonte/banco_mestre_unificado.csv,MASTER_UNIFIED,FTZQQPCKDSPKPE-UHFFFAOYSA-N,0,0,0,0,0,1
LEGACY-INCHIKEY-FVHSLGHZTCYBQC-UHFFFAOYSA-N,FVHSLGHZTCYBQC-UHFFFAOYSA-N,formolecular/novo_horizonte/banco_mestre_unificado.csv,MASTER_UNIFIED,FVHSLGHZTCYBQC-UHFFFAOYSA-N,0,0,0,0,0,1
LEGACY-INCHIKEY-FWBHUVINNOSASX-UHFFFAOYSA-N,FWBHUVINNOSASX-UHFFFAOYSA-N,formolecular/novo_horizonte/top10_validado_4EY7.csv,NH_VALIDATED_4EY7;NH_ISOLATED;MASTER_UNIFIED,FWBHUVINNOSASX-UHFFFAOYSA-N,0,0,0,1,1,1
LEGACY-INCHIKEY-FWBWWMGBOVBLPJ-UHFFFAOYSA-N,FWBWWMGBOVBLPJ-UHFFFAOYSA-N,formolecular/novo_horizonte/banco_mestre_unificado.csv,MASTER_UNIFIED,FWBWWMGBOVBLPJ-UHFFFAOYSA-N,0,0,0,0,0,1
LEGACY-INCHIKEY-FWNZHQPWKNJSMG-UHFFFAOYSA-N,FWNZHQPWKNJSMG-UHFFFAOYSA-N,formolecular/novo_horizonte/banco_mestre_unificado.csv,MASTER_UNIFIED,FWNZHQPWKNJSMG-UHFFFAOYSA-N,0,0,0,0,0,1
LEGACY-INCHIKEY-FWQPLZRBSWYORQ-UHFFFAOYSA-N,FWQPLZRBSWYORQ-UHFFFAOYSA-N,formolecular/novo_horizonte/banco_mestre_unificado.csv,MASTER_UNIFIED,FWQPLZRBSWYORQ-UHFFFAOYSA-N,0,0,0,0,0,1
LEGACY-INCHIKEY-FWQQHZXDFHSBNA-UHFFFAOYSA-N,FWQQHZXDFHSBNA-UHFFFAOYSA-N,formolecular/novo_horizonte/banco_mestre_unificado.csv,MASTER_UNIFIED,FWQQHZXDFHSBNA-UHFFFAOYSA-N,0,0,0,0,0,1
LEGACY-INCHIKEY-FWRKQVJPXUYANQ-UHFFFAOYSA-N,FWRKQVJPXUYANQ-UHFFFAOYSA-N,formolecular/csv_elite_farma/RANKING_FARMACOS_ELITE_ADMET.csv,FARMA_ELITE,FWRKQVJPXUYANQ-UHFFFAOYSA-N,0,1,0,0,0,0
LEGACY-INCHIKEY-FWTUDMPQUOHHMP-UHFFFAOYSA-N,FWTUDMPQUOHHMP-UHFFFAOYSA-N,formolecular/novo_horizonte/banco_mestre_unificado.csv,MASTER_UNIFIED,FWTUDMPQUOHHMP-UHFFFAOYSA-N,0,0,0,0,0,1
LEGACY-INCHIKEY-FWWCPACDVAHVJO-UHFFFAOYSA-N,FWWCPACDVAHVJO-UHFFFAOYSA-N,formolecular/novo_horizonte/banco_mestre_unificado.csv,MASTER_UNIFIED,FWWCPACDVAHVJO-UHFFFAOYSA-N,0,0,0,0,0,1
LEGACY-INCHIKEY-FWWSBAUHNKCMRM-UHFFFAOYSA-N,FWWSBAUHNKCMRM-UHFFFAOYSA-N,formolecular/novo_horizonte/banco_mestre_unificado.csv,MASTER_UNIFIED,FWWSBAUHNKCMRM-UHFFFAOYSA-N,0,0,0,0,0,1
LEGACY-INCHIKEY-FXAFUWDPODHOBU-UHFFFAOYSA-N,FXAFUWDPODHOBU-UHFFFAOYSA-N,formolecular/novo_horizonte/banco_mestre_unificado.csv,MASTER_UNIFIED,FXAFUWDPODHOBU-UHFFFAOYSA-N,0,0,0,0,0,1
LEGACY-INCHIKEY-FXDQBSBHVGARRM-UHFFFAOYSA-N,FXDQBSBHVGARRM-UHFFFAOYSA-N,formolecular/novo_horizonte/banco_mestre_unificado.csv,MASTER_UNIFIED,FXDQBSBHVGARRM-UHFFFAOYSA-N,0,0,0,0,0,1
LEGACY-INCHIKEY-FXEPIYMKLKBSJR-UHFFFAOYSA-N,FXEPIYMKLKBSJR-UHFFFAOYSA-N,formolecular/novo_horizonte/banco_mestre_unificado.csv,MASTER_UNIFIED,FXEPIYMKLKBSJR-UHFFFAOYSA-N,0,0,0,0,0,1
LEGACY-INCHIKEY-FXFRLBWOKJMEEB-UHFFFAOYSA-N,FXFRLBWOKJMEEB-UHFFFAOYSA-N,formolecular/novo_horizonte/banco_mestre_unificado.csv,MASTER_UNIFIED,FXFRLBWOKJMEEB-UHFFFAOYSA-N,0,0,0,0,0,1
LEGACY-INCHIKEY-FXJGZZKRMVXTKZ-UHFFFAOYSA-N,FXJGZZKRMVXTKZ-UHFFFAOYSA-N,formolecular/novo_horizonte/banco_mestre_unificado.csv,MASTER_UNIFIED,FXJGZZKRMVXTKZ-UHFFFAOYSA-N,0,0,0,0,0,1
LEGACY-INCHIKEY-FXNLAPKIZKDKMV-UHFFFAOYSA-N,FXNLAPKIZKDKMV-UHFFFAOYSA-N,formolecular/novo_horizonte/banco_mestre_unificado.csv,MASTER_UNIFIED,FXNLAPKIZKDKMV-UHFFFAOYSA-N,0,0,0,0,0,1
LEGACY-INCHIKEY-FXPRAVCBRGRQBZ-UHFFFAOYSA-N,FXPRAVCBRGRQBZ-UHFFFAOYSA-N,formolecular/novo_horizonte/banco_mestre_unificado.csv,MASTER_UNIFIED,FXPRAVCBRGRQBZ-UHFFFAOYSA-N,0,0,0,0,0,1
LEGACY-INCHIKEY-FXQPQTQAQUUQOF-UHFFFAOYSA-N,FXQPQTQAQUUQOF-UHFFFAOYSA-N,formolecular/novo_horizonte/banco_mestre_unificado.csv,MASTER_UNIFIED,FXQPQTQAQUUQOF-UHFFFAOYSA-N,0,0,0,0,0,1
LEGACY-INCHIKEY-FXQUISLAFWLEKZ-UHFFFAOYSA-N,FXQUISLAFWLEKZ-UHFFFAOYSA-N,formolecular/novo_horizonte/banco_mestre_unificado.csv,MASTER_UNIFIED,FXQUISLAFWLEKZ-UHFFFAOYSA-N,0,0,0,0,0,1
LEGACY-INCHIKEY-FXTPDFCUFIYBTL-UHFFFAOYSA-N,FXTPDFCUFIYBTL-UHFFFAOYSA-N,formolecular/novo_horizonte/banco_mestre_unificado.csv,MASTER_UNIFIED,FXTPDFCUFIYBTL-UHFFFAOYSA-N,0,0,0,0,0,1
LEGACY-INCHIKEY-FXUXRFHMZCTSPO-UHFFFAOYSA-N,FXUXRFHMZCTSPO-UHFFFAOYSA-N,formolecular/novo_horizonte/banco_mestre_unificado.csv,MASTER_UNIFIED,FXUXRFHMZCTSPO-UHFFFAOYSA-N,0,0,0,0,0,1
LEGACY-INCHIKEY-FYCOSGGXFBJLND-UHFFFAOYSA-N,FYCOSGGXFBJLND-UHFFFAOYSA-N,formolecular/novo_horizonte/banco_mestre_unificado.csv,MASTER_UNIFIED,FYCOSGGXFBJLND-UHFFFAOYSA-N,0,0,0,0,0,1
LEGACY-INCHIKEY-FYEZZSVDSXKLMC-UHFFFAOYSA-N,FYEZZSVDSXKLMC-UHFFFAOYSA-N,formolecular/novo_horizonte/banco_mestre_unificado.csv,MASTER_UNIFIED,FYEZZSVDSXKLMC-UHFFFAOYSA-N,0,0,0,0,0,1
LEGACY-INCHIKEY-FYNNYZHDRLNPKH-UHFFFAOYSA-N,FYNNYZHDRLNPKH-UHFFFAOYSA-N,formolecular/novo_horizonte/banco_mestre_unificado.csv,MASTER_UNIFIED,FYNNYZHDRLNPKH-UHFFFAOYSA-N,0,0,0,0,0,1
LEGACY-INCHIKEY-FYQPZNSJHOYMEI-UHFFFAOYSA-N,FYQPZNSJHOYMEI-UHFFFAOYSA-N,formolecular/novo_horizonte/banco_mestre_unificado.csv,MASTER_UNIFIED,FYQPZNSJHOYMEI-UHFFFAOYSA-N,0,0,0,0,0,1
LEGACY-INCHIKEY-FYTZATNWBKEEGO-UHFFFAOYSA-N,FYTZATNWBKEEGO-UHFFFAOYSA-N,formolecular/novo_horizonte/banco_mestre_unificado.csv,MASTER_UNIFIED,FYTZATNWBKEEGO-UHFFFAOYSA-N,0,0,0,0,0,1
LEGACY-INCHIKEY-FYUPTZRPDXEHBU-UHFFFAOYSA-N,FYUPTZRPDXEHBU-UHFFFAOYSA-N,formolecular/novo_horizonte/banco_mestre_unificado.csv,MASTER_UNIFIED,FYUPTZRPDXEHBU-UHFFFAOYSA-N,0,0,0,0,0,1
LEGACY-INCHIKEY-FYVDHNPMRZNGSM-UHFFFAOYSA-N,FYVDHNPMRZNGSM-UHFFFAOYSA-N,formolecular/novo_horizonte/banco_mestre_unificado.csv,MASTER_UNIFIED,FYVDHNPMRZNGSM-UHFFFAOYSA-N,0,0,0,0,0,1
LEGACY-INCHIKEY-FYYBNZRGQFHUAP-UHFFFAOYSA-N,FYYBNZRGQFHUAP-UHFFFAOYSA-N,formolecular/novo_horizonte/banco_mestre_unificado.csv,MASTER_UNIFIED,FYYBNZRGQFHUAP-UHFFFAOYSA-N,0,0,0,0,0,1
LEGACY-INCHIKEY-FYYOKITXRRJCIG-UHFFFAOYSA-N,FYYOKITXRRJCIG-UHFFFAOYSA-N,formolecular/novo_horizonte/banco_mestre_unificado.csv,MASTER_UNIFIED,FYYOKITXRRJCIG-UHFFFAOYSA-N,0,0,0,0,0,1
LEGACY-INCHIKEY-FZCRYWRYYDDPNI-UHFFFAOYSA-N,FZCRYWRYYDDPNI-UHFFFAOYSA-N,formolecular/novo_horizonte/banco_mestre_unificado.csv,MASTER_UNIFIED,FZCRYWRYYDDPNI-UHFFFAOYSA-N,0,0,0,0,0,1
LEGACY-INCHIKEY-FZEMQSOMNSHIJS-UHFFFAOYSA-N,FZEMQSOMNSHIJS-UHFFFAOYSA-N,formolecular/novo_horizonte/banco_mestre_unificado.csv,MASTER_UNIFIED,FZEMQSOMNSHIJS-UHFFFAOYSA-N,0,0,0,0,0,1
LEGACY-INCHIKEY-FZIUSBRZGAWXKJ-UHFFFAOYSA-N,FZIUSBRZGAWXKJ-UHFFFAOYSA-N,formolecular/novo_horizonte/banco_mestre_unificado.csv,MASTER_UNIFIED,FZIUSBRZGAWXKJ-UHFFFAOYSA-N,0,0,0,0,0,1
LEGACY-INCHIKEY-FZMVPRHBIJVAMV-UHFFFAOYSA-N,FZMVPRHBIJVAMV-UHFFFAOYSA-N,formolecular/novo_horizonte/banco_mestre_unificado.csv,MASTER_UNIFIED,FZMVPRHBIJVAMV-UHFFFAOYSA-N,0,0,0,0,0,1
LEGACY-INCHIKEY-FZPUEMBUFHMSAD-UHFFFAOYSA-N,FZPUEMBUFHMSAD-UHFFFAOYSA-N,formolecular/novo_horizonte/banco_mestre_unificado.csv,MASTER_UNIFIED,FZPUEMBUFHMSAD-UHFFFAOYSA-N,0,0,0,0,0,1
LEGACY-INCHIKEY-FZWPGYSRYQHKBU-UHFFFAOYSA-N,FZWPGYSRYQHKBU-UHFFFAOYSA-N,formolecular/novo_horizonte/banco_mestre_unificado.csv,MASTER_UNIFIED,FZWPGYSRYQHKBU-UHFFFAOYSA-N,0,0,0,0,0,1
LEGACY-INCHIKEY-GABFSZKZBNFKTN-UHFFFAOYSA-N,GABFSZKZBNFKTN-UHFFFAOYSA-N,formolecular/novo_horizonte/banco_mestre_unificado.csv,MASTER_UNIFIED,GABFSZKZBNFKTN-UHFFFAOYSA-N,0,0,0,0,0,1
LEGACY-INCHIKEY-GAFXLEPQZZHLDA-UHFFFAOYSA-N,GAFXLEPQZZHLDA-UHFFFAOYSA-N,formolecular/novo_horizonte/banco_mestre_unificado.csv,MASTER_UNIFIED,GAFXLEPQZZHLDA-UHFFFAOYSA-N,0,0,0,0,0,1
LEGACY-INCHIKEY-GAIKONYIBQKDKM-UHFFFAOYSA-N,GAIKONYIBQKDKM-UHFFFAOYSA-N,formolecular/novo_horizonte/banco_mestre_unificado.csv,MASTER_UNIFIED,GAIKONYIBQKDKM-UHFFFAOYSA-N,0,0,0,0,0,1
LEGACY-INCHIKEY-GAOSPYZIKXMRFA-UHFFFAOYSA-N,GAOSPYZIKXMRFA-UHFFFAOYSA-N,formolecular/novo_horizonte/banco_mestre_unificado.csv,MASTER_UNIFIED,GAOSPYZIKXMRFA-UHFFFAOYSA-N,0,0,0,0,0,1
LEGACY-INCHIKEY-GASWJQFVXRTORF-UHFFFAOYSA-N,GASWJQFVXRTORF-UHFFFAOYSA-N,formolecular/novo_horizonte/banco_mestre_unificado.csv,MASTER_UNIFIED,GASWJQFVXRTORF-UHFFFAOYSA-N,0,0,0,0,0,1
LEGACY-INCHIKEY-GAYLEWUXDGZKDE-UHFFFAOYSA-N,GAYLEWUXDGZKDE-UHFFFAOYSA-N,formolecular/novo_horizonte/banco_mestre_unificado.csv,MASTER_UNIFIED,GAYLEWUXDGZKDE-UHFFFAOYSA-N,0,0,0,0,0,1
LEGACY-INCHIKEY-GBBPOXUUJQZOGL-UHFFFAOYSA-N,GBBPOXUUJQZOGL-UHFFFAOYSA-N,formolecular/novo_horizonte/banco_mestre_unificado.csv,MASTER_UNIFIED,GBBPOXUUJQZOGL-UHFFFAOYSA-N,0,0,0,0,0,1
LEGACY-INCHIKEY-GBEFRODLPVBZDB-UHFFFAOYSA-N,GBEFRODLPVBZDB-UHFFFAOYSA-N,formolecular/novo_horizonte/banco_mestre_unificado.csv,MASTER_UNIFIED,GBEFRODLPVBZDB-UHFFFAOYSA-N,0,0,0,0,0,1
LEGACY-INCHIKEY-GBSFABRGASAMOK-UHFFFAOYSA-N,GBSFABRGASAMOK-UHFFFAOYSA-N,formolecular/novo_horizonte/banco_mestre_unificado.csv,MASTER_UNIFIED,GBSFABRGASAMOK-UHFFFAOYSA-N,0,0,0,0,0,1
LEGACY-INCHIKEY-GBWZYYKHNVDNJP-UHFFFAOYSA-N,GBWZYYKHNVDNJP-UHFFFAOYSA-N,formolecular/novo_horizonte/banco_mestre_unificado.csv,MASTER_UNIFIED,GBWZYYKHNVDNJP-UHFFFAOYSA-N,0,0,0,0,0,1
LEGACY-INCHIKEY-GBXXZTOLZMUZBK-UHFFFAOYSA-N,GBXXZTOLZMUZBK-UHFFFAOYSA-N,formolecular/novo_horizonte/banco_mestre_unificado.csv,MASTER_UNIFIED,GBXXZTOLZMUZBK-UHFFFAOYSA-N,0,0,0,0,0,1
LEGACY-INCHIKEY-GCBCHJJJVDGNMC-UHFFFAOYSA-N,GCBCHJJJVDGNMC-UHFFFAOYSA-N,formolecular/novo_horizonte/banco_mestre_unificado.csv,MASTER_UNIFIED,GCBCHJJJVDGNMC-UHFFFAOYSA-N,0,0,0,0,0,1
LEGACY-INCHIKEY-GCBZMOIXRRXBTH-UHFFFAOYSA-N,GCBZMOIXRRXBTH-UHFFFAOYSA-N,formolecular/novo_horizonte/banco_mestre_unificado.csv,MASTER_UNIFIED,GCBZMOIXRRXBTH-UHFFFAOYSA-N,0,0,0,0,0,1
LEGACY-INCHIKEY-GCMDVLNFQYBJDE-UHFFFAOYSA-N,GCMDVLNFQYBJDE-UHFFFAOYSA-N,formolecular/novo_horizonte/banco_mestre_unificado.csv,MASTER_UNIFIED,GCMDVLNFQYBJDE-UHFFFAOYSA-N,0,0,0,0,0,1
LEGACY-INCHIKEY-GCMMIHXMOIIEHJ-UHFFFAOYSA-N,GCMMIHXMOIIEHJ-UHFFFAOYSA-N,formolecular/novo_horizonte/banco_mestre_unificado.csv,MASTER_UNIFIED,GCMMIHXMOIIEHJ-UHFFFAOYSA-N,0,0,0,0,0,1
LEGACY-INCHIKEY-GCPWBKKEOFRNIM-UHFFFAOYSA-N,GCPWBKKEOFRNIM-UHFFFAOYSA-N,formolecular/novo_horizonte/banco_mestre_unificado.csv,MASTER_UNIFIED,GCPWBKKEOFRNIM-UHFFFAOYSA-N,0,0,0,0,0,1
LEGACY-INCHIKEY-GDEPSVADZZQLQI-UHFFFAOYSA-N,GDEPSVADZZQLQI-UHFFFAOYSA-N,formolecular/novo_horizonte/banco_mestre_unificado.csv,MASTER_UNIFIED,GDEPSVADZZQLQI-UHFFFAOYSA-N,0,0,0,0,0,1
LEGACY-INCHIKEY-GDUNLCHSXPUWDN-UHFFFAOYSA-N,GDUNLCHSXPUWDN-UHFFFAOYSA-N,formolecular/novo_horizonte/banco_mestre_unificado.csv,MASTER_UNIFIED,GDUNLCHSXPUWDN-UHFFFAOYSA-N,0,0,0,0,0,1
LEGACY-INCHIKEY-GDUZMASSNUYKKB-UHFFFAOYSA-N,GDUZMASSNUYKKB-UHFFFAOYSA-N,formolecular/novo_horizonte/banco_mestre_unificado.csv,MASTER_UNIFIED,GDUZMASSNUYKKB-UHFFFAOYSA-N,0,0,0,0,0,1
LEGACY-INCHIKEY-GDWUSYRPVXGHHB-UHFFFAOYSA-N,GDWUSYRPVXGHHB-UHFFFAOYSA-N,formolecular/novo_horizonte/banco_mestre_unificado.csv,MASTER_UNIFIED,GDWUSYRPVXGHHB-UHFFFAOYSA-N,0,0,0,0,0,1
LEGACY-INCHIKEY-GEDHLCBABJFZHF-UHFFFAOYSA-N,GEDHLCBABJFZHF-UHFFFAOYSA-N,formolecular/novo_horizonte/banco_mestre_unificado.csv,MASTER_UNIFIED,GEDHLCBABJFZHF-UHFFFAOYSA-N,0,0,0,0,0,1
LEGACY-INCHIKEY-GEFKHKXAVVBLFT-UHFFFAOYSA-N,GEFKHKXAVVBLFT-UHFFFAOYSA-N,formolecular/novo_horizonte/banco_mestre_unificado.csv,MASTER_UNIFIED,GEFKHKXAVVBLFT-UHFFFAOYSA-N,0,0,0,0,0,1
LEGACY-INCHIKEY-GEGSPNWQFFWWGS-UHFFFAOYSA-N,GEGSPNWQFFWWGS-UHFFFAOYSA-N,formolecular/novo_horizonte/banco_mestre_unificado.csv,MASTER_UNIFIED,GEGSPNWQFFWWGS-UHFFFAOYSA-N,0,0,0,0,0,1
LEGACY-INCHIKEY-GEHYIWGGENYCTP-UHFFFAOYSA-N,GEHYIWGGENYCTP-UHFFFAOYSA-N,formolecular/novo_horizonte/banco_mestre_unificado.csv,MASTER_UNIFIED,GEHYIWGGENYCTP-UHFFFAOYSA-N,0,0,0,0,0,1
LEGACY-INCHIKEY-GEIYGGDRHVUXEZ-UHFFFAOYSA-N,GEIYGGDRHVUXEZ-UHFFFAOYSA-N,formolecular/novo_horizonte/banco_mestre_unificado.csv,MASTER_UNIFIED,GEIYGGDRHVUXEZ-UHFFFAOYSA-N,0,0,0,0,0,1
LEGACY-INCHIKEY-GELNTDHBDLLZLB-UHFFFAOYSA-N,GELNTDHBDLLZLB-UHFFFAOYSA-N,formolecular/novo_horizonte/banco_mestre_unificado.csv,MASTER_UNIFIED,GELNTDHBDLLZLB-UHFFFAOYSA-N,0,0,0,0,0,1
LEGACY-INCHIKEY-GEZUTNYATRSHTN-UHFFFAOYSA-N,GEZUTNYATRSHTN-UHFFFAOYSA-N,formolecular/novo_horizonte/banco_mestre_unificado.csv,MASTER_UNIFIED,GEZUTNYATRSHTN-UHFFFAOYSA-N,0,0,0,0,0,1
LEGACY-INCHIKEY-GFCFMXKITBBOAH-UHFFFAOYSA-N,GFCFMXKITBBOAH-UHFFFAOYSA-N,formolecular/novo_horizonte/banco_mestre_unificado.csv,MASTER_UNIFIED,GFCFMXKITBBOAH-UHFFFAOYSA-N,0,0,0,0,0,1
LEGACY-INCHIKEY-GFIPBGAJAQAXPB-UHFFFAOYSA-N,GFIPBGAJAQAXPB-UHFFFAOYSA-N,formolecular/novo_horizonte/banco_mestre_unificado.csv,MASTER_UNIFIED,GFIPBGAJAQAXPB-UHFFFAOYSA-N,0,0,0,0,0,1
LEGACY-INCHIKEY-GFMMWEHXNBFWAM-UHFFFAOYSA-N,GFMMWEHXNBFWAM-UHFFFAOYSA-N,formolecular/novo_horizonte/banco_mestre_unificado.csv,MASTER_UNIFIED,GFMMWEHXNBFWAM-UHFFFAOYSA-N,0,0,0,0,0,1
LEGACY-INCHIKEY-GFTDUCLFKNGWKY-UHFFFAOYSA-N,GFTDUCLFKNGWKY-UHFFFAOYSA-N,formolecular/novo_horizonte/banco_mestre_unificado.csv,MASTER_UNIFIED,GFTDUCLFKNGWKY-UHFFFAOYSA-N,0,0,0,0,0,1
LEGACY-INCHIKEY-GFVOBVXDQJLERZ-UHFFFAOYSA-N,GFVOBVXDQJLERZ-UHFFFAOYSA-N,formolecular/novo_horizonte/banco_mestre_unificado.csv,MASTER_UNIFIED,GFVOBVXDQJLERZ-UHFFFAOYSA-N,0,0,0,0,0,1
LEGACY-INCHIKEY-GGCZZYWJLXCWMU-UHFFFAOYSA-N,GGCZZYWJLXCWMU-UHFFFAOYSA-N,formolecular/novo_horizonte/banco_mestre_unificado.csv,MASTER_UNIFIED,GGCZZYWJLXCWMU-UHFFFAOYSA-N,0,0,0,0,0,1
LEGACY-INCHIKEY-GGJRUFDOKDCBHF-UHFFFAOYSA-N,GGJRUFDOKDCBHF-UHFFFAOYSA-N,formolecular/novo_horizonte/banco_mestre_unificado.csv,MASTER_UNIFIED,GGJRUFDOKDCBHF-UHFFFAOYSA-N,0,0,0,0,0,1
LEGACY-INCHIKEY-GGKOUVOJGKCDFN-UHFFFAOYSA-N,GGKOUVOJGKCDFN-UHFFFAOYSA-N,formolecular/novo_horizonte/banco_mestre_unificado.csv,MASTER_UNIFIED,GGKOUVOJGKCDFN-UHFFFAOYSA-N,0,0,0,0,0,1
LEGACY-INCHIKEY-GGKZJUYBPWTYQG-UHFFFAOYSA-N,GGKZJUYBPWTYQG-UHFFFAOYSA-N,formolecular/novo_horizonte/banco_mestre_unificado.csv,MASTER_UNIFIED,GGKZJUYBPWTYQG-UHFFFAOYSA-N,0,0,0,0,0,1
LEGACY-INCHIKEY-GGMXEHGXQIGHIE-UHFFFAOYSA-N,GGMXEHGXQIGHIE-UHFFFAOYSA-N,formolecular/novo_horizonte/banco_mestre_unificado.csv,MASTER_UNIFIED,GGMXEHGXQIGHIE-UHFFFAOYSA-N,0,0,0,0,0,1
LEGACY-INCHIKEY-GGNZAXOQOPQKRG-UHFFFAOYSA-N,GGNZAXOQOPQKRG-UHFFFAOYSA-N,formolecular/novo_horizonte/banco_mestre_unificado.csv,MASTER_UNIFIED,GGNZAXOQOPQKRG-UHFFFAOYSA-N,0,0,0,0,0,1
LEGACY-INCHIKEY-GGOIPGVJRQJJEY-UHFFFAOYSA-N,GGOIPGVJRQJJEY-UHFFFAOYSA-N,formolecular/novo_horizonte/banco_mestre_unificado.csv,MASTER_UNIFIED,GGOIPGVJRQJJEY-UHFFFAOYSA-N,0,0,0,0,0,1
LEGACY-INCHIKEY-GGQJJRLLMPWIKA-UHFFFAOYSA-N,GGQJJRLLMPWIKA-UHFFFAOYSA-N,formolecular/novo_horizonte/banco_mestre_unificado.csv,MASTER_UNIFIED,GGQJJRLLMPWIKA-UHFFFAOYSA-N,0,0,0,0,0,1
LEGACY-INCHIKEY-GGTIEDBYCQGNGP-UHFFFAOYSA-N,GGTIEDBYCQGNGP-UHFFFAOYSA-N,formolecular/novo_horizonte/banco_mestre_unificado.csv,MASTER_UNIFIED,GGTIEDBYCQGNGP-UHFFFAOYSA-N,0,0,0,0,0,1
LEGACY-INCHIKEY-GHIUFARBSFAKIM-UHFFFAOYSA-N,GHIUFARBSFAKIM-UHFFFAOYSA-N,formolecular/novo_horizonte/banco_mestre_unificado.csv,MASTER_UNIFIED,GHIUFARBSFAKIM-UHFFFAOYSA-N,0,0,0,0,0,1
LEGACY-INCHIKEY-GHJJMWXPZBLZPE-UHFFFAOYSA-N,GHJJMWXPZBLZPE-UHFFFAOYSA-N,formolecular/novo_horizonte/banco_mestre_unificado.csv,MASTER_UNIFIED,GHJJMWXPZBLZPE-UHFFFAOYSA-N,0,0,0,0,0,1
LEGACY-INCHIKEY-GHJNIRNTFLMSKL-UHFFFAOYSA-N,GHJNIRNTFLMSKL-UHFFFAOYSA-N,formolecular/novo_horizonte/banco_mestre_unificado.csv,MASTER_UNIFIED,GHJNIRNTFLMSKL-UHFFFAOYSA-N,0,0,0,0,0,1
LEGACY-INCHIKEY-GHKYDCHRXOCZAH-UHFFFAOYSA-N,GHKYDCHRXOCZAH-UHFFFAOYSA-N,formolecular/novo_horizonte/banco_mestre_unificado.csv,MASTER_UNIFIED,GHKYDCHRXOCZAH-UHFFFAOYSA-N,0,0,0,0,0,1
LEGACY-INCHIKEY-GHUZVNFQRXRXAD-UHFFFAOYSA-N,GHUZVNFQRXRXAD-UHFFFAOYSA-N,formolecular/novo_horizonte/banco_mestre_unificado.csv,MASTER_UNIFIED,GHUZVNFQRXRXAD-UHFFFAOYSA-N,0,0,0,0,0,1
LEGACY-INCHIKEY-GHYPILKBQDWRSO-UHFFFAOYSA-N,GHYPILKBQDWRSO-UHFFFAOYSA-N,formolecular/novo_horizonte/banco_mestre_unificado.csv,MASTER_UNIFIED,GHYPILKBQDWRSO-UHFFFAOYSA-N,0,0,0,0,0,1
LEGACY-INCHIKEY-GHZVGADHSUEFQZ-UHFFFAOYSA-N,GHZVGADHSUEFQZ-UHFFFAOYSA-N,formolecular/novo_horizonte/banco_mestre_unificado.csv,MASTER_UNIFIED,GHZVGADHSUEFQZ-UHFFFAOYSA-N,0,0,0,0,0,1
LEGACY-INCHIKEY-GIAAZSXEKRVZND-UHFFFAOYSA-N,GIAAZSXEKRVZND-UHFFFAOYSA-N,formolecular/novo_horizonte/banco_mestre_unificado.csv,MASTER_UNIFIED,GIAAZSXEKRVZND-UHFFFAOYSA-N,0,0,0,0,0,1
LEGACY-INCHIKEY-GINBWDCYENDJKV-UHFFFAOYSA-N,GINBWDCYENDJKV-UHFFFAOYSA-N,formolecular/novo_horizonte/banco_mestre_unificado.csv,MASTER_UNIFIED,GINBWDCYENDJKV-UHFFFAOYSA-N,0,0,0,0,0,1
LEGACY-INCHIKEY-GIOJSOQWBSGOQK-UHFFFAOYSA-N,GIOJSOQWBSGOQK-UHFFFAOYSA-N,formolecular/novo_horizonte/banco_mestre_unificado.csv,MASTER_UNIFIED,GIOJSOQWBSGOQK-UHFFFAOYSA-N,0,0,0,0,0,1
LEGACY-INCHIKEY-GJANCQFAKKPNMA-UHFFFAOYSA-N,GJANCQFAKKPNMA-UHFFFAOYSA-N,formolecular/novo_horizonte/banco_mestre_unificado.csv,MASTER_UNIFIED,GJANCQFAKKPNMA-UHFFFAOYSA-N,0,0,0,0,0,1
LEGACY-INCHIKEY-GJJAADFNHZVYFU-UHFFFAOYSA-N,GJJAADFNHZVYFU-UHFFFAOYSA-N,formolecular/novo_horizonte/banco_mestre_unificado.csv,MASTER_UNIFIED,GJJAADFNHZVYFU-UHFFFAOYSA-N,0,0,0,0,0,1
LEGACY-INCHIKEY-GJLZEUZZEFQDBR-UHFFFAOYSA-N,GJLZEUZZEFQDBR-UHFFFAOYSA-N,formolecular/novo_horizonte/banco_mestre_unificado.csv,MASTER_UNIFIED,GJLZEUZZEFQDBR-UHFFFAOYSA-N,0,0,0,0,0,1
LEGACY-INCHIKEY-GJMPOKIJCFEVBB-UHFFFAOYSA-N,GJMPOKIJCFEVBB-UHFFFAOYSA-N,formolecular/novo_horizonte/banco_mestre_unificado.csv,MASTER_UNIFIED,GJMPOKIJCFEVBB-UHFFFAOYSA-N,0,0,0,0,0,1
LEGACY-INCHIKEY-GJWXVZGMTQAECF-UHFFFAOYSA-N,GJWXVZGMTQAECF-UHFFFAOYSA-N,formolecular/novo_horizonte/banco_mestre_unificado.csv,MASTER_UNIFIED,GJWXVZGMTQAECF-UHFFFAOYSA-N,0,0,0,0,0,1
LEGACY-INCHIKEY-GKBDRPGFGZXEEL-UHFFFAOYSA-N,GKBDRPGFGZXEEL-UHFFFAOYSA-N,formolecular/novo_horizonte/banco_mestre_unificado.csv,MASTER_UNIFIED,GKBDRPGFGZXEEL-UHFFFAOYSA-N,0,0,0,0,0,1
LEGACY-INCHIKEY-GKCWYNUROSIVGG-UHFFFAOYSA-N,GKCWYNUROSIVGG-UHFFFAOYSA-N,formolecular/novo_horizonte/banco_mestre_unificado.csv,MASTER_UNIFIED,GKCWYNUROSIVGG-UHFFFAOYSA-N,0,0,0,0,0,1
LEGACY-INCHIKEY-GKFZIWVURQHKDE-UHFFFAOYSA-N,GKFZIWVURQHKDE-UHFFFAOYSA-N,formolecular/novo_horizonte/banco_mestre_unificado.csv,MASTER_UNIFIED,GKFZIWVURQHKDE-UHFFFAOYSA-N,0,0,0,0,0,1
LEGACY-INCHIKEY-GKGVLLXEMSKEKM-UHFFFAOYSA-N,GKGVLLXEMSKEKM-UHFFFAOYSA-N,formolecular/novo_horizonte/banco_mestre_unificado.csv,MASTER_UNIFIED,GKGVLLXEMSKEKM-UHFFFAOYSA-N,0,0,0,0,0,1
LEGACY-INCHIKEY-GKOHYQDJVIDNAZ-UHFFFAOYSA-N,GKOHYQDJVIDNAZ-UHFFFAOYSA-N,formolecular/novo_horizonte/banco_mestre_unificado.csv,MASTER_UNIFIED,GKOHYQDJVIDNAZ-UHFFFAOYSA-N,0,0,0,0,0,1
LEGACY-INCHIKEY-GKOZDHQHFNQFAK-UHFFFAOYSA-N,GKOZDHQHFNQFAK-UHFFFAOYSA-N,formolecular/novo_horizonte/banco_mestre_unificado.csv,MASTER_UNIFIED,GKOZDHQHFNQFAK-UHFFFAOYSA-N,0,0,0,0,0,1
LEGACY-INCHIKEY-GKPUOYKVCMFRMS-UHFFFAOYSA-N,GKPUOYKVCMFRMS-UHFFFAOYSA-N,formolecular/novo_horizonte/banco_mestre_unificado.csv,MASTER_UNIFIED,GKPUOYKVCMFRMS-UHFFFAOYSA-N,0,0,0,0,0,1
LEGACY-INCHIKEY-GKRFUADFWKSIRO-UHFFFAOYSA-N,GKRFUADFWKSIRO-UHFFFAOYSA-N,formolecular/novo_horizonte/banco_mestre_unificado.csv,MASTER_UNIFIED,GKRFUADFWKSIRO-UHFFFAOYSA-N,0,0,0,0,0,1
LEGACY-INCHIKEY-GKXUYLUWIXACDE-UHFFFAOYSA-N,GKXUYLUWIXACDE-UHFFFAOYSA-N,formolecular/novo_horizonte/banco_mestre_unificado.csv,MASTER_UNIFIED,GKXUYLUWIXACDE-UHFFFAOYSA-N,0,0,0,0,0,1
LEGACY-INCHIKEY-GLACVXYSHCHCSN-UHFFFAOYSA-N,GLACVXYSHCHCSN-UHFFFAOYSA-N,formolecular/novo_horizonte/banco_mestre_unificado.csv,MASTER_UNIFIED,GLACVXYSHCHCSN-UHFFFAOYSA-N,0,0,0,0,0,1
LEGACY-INCHIKEY-GLCVXENZXXHVOO-UHFFFAOYSA-N,GLCVXENZXXHVOO-UHFFFAOYSA-N,formolecular/novo_horizonte/banco_mestre_unificado.csv,MASTER_UNIFIED,GLCVXENZXXHVOO-UHFFFAOYSA-N,0,0,0,0,0,1
LEGACY-INCHIKEY-GLDBWVPIIYZXFJ-UHFFFAOYSA-N,GLDBWVPIIYZXFJ-UHFFFAOYSA-N,formolecular/novo_horizonte/banco_mestre_unificado.csv,MASTER_UNIFIED,GLDBWVPIIYZXFJ-UHFFFAOYSA-N,0,0,0,0,0,1
LEGACY-INCHIKEY-GLHYWGKASYHLSG-UHFFFAOYSA-N,GLHYWGKASYHLSG-UHFFFAOYSA-N,formolecular/novo_horizonte/banco_mestre_unificado.csv,MASTER_UNIFIED,GLHYWGKASYHLSG-UHFFFAOYSA-N,0,0,0,0,0,1
LEGACY-INCHIKEY-GLIQXDHXIZKBMB-UHFFFAOYSA-N,GLIQXDHXIZKBMB-UHFFFAOYSA-N,formolecular/novo_horizonte/banco_mestre_unificado.csv,MASTER_UNIFIED,GLIQXDHXIZKBMB-UHFFFAOYSA-N,0,0,0,0,0,1
LEGACY-INCHIKEY-GLQDBOUVEOJIJR-UHFFFAOYSA-N,GLQDBOUVEOJIJR-UHFFFAOYSA-N,formolecular/novo_horizonte/banco_mestre_unificado.csv,MASTER_UNIFIED,GLQDBOUVEOJIJR-UHFFFAOYSA-N,0,0,0,0,0,1
LEGACY-INCHIKEY-GLQWYCHWZJITOZ-UHFFFAOYSA-N,GLQWYCHWZJITOZ-UHFFFAOYSA-N,formolecular/novo_horizonte/banco_mestre_unificado.csv,MASTER_UNIFIED,GLQWYCHWZJITOZ-UHFFFAOYSA-N,0,0,0,0,0,1
LEGACY-INCHIKEY-GLXVMLGWDKMQSE-UHFFFAOYSA-N,GLXVMLGWDKMQSE-UHFFFAOYSA-N,formolecular/novo_horizonte/banco_mestre_unificado.csv,MASTER_UNIFIED,GLXVMLGWDKMQSE-UHFFFAOYSA-N,0,0,0,0,0,1
LEGACY-INCHIKEY-GMBISEYYNXRMNA-UHFFFAOYSA-N,GMBISEYYNXRMNA-UHFFFAOYSA-N,formolecular/novo_horizonte/banco_mestre_unificado.csv,MASTER_UNIFIED,GMBISEYYNXRMNA-UHFFFAOYSA-N,0,0,0,0,0,1
LEGACY-INCHIKEY-GMIAPJLWWPEVSB-UHFFFAOYSA-N,GMIAPJLWWPEVSB-UHFFFAOYSA-N,formolecular/novo_horizonte/banco_mestre_unificado.csv,MASTER_UNIFIED,GMIAPJLWWPEVSB-UHFFFAOYSA-N,0,0,0,0,0,1
LEGACY-INCHIKEY-GMIDVYBMYVHRBO-UHFFFAOYSA-N,GMIDVYBMYVHRBO-UHFFFAOYSA-N,formolecular/novo_horizonte/banco_mestre_unificado.csv,MASTER_UNIFIED,GMIDVYBMYVHRBO-UHFFFAOYSA-N,0,0,0,0,0,1
LEGACY-INCHIKEY-GMKXHGRRNULEJS-UHFFFAOYSA-N,GMKXHGRRNULEJS-UHFFFAOYSA-N,formolecular/novo_horizonte/banco_mestre_unificado.csv,MASTER_UNIFIED,GMKXHGRRNULEJS-UHFFFAOYSA-N,0,0,0,0,0,1
LEGACY-INCHIKEY-GMMIWZMWNVDRQU-UHFFFAOYSA-N,GMMIWZMWNVDRQU-UHFFFAOYSA-N,formolecular/novo_horizonte/banco_mestre_unificado.csv,MASTER_UNIFIED,GMMIWZMWNVDRQU-UHFFFAOYSA-N,0,0,0,0,0,1
LEGACY-INCHIKEY-GMNGJRJREPWSJD-UHFFFAOYSA-N,GMNGJRJREPWSJD-UHFFFAOYSA-N,formolecular/novo_horizonte/banco_mestre_unificado.csv,MASTER_UNIFIED,GMNGJRJREPWSJD-UHFFFAOYSA-N,0,0,0,0,0,1
LEGACY-INCHIKEY-GMPPQGZRWXXSAH-UHFFFAOYSA-N,GMPPQGZRWXXSAH-UHFFFAOYSA-N,formolecular/csv_elite_farma/RANKING_FARMACOS_ELITE_ADMET.csv,FARMA_ELITE,GMPPQGZRWXXSAH-UHFFFAOYSA-N,0,1,0,0,0,0
LEGACY-INCHIKEY-GMRALXQCVUAFNM-UHFFFAOYSA-N,GMRALXQCVUAFNM-UHFFFAOYSA-N,formolecular/novo_horizonte/banco_mestre_unificado.csv,MASTER_UNIFIED,GMRALXQCVUAFNM-UHFFFAOYSA-N,0,0,0,0,0,1
LEGACY-INCHIKEY-GMTDZDBMNVPBGL-UHFFFAOYSA-N,GMTDZDBMNVPBGL-UHFFFAOYSA-N,formolecular/novo_horizonte/banco_mestre_unificado.csv,MASTER_UNIFIED,GMTDZDBMNVPBGL-UHFFFAOYSA-N,0,0,0,0,0,1
LEGACY-INCHIKEY-GMXYUVNWFASTKW-UHFFFAOYSA-N,GMXYUVNWFASTKW-UHFFFAOYSA-N,formolecular/novo_horizonte/banco_mestre_unificado.csv,MASTER_UNIFIED,GMXYUVNWFASTKW-UHFFFAOYSA-N,0,0,0,0,0,1
LEGACY-INCHIKEY-GNMYOTAHIZIDKZ-UHFFFAOYSA-N,GNMYOTAHIZIDKZ-UHFFFAOYSA-N,formolecular/novo_horizonte/banco_mestre_unificado.csv,MASTER_UNIFIED,GNMYOTAHIZIDKZ-UHFFFAOYSA-N,0,0,0,0,0,1
LEGACY-INCHIKEY-GNPUVPFUOWHRPS-UHFFFAOYSA-N,GNPUVPFUOWHRPS-UHFFFAOYSA-N,formolecular/novo_horizonte/banco_mestre_unificado.csv,MASTER_UNIFIED,GNPUVPFUOWHRPS-UHFFFAOYSA-N,0,0,0,0,0,1
LEGACY-INCHIKEY-GNQYKTSLTPILJL-UHFFFAOYSA-N,GNQYKTSLTPILJL-UHFFFAOYSA-N,formolecular/novo_horizonte/banco_mestre_unificado.csv,MASTER_UNIFIED,GNQYKTSLTPILJL-UHFFFAOYSA-N,0,0,0,0,0,1
LEGACY-INCHIKEY-GNRPIYOPZHEOKS-UHFFFAOYSA-N,GNRPIYOPZHEOKS-UHFFFAOYSA-N,formolecular/novo_horizonte/banco_mestre_unificado.csv,MASTER_UNIFIED,GNRPIYOPZHEOKS-UHFFFAOYSA-N,0,0,0,0,0,1
LEGACY-INCHIKEY-GOCOPWSSDUJBOW-UHFFFAOYSA-N,GOCOPWSSDUJBOW-UHFFFAOYSA-N,formolecular/novo_horizonte/banco_mestre_unificado.csv,MASTER_UNIFIED,GOCOPWSSDUJBOW-UHFFFAOYSA-N,0,0,0,0,0,1
LEGACY-INCHIKEY-GOHZVWBVKQEGMG-UHFFFAOYSA-N,GOHZVWBVKQEGMG-UHFFFAOYSA-N,formolecular/novo_horizonte/banco_mestre_unificado.csv,MASTER_UNIFIED,GOHZVWBVKQEGMG-UHFFFAOYSA-N,0,0,0,0,0,1
LEGACY-INCHIKEY-GOKZWZFMSJROMB-UHFFFAOYSA-N,GOKZWZFMSJROMB-UHFFFAOYSA-N,formolecular/novo_horizonte/banco_mestre_unificado.csv,MASTER_UNIFIED,GOKZWZFMSJROMB-UHFFFAOYSA-N,0,0,0,0,0,1
LEGACY-INCHIKEY-GPCTVURSZWOZJZ-UHFFFAOYSA-N,GPCTVURSZWOZJZ-UHFFFAOYSA-N,formolecular/novo_horizonte/banco_mestre_unificado.csv,MASTER_UNIFIED,GPCTVURSZWOZJZ-UHFFFAOYSA-N,0,0,0,0,0,1
LEGACY-INCHIKEY-GPJKJHRESCBTIA-UHFFFAOYSA-N,GPJKJHRESCBTIA-UHFFFAOYSA-N,formolecular/novo_horizonte/banco_mestre_unificado.csv,MASTER_UNIFIED,GPJKJHRESCBTIA-UHFFFAOYSA-N,0,0,0,0,0,1
LEGACY-INCHIKEY-GPJVEOPTXQZHLI-UHFFFAOYSA-N,GPJVEOPTXQZHLI-UHFFFAOYSA-N,formolecular/novo_horizonte/banco_mestre_unificado.csv,MASTER_UNIFIED,GPJVEOPTXQZHLI-UHFFFAOYSA-N,0,0,0,0,0,1
LEGACY-INCHIKEY-GQKXZWWOMUMCRH-UHFFFAOYSA-N,GQKXZWWOMUMCRH-UHFFFAOYSA-N,formolecular/novo_horizonte/banco_mestre_unificado.csv,MASTER_UNIFIED,GQKXZWWOMUMCRH-UHFFFAOYSA-N,0,0,0,0,0,1
LEGACY-INCHIKEY-GQUXGCTULNRPSH-UHFFFAOYSA-N,GQUXGCTULNRPSH-UHFFFAOYSA-N,formolecular/novo_horizonte/banco_mestre_unificado.csv,MASTER_UNIFIED,GQUXGCTULNRPSH-UHFFFAOYSA-N,0,0,0,0,0,1
LEGACY-INCHIKEY-GRLPZCFQCIFYMD-UHFFFAOYSA-N,GRLPZCFQCIFYMD-UHFFFAOYSA-N,formolecular/novo_horizonte/banco_mestre_unificado.csv,MASTER_UNIFIED,GRLPZCFQCIFYMD-UHFFFAOYSA-N,0,0,0,0,0,1
LEGACY-INCHIKEY-GRLYTJJIQAOPDK-UHFFFAOYSA-N,GRLYTJJIQAOPDK-UHFFFAOYSA-N,formolecular/novo_horizonte/banco_mestre_unificado.csv,MASTER_UNIFIED,GRLYTJJIQAOPDK-UHFFFAOYSA-N,0,0,0,0,0,1
LEGACY-INCHIKEY-GRMNUBDVCMEHRU-UHFFFAOYSA-N,GRMNUBDVCMEHRU-UHFFFAOYSA-N,formolecular/novo_horizonte/banco_mestre_unificado.csv,MASTER_UNIFIED,GRMNUBDVCMEHRU-UHFFFAOYSA-N,0,0,0,0,0,1
LEGACY-INCHIKEY-GRPSPNKGJKZOCL-UHFFFAOYSA-N,GRPSPNKGJKZOCL-UHFFFAOYSA-N,formolecular/novo_horizonte/banco_mestre_unificado.csv,MASTER_UNIFIED,GRPSPNKGJKZOCL-UHFFFAOYSA-N,0,0,0,0,0,1
LEGACY-INCHIKEY-GRVPXZQFZOABLR-UHFFFAOYSA-N,GRVPXZQFZOABLR-UHFFFAOYSA-N,formolecular/novo_horizonte/banco_mestre_unificado.csv,MASTER_UNIFIED,GRVPXZQFZOABLR-UHFFFAOYSA-N,0,0,0,0,0,1
LEGACY-INCHIKEY-GRWJGDHCIDTPIN-UHFFFAOYSA-N,GRWJGDHCIDTPIN-UHFFFAOYSA-N,formolecular/novo_horizonte/banco_mestre_unificado.csv,MASTER_UNIFIED,GRWJGDHCIDTPIN-UHFFFAOYSA-N,0,0,0,0,0,1
LEGACY-INCHIKEY-GSCNAORFXNBWAY-UHFFFAOYSA-N,GSCNAORFXNBWAY-UHFFFAOYSA-N,formolecular/novo_horizonte/banco_mestre_unificado.csv,MASTER_UNIFIED,GSCNAORFXNBWAY-UHFFFAOYSA-N,0,0,0,0,0,1
LEGACY-INCHIKEY-GSDQWWNHWPIBLX-UHFFFAOYSA-N,GSDQWWNHWPIBLX-UHFFFAOYSA-N,formolecular/novo_horizonte/banco_mestre_unificado.csv,MASTER_UNIFIED,GSDQWWNHWPIBLX-UHFFFAOYSA-N,0,0,0,0,0,1
LEGACY-INCHIKEY-GSFIVVDGYQKQKO-UHFFFAOYSA-N,GSFIVVDGYQKQKO-UHFFFAOYSA-N,formolecular/novo_horizonte/banco_mestre_unificado.csv,MASTER_UNIFIED,GSFIVVDGYQKQKO-UHFFFAOYSA-N,0,0,0,0,0,1
LEGACY-INCHIKEY-GSHUTGVJHOUCAT-UHFFFAOYSA-N,GSHUTGVJHOUCAT-UHFFFAOYSA-N,formolecular/novo_horizonte/banco_mestre_unificado.csv,MASTER_UNIFIED,GSHUTGVJHOUCAT-UHFFFAOYSA-N,0,0,0,0,0,1
LEGACY-INCHIKEY-GSKQDYQVXCSYEE-UHFFFAOYSA-N,GSKQDYQVXCSYEE-UHFFFAOYSA-N,formolecular/novo_horizonte/banco_mestre_unificado.csv,MASTER_UNIFIED,GSKQDYQVXCSYEE-UHFFFAOYSA-N,0,0,0,0,0,1
LEGACY-INCHIKEY-GSKSAGAJHJNHGV-UHFFFAOYSA-N,GSKSAGAJHJNHGV-UHFFFAOYSA-N,formolecular/novo_horizonte/banco_mestre_unificado.csv,MASTER_UNIFIED,GSKSAGAJHJNHGV-UHFFFAOYSA-N,0,0,0,0,0,1
LEGACY-INCHIKEY-GSVPHTBKBHJLPM-UHFFFAOYSA-N,GSVPHTBKBHJLPM-UHFFFAOYSA-N,formolecular/novo_horizonte/banco_mestre_unificado.csv,MASTER_UNIFIED,GSVPHTBKBHJLPM-UHFFFAOYSA-N,0,0,0,0,0,1
LEGACY-INCHIKEY-GSXDMSQIMMZHMD-UHFFFAOYSA-N,GSXDMSQIMMZHMD-UHFFFAOYSA-N,formolecular/novo_horizonte/banco_mestre_unificado.csv,MASTER_UNIFIED,GSXDMSQIMMZHMD-UHFFFAOYSA-N,0,0,0,0,0,1
LEGACY-INCHIKEY-GSZKLJRHIIKHKI-UHFFFAOYSA-N,GSZKLJRHIIKHKI-UHFFFAOYSA-N,formolecular/novo_horizonte/banco_mestre_unificado.csv,MASTER_UNIFIED,GSZKLJRHIIKHKI-UHFFFAOYSA-N,0,0,0,0,0,1
LEGACY-INCHIKEY-GTDSNRXOSMTFSN-UHFFFAOYSA-N,GTDSNRXOSMTFSN-UHFFFAOYSA-N,formolecular/novo_horizonte/banco_mestre_unificado.csv,MASTER_UNIFIED,GTDSNRXOSMTFSN-UHFFFAOYSA-N,0,0,0,0,0,1
LEGACY-INCHIKEY-GTNLARAZRWDGFG-UHFFFAOYSA-N,GTNLARAZRWDGFG-UHFFFAOYSA-N,formolecular/novo_horizonte/banco_mestre_unificado.csv,MASTER_UNIFIED,GTNLARAZRWDGFG-UHFFFAOYSA-N,0,0,0,0,0,1
LEGACY-INCHIKEY-GTSKPEPKPDXMCC-UHFFFAOYSA-N,GTSKPEPKPDXMCC-UHFFFAOYSA-N,formolecular/novo_horizonte/banco_mestre_unificado.csv,MASTER_UNIFIED,GTSKPEPKPDXMCC-UHFFFAOYSA-N,0,0,0,0,0,1
LEGACY-INCHIKEY-GTWXRETUMBRALS-UHFFFAOYSA-N,GTWXRETUMBRALS-UHFFFAOYSA-N,formolecular/novo_horizonte/banco_mestre_unificado.csv,MASTER_UNIFIED,GTWXRETUMBRALS-UHFFFAOYSA-N,0,0,0,0,0,1
LEGACY-INCHIKEY-GUAHAYCDMOHQKW-UHFFFAOYSA-N,GUAHAYCDMOHQKW-UHFFFAOYSA-N,formolecular/novo_horizonte/banco_mestre_unificado.csv,MASTER_UNIFIED,GUAHAYCDMOHQKW-UHFFFAOYSA-N,0,0,0,0,0,1
LEGACY-INCHIKEY-GUDNQNWJIBSSTF-UHFFFAOYSA-N,GUDNQNWJIBSSTF-UHFFFAOYSA-N,formolecular/novo_horizonte/banco_mestre_unificado.csv,MASTER_UNIFIED,GUDNQNWJIBSSTF-UHFFFAOYSA-N,0,0,0,0,0,1
LEGACY-INCHIKEY-GUFDASHMNQGKNI-UHFFFAOYSA-N,GUFDASHMNQGKNI-UHFFFAOYSA-N,formolecular/novo_horizonte/banco_mestre_unificado.csv,MASTER_UNIFIED,GUFDASHMNQGKNI-UHFFFAOYSA-N,0,0,0,0,0,1
LEGACY-INCHIKEY-GUHZCPVLXOWGAV-UHFFFAOYSA-N,GUHZCPVLXOWGAV-UHFFFAOYSA-N,formolecular/novo_horizonte/banco_mestre_unificado.csv,MASTER_UNIFIED,GUHZCPVLXOWGAV-UHFFFAOYSA-N,0,0,0,0,0,1
LEGACY-INCHIKEY-GUOQBROWOKOHQJ-UHFFFAOYSA-N,GUOQBROWOKOHQJ-UHFFFAOYSA-N,formolecular/novo_horizonte/banco_mestre_unificado.csv,MASTER_UNIFIED,GUOQBROWOKOHQJ-UHFFFAOYSA-N,0,0,0,0,0,1
LEGACY-INCHIKEY-GUPQNTASWBZDJO-UHFFFAOYSA-N,GUPQNTASWBZDJO-UHFFFAOYSA-N,formolecular/novo_horizonte/banco_mestre_unificado.csv,MASTER_UNIFIED,GUPQNTASWBZDJO-UHFFFAOYSA-N,0,0,0,0,0,1
LEGACY-INCHIKEY-GUZHLJDFDIWUQZ-UHFFFAOYSA-N,GUZHLJDFDIWUQZ-UHFFFAOYSA-N,formolecular/novo_horizonte/banco_mestre_unificado.csv,MASTER_UNIFIED,GUZHLJDFDIWUQZ-UHFFFAOYSA-N,0,0,0,0,0,1
LEGACY-INCHIKEY-GVBAALAQOSTYAY-UHFFFAOYSA-N,GVBAALAQOSTYAY-UHFFFAOYSA-N,formolecular/novo_horizonte/banco_mestre_unificado.csv,MASTER_UNIFIED,GVBAALAQOSTYAY-UHFFFAOYSA-N,0,0,0,0,0,1
LEGACY-INCHIKEY-GVCFEOYCFQCGQY-UHFFFAOYSA-N,GVCFEOYCFQCGQY-UHFFFAOYSA-N,formolecular/novo_horizonte/banco_mestre_unificado.csv,MASTER_UNIFIED,GVCFEOYCFQCGQY-UHFFFAOYSA-N,0,0,0,0,0,1
LEGACY-INCHIKEY-GVGDSTHKGZAQAG-UHFFFAOYSA-N,GVGDSTHKGZAQAG-UHFFFAOYSA-N,formolecular/novo_horizonte/banco_mestre_unificado.csv,MASTER_UNIFIED,GVGDSTHKGZAQAG-UHFFFAOYSA-N,0,0,0,0,0,1
LEGACY-INCHIKEY-GVOYSJKRYNQQGY-UHFFFAOYSA-N,GVOYSJKRYNQQGY-UHFFFAOYSA-N,formolecular/novo_horizonte/banco_mestre_unificado.csv,MASTER_UNIFIED,GVOYSJKRYNQQGY-UHFFFAOYSA-N,0,0,0,0,0,1
LEGACY-INCHIKEY-GVUBJLZQFBATCP-UHFFFAOYSA-N,GVUBJLZQFBATCP-UHFFFAOYSA-N,formolecular/novo_horizonte/banco_mestre_unificado.csv,MASTER_UNIFIED,GVUBJLZQFBATCP-UHFFFAOYSA-N,0,0,0,0,0,1
LEGACY-INCHIKEY-GWGFEMVSLRKZQC-UHFFFAOYSA-N,GWGFEMVSLRKZQC-UHFFFAOYSA-N,formolecular/novo_horizonte/banco_mestre_unificado.csv,MASTER_UNIFIED,GWGFEMVSLRKZQC-UHFFFAOYSA-N,0,0,0,0,0,1
LEGACY-INCHIKEY-GWILUUJRHXXHCM-UHFFFAOYSA-N,GWILUUJRHXXHCM-UHFFFAOYSA-N,formolecular/novo_horizonte/banco_mestre_unificado.csv,MASTER_UNIFIED,GWILUUJRHXXHCM-UHFFFAOYSA-N,0,0,0,0,0,1
LEGACY-INCHIKEY-GWIUBUBZUNQABZ-UHFFFAOYSA-N,GWIUBUBZUNQABZ-UHFFFAOYSA-N,formolecular/novo_horizonte/banco_mestre_unificado.csv,MASTER_UNIFIED,GWIUBUBZUNQABZ-UHFFFAOYSA-N,0,0,0,0,0,1
LEGACY-INCHIKEY-GWKSLLHJIYMZGX-UHFFFAOYSA-N,GWKSLLHJIYMZGX-UHFFFAOYSA-N,formolecular/novo_horizonte/banco_mestre_unificado.csv,MASTER_UNIFIED,GWKSLLHJIYMZGX-UHFFFAOYSA-N,0,0,0,0,0,1
LEGACY-INCHIKEY-GWLDCMURMZZQSE-UHFFFAOYSA-N,GWLDCMURMZZQSE-UHFFFAOYSA-N,formolecular/novo_horizonte/banco_mestre_unificado.csv,MASTER_UNIFIED,GWLDCMURMZZQSE-UHFFFAOYSA-N,0,0,0,0,0,1
LEGACY-INCHIKEY-GWNKIVUHCZLGON-UHFFFAOYSA-N,GWNKIVUHCZLGON-UHFFFAOYSA-N,formolecular/novo_horizonte/banco_mestre_unificado.csv,MASTER_UNIFIED,GWNKIVUHCZLGON-UHFFFAOYSA-N,0,0,0,0,0,1
LEGACY-INCHIKEY-GWNSXCKCTDYNIJ-UHFFFAOYSA-N,GWNSXCKCTDYNIJ-UHFFFAOYSA-N,formolecular/novo_horizonte/banco_mestre_unificado.csv,MASTER_UNIFIED,GWNSXCKCTDYNIJ-UHFFFAOYSA-N,0,0,0,0,0,1
LEGACY-INCHIKEY-GWRFFWOKLMVQOI-UHFFFAOYSA-N,GWRFFWOKLMVQOI-UHFFFAOYSA-N,formolecular/novo_horizonte/banco_mestre_unificado.csv,MASTER_UNIFIED,GWRFFWOKLMVQOI-UHFFFAOYSA-N,0,0,0,0,0,1
LEGACY-INCHIKEY-GXCKXPZXGUMREY-UHFFFAOYSA-N,GXCKXPZXGUMREY-UHFFFAOYSA-N,formolecular/novo_horizonte/banco_mestre_unificado.csv,MASTER_UNIFIED,GXCKXPZXGUMREY-UHFFFAOYSA-N,0,0,0,0,0,1
LEGACY-INCHIKEY-GXIRCPWZBAFTES-UHFFFAOYSA-N,GXIRCPWZBAFTES-UHFFFAOYSA-N,formolecular/novo_horizonte/banco_mestre_unificado.csv,MASTER_UNIFIED,GXIRCPWZBAFTES-UHFFFAOYSA-N,0,0,0,0,0,1
LEGACY-INCHIKEY-GXSURBCXEHJKGS-UHFFFAOYSA-N,GXSURBCXEHJKGS-UHFFFAOYSA-N,formolecular/novo_horizonte/banco_mestre_unificado.csv,MASTER_UNIFIED,GXSURBCXEHJKGS-UHFFFAOYSA-N,0,0,0,0,0,1
LEGACY-INCHIKEY-GXWZBERDMBWDEZ-UHFFFAOYSA-N,GXWZBERDMBWDEZ-UHFFFAOYSA-N,formolecular/novo_horizonte/banco_mestre_unificado.csv,MASTER_UNIFIED,GXWZBERDMBWDEZ-UHFFFAOYSA-N,0,0,0,0,0,1
LEGACY-INCHIKEY-GXYKGOGHODCJBQ-UHFFFAOYSA-N,GXYKGOGHODCJBQ-UHFFFAOYSA-N,formolecular/novo_horizonte/banco_mestre_unificado.csv,MASTER_UNIFIED,GXYKGOGHODCJBQ-UHFFFAOYSA-N,0,0,0,0,0,1
LEGACY-INCHIKEY-GYAFOAMXUUFPOL-UHFFFAOYSA-N,GYAFOAMXUUFPOL-UHFFFAOYSA-N,formolecular/novo_horizonte/banco_mestre_unificado.csv,MASTER_UNIFIED,GYAFOAMXUUFPOL-UHFFFAOYSA-N,0,0,0,0,0,1
LEGACY-INCHIKEY-GYFZPOSDPQYOSC-UHFFFAOYSA-N,GYFZPOSDPQYOSC-UHFFFAOYSA-N,formolecular/novo_horizonte/banco_mestre_unificado.csv,MASTER_UNIFIED,GYFZPOSDPQYOSC-UHFFFAOYSA-N,0,0,0,0,0,1
LEGACY-INCHIKEY-GYMDGRBGXXCJQQ-UHFFFAOYSA-N,GYMDGRBGXXCJQQ-UHFFFAOYSA-N,formolecular/novo_horizonte/banco_mestre_unificado.csv,MASTER_UNIFIED,GYMDGRBGXXCJQQ-UHFFFAOYSA-N,0,0,0,0,0,1
LEGACY-INCHIKEY-GYVMTPMCWFYTRN-UHFFFAOYSA-N,GYVMTPMCWFYTRN-UHFFFAOYSA-N,formolecular/novo_horizonte/banco_mestre_unificado.csv,MASTER_UNIFIED,GYVMTPMCWFYTRN-UHFFFAOYSA-N,0,0,0,0,0,1
LEGACY-INCHIKEY-GYVPPNMZJFUGTH-UHFFFAOYSA-N,GYVPPNMZJFUGTH-UHFFFAOYSA-N,formolecular/novo_horizonte/banco_mestre_unificado.csv,MASTER_UNIFIED,GYVPPNMZJFUGTH-UHFFFAOYSA-N,0,0,0,0,0,1
LEGACY-INCHIKEY-GYWUCEKUMRDLOF-UHFFFAOYSA-N,GYWUCEKUMRDLOF-UHFFFAOYSA-N,formolecular/novo_horizonte/banco_mestre_unificado.csv,MASTER_UNIFIED,GYWUCEKUMRDLOF-UHFFFAOYSA-N,0,0,0,0,0,1
LEGACY-INCHIKEY-GYZKPKNVRIKJRG-UHFFFAOYSA-N,GYZKPKNVRIKJRG-UHFFFAOYSA-N,formolecular/novo_horizonte/banco_mestre_unificado.csv,MASTER_UNIFIED,GYZKPKNVRIKJRG-UHFFFAOYSA-N,0,0,0,0,0,1
LEGACY-INCHIKEY-GZCSYDVUNGEHGK-UHFFFAOYSA-N,GZCSYDVUNGEHGK-UHFFFAOYSA-N,formolecular/novo_horizonte/banco_mestre_unificado.csv,MASTER_UNIFIED,GZCSYDVUNGEHGK-UHFFFAOYSA-N,0,0,0,0,0,1
LEGACY-INCHIKEY-GZDUXZGNDFRLHN-UHFFFAOYSA-N,GZDUXZGNDFRLHN-UHFFFAOYSA-N,formolecular/novo_horizonte/banco_mestre_unificado.csv,MASTER_UNIFIED,GZDUXZGNDFRLHN-UHFFFAOYSA-N,0,0,0,0,0,1
LEGACY-INCHIKEY-GZHIFVQVHXDANU-UHFFFAOYSA-N,GZHIFVQVHXDANU-UHFFFAOYSA-N,formolecular/novo_horizonte/banco_mestre_unificado.csv,MASTER_UNIFIED,GZHIFVQVHXDANU-UHFFFAOYSA-N,0,0,0,0,0,1
LEGACY-INCHIKEY-GZJSNCSPTLHSIB-UHFFFAOYSA-N,GZJSNCSPTLHSIB-UHFFFAOYSA-N,formolecular/novo_horizonte/banco_mestre_unificado.csv,MASTER_UNIFIED,GZJSNCSPTLHSIB-UHFFFAOYSA-N,0,0,0,0,0,1
LEGACY-INCHIKEY-GZLPIGLIWUJDCR-UHFFFAOYSA-N,GZLPIGLIWUJDCR-UHFFFAOYSA-N,formolecular/novo_horizonte/banco_mestre_unificado.csv,MASTER_UNIFIED,GZLPIGLIWUJDCR-UHFFFAOYSA-N,0,0,0,0,0,1
LEGACY-INCHIKEY-GZRIUNWJOQSFHJ-UHFFFAOYSA-N,GZRIUNWJOQSFHJ-UHFFFAOYSA-N,formolecular/novo_horizonte/banco_mestre_unificado.csv,MASTER_UNIFIED,GZRIUNWJOQSFHJ-UHFFFAOYSA-N,0,0,0,0,0,1
LEGACY-INCHIKEY-GZVTWJYEMFNYCX-UHFFFAOYSA-N,GZVTWJYEMFNYCX-UHFFFAOYSA-N,formolecular/novo_horizonte/banco_mestre_unificado.csv,MASTER_UNIFIED,GZVTWJYEMFNYCX-UHFFFAOYSA-N,0,0,0,0,0,1
LEGACY-INCHIKEY-HADINEQVEXOBGG-UHFFFAOYSA-N,HADINEQVEXOBGG-UHFFFAOYSA-N,formolecular/novo_horizonte/banco_mestre_unificado.csv,MASTER_UNIFIED,HADINEQVEXOBGG-UHFFFAOYSA-N,0,0,0,0,0,1
LEGACY-INCHIKEY-HAHBCNKKHLDEOZ-UHFFFAOYSA-N,HAHBCNKKHLDEOZ-UHFFFAOYSA-N,formolecular/novo_horizonte/banco_mestre_unificado.csv,MASTER_UNIFIED,HAHBCNKKHLDEOZ-UHFFFAOYSA-N,0,0,0,0,0,1
LEGACY-INCHIKEY-HARLPOIYTSEGAJ-UHFFFAOYSA-N,HARLPOIYTSEGAJ-UHFFFAOYSA-N,formolecular/novo_horizonte/banco_mestre_unificado.csv,MASTER_UNIFIED,HARLPOIYTSEGAJ-UHFFFAOYSA-N,0,0,0,0,0,1
LEGACY-INCHIKEY-HATLQAWNGPTIHB-UHFFFAOYSA-N,HATLQAWNGPTIHB-UHFFFAOYSA-N,formolecular/novo_horizonte/banco_mestre_unificado.csv,MASTER_UNIFIED,HATLQAWNGPTIHB-UHFFFAOYSA-N,0,0,0,0,0,1
LEGACY-INCHIKEY-HAVWCOSEKNJCQQ-UHFFFAOYSA-N,HAVWCOSEKNJCQQ-UHFFFAOYSA-N,formolecular/novo_horizonte/banco_mestre_unificado.csv,MASTER_UNIFIED,HAVWCOSEKNJCQQ-UHFFFAOYSA-N,0,0,0,0,0,1
LEGACY-INCHIKEY-HBBYZSSJTKLGAJ-UHFFFAOYSA-N,HBBYZSSJTKLGAJ-UHFFFAOYSA-N,formolecular/novo_horizonte/banco_mestre_unificado.csv,MASTER_UNIFIED,HBBYZSSJTKLGAJ-UHFFFAOYSA-N,0,0,0,0,0,1
LEGACY-INCHIKEY-HBFPZPQBUVDFSY-UHFFFAOYSA-N,HBFPZPQBUVDFSY-UHFFFAOYSA-N,formolecular/novo_horizonte/banco_mestre_unificado.csv,MASTER_UNIFIED,HBFPZPQBUVDFSY-UHFFFAOYSA-N,0,0,0,0,0,1
LEGACY-INCHIKEY-HBGSWTRVSBEJBW-UHFFFAOYSA-N,HBGSWTRVSBEJBW-UHFFFAOYSA-N,formolecular/novo_horizonte/banco_mestre_unificado.csv,MASTER_UNIFIED,HBGSWTRVSBEJBW-UHFFFAOYSA-N,0,0,0,0,0,1
LEGACY-INCHIKEY-HBHVQRPJBCSTHM-UHFFFAOYSA-N,HBHVQRPJBCSTHM-UHFFFAOYSA-N,formolecular/novo_horizonte/banco_mestre_unificado.csv,MASTER_UNIFIED,HBHVQRPJBCSTHM-UHFFFAOYSA-N,0,0,0,0,0,1
LEGACY-INCHIKEY-HBTYJOOHVIFQJK-UHFFFAOYSA-N,HBTYJOOHVIFQJK-UHFFFAOYSA-N,formolecular/novo_horizonte/banco_mestre_unificado.csv,MASTER_UNIFIED,HBTYJOOHVIFQJK-UHFFFAOYSA-N,0,0,0,0,0,1
LEGACY-INCHIKEY-HBWADVMUYYHIJW-UHFFFAOYSA-N,HBWADVMUYYHIJW-UHFFFAOYSA-N,formolecular/novo_horizonte/banco_mestre_unificado.csv,MASTER_UNIFIED,HBWADVMUYYHIJW-UHFFFAOYSA-N,0,0,0,0,0,1
LEGACY-INCHIKEY-HCBCONROQXGOQH-UHFFFAOYSA-N,HCBCONROQXGOQH-UHFFFAOYSA-N,formolecular/novo_horizonte/banco_mestre_unificado.csv,MASTER_UNIFIED,HCBCONROQXGOQH-UHFFFAOYSA-N,0,0,0,0,0,1
LEGACY-INCHIKEY-HCGXGFQTYCIDKC-UHFFFAOYSA-N,HCGXGFQTYCIDKC-UHFFFAOYSA-N,formolecular/novo_horizonte/banco_mestre_unificado.csv,MASTER_UNIFIED,HCGXGFQTYCIDKC-UHFFFAOYSA-N,0,0,0,0,0,1
LEGACY-INCHIKEY-HCIKIXPYYBKINB-UHFFFAOYSA-N,HCIKIXPYYBKINB-UHFFFAOYSA-N,formolecular/novo_horizonte/banco_mestre_unificado.csv,MASTER_UNIFIED,HCIKIXPYYBKINB-UHFFFAOYSA-N,0,0,0,0,0,1
LEGACY-INCHIKEY-HCLAUSHAOFNLHB-UHFFFAOYSA-N,HCLAUSHAOFNLHB-UHFFFAOYSA-N,formolecular/novo_horizonte/banco_mestre_unificado.csv,MASTER_UNIFIED,HCLAUSHAOFNLHB-UHFFFAOYSA-N,0,0,0,0,0,1
LEGACY-INCHIKEY-HCMFMOGJRYBSGX-UHFFFAOYSA-N,HCMFMOGJRYBSGX-UHFFFAOYSA-N,formolecular/novo_horizonte/banco_mestre_unificado.csv,MASTER_UNIFIED,HCMFMOGJRYBSGX-UHFFFAOYSA-N,0,0,0,0,0,1
LEGACY-INCHIKEY-HCNCSSGTUCWIDC-UHFFFAOYSA-N,HCNCSSGTUCWIDC-UHFFFAOYSA-N,formolecular/novo_horizonte/banco_mestre_unificado.csv,MASTER_UNIFIED,HCNCSSGTUCWIDC-UHFFFAOYSA-N,0,0,0,0,0,1
LEGACY-INCHIKEY-HCYWUGBUKINNTM-UHFFFAOYSA-N,HCYWUGBUKINNTM-UHFFFAOYSA-N,formolecular/novo_horizonte/banco_mestre_unificado.csv,MASTER_UNIFIED,HCYWUGBUKINNTM-UHFFFAOYSA-N,0,0,0,0,0,1
LEGACY-INCHIKEY-HDEWMJVEXWRLSO-UHFFFAOYSA-N,HDEWMJVEXWRLSO-UHFFFAOYSA-N,formolecular/novo_horizonte/banco_mestre_unificado.csv,MASTER_UNIFIED,HDEWMJVEXWRLSO-UHFFFAOYSA-N,0,0,0,0,0,1
LEGACY-INCHIKEY-HDMDRCMVPHBKAZ-UHFFFAOYSA-N,HDMDRCMVPHBKAZ-UHFFFAOYSA-N,formolecular/novo_horizonte/banco_mestre_unificado.csv,MASTER_UNIFIED,HDMDRCMVPHBKAZ-UHFFFAOYSA-N,0,0,0,0,0,1
LEGACY-INCHIKEY-HDXLQURQAGXKQI-UHFFFAOYSA-N,HDXLQURQAGXKQI-UHFFFAOYSA-N,formolecular/csv_elite_farma/RANKING_FARMACOS_ELITE_ADMET.csv,FARMA_ELITE,HDXLQURQAGXKQI-UHFFFAOYSA-N,0,1,0,0,0,0
LEGACY-INCHIKEY-HDYCRJMHNOPOEA-UHFFFAOYSA-N,HDYCRJMHNOPOEA-UHFFFAOYSA-N,formolecular/novo_horizonte/banco_mestre_unificado.csv,MASTER_UNIFIED,HDYCRJMHNOPOEA-UHFFFAOYSA-N,0,0,0,0,0,1
LEGACY-INCHIKEY-HDZROQXOCHINSI-UHFFFAOYSA-N,HDZROQXOCHINSI-UHFFFAOYSA-N,formolecular/novo_horizonte/banco_mestre_unificado.csv,MASTER_UNIFIED,HDZROQXOCHINSI-UHFFFAOYSA-N,0,0,0,0,0,1
LEGACY-INCHIKEY-HEAMJBQLYBZLJO-UHFFFAOYSA-N,HEAMJBQLYBZLJO-UHFFFAOYSA-N,formolecular/novo_horizonte/banco_mestre_unificado.csv,MASTER_UNIFIED,HEAMJBQLYBZLJO-UHFFFAOYSA-N,0,0,0,0,0,1
LEGACY-INCHIKEY-HEAPWLZCTJEEFK-UHFFFAOYSA-N,HEAPWLZCTJEEFK-UHFFFAOYSA-N,formolecular/novo_horizonte/banco_mestre_unificado.csv,MASTER_UNIFIED,HEAPWLZCTJEEFK-UHFFFAOYSA-N,0,0,0,0,0,1
LEGACY-INCHIKEY-HECCKLNXRYWZMC-UHFFFAOYSA-N,HECCKLNXRYWZMC-UHFFFAOYSA-N,formolecular/novo_horizonte/banco_mestre_unificado.csv,MASTER_UNIFIED,HECCKLNXRYWZMC-UHFFFAOYSA-N,0,0,0,0,0,1
LEGACY-INCHIKEY-HEDJBJZOYCFSCL-UHFFFAOYSA-N,HEDJBJZOYCFSCL-UHFFFAOYSA-N,formolecular/novo_horizonte/banco_mestre_unificado.csv,MASTER_UNIFIED,HEDJBJZOYCFSCL-UHFFFAOYSA-N,0,0,0,0,0,1
LEGACY-INCHIKEY-HEEHDVUUAODVRJ-UHFFFAOYSA-N,HEEHDVUUAODVRJ-UHFFFAOYSA-N,formolecular/novo_horizonte/banco_mestre_unificado.csv,MASTER_UNIFIED,HEEHDVUUAODVRJ-UHFFFAOYSA-N,0,0,0,0,0,1
LEGACY-INCHIKEY-HEFNNWSXXWATRW-UHFFFAOYSA-N,HEFNNWSXXWATRW-UHFFFAOYSA-N,Biolab/matriz_compostos_filtrados.csv,BIOLAB_FILTERED,HEFNNWSXXWATRW-UHFFFAOYSA-N,1,0,0,0,0,0
LEGACY-INCHIKEY-HEIKFEGETXOXLZ-UHFFFAOYSA-N,HEIKFEGETXOXLZ-UHFFFAOYSA-N,formolecular/novo_horizonte/banco_mestre_unificado.csv,MASTER_UNIFIED,HEIKFEGETXOXLZ-UHFFFAOYSA-N,0,0,0,0,0,1
LEGACY-INCHIKEY-HELPOWCKRPDAMV-UHFFFAOYSA-N,HELPOWCKRPDAMV-UHFFFAOYSA-N,formolecular/novo_horizonte/banco_mestre_unificado.csv,MASTER_UNIFIED,HELPOWCKRPDAMV-UHFFFAOYSA-N,0,0,0,0,0,1
LEGACY-INCHIKEY-HEMFDIKEBAVTNE-UHFFFAOYSA-N,HEMFDIKEBAVTNE-UHFFFAOYSA-N,formolecular/novo_horizonte/banco_mestre_unificado.csv,MASTER_UNIFIED,HEMFDIKEBAVTNE-UHFFFAOYSA-N,0,0,0,0,0,1
LEGACY-INCHIKEY-HEQGQRUEGYJWFE-UHFFFAOYSA-N,HEQGQRUEGYJWFE-UHFFFAOYSA-N,formolecular/novo_horizonte/banco_mestre_unificado.csv,MASTER_UNIFIED,HEQGQRUEGYJWFE-UHFFFAOYSA-N,0,0,0,0,0,1
LEGACY-INCHIKEY-HESUVYFZVXUGEY-UHFFFAOYSA-N,HESUVYFZVXUGEY-UHFFFAOYSA-N,formolecular/novo_horizonte/banco_mestre_unificado.csv,MASTER_UNIFIED,HESUVYFZVXUGEY-UHFFFAOYSA-N,0,0,0,0,0,1
LEGACY-INCHIKEY-HEUBSZWNQFGFTR-UHFFFAOYSA-N,HEUBSZWNQFGFTR-UHFFFAOYSA-N,formolecular/novo_horizonte/banco_mestre_unificado.csv,MASTER_UNIFIED,HEUBSZWNQFGFTR-UHFFFAOYSA-N,0,0,0,0,0,1
LEGACY-INCHIKEY-HEVZLQSICAQLPJ-UHFFFAOYSA-N,HEVZLQSICAQLPJ-UHFFFAOYSA-N,formolecular/novo_horizonte/banco_mestre_unificado.csv,MASTER_UNIFIED,HEVZLQSICAQLPJ-UHFFFAOYSA-N,0,0,0,0,0,1
LEGACY-INCHIKEY-HFAWSGPHJGFION-UHFFFAOYSA-N,HFAWSGPHJGFION-UHFFFAOYSA-N,formolecular/novo_horizonte/banco_mestre_unificado.csv,MASTER_UNIFIED,HFAWSGPHJGFION-UHFFFAOYSA-N,0,0,0,0,0,1
LEGACY-INCHIKEY-HFJKOMSXBXHLNR-UHFFFAOYSA-N,HFJKOMSXBXHLNR-UHFFFAOYSA-N,formolecular/novo_horizonte/banco_mestre_unificado.csv,MASTER_UNIFIED,HFJKOMSXBXHLNR-UHFFFAOYSA-N,0,0,0,0,0,1
LEGACY-INCHIKEY-HFQOUCJVGJGAIW-UHFFFAOYSA-N,HFQOUCJVGJGAIW-UHFFFAOYSA-N,formolecular/novo_horizonte/banco_mestre_unificado.csv,MASTER_UNIFIED,HFQOUCJVGJGAIW-UHFFFAOYSA-N,0,0,0,0,0,1
LEGACY-INCHIKEY-HFSMRLVCFNRUIZ-UHFFFAOYSA-N,HFSMRLVCFNRUIZ-UHFFFAOYSA-N,formolecular/csv_elite_farma/RANKING_FARMACOS_ELITE_ADMET.csv,FARMA_ELITE,HFSMRLVCFNRUIZ-UHFFFAOYSA-N,0,1,0,0,0,0
LEGACY-INCHIKEY-HFXQQUHNQLXTCH-UHFFFAOYSA-N,HFXQQUHNQLXTCH-UHFFFAOYSA-N,formolecular/novo_horizonte/banco_mestre_unificado.csv,MASTER_UNIFIED,HFXQQUHNQLXTCH-UHFFFAOYSA-N,0,0,0,0,0,1
LEGACY-INCHIKEY-HGAXAFOUFFBTBS-UHFFFAOYSA-N,HGAXAFOUFFBTBS-UHFFFAOYSA-N,formolecular/novo_horizonte/banco_mestre_unificado.csv,MASTER_UNIFIED,HGAXAFOUFFBTBS-UHFFFAOYSA-N,0,0,0,0,0,1
LEGACY-INCHIKEY-HGEAGHSYXSUXPY-UHFFFAOYSA-N,HGEAGHSYXSUXPY-UHFFFAOYSA-N,formolecular/novo_horizonte/banco_mestre_unificado.csv,MASTER_UNIFIED,HGEAGHSYXSUXPY-UHFFFAOYSA-N,0,0,0,0,0,1
LEGACY-INCHIKEY-HGQWULQSLGSRNU-UHFFFAOYSA-N,HGQWULQSLGSRNU-UHFFFAOYSA-N,formolecular/novo_horizonte/banco_mestre_unificado.csv,MASTER_UNIFIED,HGQWULQSLGSRNU-UHFFFAOYSA-N,0,0,0,0,0,1
LEGACY-INCHIKEY-HGRCAVPXZOSHRT-UHFFFAOYSA-N,HGRCAVPXZOSHRT-UHFFFAOYSA-N,formolecular/novo_horizonte/banco_mestre_unificado.csv,MASTER_UNIFIED,HGRCAVPXZOSHRT-UHFFFAOYSA-N,0,0,0,0,0,1
LEGACY-INCHIKEY-HGVCBQJTLCWPEU-UHFFFAOYSA-N,HGVCBQJTLCWPEU-UHFFFAOYSA-N,formolecular/novo_horizonte/banco_mestre_unificado.csv,MASTER_UNIFIED,HGVCBQJTLCWPEU-UHFFFAOYSA-N,0,0,0,0,0,1
LEGACY-INCHIKEY-HGVQYZSIWPYWNR-UHFFFAOYSA-N,HGVQYZSIWPYWNR-UHFFFAOYSA-N,formolecular/novo_horizonte/top10_validado_4EY7.csv,NH_VALIDATED_4EY7;NH_ISOLATED;MASTER_UNIFIED,HGVQYZSIWPYWNR-UHFFFAOYSA-N,0,0,0,1,1,1
LEGACY-INCHIKEY-HGWDUDYZJIYHFY-UHFFFAOYSA-N,HGWDUDYZJIYHFY-UHFFFAOYSA-N,formolecular/novo_horizonte/banco_mestre_unificado.csv,MASTER_UNIFIED,HGWDUDYZJIYHFY-UHFFFAOYSA-N,0,0,0,0,0,1
LEGACY-INCHIKEY-HHDPWJOKIMNETJ-UHFFFAOYSA-N,HHDPWJOKIMNETJ-UHFFFAOYSA-N,formolecular/novo_horizonte/banco_mestre_unificado.csv,MASTER_UNIFIED,HHDPWJOKIMNETJ-UHFFFAOYSA-N,0,0,0,0,0,1
LEGACY-INCHIKEY-HHELWGQVMBZXQJ-UHFFFAOYSA-N,HHELWGQVMBZXQJ-UHFFFAOYSA-N,formolecular/novo_horizonte/banco_mestre_unificado.csv,MASTER_UNIFIED,HHELWGQVMBZXQJ-UHFFFAOYSA-N,0,0,0,0,0,1
LEGACY-INCHIKEY-HHNCTKBYNXVABD-UHFFFAOYSA-N,HHNCTKBYNXVABD-UHFFFAOYSA-N,formolecular/novo_horizonte/banco_mestre_unificado.csv,MASTER_UNIFIED,HHNCTKBYNXVABD-UHFFFAOYSA-N,0,0,0,0,0,1
LEGACY-INCHIKEY-HHSNTDSLWQZRGM-UHFFFAOYSA-N,HHSNTDSLWQZRGM-UHFFFAOYSA-N,formolecular/novo_horizonte/banco_mestre_unificado.csv,MASTER_UNIFIED,HHSNTDSLWQZRGM-UHFFFAOYSA-N,0,0,0,0,0,1
LEGACY-INCHIKEY-HHUMRHAZBHAQON-UHFFFAOYSA-N,HHUMRHAZBHAQON-UHFFFAOYSA-N,formolecular/novo_horizonte/banco_mestre_unificado.csv,MASTER_UNIFIED,HHUMRHAZBHAQON-UHFFFAOYSA-N,0,0,0,0,0,1
LEGACY-INCHIKEY-HHXANLHTZHFWFM-UHFFFAOYSA-N,HHXANLHTZHFWFM-UHFFFAOYSA-N,formolecular/novo_horizonte/banco_mestre_unificado.csv,MASTER_UNIFIED,HHXANLHTZHFWFM-UHFFFAOYSA-N,0,0,0,0,0,1
LEGACY-INCHIKEY-HHZJPCBJSGDEMY-UHFFFAOYSA-N,HHZJPCBJSGDEMY-UHFFFAOYSA-N,formolecular/novo_horizonte/banco_mestre_unificado.csv,MASTER_UNIFIED,HHZJPCBJSGDEMY-UHFFFAOYSA-N,0,0,0,0,0,1
LEGACY-INCHIKEY-HHZSVBDYQLUZLR-UHFFFAOYSA-N,HHZSVBDYQLUZLR-UHFFFAOYSA-N,formolecular/novo_horizonte/banco_mestre_unificado.csv,MASTER_UNIFIED,HHZSVBDYQLUZLR-UHFFFAOYSA-N,0,0,0,0,0,1
LEGACY-INCHIKEY-HIGHEARWGUDUQM-UHFFFAOYSA-N,HIGHEARWGUDUQM-UHFFFAOYSA-N,formolecular/novo_horizonte/banco_mestre_unificado.csv,MASTER_UNIFIED,HIGHEARWGUDUQM-UHFFFAOYSA-N,0,0,0,0,0,1
LEGACY-INCHIKEY-HIMHZCYJCINEPV-UHFFFAOYSA-N,HIMHZCYJCINEPV-UHFFFAOYSA-N,formolecular/novo_horizonte/banco_mestre_unificado.csv,MASTER_UNIFIED,HIMHZCYJCINEPV-UHFFFAOYSA-N,0,0,0,0,0,1
LEGACY-INCHIKEY-HINZVYIPYMEJBN-UHFFFAOYSA-N,HINZVYIPYMEJBN-UHFFFAOYSA-N,formolecular/novo_horizonte/banco_mestre_unificado.csv,MASTER_UNIFIED,HINZVYIPYMEJBN-UHFFFAOYSA-N,0,0,0,0,0,1
LEGACY-INCHIKEY-HIOFAZKPHKXJEB-UHFFFAOYSA-N,HIOFAZKPHKXJEB-UHFFFAOYSA-N,formolecular/novo_horizonte/banco_mestre_unificado.csv,MASTER_UNIFIED,HIOFAZKPHKXJEB-UHFFFAOYSA-N,0,0,0,0,0,1
LEGACY-INCHIKEY-HITXUYBIZLWKAB-UHFFFAOYSA-N,HITXUYBIZLWKAB-UHFFFAOYSA-N,formolecular/novo_horizonte/banco_mestre_unificado.csv,MASTER_UNIFIED,HITXUYBIZLWKAB-UHFFFAOYSA-N,0,0,0,0,0,1
LEGACY-INCHIKEY-HJEUOAKFZFVOTG-UHFFFAOYSA-N,HJEUOAKFZFVOTG-UHFFFAOYSA-N,formolecular/novo_horizonte/banco_mestre_unificado.csv,MASTER_UNIFIED,HJEUOAKFZFVOTG-UHFFFAOYSA-N,0,0,0,0,0,1
LEGACY-INCHIKEY-HJGYHGBQRNZVMV-UHFFFAOYSA-N,HJGYHGBQRNZVMV-UHFFFAOYSA-N,formolecular/novo_horizonte/banco_mestre_unificado.csv,MASTER_UNIFIED,HJGYHGBQRNZVMV-UHFFFAOYSA-N,0,0,0,0,0,1
LEGACY-INCHIKEY-HJUUYHNAWGYKAO-UHFFFAOYSA-N,HJUUYHNAWGYKAO-UHFFFAOYSA-N,formolecular/novo_horizonte/banco_mestre_unificado.csv,MASTER_UNIFIED,HJUUYHNAWGYKAO-UHFFFAOYSA-N,0,0,0,0,0,1
LEGACY-INCHIKEY-HKAITVLLOOZFRX-UHFFFAOYSA-N,HKAITVLLOOZFRX-UHFFFAOYSA-N,formolecular/novo_horizonte/banco_mestre_unificado.csv,MASTER_UNIFIED,HKAITVLLOOZFRX-UHFFFAOYSA-N,0,0,0,0,0,1
LEGACY-INCHIKEY-HKLRPKGURPBVNC-UHFFFAOYSA-N,HKLRPKGURPBVNC-UHFFFAOYSA-N,formolecular/novo_horizonte/banco_mestre_unificado.csv,MASTER_UNIFIED,HKLRPKGURPBVNC-UHFFFAOYSA-N,0,0,0,0,0,1
LEGACY-INCHIKEY-HKTLJLITCKDHBX-UHFFFAOYSA-N,HKTLJLITCKDHBX-UHFFFAOYSA-N,formolecular/novo_horizonte/banco_mestre_unificado.csv,MASTER_UNIFIED,HKTLJLITCKDHBX-UHFFFAOYSA-N,0,0,0,0,0,1
LEGACY-INCHIKEY-HKXWJPRBHXBRMV-UHFFFAOYSA-N,HKXWJPRBHXBRMV-UHFFFAOYSA-N,formolecular/novo_horizonte/banco_mestre_unificado.csv,MASTER_UNIFIED,HKXWJPRBHXBRMV-UHFFFAOYSA-N,0,0,0,0,0,1
LEGACY-INCHIKEY-HKYSBVYSIYHVJJ-UHFFFAOYSA-N,HKYSBVYSIYHVJJ-UHFFFAOYSA-N,formolecular/novo_horizonte/banco_mestre_unificado.csv,MASTER_UNIFIED,HKYSBVYSIYHVJJ-UHFFFAOYSA-N,0,0,0,0,0,1
LEGACY-INCHIKEY-HKZFNMNLACVCJB-UHFFFAOYSA-N,HKZFNMNLACVCJB-UHFFFAOYSA-N,formolecular/novo_horizonte/banco_mestre_unificado.csv,MASTER_UNIFIED,HKZFNMNLACVCJB-UHFFFAOYSA-N,0,0,0,0,0,1
LEGACY-INCHIKEY-HLADEYINLQJYLG-UHFFFAOYSA-N,HLADEYINLQJYLG-UHFFFAOYSA-N,formolecular/novo_horizonte/banco_mestre_unificado.csv,MASTER_UNIFIED,HLADEYINLQJYLG-UHFFFAOYSA-N,0,0,0,0,0,1
LEGACY-INCHIKEY-HLCMOPUBHJHYMK-UHFFFAOYSA-N,HLCMOPUBHJHYMK-UHFFFAOYSA-N,formolecular/novo_horizonte/banco_mestre_unificado.csv,MASTER_UNIFIED,HLCMOPUBHJHYMK-UHFFFAOYSA-N,0,0,0,0,0,1
LEGACY-INCHIKEY-HLGQIIYCMOGDMS-UHFFFAOYSA-N,HLGQIIYCMOGDMS-UHFFFAOYSA-N,formolecular/novo_horizonte/banco_mestre_unificado.csv,MASTER_UNIFIED,HLGQIIYCMOGDMS-UHFFFAOYSA-N,0,0,0,0,0,1
LEGACY-INCHIKEY-HLGQUUQRVMYRMY-UHFFFAOYSA-N,HLGQUUQRVMYRMY-UHFFFAOYSA-N,formolecular/novo_horizonte/banco_mestre_unificado.csv,MASTER_UNIFIED,HLGQUUQRVMYRMY-UHFFFAOYSA-N,0,0,0,0,0,1
LEGACY-INCHIKEY-HLLZEJZUHBPTGR-UHFFFAOYSA-N,HLLZEJZUHBPTGR-UHFFFAOYSA-N,formolecular/novo_horizonte/banco_mestre_unificado.csv,MASTER_UNIFIED,HLLZEJZUHBPTGR-UHFFFAOYSA-N,0,0,0,0,0,1
LEGACY-INCHIKEY-HLQUPBBBXIETBZ-UHFFFAOYSA-N,HLQUPBBBXIETBZ-UHFFFAOYSA-N,formolecular/novo_horizonte/banco_mestre_unificado.csv,MASTER_UNIFIED,HLQUPBBBXIETBZ-UHFFFAOYSA-N,0,0,0,0,0,1
LEGACY-INCHIKEY-HLSLZVFSRCHONJ-UHFFFAOYSA-N,HLSLZVFSRCHONJ-UHFFFAOYSA-N,formolecular/novo_horizonte/banco_mestre_unificado.csv,MASTER_UNIFIED,HLSLZVFSRCHONJ-UHFFFAOYSA-N,0,0,0,0,0,1
LEGACY-INCHIKEY-HLSNESOIDKSHGH-UHFFFAOYSA-N,HLSNESOIDKSHGH-UHFFFAOYSA-N,formolecular/novo_horizonte/banco_mestre_unificado.csv,MASTER_UNIFIED,HLSNESOIDKSHGH-UHFFFAOYSA-N,0,0,0,0,0,1
LEGACY-INCHIKEY-HLVHHRXVAKTDKY-UHFFFAOYSA-N,HLVHHRXVAKTDKY-UHFFFAOYSA-N,formolecular/novo_horizonte/banco_mestre_unificado.csv,MASTER_UNIFIED,HLVHHRXVAKTDKY-UHFFFAOYSA-N,0,0,0,0,0,1
LEGACY-INCHIKEY-HLWWHTALMNHNHK-UHFFFAOYSA-N,HLWWHTALMNHNHK-UHFFFAOYSA-N,formolecular/csv_elite_farma/RANKING_FARMACOS_ELITE_ADMET.csv,FARMA_ELITE,HLWWHTALMNHNHK-UHFFFAOYSA-N,0,1,0,0,0,0
LEGACY-INCHIKEY-HMAMNFJLNNKSAS-UHFFFAOYSA-N,HMAMNFJLNNKSAS-UHFFFAOYSA-N,formolecular/novo_horizonte/banco_mestre_unificado.csv,MASTER_UNIFIED,HMAMNFJLNNKSAS-UHFFFAOYSA-N,0,0,0,0,0,1
LEGACY-INCHIKEY-HMGWPNVHOOVNRO-UHFFFAOYSA-N,HMGWPNVHOOVNRO-UHFFFAOYSA-N,formolecular/novo_horizonte/banco_mestre_unificado.csv,MASTER_UNIFIED,HMGWPNVHOOVNRO-UHFFFAOYSA-N,0,0,0,0,0,1
LEGACY-INCHIKEY-HMMABAPNPOUEIS-UHFFFAOYSA-N,HMMABAPNPOUEIS-UHFFFAOYSA-N,formolecular/novo_horizonte/banco_mestre_unificado.csv,MASTER_UNIFIED,HMMABAPNPOUEIS-UHFFFAOYSA-N,0,0,0,0,0,1
LEGACY-INCHIKEY-HMVDWUXANDGCKI-UHFFFAOYSA-N,HMVDWUXANDGCKI-UHFFFAOYSA-N,formolecular/novo_horizonte/banco_mestre_unificado.csv,MASTER_UNIFIED,HMVDWUXANDGCKI-UHFFFAOYSA-N,0,0,0,0,0,1
LEGACY-INCHIKEY-HMZMZEJGUDAFTG-UHFFFAOYSA-N,HMZMZEJGUDAFTG-UHFFFAOYSA-N,formolecular/novo_horizonte/banco_mestre_unificado.csv,MASTER_UNIFIED,HMZMZEJGUDAFTG-UHFFFAOYSA-N,0,0,0,0,0,1
LEGACY-INCHIKEY-HNBYBTFGRBXAJA-UHFFFAOYSA-N,HNBYBTFGRBXAJA-UHFFFAOYSA-N,formolecular/novo_horizonte/banco_mestre_unificado.csv,MASTER_UNIFIED,HNBYBTFGRBXAJA-UHFFFAOYSA-N,0,0,0,0,0,1
LEGACY-INCHIKEY-HNCJUCUATNKLAA-UHFFFAOYSA-N,HNCJUCUATNKLAA-UHFFFAOYSA-N,formolecular/novo_horizonte/banco_mestre_unificado.csv,MASTER_UNIFIED,HNCJUCUATNKLAA-UHFFFAOYSA-N,0,0,0,0,0,1
LEGACY-INCHIKEY-HNHABRYKEFYSKV-UHFFFAOYSA-N,HNHABRYKEFYSKV-UHFFFAOYSA-N,formolecular/novo_horizonte/banco_mestre_unificado.csv,MASTER_UNIFIED,HNHABRYKEFYSKV-UHFFFAOYSA-N,0,0,0,0,0,1
LEGACY-INCHIKEY-HNJPXDGYORLLLD-UHFFFAOYSA-N,HNJPXDGYORLLLD-UHFFFAOYSA-N,formolecular/novo_horizonte/banco_mestre_unificado.csv,MASTER_UNIFIED,HNJPXDGYORLLLD-UHFFFAOYSA-N,0,0,0,0,0,1
LEGACY-INCHIKEY-HNKPUZVDAZRXGZ-UHFFFAOYSA-N,HNKPUZVDAZRXGZ-UHFFFAOYSA-N,formolecular/novo_horizonte/banco_mestre_unificado.csv,MASTER_UNIFIED,HNKPUZVDAZRXGZ-UHFFFAOYSA-N,0,0,0,0,0,1
LEGACY-INCHIKEY-HOJGZKZEUBFMKY-UHFFFAOYSA-N,HOJGZKZEUBFMKY-UHFFFAOYSA-N,formolecular/novo_horizonte/banco_mestre_unificado.csv,MASTER_UNIFIED,HOJGZKZEUBFMKY-UHFFFAOYSA-N,0,0,0,0,0,1
LEGACY-INCHIKEY-HPAQNSQVRUOUCU-UHFFFAOYSA-N,HPAQNSQVRUOUCU-UHFFFAOYSA-N,formolecular/novo_horizonte/banco_mestre_unificado.csv,MASTER_UNIFIED,HPAQNSQVRUOUCU-UHFFFAOYSA-N,0,0,0,0,0,1
LEGACY-INCHIKEY-HPBXQMVAXHZWSJ-UHFFFAOYSA-N,HPBXQMVAXHZWSJ-UHFFFAOYSA-N,formolecular/novo_horizonte/banco_mestre_unificado.csv,MASTER_UNIFIED,HPBXQMVAXHZWSJ-UHFFFAOYSA-N,0,0,0,0,0,1
LEGACY-INCHIKEY-HPJFOBJRHFUMCZ-UHFFFAOYSA-N,HPJFOBJRHFUMCZ-UHFFFAOYSA-N,formolecular/novo_horizonte/banco_mestre_unificado.csv,MASTER_UNIFIED,HPJFOBJRHFUMCZ-UHFFFAOYSA-N,0,0,0,0,0,1
LEGACY-INCHIKEY-HPUMCPXTAMLOCT-UHFFFAOYSA-N,HPUMCPXTAMLOCT-UHFFFAOYSA-N,formolecular/novo_horizonte/banco_mestre_unificado.csv,MASTER_UNIFIED,HPUMCPXTAMLOCT-UHFFFAOYSA-N,0,0,0,0,0,1
LEGACY-INCHIKEY-HPWPGOAKFUDEMR-UHFFFAOYSA-N,HPWPGOAKFUDEMR-UHFFFAOYSA-N,formolecular/novo_horizonte/banco_mestre_unificado.csv,MASTER_UNIFIED,HPWPGOAKFUDEMR-UHFFFAOYSA-N,0,0,0,0,0,1
LEGACY-INCHIKEY-HPWXPXLDNQUIJU-UHFFFAOYSA-N,HPWXPXLDNQUIJU-UHFFFAOYSA-N,formolecular/novo_horizonte/banco_mestre_unificado.csv,MASTER_UNIFIED,HPWXPXLDNQUIJU-UHFFFAOYSA-N,0,0,0,0,0,1
LEGACY-INCHIKEY-HPYOBGHEAXAVCX-UHFFFAOYSA-N,HPYOBGHEAXAVCX-UHFFFAOYSA-N,formolecular/novo_horizonte/banco_mestre_unificado.csv,MASTER_UNIFIED,HPYOBGHEAXAVCX-UHFFFAOYSA-N,0,0,0,0,0,1
LEGACY-INCHIKEY-HPZZTORBJKHQGX-UHFFFAOYSA-N,HPZZTORBJKHQGX-UHFFFAOYSA-N,formolecular/novo_horizonte/banco_mestre_unificado.csv,MASTER_UNIFIED,HPZZTORBJKHQGX-UHFFFAOYSA-N,0,0,0,0,0,1
LEGACY-INCHIKEY-HQIWJWDRIYVBTJ-UHFFFAOYSA-N,HQIWJWDRIYVBTJ-UHFFFAOYSA-N,formolecular/novo_horizonte/banco_mestre_unificado.csv,MASTER_UNIFIED,HQIWJWDRIYVBTJ-UHFFFAOYSA-N,0,0,0,0,0,1
LEGACY-INCHIKEY-HQQYHRXVYAWAEE-UHFFFAOYSA-N,HQQYHRXVYAWAEE-UHFFFAOYSA-N,formolecular/novo_horizonte/banco_mestre_unificado.csv,MASTER_UNIFIED,HQQYHRXVYAWAEE-UHFFFAOYSA-N,0,0,0,0,0,1
LEGACY-INCHIKEY-HQXKUBWBLQUEOH-UHFFFAOYSA-N,HQXKUBWBLQUEOH-UHFFFAOYSA-N,formolecular/novo_horizonte/banco_mestre_unificado.csv,MASTER_UNIFIED,HQXKUBWBLQUEOH-UHFFFAOYSA-N,0,0,0,0,0,1
LEGACY-INCHIKEY-HRIRNZDOGMIYFI-UHFFFAOYSA-N,HRIRNZDOGMIYFI-UHFFFAOYSA-N,formolecular/novo_horizonte/banco_mestre_unificado.csv,MASTER_UNIFIED,HRIRNZDOGMIYFI-UHFFFAOYSA-N,0,0,0,0,0,1
LEGACY-INCHIKEY-HRRJVMZGJNHQKT-UHFFFAOYSA-N,HRRJVMZGJNHQKT-UHFFFAOYSA-N,formolecular/novo_horizonte/banco_mestre_unificado.csv,MASTER_UNIFIED,HRRJVMZGJNHQKT-UHFFFAOYSA-N,0,0,0,0,0,1
LEGACY-INCHIKEY-HRRMYABVCLJNDU-UHFFFAOYSA-N,HRRMYABVCLJNDU-UHFFFAOYSA-N,formolecular/novo_horizonte/banco_mestre_unificado.csv,MASTER_UNIFIED,HRRMYABVCLJNDU-UHFFFAOYSA-N,0,0,0,0,0,1
LEGACY-INCHIKEY-HRULJLJJMOFWQQ-UHFFFAOYSA-N,HRULJLJJMOFWQQ-UHFFFAOYSA-N,formolecular/novo_horizonte/banco_mestre_unificado.csv,MASTER_UNIFIED,HRULJLJJMOFWQQ-UHFFFAOYSA-N,0,0,0,0,0,1
LEGACY-INCHIKEY-HRUXAILQUSJZHQ-UHFFFAOYSA-N,HRUXAILQUSJZHQ-UHFFFAOYSA-N,formolecular/novo_horizonte/banco_mestre_unificado.csv,MASTER_UNIFIED,HRUXAILQUSJZHQ-UHFFFAOYSA-N,0,0,0,0,0,1
LEGACY-INCHIKEY-HSNGNJXIAPAOIH-UHFFFAOYSA-N,HSNGNJXIAPAOIH-UHFFFAOYSA-N,formolecular/novo_horizonte/banco_mestre_unificado.csv,MASTER_UNIFIED,HSNGNJXIAPAOIH-UHFFFAOYSA-N,0,0,0,0,0,1
LEGACY-INCHIKEY-HSPASFCKSKUEOQ-UHFFFAOYSA-N,HSPASFCKSKUEOQ-UHFFFAOYSA-N,formolecular/novo_horizonte/banco_mestre_unificado.csv,MASTER_UNIFIED,HSPASFCKSKUEOQ-UHFFFAOYSA-N,0,0,0,0,0,1
LEGACY-INCHIKEY-HSPHMBRKVTVPIC-UHFFFAOYSA-N,HSPHMBRKVTVPIC-UHFFFAOYSA-N,formolecular/csv_elite_farma/RANKING_FARMACOS_ELITE_ADMET.csv,FARMA_ELITE,HSPHMBRKVTVPIC-UHFFFAOYSA-N,0,1,0,0,0,0
LEGACY-INCHIKEY-HSQRVIPYCXKOEU-UHFFFAOYSA-N,HSQRVIPYCXKOEU-UHFFFAOYSA-N,formolecular/novo_horizonte/banco_mestre_unificado.csv,MASTER_UNIFIED,HSQRVIPYCXKOEU-UHFFFAOYSA-N,0,0,0,0,0,1
LEGACY-INCHIKEY-HSUCQLXRPXWRHD-UHFFFAOYSA-N,HSUCQLXRPXWRHD-UHFFFAOYSA-N,formolecular/novo_horizonte/banco_mestre_unificado.csv,MASTER_UNIFIED,HSUCQLXRPXWRHD-UHFFFAOYSA-N,0,0,0,0,0,1
LEGACY-INCHIKEY-HSUODIQYKWZLKJ-UHFFFAOYSA-N,HSUODIQYKWZLKJ-UHFFFAOYSA-N,formolecular/novo_horizonte/banco_mestre_unificado.csv,MASTER_UNIFIED,HSUODIQYKWZLKJ-UHFFFAOYSA-N,0,0,0,0,0,1
LEGACY-INCHIKEY-HTDKQFBGYPESOI-UHFFFAOYSA-N,HTDKQFBGYPESOI-UHFFFAOYSA-N,formolecular/novo_horizonte/banco_mestre_unificado.csv,MASTER_UNIFIED,HTDKQFBGYPESOI-UHFFFAOYSA-N,0,0,0,0,0,1
LEGACY-INCHIKEY-HUDDTKHDRZMBCO-UHFFFAOYSA-N,HUDDTKHDRZMBCO-UHFFFAOYSA-N,formolecular/novo_horizonte/banco_mestre_unificado.csv,MASTER_UNIFIED,HUDDTKHDRZMBCO-UHFFFAOYSA-N,0,0,0,0,0,1
LEGACY-INCHIKEY-HUHUJHFMLCZKJR-UHFFFAOYSA-N,HUHUJHFMLCZKJR-UHFFFAOYSA-N,formolecular/novo_horizonte/banco_mestre_unificado.csv,MASTER_UNIFIED,HUHUJHFMLCZKJR-UHFFFAOYSA-N,0,0,0,0,0,1
LEGACY-INCHIKEY-HUPNPZBPOBEIMA-UHFFFAOYSA-N,HUPNPZBPOBEIMA-UHFFFAOYSA-N,formolecular/novo_horizonte/banco_mestre_unificado.csv,MASTER_UNIFIED,HUPNPZBPOBEIMA-UHFFFAOYSA-N,0,0,0,0,0,1
LEGACY-INCHIKEY-HUPSPOMMEXDGKW-UHFFFAOYSA-N,HUPSPOMMEXDGKW-UHFFFAOYSA-N,formolecular/novo_horizonte/banco_mestre_unificado.csv,MASTER_UNIFIED,HUPSPOMMEXDGKW-UHFFFAOYSA-N,0,0,0,0,0,1
LEGACY-INCHIKEY-HUYKJYBPZXZMMO-UHFFFAOYSA-N,HUYKJYBPZXZMMO-UHFFFAOYSA-N,formolecular/novo_horizonte/banco_mestre_unificado.csv,MASTER_UNIFIED,HUYKJYBPZXZMMO-UHFFFAOYSA-N,0,0,0,0,0,1
LEGACY-INCHIKEY-HVLUULISHPWQJQ-UHFFFAOYSA-N,HVLUULISHPWQJQ-UHFFFAOYSA-N,formolecular/novo_horizonte/banco_mestre_unificado.csv,MASTER_UNIFIED,HVLUULISHPWQJQ-UHFFFAOYSA-N,0,0,0,0,0,1
LEGACY-INCHIKEY-HVNDIMSABRJKIA-UHFFFAOYSA-N,HVNDIMSABRJKIA-UHFFFAOYSA-N,formolecular/novo_horizonte/banco_mestre_unificado.csv,MASTER_UNIFIED,HVNDIMSABRJKIA-UHFFFAOYSA-N,0,0,0,0,0,1
LEGACY-INCHIKEY-HVQMDDBBAFYYOI-UHFFFAOYSA-N,HVQMDDBBAFYYOI-UHFFFAOYSA-N,formolecular/novo_horizonte/banco_mestre_unificado.csv,MASTER_UNIFIED,HVQMDDBBAFYYOI-UHFFFAOYSA-N,0,0,0,0,0,1
LEGACY-INCHIKEY-HVSVPOVJHSPINI-UHFFFAOYSA-N,HVSVPOVJHSPINI-UHFFFAOYSA-N,formolecular/novo_horizonte/banco_mestre_unificado.csv,MASTER_UNIFIED,HVSVPOVJHSPINI-UHFFFAOYSA-N,0,0,0,0,0,1
LEGACY-INCHIKEY-HVUKPOCHTDULFF-UHFFFAOYSA-N,HVUKPOCHTDULFF-UHFFFAOYSA-N,formolecular/novo_horizonte/banco_mestre_unificado.csv,MASTER_UNIFIED,HVUKPOCHTDULFF-UHFFFAOYSA-N,0,0,0,0,0,1
LEGACY-INCHIKEY-HVZZPBGBFRYEAE-UHFFFAOYSA-N,HVZZPBGBFRYEAE-UHFFFAOYSA-N,formolecular/novo_horizonte/banco_mestre_unificado.csv,MASTER_UNIFIED,HVZZPBGBFRYEAE-UHFFFAOYSA-N,0,0,0,0,0,1
LEGACY-INCHIKEY-HWGHTOYVKZHOSA-UHFFFAOYSA-N,HWGHTOYVKZHOSA-UHFFFAOYSA-N,formolecular/novo_horizonte/banco_mestre_unificado.csv,MASTER_UNIFIED,HWGHTOYVKZHOSA-UHFFFAOYSA-N,0,0,0,0,0,1
LEGACY-INCHIKEY-HWHKEUWRNTYFBE-UHFFFAOYSA-N,HWHKEUWRNTYFBE-UHFFFAOYSA-N,formolecular/novo_horizonte/banco_mestre_unificado.csv,MASTER_UNIFIED,HWHKEUWRNTYFBE-UHFFFAOYSA-N,0,0,0,0,0,1
LEGACY-INCHIKEY-HWIAQAIXECTFDO-UHFFFAOYSA-N,HWIAQAIXECTFDO-UHFFFAOYSA-N,formolecular/novo_horizonte/banco_mestre_unificado.csv,MASTER_UNIFIED,HWIAQAIXECTFDO-UHFFFAOYSA-N,0,0,0,0,0,1
LEGACY-INCHIKEY-HWPBQGYPKGYSRY-UHFFFAOYSA-N,HWPBQGYPKGYSRY-UHFFFAOYSA-N,formolecular/novo_horizonte/banco_mestre_unificado.csv,MASTER_UNIFIED,HWPBQGYPKGYSRY-UHFFFAOYSA-N,0,0,0,0,0,1
LEGACY-INCHIKEY-HWRLOWCKOVVYQU-UHFFFAOYSA-N,HWRLOWCKOVVYQU-UHFFFAOYSA-N,formolecular/novo_horizonte/banco_mestre_unificado.csv,MASTER_UNIFIED,HWRLOWCKOVVYQU-UHFFFAOYSA-N,0,0,0,0,0,1
LEGACY-INCHIKEY-HWSHEWYLSVNUDX-UHFFFAOYSA-N,HWSHEWYLSVNUDX-UHFFFAOYSA-N,formolecular/novo_horizonte/banco_mestre_unificado.csv,MASTER_UNIFIED,HWSHEWYLSVNUDX-UHFFFAOYSA-N,0,0,0,0,0,1
LEGACY-INCHIKEY-HWWZEYHJKOTVQP-UHFFFAOYSA-N,HWWZEYHJKOTVQP-UHFFFAOYSA-N,formolecular/novo_horizonte/banco_mestre_unificado.csv,MASTER_UNIFIED,HWWZEYHJKOTVQP-UHFFFAOYSA-N,0,0,0,0,0,1
LEGACY-INCHIKEY-HXCWQIWYIYKZKJ-UHFFFAOYSA-N,HXCWQIWYIYKZKJ-UHFFFAOYSA-N,formolecular/novo_horizonte/banco_mestre_unificado.csv,MASTER_UNIFIED,HXCWQIWYIYKZKJ-UHFFFAOYSA-N,0,0,0,0,0,1
LEGACY-INCHIKEY-HXLKDBPPASPYJM-UHFFFAOYSA-N,HXLKDBPPASPYJM-UHFFFAOYSA-N,formolecular/novo_horizonte/banco_mestre_unificado.csv,MASTER_UNIFIED,HXLKDBPPASPYJM-UHFFFAOYSA-N,0,0,0,0,0,1
LEGACY-INCHIKEY-HXOIJKVRJJVKQL-UHFFFAOYSA-N,HXOIJKVRJJVKQL-UHFFFAOYSA-N,formolecular/novo_horizonte/banco_mestre_unificado.csv,MASTER_UNIFIED,HXOIJKVRJJVKQL-UHFFFAOYSA-N,0,0,0,0,0,1
LEGACY-INCHIKEY-HXPJEXAVAWXTSI-UHFFFAOYSA-N,HXPJEXAVAWXTSI-UHFFFAOYSA-N,formolecular/novo_horizonte/banco_mestre_unificado.csv,MASTER_UNIFIED,HXPJEXAVAWXTSI-UHFFFAOYSA-N,0,0,0,0,0,1
LEGACY-INCHIKEY-HXRZXJFAYWKUOG-UHFFFAOYSA-N,HXRZXJFAYWKUOG-UHFFFAOYSA-N,formolecular/novo_horizonte/banco_mestre_unificado.csv,MASTER_UNIFIED,HXRZXJFAYWKUOG-UHFFFAOYSA-N,0,0,0,0,0,1
LEGACY-INCHIKEY-HYEYKQBBOZXYOP-UHFFFAOYSA-N,HYEYKQBBOZXYOP-UHFFFAOYSA-N,formolecular/novo_horizonte/banco_mestre_unificado.csv,MASTER_UNIFIED,HYEYKQBBOZXYOP-UHFFFAOYSA-N,0,0,0,0,0,1
LEGACY-INCHIKEY-HYHGYHARUACBNR-UHFFFAOYSA-N,HYHGYHARUACBNR-UHFFFAOYSA-N,formolecular/novo_horizonte/banco_mestre_unificado.csv,MASTER_UNIFIED,HYHGYHARUACBNR-UHFFFAOYSA-N,0,0,0,0,0,1
LEGACY-INCHIKEY-HYKCYTXNNSDLQF-UHFFFAOYSA-N,HYKCYTXNNSDLQF-UHFFFAOYSA-N,formolecular/novo_horizonte/banco_mestre_unificado.csv,MASTER_UNIFIED,HYKCYTXNNSDLQF-UHFFFAOYSA-N,0,0,0,0,0,1
LEGACY-INCHIKEY-HYNLMYFCCDMASO-UHFFFAOYSA-N,HYNLMYFCCDMASO-UHFFFAOYSA-N,formolecular/novo_horizonte/banco_mestre_unificado.csv,MASTER_UNIFIED,HYNLMYFCCDMASO-UHFFFAOYSA-N,0,0,0,0,0,1
LEGACY-INCHIKEY-HYNMYDGNKJQUNX-UHFFFAOYSA-N,HYNMYDGNKJQUNX-UHFFFAOYSA-N,formolecular/novo_horizonte/banco_mestre_unificado.csv,MASTER_UNIFIED,HYNMYDGNKJQUNX-UHFFFAOYSA-N,0,0,0,0,0,1
LEGACY-INCHIKEY-HYQPBLJYCBYYCL-UHFFFAOYSA-N,HYQPBLJYCBYYCL-UHFFFAOYSA-N,formolecular/novo_horizonte/banco_mestre_unificado.csv,MASTER_UNIFIED,HYQPBLJYCBYYCL-UHFFFAOYSA-N,0,0,0,0,0,1
LEGACY-INCHIKEY-HYRJWTVAIDVLLS-UHFFFAOYSA-N,HYRJWTVAIDVLLS-UHFFFAOYSA-N,formolecular/novo_horizonte/banco_mestre_unificado.csv,MASTER_UNIFIED,HYRJWTVAIDVLLS-UHFFFAOYSA-N,0,0,0,0,0,1
LEGACY-INCHIKEY-HYRMHSXQGWTKPS-UHFFFAOYSA-N,HYRMHSXQGWTKPS-UHFFFAOYSA-N,formolecular/novo_horizonte/banco_mestre_unificado.csv,MASTER_UNIFIED,HYRMHSXQGWTKPS-UHFFFAOYSA-N,0,0,0,0,0,1
LEGACY-INCHIKEY-HYSIZQFZSGCSHJ-UHFFFAOYSA-N,HYSIZQFZSGCSHJ-UHFFFAOYSA-N,formolecular/novo_horizonte/banco_mestre_unificado.csv,MASTER_UNIFIED,HYSIZQFZSGCSHJ-UHFFFAOYSA-N,0,0,0,0,0,1
LEGACY-INCHIKEY-HYVNESTUMKEAIP-UHFFFAOYSA-N,HYVNESTUMKEAIP-UHFFFAOYSA-N,formolecular/novo_horizonte/banco_mestre_unificado.csv,MASTER_UNIFIED,HYVNESTUMKEAIP-UHFFFAOYSA-N,0,0,0,0,0,1
LEGACY-INCHIKEY-HYVUKDQZCZSKDZ-UHFFFAOYSA-N,HYVUKDQZCZSKDZ-UHFFFAOYSA-N,formolecular/novo_horizonte/banco_mestre_unificado.csv,MASTER_UNIFIED,HYVUKDQZCZSKDZ-UHFFFAOYSA-N,0,0,0,0,0,1
LEGACY-INCHIKEY-HZLQNIOZGVWULH-UHFFFAOYSA-N,HZLQNIOZGVWULH-UHFFFAOYSA-N,formolecular/novo_horizonte/banco_mestre_unificado.csv,MASTER_UNIFIED,HZLQNIOZGVWULH-UHFFFAOYSA-N,0,0,0,0,0,1
LEGACY-INCHIKEY-HZRRCVVKISNKAE-UHFFFAOYSA-N,HZRRCVVKISNKAE-UHFFFAOYSA-N,formolecular/novo_horizonte/banco_mestre_unificado.csv,MASTER_UNIFIED,HZRRCVVKISNKAE-UHFFFAOYSA-N,0,0,0,0,0,1
LEGACY-INCHIKEY-IADLMRRHWRVFKJ-UHFFFAOYSA-N,IADLMRRHWRVFKJ-UHFFFAOYSA-N,formolecular/novo_horizonte/banco_mestre_unificado.csv,MASTER_UNIFIED,IADLMRRHWRVFKJ-UHFFFAOYSA-N,0,0,0,0,0,1
LEGACY-INCHIKEY-IAFMCDICQFNMNN-UHFFFAOYSA-N,IAFMCDICQFNMNN-UHFFFAOYSA-N,formolecular/novo_horizonte/banco_mestre_unificado.csv,MASTER_UNIFIED,IAFMCDICQFNMNN-UHFFFAOYSA-N,0,0,0,0,0,1
LEGACY-INCHIKEY-IAMXPYCHQCBEOJ-UHFFFAOYSA-N,IAMXPYCHQCBEOJ-UHFFFAOYSA-N,formolecular/novo_horizonte/banco_mestre_unificado.csv,MASTER_UNIFIED,IAMXPYCHQCBEOJ-UHFFFAOYSA-N,0,0,0,0,0,1
LEGACY-INCHIKEY-IBCVMFDWNGOGKN-UHFFFAOYSA-N,IBCVMFDWNGOGKN-UHFFFAOYSA-N,formolecular/novo_horizonte/banco_mestre_unificado.csv,MASTER_UNIFIED,IBCVMFDWNGOGKN-UHFFFAOYSA-N,0,0,0,0,0,1
LEGACY-INCHIKEY-IBGFZCYQJBUGJX-UHFFFAOYSA-N,IBGFZCYQJBUGJX-UHFFFAOYSA-N,formolecular/novo_horizonte/banco_mestre_unificado.csv,MASTER_UNIFIED,IBGFZCYQJBUGJX-UHFFFAOYSA-N,0,0,0,0,0,1
LEGACY-INCHIKEY-IBKALCWKHZGPCD-UHFFFAOYSA-N,IBKALCWKHZGPCD-UHFFFAOYSA-N,formolecular/novo_horizonte/banco_mestre_unificado.csv,MASTER_UNIFIED,IBKALCWKHZGPCD-UHFFFAOYSA-N,0,0,0,0,0,1
LEGACY-INCHIKEY-IBQBVDGOLYNZKO-UHFFFAOYSA-N,IBQBVDGOLYNZKO-UHFFFAOYSA-N,formolecular/novo_horizonte/banco_mestre_unificado.csv,MASTER_UNIFIED,IBQBVDGOLYNZKO-UHFFFAOYSA-N,0,0,0,0,0,1
LEGACY-INCHIKEY-IBUIROJNSZUKJO-UHFFFAOYSA-N,IBUIROJNSZUKJO-UHFFFAOYSA-N,formolecular/novo_horizonte/banco_mestre_unificado.csv,MASTER_UNIFIED,IBUIROJNSZUKJO-UHFFFAOYSA-N,0,0,0,0,0,1
LEGACY-INCHIKEY-IBVKFRQSDREYFW-UHFFFAOYSA-N,IBVKFRQSDREYFW-UHFFFAOYSA-N,formolecular/novo_horizonte/banco_mestre_unificado.csv,MASTER_UNIFIED,IBVKFRQSDREYFW-UHFFFAOYSA-N,0,0,0,0,0,1
LEGACY-INCHIKEY-ICJOSRUSRNVRTL-UHFFFAOYSA-N,ICJOSRUSRNVRTL-UHFFFAOYSA-N,formolecular/novo_horizonte/banco_mestre_unificado.csv,MASTER_UNIFIED,ICJOSRUSRNVRTL-UHFFFAOYSA-N,0,0,0,0,0,1
LEGACY-INCHIKEY-ICJRMQQVYWKAOW-UHFFFAOYSA-N,ICJRMQQVYWKAOW-UHFFFAOYSA-N,formolecular/novo_horizonte/banco_mestre_unificado.csv,MASTER_UNIFIED,ICJRMQQVYWKAOW-UHFFFAOYSA-N,0,0,0,0,0,1
LEGACY-INCHIKEY-ICLYFXSGDIJVMR-UHFFFAOYSA-N,ICLYFXSGDIJVMR-UHFFFAOYSA-N,formolecular/novo_horizonte/banco_mestre_unificado.csv,MASTER_UNIFIED,ICLYFXSGDIJVMR-UHFFFAOYSA-N,0,0,0,0,0,1
LEGACY-INCHIKEY-ICSCDQRVPMMOAC-UHFFFAOYSA-N,ICSCDQRVPMMOAC-UHFFFAOYSA-N,formolecular/novo_horizonte/banco_mestre_unificado.csv,MASTER_UNIFIED,ICSCDQRVPMMOAC-UHFFFAOYSA-N,0,0,0,0,0,1
LEGACY-INCHIKEY-ICZGQGYWQZNAQE-UHFFFAOYSA-N,ICZGQGYWQZNAQE-UHFFFAOYSA-N,formolecular/novo_horizonte/banco_mestre_unificado.csv,MASTER_UNIFIED,ICZGQGYWQZNAQE-UHFFFAOYSA-N,0,0,0,0,0,1
LEGACY-INCHIKEY-IDAHHHSQUFIXDH-UHFFFAOYSA-N,IDAHHHSQUFIXDH-UHFFFAOYSA-N,formolecular/novo_horizonte/banco_mestre_unificado.csv,MASTER_UNIFIED,IDAHHHSQUFIXDH-UHFFFAOYSA-N,0,0,0,0,0,1
LEGACY-INCHIKEY-IDENBMYZWWBVOY-UHFFFAOYSA-N,IDENBMYZWWBVOY-UHFFFAOYSA-N,formolecular/novo_horizonte/banco_mestre_unificado.csv,MASTER_UNIFIED,IDENBMYZWWBVOY-UHFFFAOYSA-N,0,0,0,0,0,1
LEGACY-INCHIKEY-IDVQYERNCCFODC-UHFFFAOYSA-N,IDVQYERNCCFODC-UHFFFAOYSA-N,formolecular/novo_horizonte/banco_mestre_unificado.csv,MASTER_UNIFIED,IDVQYERNCCFODC-UHFFFAOYSA-N,0,0,0,0,0,1
LEGACY-INCHIKEY-IDXWJNULYIOQHZ-UHFFFAOYSA-N,IDXWJNULYIOQHZ-UHFFFAOYSA-N,formolecular/novo_horizonte/banco_mestre_unificado.csv,MASTER_UNIFIED,IDXWJNULYIOQHZ-UHFFFAOYSA-N,0,0,0,0,0,1
LEGACY-INCHIKEY-IECGCJBRMZOOKS-UHFFFAOYSA-N,IECGCJBRMZOOKS-UHFFFAOYSA-N,formolecular/novo_horizonte/banco_mestre_unificado.csv,MASTER_UNIFIED,IECGCJBRMZOOKS-UHFFFAOYSA-N,0,0,0,0,0,1
LEGACY-INCHIKEY-IECIYOMVAULRAJ-UHFFFAOYSA-N,IECIYOMVAULRAJ-UHFFFAOYSA-N,formolecular/novo_horizonte/banco_mestre_unificado.csv,MASTER_UNIFIED,IECIYOMVAULRAJ-UHFFFAOYSA-N,0,0,0,0,0,1
LEGACY-INCHIKEY-IEEXKIROVULMGP-UHFFFAOYSA-N,IEEXKIROVULMGP-UHFFFAOYSA-N,formolecular/novo_horizonte/banco_mestre_unificado.csv,MASTER_UNIFIED,IEEXKIROVULMGP-UHFFFAOYSA-N,0,0,0,0,0,1
LEGACY-INCHIKEY-IEJBOOYQDPAPPX-UHFFFAOYSA-N,IEJBOOYQDPAPPX-UHFFFAOYSA-N,formolecular/novo_horizonte/banco_mestre_unificado.csv,MASTER_UNIFIED,IEJBOOYQDPAPPX-UHFFFAOYSA-N,0,0,0,0,0,1
LEGACY-INCHIKEY-IEVYULMTTVGKQN-UHFFFAOYSA-N,IEVYULMTTVGKQN-UHFFFAOYSA-N,formolecular/novo_horizonte/banco_mestre_unificado.csv,MASTER_UNIFIED,IEVYULMTTVGKQN-UHFFFAOYSA-N,0,0,0,0,0,1
LEGACY-INCHIKEY-IEYGBQVIEAODQM-UHFFFAOYSA-N,IEYGBQVIEAODQM-UHFFFAOYSA-N,formolecular/novo_horizonte/banco_mestre_unificado.csv,MASTER_UNIFIED,IEYGBQVIEAODQM-UHFFFAOYSA-N,0,0,0,0,0,1
LEGACY-INCHIKEY-IFMYTZDSYUPFSG-UHFFFAOYSA-N,IFMYTZDSYUPFSG-UHFFFAOYSA-N,formolecular/novo_horizonte/banco_mestre_unificado.csv,MASTER_UNIFIED,IFMYTZDSYUPFSG-UHFFFAOYSA-N,0,0,0,0,0,1
LEGACY-INCHIKEY-IFQRYMVOHBZLTC-UHFFFAOYSA-N,IFQRYMVOHBZLTC-UHFFFAOYSA-N,formolecular/novo_horizonte/banco_mestre_unificado.csv,MASTER_UNIFIED,IFQRYMVOHBZLTC-UHFFFAOYSA-N,0,0,0,0,0,1
LEGACY-INCHIKEY-IFVWKSPIRNRGBY-UHFFFAOYSA-N,IFVWKSPIRNRGBY-UHFFFAOYSA-N,formolecular/novo_horizonte/banco_mestre_unificado.csv,MASTER_UNIFIED,IFVWKSPIRNRGBY-UHFFFAOYSA-N,0,0,0,0,0,1
LEGACY-INCHIKEY-IGIMDBUFXJNBJU-UHFFFAOYSA-N,IGIMDBUFXJNBJU-UHFFFAOYSA-N,formolecular/novo_horizonte/banco_mestre_unificado.csv,MASTER_UNIFIED,IGIMDBUFXJNBJU-UHFFFAOYSA-N,0,0,0,0,0,1
LEGACY-INCHIKEY-IGLRKNRAVDDEEL-UHFFFAOYSA-N,IGLRKNRAVDDEEL-UHFFFAOYSA-N,formolecular/novo_horizonte/banco_mestre_unificado.csv,MASTER_UNIFIED,IGLRKNRAVDDEEL-UHFFFAOYSA-N,0,0,0,0,0,1
LEGACY-INCHIKEY-IGPYXMBEKKQDBM-UHFFFAOYSA-N,IGPYXMBEKKQDBM-UHFFFAOYSA-N,formolecular/novo_horizonte/banco_mestre_unificado.csv,MASTER_UNIFIED,IGPYXMBEKKQDBM-UHFFFAOYSA-N,0,0,0,0,0,1
LEGACY-INCHIKEY-IGTAYXZUDGMKRD-UHFFFAOYSA-N,IGTAYXZUDGMKRD-UHFFFAOYSA-N,formolecular/novo_horizonte/banco_mestre_unificado.csv,MASTER_UNIFIED,IGTAYXZUDGMKRD-UHFFFAOYSA-N,0,0,0,0,0,1
LEGACY-INCHIKEY-IGUBLGQKWNTPGV-UHFFFAOYSA-N,IGUBLGQKWNTPGV-UHFFFAOYSA-N,formolecular/novo_horizonte/banco_mestre_unificado.csv,MASTER_UNIFIED,IGUBLGQKWNTPGV-UHFFFAOYSA-N,0,0,0,0,0,1
LEGACY-INCHIKEY-IGWUQMXICLBEOU-UHFFFAOYSA-N,IGWUQMXICLBEOU-UHFFFAOYSA-N,formolecular/novo_horizonte/banco_mestre_unificado.csv,MASTER_UNIFIED,IGWUQMXICLBEOU-UHFFFAOYSA-N,0,0,0,0,0,1
LEGACY-INCHIKEY-IGXJDVZOWGBQSM-UHFFFAOYSA-N,IGXJDVZOWGBQSM-UHFFFAOYSA-N,formolecular/novo_horizonte/banco_mestre_unificado.csv,MASTER_UNIFIED,IGXJDVZOWGBQSM-UHFFFAOYSA-N,0,0,0,0,0,1
LEGACY-INCHIKEY-IGYSJCVAEVODJL-UHFFFAOYSA-N,IGYSJCVAEVODJL-UHFFFAOYSA-N,formolecular/novo_horizonte/banco_mestre_unificado.csv,MASTER_UNIFIED,IGYSJCVAEVODJL-UHFFFAOYSA-N,0,0,0,0,0,1
LEGACY-INCHIKEY-IGZZEEFJHVNZCX-UHFFFAOYSA-N,IGZZEEFJHVNZCX-UHFFFAOYSA-N,formolecular/novo_horizonte/banco_mestre_unificado.csv,MASTER_UNIFIED,IGZZEEFJHVNZCX-UHFFFAOYSA-N,0,0,0,0,0,1
LEGACY-INCHIKEY-IHAWYTCIQHHEMD-UHFFFAOYSA-N,IHAWYTCIQHHEMD-UHFFFAOYSA-N,formolecular/novo_horizonte/banco_mestre_unificado.csv,MASTER_UNIFIED,IHAWYTCIQHHEMD-UHFFFAOYSA-N,0,0,0,0,0,1
LEGACY-INCHIKEY-IHCFVOMMCDBLQC-UHFFFAOYSA-N,IHCFVOMMCDBLQC-UHFFFAOYSA-N,formolecular/novo_horizonte/banco_mestre_unificado.csv,MASTER_UNIFIED,IHCFVOMMCDBLQC-UHFFFAOYSA-N,0,0,0,0,0,1
LEGACY-INCHIKEY-IHCYLWHLRNYOOK-UHFFFAOYSA-N,IHCYLWHLRNYOOK-UHFFFAOYSA-N,formolecular/novo_horizonte/banco_mestre_unificado.csv,MASTER_UNIFIED,IHCYLWHLRNYOOK-UHFFFAOYSA-N,0,0,0,0,0,1
LEGACY-INCHIKEY-IHDFFQHJZFEDBW-UHFFFAOYSA-N,IHDFFQHJZFEDBW-UHFFFAOYSA-N,formolecular/novo_horizonte/banco_mestre_unificado.csv,MASTER_UNIFIED,IHDFFQHJZFEDBW-UHFFFAOYSA-N,0,0,0,0,0,1
LEGACY-INCHIKEY-IHIVROWIFVBCNU-UHFFFAOYSA-N,IHIVROWIFVBCNU-UHFFFAOYSA-N,formolecular/novo_horizonte/banco_mestre_unificado.csv,MASTER_UNIFIED,IHIVROWIFVBCNU-UHFFFAOYSA-N,0,0,0,0,0,1
LEGACY-INCHIKEY-IHJOGZXDGOVWLB-UHFFFAOYSA-N,IHJOGZXDGOVWLB-UHFFFAOYSA-N,formolecular/novo_horizonte/banco_mestre_unificado.csv,MASTER_UNIFIED,IHJOGZXDGOVWLB-UHFFFAOYSA-N,0,0,0,0,0,1
LEGACY-INCHIKEY-IHKGNVUYKPEHEG-UHFFFAOYSA-N,IHKGNVUYKPEHEG-UHFFFAOYSA-N,formolecular/novo_horizonte/banco_mestre_unificado.csv,MASTER_UNIFIED,IHKGNVUYKPEHEG-UHFFFAOYSA-N,0,0,0,0,0,1
LEGACY-INCHIKEY-IHVPLRLSIAERIC-UHFFFAOYSA-N,IHVPLRLSIAERIC-UHFFFAOYSA-N,formolecular/novo_horizonte/banco_mestre_unificado.csv,MASTER_UNIFIED,IHVPLRLSIAERIC-UHFFFAOYSA-N,0,0,0,0,0,1
LEGACY-INCHIKEY-IHWJGCYEAGAXBJ-UHFFFAOYSA-N,IHWJGCYEAGAXBJ-UHFFFAOYSA-N,formolecular/novo_horizonte/banco_mestre_unificado.csv,MASTER_UNIFIED,IHWJGCYEAGAXBJ-UHFFFAOYSA-N,0,0,0,0,0,1
LEGACY-INCHIKEY-IHZDEACVLSRGOK-UHFFFAOYSA-N,IHZDEACVLSRGOK-UHFFFAOYSA-N,formolecular/novo_horizonte/banco_mestre_unificado.csv,MASTER_UNIFIED,IHZDEACVLSRGOK-UHFFFAOYSA-N,0,0,0,0,0,1
LEGACY-INCHIKEY-IIGZQIDSHWXULZ-UHFFFAOYSA-N,IIGZQIDSHWXULZ-UHFFFAOYSA-N,formolecular/novo_horizonte/banco_mestre_unificado.csv,MASTER_UNIFIED,IIGZQIDSHWXULZ-UHFFFAOYSA-N,0,0,0,0,0,1
LEGACY-INCHIKEY-IIWNNGGNEAHCDN-UHFFFAOYSA-N,IIWNNGGNEAHCDN-UHFFFAOYSA-N,formolecular/novo_horizonte/banco_mestre_unificado.csv,MASTER_UNIFIED,IIWNNGGNEAHCDN-UHFFFAOYSA-N,0,0,0,0,0,1
LEGACY-INCHIKEY-IJCRBUCKJNKPIX-UHFFFAOYSA-N,IJCRBUCKJNKPIX-UHFFFAOYSA-N,formolecular/novo_horizonte/banco_mestre_unificado.csv,MASTER_UNIFIED,IJCRBUCKJNKPIX-UHFFFAOYSA-N,0,0,0,0,0,1
LEGACY-INCHIKEY-IJGACDLPRLSSRA-UHFFFAOYSA-N,IJGACDLPRLSSRA-UHFFFAOYSA-N,formolecular/novo_horizonte/banco_mestre_unificado.csv,MASTER_UNIFIED,IJGACDLPRLSSRA-UHFFFAOYSA-N,0,0,0,0,0,1
LEGACY-INCHIKEY-IJIYQRBSNHAKPW-UHFFFAOYSA-N,IJIYQRBSNHAKPW-UHFFFAOYSA-N,formolecular/novo_horizonte/banco_mestre_unificado.csv,MASTER_UNIFIED,IJIYQRBSNHAKPW-UHFFFAOYSA-N,0,0,0,0,0,1
LEGACY-INCHIKEY-IJJMXRZSFMCEHO-UHFFFAOYSA-N,IJJMXRZSFMCEHO-UHFFFAOYSA-N,formolecular/novo_horizonte/banco_mestre_unificado.csv,MASTER_UNIFIED,IJJMXRZSFMCEHO-UHFFFAOYSA-N,0,0,0,0,0,1
LEGACY-INCHIKEY-IJRUTTILYZYODG-UHFFFAOYSA-N,IJRUTTILYZYODG-UHFFFAOYSA-N,formolecular/novo_horizonte/banco_mestre_unificado.csv,MASTER_UNIFIED,IJRUTTILYZYODG-UHFFFAOYSA-N,0,0,0,0,0,1
LEGACY-INCHIKEY-IJTNJVFZLHTTRA-UHFFFAOYSA-N,IJTNJVFZLHTTRA-UHFFFAOYSA-N,formolecular/novo_horizonte/banco_mestre_unificado.csv,MASTER_UNIFIED,IJTNJVFZLHTTRA-UHFFFAOYSA-N,0,0,0,0,0,1
LEGACY-INCHIKEY-IJTSAOHPVLCDNR-UHFFFAOYSA-N,IJTSAOHPVLCDNR-UHFFFAOYSA-N,formolecular/novo_horizonte/banco_mestre_unificado.csv,MASTER_UNIFIED,IJTSAOHPVLCDNR-UHFFFAOYSA-N,0,0,0,0,0,1
LEGACY-INCHIKEY-IKJIEVZLBWDFEL-UHFFFAOYSA-N,IKJIEVZLBWDFEL-UHFFFAOYSA-N,formolecular/novo_horizonte/banco_mestre_unificado.csv,MASTER_UNIFIED,IKJIEVZLBWDFEL-UHFFFAOYSA-N,0,0,0,0,0,1
LEGACY-INCHIKEY-IKORPELAEJWQDY-UHFFFAOYSA-N,IKORPELAEJWQDY-UHFFFAOYSA-N,formolecular/novo_horizonte/banco_mestre_unificado.csv,MASTER_UNIFIED,IKORPELAEJWQDY-UHFFFAOYSA-N,0,0,0,0,0,1
LEGACY-INCHIKEY-IKYZOWHIKNUSCL-UHFFFAOYSA-N,IKYZOWHIKNUSCL-UHFFFAOYSA-N,formolecular/novo_horizonte/banco_mestre_unificado.csv,MASTER_UNIFIED,IKYZOWHIKNUSCL-UHFFFAOYSA-N,0,0,0,0,0,1
LEGACY-INCHIKEY-IKZVALHLPZUQSO-UHFFFAOYSA-N,IKZVALHLPZUQSO-UHFFFAOYSA-N,formolecular/novo_horizonte/banco_mestre_unificado.csv,MASTER_UNIFIED,IKZVALHLPZUQSO-UHFFFAOYSA-N,0,0,0,0,0,1
LEGACY-INCHIKEY-ILAAXXNUIANERD-UHFFFAOYSA-N,ILAAXXNUIANERD-UHFFFAOYSA-N,formolecular/novo_horizonte/banco_mestre_unificado.csv,MASTER_UNIFIED,ILAAXXNUIANERD-UHFFFAOYSA-N,0,0,0,0,0,1
LEGACY-INCHIKEY-ILKCJMCYKDLYSA-UHFFFAOYSA-N,ILKCJMCYKDLYSA-UHFFFAOYSA-N,formolecular/novo_horizonte/banco_mestre_unificado.csv,MASTER_UNIFIED,ILKCJMCYKDLYSA-UHFFFAOYSA-N,0,0,0,0,0,1
LEGACY-INCHIKEY-ILQDLAVGGAUQRW-UHFFFAOYSA-N,ILQDLAVGGAUQRW-UHFFFAOYSA-N,formolecular/novo_horizonte/banco_mestre_unificado.csv,MASTER_UNIFIED,ILQDLAVGGAUQRW-UHFFFAOYSA-N,0,0,0,0,0,1
LEGACY-INCHIKEY-ILSURZMFZBYYCB-UHFFFAOYSA-N,ILSURZMFZBYYCB-UHFFFAOYSA-N,formolecular/novo_horizonte/banco_mestre_unificado.csv,MASTER_UNIFIED,ILSURZMFZBYYCB-UHFFFAOYSA-N,0,0,0,0,0,1
LEGACY-INCHIKEY-ILYDYGJYZKAILL-UHFFFAOYSA-N,ILYDYGJYZKAILL-UHFFFAOYSA-N,formolecular/novo_horizonte/banco_mestre_unificado.csv,MASTER_UNIFIED,ILYDYGJYZKAILL-UHFFFAOYSA-N,0,0,0,0,0,1
LEGACY-INCHIKEY-IMARCBWRXMGMLJ-UHFFFAOYSA-N,IMARCBWRXMGMLJ-UHFFFAOYSA-N,formolecular/novo_horizonte/banco_mestre_unificado.csv,MASTER_UNIFIED,IMARCBWRXMGMLJ-UHFFFAOYSA-N,0,0,0,0,0,1
LEGACY-INCHIKEY-IMBVOPXYZZLNRZ-UHFFFAOYSA-N,IMBVOPXYZZLNRZ-UHFFFAOYSA-N,formolecular/novo_horizonte/banco_mestre_unificado.csv,MASTER_UNIFIED,IMBVOPXYZZLNRZ-UHFFFAOYSA-N,0,0,0,0,0,1
LEGACY-INCHIKEY-IMLAAROXELYMEP-UHFFFAOYSA-N,IMLAAROXELYMEP-UHFFFAOYSA-N,formolecular/novo_horizonte/banco_mestre_unificado.csv,MASTER_UNIFIED,IMLAAROXELYMEP-UHFFFAOYSA-N,0,0,0,0,0,1
LEGACY-INCHIKEY-IMQMGRHLTOWUJS-UHFFFAOYSA-N,IMQMGRHLTOWUJS-UHFFFAOYSA-N,formolecular/novo_horizonte/banco_mestre_unificado.csv,MASTER_UNIFIED,IMQMGRHLTOWUJS-UHFFFAOYSA-N,0,0,0,0,0,1
LEGACY-INCHIKEY-IMQXPGBJHUNURD-UHFFFAOYSA-N,IMQXPGBJHUNURD-UHFFFAOYSA-N,formolecular/novo_horizonte/banco_mestre_unificado.csv,MASTER_UNIFIED,IMQXPGBJHUNURD-UHFFFAOYSA-N,0,0,0,0,0,1
LEGACY-INCHIKEY-IMVNCFSSQJQDSL-UHFFFAOYSA-N,IMVNCFSSQJQDSL-UHFFFAOYSA-N,formolecular/novo_horizonte/banco_mestre_unificado.csv,MASTER_UNIFIED,IMVNCFSSQJQDSL-UHFFFAOYSA-N,0,0,0,0,0,1
LEGACY-INCHIKEY-IMYQCBINKWZZNB-UHFFFAOYSA-N,IMYQCBINKWZZNB-UHFFFAOYSA-N,formolecular/novo_horizonte/banco_mestre_unificado.csv,MASTER_UNIFIED,IMYQCBINKWZZNB-UHFFFAOYSA-N,0,0,0,0,0,1
LEGACY-INCHIKEY-INBNQAQCVCNEJC-UHFFFAOYSA-N,INBNQAQCVCNEJC-UHFFFAOYSA-N,formolecular/novo_horizonte/banco_mestre_unificado.csv,MASTER_UNIFIED,INBNQAQCVCNEJC-UHFFFAOYSA-N,0,0,0,0,0,1
LEGACY-INCHIKEY-INMZNYXPFXKWJV-UHFFFAOYSA-N,INMZNYXPFXKWJV-UHFFFAOYSA-N,formolecular/novo_horizonte/banco_mestre_unificado.csv,MASTER_UNIFIED,INMZNYXPFXKWJV-UHFFFAOYSA-N,0,0,0,0,0,1
LEGACY-INCHIKEY-INRLKKCKWBVEBI-UHFFFAOYSA-N,INRLKKCKWBVEBI-UHFFFAOYSA-N,formolecular/novo_horizonte/banco_mestre_unificado.csv,MASTER_UNIFIED,INRLKKCKWBVEBI-UHFFFAOYSA-N,0,0,0,0,0,1
LEGACY-INCHIKEY-INRZIHCPOAXQTG-UHFFFAOYSA-N,INRZIHCPOAXQTG-UHFFFAOYSA-N,formolecular/novo_horizonte/banco_mestre_unificado.csv,MASTER_UNIFIED,INRZIHCPOAXQTG-UHFFFAOYSA-N,0,0,0,0,0,1
LEGACY-INCHIKEY-INURHCSBXNWERS-UHFFFAOYSA-N,INURHCSBXNWERS-UHFFFAOYSA-N,formolecular/novo_horizonte/banco_mestre_unificado.csv,MASTER_UNIFIED,INURHCSBXNWERS-UHFFFAOYSA-N,0,0,0,0,0,1
LEGACY-INCHIKEY-INZPWLYPZAPKTO-UHFFFAOYSA-N,INZPWLYPZAPKTO-UHFFFAOYSA-N,formolecular/novo_horizonte/banco_mestre_unificado.csv,MASTER_UNIFIED,INZPWLYPZAPKTO-UHFFFAOYSA-N,0,0,0,0,0,1
LEGACY-INCHIKEY-IOIOUQGGYDFYPP-UHFFFAOYSA-N,IOIOUQGGYDFYPP-UHFFFAOYSA-N,formolecular/novo_horizonte/banco_mestre_unificado.csv,MASTER_UNIFIED,IOIOUQGGYDFYPP-UHFFFAOYSA-N,0,0,0,0,0,1
LEGACY-INCHIKEY-IORNBZMBQASSRK-UHFFFAOYSA-N,IORNBZMBQASSRK-UHFFFAOYSA-N,formolecular/novo_horizonte/banco_mestre_unificado.csv,MASTER_UNIFIED,IORNBZMBQASSRK-UHFFFAOYSA-N,0,0,0,0,0,1
LEGACY-INCHIKEY-IOZHFXNYBAGINM-UHFFFAOYSA-N,IOZHFXNYBAGINM-UHFFFAOYSA-N,formolecular/novo_horizonte/banco_mestre_unificado.csv,MASTER_UNIFIED,IOZHFXNYBAGINM-UHFFFAOYSA-N,0,0,0,0,0,1
LEGACY-INCHIKEY-IPCYIVXYCGMQJR-UHFFFAOYSA-N,IPCYIVXYCGMQJR-UHFFFAOYSA-N,formolecular/novo_horizonte/banco_mestre_unificado.csv,MASTER_UNIFIED,IPCYIVXYCGMQJR-UHFFFAOYSA-N,0,0,0,0,0,1
LEGACY-INCHIKEY-IPDGJCLLQUYBIX-UHFFFAOYSA-N,IPDGJCLLQUYBIX-UHFFFAOYSA-N,formolecular/novo_horizonte/banco_mestre_unificado.csv,MASTER_UNIFIED,IPDGJCLLQUYBIX-UHFFFAOYSA-N,0,0,0,0,0,1
LEGACY-INCHIKEY-IPISDSVPLMFIFJ-UHFFFAOYSA-N,IPISDSVPLMFIFJ-UHFFFAOYSA-N,formolecular/novo_horizonte/banco_mestre_unificado.csv,MASTER_UNIFIED,IPISDSVPLMFIFJ-UHFFFAOYSA-N,0,0,0,0,0,1
LEGACY-INCHIKEY-IPJGPLWTGQWJJE-UHFFFAOYSA-N,IPJGPLWTGQWJJE-UHFFFAOYSA-N,formolecular/novo_horizonte/banco_mestre_unificado.csv,MASTER_UNIFIED,IPJGPLWTGQWJJE-UHFFFAOYSA-N,0,0,0,0,0,1
LEGACY-INCHIKEY-IPJIGCRKVWOSRJ-UHFFFAOYSA-N,IPJIGCRKVWOSRJ-UHFFFAOYSA-N,formolecular/novo_horizonte/banco_mestre_unificado.csv,MASTER_UNIFIED,IPJIGCRKVWOSRJ-UHFFFAOYSA-N,0,0,0,0,0,1
LEGACY-INCHIKEY-IPKDVZZLBXLZDA-UHFFFAOYSA-N,IPKDVZZLBXLZDA-UHFFFAOYSA-N,formolecular/novo_horizonte/banco_mestre_unificado.csv,MASTER_UNIFIED,IPKDVZZLBXLZDA-UHFFFAOYSA-N,0,0,0,0,0,1
LEGACY-INCHIKEY-IPKWPGJNBNDAAW-UHFFFAOYSA-N,IPKWPGJNBNDAAW-UHFFFAOYSA-N,formolecular/novo_horizonte/banco_mestre_unificado.csv,MASTER_UNIFIED,IPKWPGJNBNDAAW-UHFFFAOYSA-N,0,0,0,0,0,1
LEGACY-INCHIKEY-IPLLIBCMFMBABN-UHFFFAOYSA-N,IPLLIBCMFMBABN-UHFFFAOYSA-N,formolecular/novo_horizonte/banco_mestre_unificado.csv,MASTER_UNIFIED,IPLLIBCMFMBABN-UHFFFAOYSA-N,0,0,0,0,0,1
LEGACY-INCHIKEY-IPTMKVYEKLBKIP-UHFFFAOYSA-N,IPTMKVYEKLBKIP-UHFFFAOYSA-N,formolecular/novo_horizonte/banco_mestre_unificado.csv,MASTER_UNIFIED,IPTMKVYEKLBKIP-UHFFFAOYSA-N,0,0,0,0,0,1
LEGACY-INCHIKEY-IPUDQISVHUGUDT-UHFFFAOYSA-N,IPUDQISVHUGUDT-UHFFFAOYSA-N,formolecular/novo_horizonte/banco_mestre_unificado.csv,MASTER_UNIFIED,IPUDQISVHUGUDT-UHFFFAOYSA-N,0,0,0,0,0,1
LEGACY-INCHIKEY-IPWFJLQDVFKJDU-UHFFFAOYSA-N,IPWFJLQDVFKJDU-UHFFFAOYSA-N,formolecular/novo_horizonte/banco_mestre_unificado.csv,MASTER_UNIFIED,IPWFJLQDVFKJDU-UHFFFAOYSA-N,0,0,0,0,0,1
LEGACY-INCHIKEY-IPZXYKDVTHRYPE-UHFFFAOYSA-N,IPZXYKDVTHRYPE-UHFFFAOYSA-N,formolecular/novo_horizonte/banco_mestre_unificado.csv,MASTER_UNIFIED,IPZXYKDVTHRYPE-UHFFFAOYSA-N,0,0,0,0,0,1
LEGACY-INCHIKEY-IQDZWYLNMPESJR-UHFFFAOYSA-N,IQDZWYLNMPESJR-UHFFFAOYSA-N,formolecular/novo_horizonte/banco_mestre_unificado.csv,MASTER_UNIFIED,IQDZWYLNMPESJR-UHFFFAOYSA-N,0,0,0,0,0,1
LEGACY-INCHIKEY-IQPBQWIUHLSTJE-UHFFFAOYSA-N,IQPBQWIUHLSTJE-UHFFFAOYSA-N,formolecular/novo_horizonte/banco_mestre_unificado.csv,MASTER_UNIFIED,IQPBQWIUHLSTJE-UHFFFAOYSA-N,0,0,0,0,0,1
LEGACY-INCHIKEY-IQQVOQNHDRJULH-UHFFFAOYSA-N,IQQVOQNHDRJULH-UHFFFAOYSA-N,formolecular/novo_horizonte/banco_mestre_unificado.csv,MASTER_UNIFIED,IQQVOQNHDRJULH-UHFFFAOYSA-N,0,0,0,0,0,1
LEGACY-INCHIKEY-IQYAUDZISFYWTL-UHFFFAOYSA-N,IQYAUDZISFYWTL-UHFFFAOYSA-N,formolecular/novo_horizonte/banco_mestre_unificado.csv,MASTER_UNIFIED,IQYAUDZISFYWTL-UHFFFAOYSA-N,0,0,0,0,0,1
LEGACY-INCHIKEY-IQYBKUOYEDPBQY-UHFFFAOYSA-N,IQYBKUOYEDPBQY-UHFFFAOYSA-N,formolecular/novo_horizonte/banco_mestre_unificado.csv,MASTER_UNIFIED,IQYBKUOYEDPBQY-UHFFFAOYSA-N,0,0,0,0,0,1
LEGACY-INCHIKEY-IRHJHQIHSUVURY-UHFFFAOYSA-N,IRHJHQIHSUVURY-UHFFFAOYSA-N,formolecular/novo_horizonte/banco_mestre_unificado.csv,MASTER_UNIFIED,IRHJHQIHSUVURY-UHFFFAOYSA-N,0,0,0,0,0,1
LEGACY-INCHIKEY-IRNFVKTZZDXDEV-UHFFFAOYSA-N,IRNFVKTZZDXDEV-UHFFFAOYSA-N,formolecular/novo_horizonte/banco_mestre_unificado.csv,MASTER_UNIFIED,IRNFVKTZZDXDEV-UHFFFAOYSA-N,0,0,0,0,0,1
LEGACY-INCHIKEY-IRPUBVXEAUVMLP-UHFFFAOYSA-N,IRPUBVXEAUVMLP-UHFFFAOYSA-N,formolecular/novo_horizonte/banco_mestre_unificado.csv,MASTER_UNIFIED,IRPUBVXEAUVMLP-UHFFFAOYSA-N,0,0,0,0,0,1
LEGACY-INCHIKEY-IRQNZDXXLPQESE-UHFFFAOYSA-N,IRQNZDXXLPQESE-UHFFFAOYSA-N,formolecular/novo_horizonte/banco_mestre_unificado.csv,MASTER_UNIFIED,IRQNZDXXLPQESE-UHFFFAOYSA-N,0,0,0,0,0,1
LEGACY-INCHIKEY-IRTIBBAEVPTSMM-UHFFFAOYSA-N,IRTIBBAEVPTSMM-UHFFFAOYSA-N,formolecular/novo_horizonte/banco_mestre_unificado.csv,MASTER_UNIFIED,IRTIBBAEVPTSMM-UHFFFAOYSA-N,0,0,0,0,0,1
LEGACY-INCHIKEY-ISKBYDYZRLGBGH-UHFFFAOYSA-N,ISKBYDYZRLGBGH-UHFFFAOYSA-N,formolecular/novo_horizonte/banco_mestre_unificado.csv,MASTER_UNIFIED,ISKBYDYZRLGBGH-UHFFFAOYSA-N,0,0,0,0,0,1
LEGACY-INCHIKEY-ISTIJIGSRJZTPH-UHFFFAOYSA-N,ISTIJIGSRJZTPH-UHFFFAOYSA-N,formolecular/novo_horizonte/banco_mestre_unificado.csv,MASTER_UNIFIED,ISTIJIGSRJZTPH-UHFFFAOYSA-N,0,0,0,0,0,1
LEGACY-INCHIKEY-ISZXSYFTVOBZLZ-UHFFFAOYSA-N,ISZXSYFTVOBZLZ-UHFFFAOYSA-N,formolecular/novo_horizonte/banco_mestre_unificado.csv,MASTER_UNIFIED,ISZXSYFTVOBZLZ-UHFFFAOYSA-N,0,0,0,0,0,1
LEGACY-INCHIKEY-ITJZMINSAMFBOU-UHFFFAOYSA-N,ITJZMINSAMFBOU-UHFFFAOYSA-N,formolecular/novo_horizonte/banco_mestre_unificado.csv,MASTER_UNIFIED,ITJZMINSAMFBOU-UHFFFAOYSA-N,0,0,0,0,0,1
LEGACY-INCHIKEY-ITKILSDADVEEMA-UHFFFAOYSA-N,ITKILSDADVEEMA-UHFFFAOYSA-N,formolecular/novo_horizonte/banco_mestre_unificado.csv,MASTER_UNIFIED,ITKILSDADVEEMA-UHFFFAOYSA-N,0,0,0,0,0,1
LEGACY-INCHIKEY-ITMHAPNGPWWBTF-UHFFFAOYSA-N,ITMHAPNGPWWBTF-UHFFFAOYSA-N,formolecular/novo_horizonte/banco_mestre_unificado.csv,MASTER_UNIFIED,ITMHAPNGPWWBTF-UHFFFAOYSA-N,0,0,0,0,0,1
LEGACY-INCHIKEY-ITOMONPPJGFCAQ-UHFFFAOYSA-N,ITOMONPPJGFCAQ-UHFFFAOYSA-N,formolecular/novo_horizonte/banco_mestre_unificado.csv,MASTER_UNIFIED,ITOMONPPJGFCAQ-UHFFFAOYSA-N,0,0,0,0,0,1
LEGACY-INCHIKEY-ITQFEPXAKZHIRO-UHFFFAOYSA-N,ITQFEPXAKZHIRO-UHFFFAOYSA-N,formolecular/novo_horizonte/banco_mestre_unificado.csv,MASTER_UNIFIED,ITQFEPXAKZHIRO-UHFFFAOYSA-N,0,0,0,0,0,1
LEGACY-INCHIKEY-ITVSWFBMNISWBZ-UHFFFAOYSA-N,ITVSWFBMNISWBZ-UHFFFAOYSA-N,formolecular/novo_horizonte/banco_mestre_unificado.csv,MASTER_UNIFIED,ITVSWFBMNISWBZ-UHFFFAOYSA-N,0,0,0,0,0,1
LEGACY-INCHIKEY-ITXCALWASXABQW-UHFFFAOYSA-N,ITXCALWASXABQW-UHFFFAOYSA-N,formolecular/novo_horizonte/banco_mestre_unificado.csv,MASTER_UNIFIED,ITXCALWASXABQW-UHFFFAOYSA-N,0,0,0,0,0,1
LEGACY-INCHIKEY-ITZGCLCXUODPTQ-UHFFFAOYSA-N,ITZGCLCXUODPTQ-UHFFFAOYSA-N,formolecular/novo_horizonte/banco_mestre_unificado.csv,MASTER_UNIFIED,ITZGCLCXUODPTQ-UHFFFAOYSA-N,0,0,0,0,0,1
LEGACY-INCHIKEY-IUCAWDRWWGKHPO-UHFFFAOYSA-N,IUCAWDRWWGKHPO-UHFFFAOYSA-N,formolecular/novo_horizonte/banco_mestre_unificado.csv,MASTER_UNIFIED,IUCAWDRWWGKHPO-UHFFFAOYSA-N,0,0,0,0,0,1
LEGACY-INCHIKEY-IUCCYOCECYBILK-UHFFFAOYSA-N,IUCCYOCECYBILK-UHFFFAOYSA-N,formolecular/novo_horizonte/banco_mestre_unificado.csv,MASTER_UNIFIED,IUCCYOCECYBILK-UHFFFAOYSA-N,0,0,0,0,0,1
LEGACY-INCHIKEY-IUDWALIBGGUEKX-UHFFFAOYSA-N,IUDWALIBGGUEKX-UHFFFAOYSA-N,formolecular/novo_horizonte/banco_mestre_unificado.csv,MASTER_UNIFIED,IUDWALIBGGUEKX-UHFFFAOYSA-N,0,0,0,0,0,1
LEGACY-INCHIKEY-IUENMNDRNQSGBM-UHFFFAOYSA-N,IUENMNDRNQSGBM-UHFFFAOYSA-N,formolecular/novo_horizonte/banco_mestre_unificado.csv,MASTER_UNIFIED,IUENMNDRNQSGBM-UHFFFAOYSA-N,0,0,0,0,0,1
LEGACY-INCHIKEY-IUQQDCCEMCFVJF-UHFFFAOYSA-N,IUQQDCCEMCFVJF-UHFFFAOYSA-N,formolecular/novo_horizonte/banco_mestre_unificado.csv,MASTER_UNIFIED,IUQQDCCEMCFVJF-UHFFFAOYSA-N,0,0,0,0,0,1
LEGACY-INCHIKEY-IUVFHZRMAWGBCW-UHFFFAOYSA-N,IUVFHZRMAWGBCW-UHFFFAOYSA-N,formolecular/novo_horizonte/banco_mestre_unificado.csv,MASTER_UNIFIED,IUVFHZRMAWGBCW-UHFFFAOYSA-N,0,0,0,0,0,1
LEGACY-INCHIKEY-IVIBMKLCLIBOCH-UHFFFAOYSA-N,IVIBMKLCLIBOCH-UHFFFAOYSA-N,formolecular/novo_horizonte/banco_mestre_unificado.csv,MASTER_UNIFIED,IVIBMKLCLIBOCH-UHFFFAOYSA-N,0,0,0,0,0,1
LEGACY-INCHIKEY-IVLLQUJKTHGVHF-UHFFFAOYSA-N,IVLLQUJKTHGVHF-UHFFFAOYSA-N,formolecular/novo_horizonte/banco_mestre_unificado.csv,MASTER_UNIFIED,IVLLQUJKTHGVHF-UHFFFAOYSA-N,0,0,0,0,0,1
LEGACY-INCHIKEY-IVPUZMZYKBUBBN-UHFFFAOYSA-N,IVPUZMZYKBUBBN-UHFFFAOYSA-N,formolecular/novo_horizonte/banco_mestre_unificado.csv,MASTER_UNIFIED,IVPUZMZYKBUBBN-UHFFFAOYSA-N,0,0,0,0,0,1
LEGACY-INCHIKEY-IVPXJQMXEMPHBF-UHFFFAOYSA-N,IVPXJQMXEMPHBF-UHFFFAOYSA-N,formolecular/novo_horizonte/banco_mestre_unificado.csv,MASTER_UNIFIED,IVPXJQMXEMPHBF-UHFFFAOYSA-N,0,0,0,0,0,1
LEGACY-INCHIKEY-IVXIURBHIBWIEC-UHFFFAOYSA-N,IVXIURBHIBWIEC-UHFFFAOYSA-N,formolecular/novo_horizonte/banco_mestre_unificado.csv,MASTER_UNIFIED,IVXIURBHIBWIEC-UHFFFAOYSA-N,0,0,0,0,0,1
LEGACY-INCHIKEY-IVYOXWXEXQUHAI-UHFFFAOYSA-N,IVYOXWXEXQUHAI-UHFFFAOYSA-N,formolecular/novo_horizonte/banco_mestre_unificado.csv,MASTER_UNIFIED,IVYOXWXEXQUHAI-UHFFFAOYSA-N,0,0,0,0,0,1
LEGACY-INCHIKEY-IVZJMKFKXBEUGV-UHFFFAOYSA-N,IVZJMKFKXBEUGV-UHFFFAOYSA-N,formolecular/novo_horizonte/banco_mestre_unificado.csv,MASTER_UNIFIED,IVZJMKFKXBEUGV-UHFFFAOYSA-N,0,0,0,0,0,1
LEGACY-INCHIKEY-IWHYXZAPFBPMOI-UHFFFAOYSA-N,IWHYXZAPFBPMOI-UHFFFAOYSA-N,formolecular/novo_horizonte/banco_mestre_unificado.csv,MASTER_UNIFIED,IWHYXZAPFBPMOI-UHFFFAOYSA-N,0,0,0,0,0,1
LEGACY-INCHIKEY-IWSDVTAHZPCTBC-UHFFFAOYSA-N,IWSDVTAHZPCTBC-UHFFFAOYSA-N,formolecular/novo_horizonte/banco_mestre_unificado.csv,MASTER_UNIFIED,IWSDVTAHZPCTBC-UHFFFAOYSA-N,0,0,0,0,0,1
LEGACY-INCHIKEY-IXEKMFCYAPDIOH-UHFFFAOYSA-N,IXEKMFCYAPDIOH-UHFFFAOYSA-N,formolecular/novo_horizonte/banco_mestre_unificado.csv,MASTER_UNIFIED,IXEKMFCYAPDIOH-UHFFFAOYSA-N,0,0,0,0,0,1
LEGACY-INCHIKEY-IXICNXDQLDBDTJ-UHFFFAOYSA-N,IXICNXDQLDBDTJ-UHFFFAOYSA-N,formolecular/novo_horizonte/banco_mestre_unificado.csv,MASTER_UNIFIED,IXICNXDQLDBDTJ-UHFFFAOYSA-N,0,0,0,0,0,1
LEGACY-INCHIKEY-IXPRRLIOIUBOMP-UHFFFAOYSA-N,IXPRRLIOIUBOMP-UHFFFAOYSA-N,formolecular/novo_horizonte/banco_mestre_unificado.csv,MASTER_UNIFIED,IXPRRLIOIUBOMP-UHFFFAOYSA-N,0,0,0,0,0,1
LEGACY-INCHIKEY-IXPWZTFKKBHQAO-UHFFFAOYSA-N,IXPWZTFKKBHQAO-UHFFFAOYSA-N,formolecular/novo_horizonte/banco_mestre_unificado.csv,MASTER_UNIFIED,IXPWZTFKKBHQAO-UHFFFAOYSA-N,0,0,0,0,0,1
LEGACY-INCHIKEY-IXRPLDAKGCDAKV-UHFFFAOYSA-N,IXRPLDAKGCDAKV-UHFFFAOYSA-N,formolecular/novo_horizonte/banco_mestre_unificado.csv,MASTER_UNIFIED,IXRPLDAKGCDAKV-UHFFFAOYSA-N,0,0,0,0,0,1
LEGACY-INCHIKEY-IXSUQXWYMDGUFJ-UHFFFAOYSA-N,IXSUQXWYMDGUFJ-UHFFFAOYSA-N,formolecular/novo_horizonte/banco_mestre_unificado.csv,MASTER_UNIFIED,IXSUQXWYMDGUFJ-UHFFFAOYSA-N,0,0,0,0,0,1
LEGACY-INCHIKEY-IYDVJPWNILGJRV-UHFFFAOYSA-N,IYDVJPWNILGJRV-UHFFFAOYSA-N,formolecular/novo_horizonte/banco_mestre_unificado.csv,MASTER_UNIFIED,IYDVJPWNILGJRV-UHFFFAOYSA-N,0,0,0,0,0,1
LEGACY-INCHIKEY-IYEHWKMKZCGBDY-UHFFFAOYSA-N,IYEHWKMKZCGBDY-UHFFFAOYSA-N,formolecular/novo_horizonte/banco_mestre_unificado.csv,MASTER_UNIFIED,IYEHWKMKZCGBDY-UHFFFAOYSA-N,0,0,0,0,0,1
LEGACY-INCHIKEY-IYHYPSDXRVVLDW-UHFFFAOYSA-N,IYHYPSDXRVVLDW-UHFFFAOYSA-N,formolecular/novo_horizonte/banco_mestre_unificado.csv,MASTER_UNIFIED,IYHYPSDXRVVLDW-UHFFFAOYSA-N,0,0,0,0,0,1
LEGACY-INCHIKEY-IYJDPNGXQDSRND-UHFFFAOYSA-N,IYJDPNGXQDSRND-UHFFFAOYSA-N,formolecular/novo_horizonte/banco_mestre_unificado.csv,MASTER_UNIFIED,IYJDPNGXQDSRND-UHFFFAOYSA-N,0,0,0,0,0,1
LEGACY-INCHIKEY-IYKNLAUSWSJOED-UHFFFAOYSA-N,IYKNLAUSWSJOED-UHFFFAOYSA-N,formolecular/novo_horizonte/banco_mestre_unificado.csv,MASTER_UNIFIED,IYKNLAUSWSJOED-UHFFFAOYSA-N,0,0,0,0,0,1
LEGACY-INCHIKEY-IYKSMPJRUABVEM-UHFFFAOYSA-N,IYKSMPJRUABVEM-UHFFFAOYSA-N,formolecular/novo_horizonte/banco_mestre_unificado.csv,MASTER_UNIFIED,IYKSMPJRUABVEM-UHFFFAOYSA-N,0,0,0,0,0,1
LEGACY-INCHIKEY-IYLQPQGHSHEDCD-UHFFFAOYSA-N,IYLQPQGHSHEDCD-UHFFFAOYSA-N,formolecular/novo_horizonte/banco_mestre_unificado.csv,MASTER_UNIFIED,IYLQPQGHSHEDCD-UHFFFAOYSA-N,0,0,0,0,0,1
LEGACY-INCHIKEY-IYLQTCFYBVBSBA-UHFFFAOYSA-N,IYLQTCFYBVBSBA-UHFFFAOYSA-N,formolecular/novo_horizonte/banco_mestre_unificado.csv,MASTER_UNIFIED,IYLQTCFYBVBSBA-UHFFFAOYSA-N,0,0,0,0,0,1
LEGACY-INCHIKEY-IYTGZVFTKMOXJB-UHFFFAOYSA-N,IYTGZVFTKMOXJB-UHFFFAOYSA-N,formolecular/novo_horizonte/banco_mestre_unificado.csv,MASTER_UNIFIED,IYTGZVFTKMOXJB-UHFFFAOYSA-N,0,0,0,0,0,1
LEGACY-INCHIKEY-IYWOLLMRPSCMPV-UHFFFAOYSA-N,IYWOLLMRPSCMPV-UHFFFAOYSA-N,formolecular/novo_horizonte/banco_mestre_unificado.csv,MASTER_UNIFIED,IYWOLLMRPSCMPV-UHFFFAOYSA-N,0,0,0,0,0,1
LEGACY-INCHIKEY-IYYPCFKINTVZQE-UHFFFAOYSA-N,IYYPCFKINTVZQE-UHFFFAOYSA-N,formolecular/novo_horizonte/banco_mestre_unificado.csv,MASTER_UNIFIED,IYYPCFKINTVZQE-UHFFFAOYSA-N,0,0,0,0,0,1
LEGACY-INCHIKEY-IZQAIIBJUDWBKE-UHFFFAOYSA-N,IZQAIIBJUDWBKE-UHFFFAOYSA-N,formolecular/novo_horizonte/banco_mestre_unificado.csv,MASTER_UNIFIED,IZQAIIBJUDWBKE-UHFFFAOYSA-N,0,0,0,0,0,1
LEGACY-INCHIKEY-IZVLCHRMKVVQBA-UHFFFAOYSA-N,IZVLCHRMKVVQBA-UHFFFAOYSA-N,formolecular/novo_horizonte/banco_mestre_unificado.csv,MASTER_UNIFIED,IZVLCHRMKVVQBA-UHFFFAOYSA-N,0,0,0,0,0,1
LEGACY-INCHIKEY-IZZXEMXEYYXFLL-UHFFFAOYSA-N,IZZXEMXEYYXFLL-UHFFFAOYSA-N,formolecular/novo_horizonte/banco_mestre_unificado.csv,MASTER_UNIFIED,IZZXEMXEYYXFLL-UHFFFAOYSA-N,0,0,0,0,0,1
LEGACY-INCHIKEY-JAALHWKPNSLDRO-UHFFFAOYSA-N,JAALHWKPNSLDRO-UHFFFAOYSA-N,formolecular/novo_horizonte/banco_mestre_unificado.csv,MASTER_UNIFIED,JAALHWKPNSLDRO-UHFFFAOYSA-N,0,0,0,0,0,1
LEGACY-INCHIKEY-JAAOLHDQHJHZMB-UHFFFAOYSA-N,JAAOLHDQHJHZMB-UHFFFAOYSA-N,formolecular/novo_horizonte/banco_mestre_unificado.csv,MASTER_UNIFIED,JAAOLHDQHJHZMB-UHFFFAOYSA-N,0,0,0,0,0,1
LEGACY-INCHIKEY-JAASSSKWUQGLSQ-UHFFFAOYSA-N,JAASSSKWUQGLSQ-UHFFFAOYSA-N,formolecular/novo_horizonte/banco_mestre_unificado.csv,MASTER_UNIFIED,JAASSSKWUQGLSQ-UHFFFAOYSA-N,0,0,0,0,0,1
LEGACY-INCHIKEY-JADDJHZMMMGZEX-UHFFFAOYSA-N,JADDJHZMMMGZEX-UHFFFAOYSA-N,formolecular/novo_horizonte/banco_mestre_unificado.csv,MASTER_UNIFIED,JADDJHZMMMGZEX-UHFFFAOYSA-N,0,0,0,0,0,1
LEGACY-INCHIKEY-JAFVWQUGQPCSRG-UHFFFAOYSA-N,JAFVWQUGQPCSRG-UHFFFAOYSA-N,formolecular/novo_horizonte/banco_mestre_unificado.csv,MASTER_UNIFIED,JAFVWQUGQPCSRG-UHFFFAOYSA-N,0,0,0,0,0,1
LEGACY-INCHIKEY-JAHUIUZCDNUBQQ-UHFFFAOYSA-N,JAHUIUZCDNUBQQ-UHFFFAOYSA-N,formolecular/novo_horizonte/banco_mestre_unificado.csv,MASTER_UNIFIED,JAHUIUZCDNUBQQ-UHFFFAOYSA-N,0,0,0,0,0,1
LEGACY-INCHIKEY-JAHVXFXAOZWMQG-UHFFFAOYSA-N,JAHVXFXAOZWMQG-UHFFFAOYSA-N,formolecular/novo_horizonte/banco_mestre_unificado.csv,MASTER_UNIFIED,JAHVXFXAOZWMQG-UHFFFAOYSA-N,0,0,0,0,0,1
LEGACY-INCHIKEY-JAIZNAWTDYNQPO-UHFFFAOYSA-N,JAIZNAWTDYNQPO-UHFFFAOYSA-N,formolecular/novo_horizonte/banco_mestre_unificado.csv,MASTER_UNIFIED,JAIZNAWTDYNQPO-UHFFFAOYSA-N,0,0,0,0,0,1
LEGACY-INCHIKEY-JANZPEBHGWMIPS-UHFFFAOYSA-N,JANZPEBHGWMIPS-UHFFFAOYSA-N,formolecular/novo_horizonte/banco_mestre_unificado.csv,MASTER_UNIFIED,JANZPEBHGWMIPS-UHFFFAOYSA-N,0,0,0,0,0,1
LEGACY-INCHIKEY-JAXBSXDPPRZYON-UHFFFAOYSA-N,JAXBSXDPPRZYON-UHFFFAOYSA-N,formolecular/novo_horizonte/banco_mestre_unificado.csv,MASTER_UNIFIED,JAXBSXDPPRZYON-UHFFFAOYSA-N,0,0,0,0,0,1
LEGACY-INCHIKEY-JAYOWDANYLITHB-UHFFFAOYSA-N,JAYOWDANYLITHB-UHFFFAOYSA-N,formolecular/novo_horizonte/banco_mestre_unificado.csv,MASTER_UNIFIED,JAYOWDANYLITHB-UHFFFAOYSA-N,0,0,0,0,0,1
LEGACY-INCHIKEY-JAZRIIDBXIBTHL-UHFFFAOYSA-N,JAZRIIDBXIBTHL-UHFFFAOYSA-N,formolecular/novo_horizonte/banco_mestre_unificado.csv,MASTER_UNIFIED,JAZRIIDBXIBTHL-UHFFFAOYSA-N,0,0,0,0,0,1
LEGACY-INCHIKEY-JBBPGSQELZNQNA-UHFFFAOYSA-N,JBBPGSQELZNQNA-UHFFFAOYSA-N,formolecular/novo_horizonte/banco_mestre_unificado.csv,MASTER_UNIFIED,JBBPGSQELZNQNA-UHFFFAOYSA-N,0,0,0,0,0,1
LEGACY-INCHIKEY-JBGBRSGPEDQGFU-UHFFFAOYSA-N,JBGBRSGPEDQGFU-UHFFFAOYSA-N,formolecular/novo_horizonte/banco_mestre_unificado.csv,MASTER_UNIFIED,JBGBRSGPEDQGFU-UHFFFAOYSA-N,0,0,0,0,0,1
LEGACY-INCHIKEY-JBLRCJIWZAJRGD-UHFFFAOYSA-N,JBLRCJIWZAJRGD-UHFFFAOYSA-N,formolecular/novo_horizonte/banco_mestre_unificado.csv,MASTER_UNIFIED,JBLRCJIWZAJRGD-UHFFFAOYSA-N,0,0,0,0,0,1
LEGACY-INCHIKEY-JCAPAVBGNFURQB-UHFFFAOYSA-N,JCAPAVBGNFURQB-UHFFFAOYSA-N,formolecular/novo_horizonte/banco_mestre_unificado.csv,MASTER_UNIFIED,JCAPAVBGNFURQB-UHFFFAOYSA-N,0,0,0,0,0,1
LEGACY-INCHIKEY-JCJOKMBHMBVTPQ-UHFFFAOYSA-N,JCJOKMBHMBVTPQ-UHFFFAOYSA-N,formolecular/novo_horizonte/banco_mestre_unificado.csv,MASTER_UNIFIED,JCJOKMBHMBVTPQ-UHFFFAOYSA-N,0,0,0,0,0,1
LEGACY-INCHIKEY-JCJOTNKCCWLUPY-UHFFFAOYSA-N,JCJOTNKCCWLUPY-UHFFFAOYSA-N,formolecular/novo_horizonte/banco_mestre_unificado.csv,MASTER_UNIFIED,JCJOTNKCCWLUPY-UHFFFAOYSA-N,0,0,0,0,0,1
LEGACY-INCHIKEY-JCMOQTJNVRYXJU-UHFFFAOYSA-N,JCMOQTJNVRYXJU-UHFFFAOYSA-N,formolecular/novo_horizonte/banco_mestre_unificado.csv,MASTER_UNIFIED,JCMOQTJNVRYXJU-UHFFFAOYSA-N,0,0,0,0,0,1
LEGACY-INCHIKEY-JCUYUTCIUAFERS-UHFFFAOYSA-N,JCUYUTCIUAFERS-UHFFFAOYSA-N,formolecular/novo_horizonte/banco_mestre_unificado.csv,MASTER_UNIFIED,JCUYUTCIUAFERS-UHFFFAOYSA-N,0,0,0,0,0,1
LEGACY-INCHIKEY-JCWBHPOHZWRMJS-UHFFFAOYSA-N,JCWBHPOHZWRMJS-UHFFFAOYSA-N,formolecular/novo_horizonte/banco_mestre_unificado.csv,MASTER_UNIFIED,JCWBHPOHZWRMJS-UHFFFAOYSA-N,0,0,0,0,0,1
LEGACY-INCHIKEY-JDCMVEGQVHGEGP-UHFFFAOYSA-N,JDCMVEGQVHGEGP-UHFFFAOYSA-N,formolecular/novo_horizonte/banco_mestre_unificado.csv,MASTER_UNIFIED,JDCMVEGQVHGEGP-UHFFFAOYSA-N,0,0,0,0,0,1
LEGACY-INCHIKEY-JDEUVVMTHADXCX-UHFFFAOYSA-N,JDEUVVMTHADXCX-UHFFFAOYSA-N,formolecular/novo_horizonte/banco_mestre_unificado.csv,MASTER_UNIFIED,JDEUVVMTHADXCX-UHFFFAOYSA-N,0,0,0,0,0,1
LEGACY-INCHIKEY-JDFXVKBZIVRUCA-UHFFFAOYSA-N,JDFXVKBZIVRUCA-UHFFFAOYSA-N,formolecular/novo_horizonte/banco_mestre_unificado.csv,MASTER_UNIFIED,JDFXVKBZIVRUCA-UHFFFAOYSA-N,0,0,0,0,0,1
LEGACY-INCHIKEY-JDKNZTRDNKCAFF-UHFFFAOYSA-N,JDKNZTRDNKCAFF-UHFFFAOYSA-N,formolecular/novo_horizonte/banco_mestre_unificado.csv,MASTER_UNIFIED,JDKNZTRDNKCAFF-UHFFFAOYSA-N,0,0,0,0,0,1
LEGACY-INCHIKEY-JDPDJFRTGREWRA-UHFFFAOYSA-N,JDPDJFRTGREWRA-UHFFFAOYSA-N,formolecular/novo_horizonte/banco_mestre_unificado.csv,MASTER_UNIFIED,JDPDJFRTGREWRA-UHFFFAOYSA-N,0,0,0,0,0,1
LEGACY-INCHIKEY-JDTPOBKZHSQGPN-UHFFFAOYSA-N,JDTPOBKZHSQGPN-UHFFFAOYSA-N,formolecular/novo_horizonte/banco_mestre_unificado.csv,MASTER_UNIFIED,JDTPOBKZHSQGPN-UHFFFAOYSA-N,0,0,0,0,0,1
LEGACY-INCHIKEY-JEVARPYVWQAZNQ-UHFFFAOYSA-N,JEVARPYVWQAZNQ-UHFFFAOYSA-N,formolecular/novo_horizonte/banco_mestre_unificado.csv,MASTER_UNIFIED,JEVARPYVWQAZNQ-UHFFFAOYSA-N,0,0,0,0,0,1
LEGACY-INCHIKEY-JFDJSQYSHOXGNR-UHFFFAOYSA-N,JFDJSQYSHOXGNR-UHFFFAOYSA-N,formolecular/novo_horizonte/banco_mestre_unificado.csv,MASTER_UNIFIED,JFDJSQYSHOXGNR-UHFFFAOYSA-N,0,0,0,0,0,1
LEGACY-INCHIKEY-JFGOEWRTQYTCIV-UHFFFAOYSA-N,JFGOEWRTQYTCIV-UHFFFAOYSA-N,formolecular/novo_horizonte/banco_mestre_unificado.csv,MASTER_UNIFIED,JFGOEWRTQYTCIV-UHFFFAOYSA-N,0,0,0,0,0,1
LEGACY-INCHIKEY-JFLPZODFBQDWAF-UHFFFAOYSA-N,JFLPZODFBQDWAF-UHFFFAOYSA-N,formolecular/novo_horizonte/banco_mestre_unificado.csv,MASTER_UNIFIED,JFLPZODFBQDWAF-UHFFFAOYSA-N,0,0,0,0,0,1
LEGACY-INCHIKEY-JFNXFKITOPOIOD-UHFFFAOYSA-N,JFNXFKITOPOIOD-UHFFFAOYSA-N,formolecular/novo_horizonte/banco_mestre_unificado.csv,MASTER_UNIFIED,JFNXFKITOPOIOD-UHFFFAOYSA-N,0,0,0,0,0,1
LEGACY-INCHIKEY-JFVAXMLPHLKNTN-UHFFFAOYSA-N,JFVAXMLPHLKNTN-UHFFFAOYSA-N,formolecular/novo_horizonte/banco_mestre_unificado.csv,MASTER_UNIFIED,JFVAXMLPHLKNTN-UHFFFAOYSA-N,0,0,0,0,0,1
LEGACY-INCHIKEY-JFWUSRHKOJINFZ-UHFFFAOYSA-N,JFWUSRHKOJINFZ-UHFFFAOYSA-N,formolecular/novo_horizonte/banco_mestre_unificado.csv,MASTER_UNIFIED,JFWUSRHKOJINFZ-UHFFFAOYSA-N,0,0,0,0,0,1
LEGACY-INCHIKEY-JFXQDBANKXOGAB-UHFFFAOYSA-N,JFXQDBANKXOGAB-UHFFFAOYSA-N,formolecular/novo_horizonte/banco_mestre_unificado.csv,MASTER_UNIFIED,JFXQDBANKXOGAB-UHFFFAOYSA-N,0,0,0,0,0,1
LEGACY-INCHIKEY-JFXYRUXYIOPEAZ-UHFFFAOYSA-N,JFXYRUXYIOPEAZ-UHFFFAOYSA-N,formolecular/novo_horizonte/banco_mestre_unificado.csv,MASTER_UNIFIED,JFXYRUXYIOPEAZ-UHFFFAOYSA-N,0,0,0,0,0,1
LEGACY-INCHIKEY-JGFRIMGAXHLIGM-UHFFFAOYSA-N,JGFRIMGAXHLIGM-UHFFFAOYSA-N,formolecular/novo_horizonte/banco_mestre_unificado.csv,MASTER_UNIFIED,JGFRIMGAXHLIGM-UHFFFAOYSA-N,0,0,0,0,0,1
LEGACY-INCHIKEY-JGKFNUJETMLPRC-UHFFFAOYSA-N,JGKFNUJETMLPRC-UHFFFAOYSA-N,formolecular/novo_horizonte/banco_mestre_unificado.csv,MASTER_UNIFIED,JGKFNUJETMLPRC-UHFFFAOYSA-N,0,0,0,0,0,1
LEGACY-INCHIKEY-JGNLUGLOAGKJMA-UHFFFAOYSA-N,JGNLUGLOAGKJMA-UHFFFAOYSA-N,formolecular/novo_horizonte/banco_mestre_unificado.csv,MASTER_UNIFIED,JGNLUGLOAGKJMA-UHFFFAOYSA-N,0,0,0,0,0,1
LEGACY-INCHIKEY-JGTRDYTXSVNXAZ-UHFFFAOYSA-N,JGTRDYTXSVNXAZ-UHFFFAOYSA-N,formolecular/novo_horizonte/banco_mestre_unificado.csv,MASTER_UNIFIED,JGTRDYTXSVNXAZ-UHFFFAOYSA-N,0,0,0,0,0,1
LEGACY-INCHIKEY-JGVPAROBCJQSMG-UHFFFAOYSA-N,JGVPAROBCJQSMG-UHFFFAOYSA-N,formolecular/novo_horizonte/banco_mestre_unificado.csv,MASTER_UNIFIED,JGVPAROBCJQSMG-UHFFFAOYSA-N,0,0,0,0,0,1
LEGACY-INCHIKEY-JGXMSVXKWIRJBX-UHFFFAOYSA-N,JGXMSVXKWIRJBX-UHFFFAOYSA-N,formolecular/novo_horizonte/banco_mestre_unificado.csv,MASTER_UNIFIED,JGXMSVXKWIRJBX-UHFFFAOYSA-N,0,0,0,0,0,1
LEGACY-INCHIKEY-JHCJHHDPCWEOBB-UHFFFAOYSA-N,JHCJHHDPCWEOBB-UHFFFAOYSA-N,formolecular/csv_elite_farma/RANKING_FARMACOS_ELITE_ADMET.csv,FARMA_ELITE,JHCJHHDPCWEOBB-UHFFFAOYSA-N,0,1,0,0,0,0
LEGACY-INCHIKEY-JHDMGAMKCJJFDZ-UHFFFAOYSA-N,JHDMGAMKCJJFDZ-UHFFFAOYSA-N,formolecular/novo_horizonte/banco_mestre_unificado.csv,MASTER_UNIFIED,JHDMGAMKCJJFDZ-UHFFFAOYSA-N,0,0,0,0,0,1
LEGACY-INCHIKEY-JHDWSLNMAGNGMJ-UHFFFAOYSA-N,JHDWSLNMAGNGMJ-UHFFFAOYSA-N,formolecular/novo_horizonte/banco_mestre_unificado.csv,MASTER_UNIFIED,JHDWSLNMAGNGMJ-UHFFFAOYSA-N,0,0,0,0,0,1
LEGACY-INCHIKEY-JHLGDDNBELZUSJ-UHFFFAOYSA-N,JHLGDDNBELZUSJ-UHFFFAOYSA-N,formolecular/novo_horizonte/banco_mestre_unificado.csv,MASTER_UNIFIED,JHLGDDNBELZUSJ-UHFFFAOYSA-N,0,0,0,0,0,1
LEGACY-INCHIKEY-JHSBFDBDEXPJNW-UHFFFAOYSA-N,JHSBFDBDEXPJNW-UHFFFAOYSA-N,formolecular/novo_horizonte/banco_mestre_unificado.csv,MASTER_UNIFIED,JHSBFDBDEXPJNW-UHFFFAOYSA-N,0,0,0,0,0,1
LEGACY-INCHIKEY-JHSUIWIELRWVIM-UHFFFAOYSA-N,JHSUIWIELRWVIM-UHFFFAOYSA-N,formolecular/novo_horizonte/banco_mestre_unificado.csv,MASTER_UNIFIED,JHSUIWIELRWVIM-UHFFFAOYSA-N,0,0,0,0,0,1
LEGACY-INCHIKEY-JIDIZWABVDNEFK-UHFFFAOYSA-N,JIDIZWABVDNEFK-UHFFFAOYSA-N,formolecular/novo_horizonte/banco_mestre_unificado.csv,MASTER_UNIFIED,JIDIZWABVDNEFK-UHFFFAOYSA-N,0,0,0,0,0,1
LEGACY-INCHIKEY-JIFILFKRULPZBT-UHFFFAOYSA-N,JIFILFKRULPZBT-UHFFFAOYSA-N,formolecular/csv_elite_farma/RANKING_FARMACOS_ELITE_ADMET.csv,FARMA_ELITE,JIFILFKRULPZBT-UHFFFAOYSA-N,0,1,0,0,0,0
LEGACY-INCHIKEY-JIQOZYUQLKQCPP-UHFFFAOYSA-N,JIQOZYUQLKQCPP-UHFFFAOYSA-N,formolecular/novo_horizonte/banco_mestre_unificado.csv,MASTER_UNIFIED,JIQOZYUQLKQCPP-UHFFFAOYSA-N,0,0,0,0,0,1
LEGACY-INCHIKEY-JITWSXYWJPMSCC-UHFFFAOYSA-N,JITWSXYWJPMSCC-UHFFFAOYSA-N,formolecular/novo_horizonte/banco_mestre_unificado.csv,MASTER_UNIFIED,JITWSXYWJPMSCC-UHFFFAOYSA-N,0,0,0,0,0,1
LEGACY-INCHIKEY-JIZVRDIGANAMEV-UHFFFAOYSA-N,JIZVRDIGANAMEV-UHFFFAOYSA-N,formolecular/novo_horizonte/banco_mestre_unificado.csv,MASTER_UNIFIED,JIZVRDIGANAMEV-UHFFFAOYSA-N,0,0,0,0,0,1
LEGACY-INCHIKEY-JJGJCGFVOLMQEN-UHFFFAOYSA-N,JJGJCGFVOLMQEN-UHFFFAOYSA-N,formolecular/novo_horizonte/banco_mestre_unificado.csv,MASTER_UNIFIED,JJGJCGFVOLMQEN-UHFFFAOYSA-N,0,0,0,0,0,1
LEGACY-INCHIKEY-JJNOILAHCNBEIX-UHFFFAOYSA-N,JJNOILAHCNBEIX-UHFFFAOYSA-N,formolecular/novo_horizonte/banco_mestre_unificado.csv,MASTER_UNIFIED,JJNOILAHCNBEIX-UHFFFAOYSA-N,0,0,0,0,0,1
LEGACY-INCHIKEY-JJQMBDAETWOHTQ-UHFFFAOYSA-N,JJQMBDAETWOHTQ-UHFFFAOYSA-N,formolecular/novo_horizonte/banco_mestre_unificado.csv,MASTER_UNIFIED,JJQMBDAETWOHTQ-UHFFFAOYSA-N,0,0,0,0,0,1
LEGACY-INCHIKEY-JJTDYQBIHAUZBL-UHFFFAOYSA-N,JJTDYQBIHAUZBL-UHFFFAOYSA-N,formolecular/novo_horizonte/banco_mestre_unificado.csv,MASTER_UNIFIED,JJTDYQBIHAUZBL-UHFFFAOYSA-N,0,0,0,0,0,1
LEGACY-INCHIKEY-JKHRRXRPMFZYGY-UHFFFAOYSA-N,JKHRRXRPMFZYGY-UHFFFAOYSA-N,formolecular/novo_horizonte/banco_mestre_unificado.csv,MASTER_UNIFIED,JKHRRXRPMFZYGY-UHFFFAOYSA-N,0,0,0,0,0,1
LEGACY-INCHIKEY-JKRAELOKMSFTPJ-UHFFFAOYSA-N,JKRAELOKMSFTPJ-UHFFFAOYSA-N,formolecular/novo_horizonte/banco_mestre_unificado.csv,MASTER_UNIFIED,JKRAELOKMSFTPJ-UHFFFAOYSA-N,0,0,0,0,0,1
LEGACY-INCHIKEY-JKSLLWAKGHSMGZ-UHFFFAOYSA-N,JKSLLWAKGHSMGZ-UHFFFAOYSA-N,formolecular/novo_horizonte/banco_mestre_unificado.csv,MASTER_UNIFIED,JKSLLWAKGHSMGZ-UHFFFAOYSA-N,0,0,0,0,0,1
LEGACY-INCHIKEY-JKTWLVPBMJKTCZ-UHFFFAOYSA-N,JKTWLVPBMJKTCZ-UHFFFAOYSA-N,formolecular/novo_horizonte/banco_mestre_unificado.csv,MASTER_UNIFIED,JKTWLVPBMJKTCZ-UHFFFAOYSA-N,0,0,0,0,0,1
LEGACY-INCHIKEY-JKUIHKCXVKKJNL-UHFFFAOYSA-N,JKUIHKCXVKKJNL-UHFFFAOYSA-N,formolecular/novo_horizonte/banco_mestre_unificado.csv,MASTER_UNIFIED,JKUIHKCXVKKJNL-UHFFFAOYSA-N,0,0,0,0,0,1
LEGACY-INCHIKEY-JKUOXRKUYCAAEU-UHFFFAOYSA-N,JKUOXRKUYCAAEU-UHFFFAOYSA-N,formolecular/novo_horizonte/banco_mestre_unificado.csv,MASTER_UNIFIED,JKUOXRKUYCAAEU-UHFFFAOYSA-N,0,0,0,0,0,1
LEGACY-INCHIKEY-JKZRYDYZBNRGGU-UHFFFAOYSA-N,JKZRYDYZBNRGGU-UHFFFAOYSA-N,formolecular/novo_horizonte/banco_mestre_unificado.csv,MASTER_UNIFIED,JKZRYDYZBNRGGU-UHFFFAOYSA-N,0,0,0,0,0,1
LEGACY-INCHIKEY-JKZVSJWBVUVQAL-UHFFFAOYSA-N,JKZVSJWBVUVQAL-UHFFFAOYSA-N,formolecular/novo_horizonte/banco_mestre_unificado.csv,MASTER_UNIFIED,JKZVSJWBVUVQAL-UHFFFAOYSA-N,0,0,0,0,0,1
LEGACY-INCHIKEY-JLFXMKJNFMHCGU-UHFFFAOYSA-N,JLFXMKJNFMHCGU-UHFFFAOYSA-N,formolecular/novo_horizonte/banco_mestre_unificado.csv,MASTER_UNIFIED,JLFXMKJNFMHCGU-UHFFFAOYSA-N,0,0,0,0,0,1
LEGACY-INCHIKEY-JLGXLWBWTDCYDZ-UHFFFAOYSA-N,JLGXLWBWTDCYDZ-UHFFFAOYSA-N,formolecular/novo_horizonte/banco_mestre_unificado.csv,MASTER_UNIFIED,JLGXLWBWTDCYDZ-UHFFFAOYSA-N,0,0,0,0,0,1
LEGACY-INCHIKEY-JLIGQURRZVZBAD-UHFFFAOYSA-N,JLIGQURRZVZBAD-UHFFFAOYSA-N,formolecular/novo_horizonte/banco_mestre_unificado.csv,MASTER_UNIFIED,JLIGQURRZVZBAD-UHFFFAOYSA-N,0,0,0,0,0,1
LEGACY-INCHIKEY-JLLUAHOVPQWCQE-UHFFFAOYSA-N,JLLUAHOVPQWCQE-UHFFFAOYSA-N,formolecular/novo_horizonte/banco_mestre_unificado.csv,MASTER_UNIFIED,JLLUAHOVPQWCQE-UHFFFAOYSA-N,0,0,0,0,0,1
LEGACY-INCHIKEY-JLRQCOWOJIESGM-UHFFFAOYSA-N,JLRQCOWOJIESGM-UHFFFAOYSA-N,formolecular/novo_horizonte/banco_mestre_unificado.csv,MASTER_UNIFIED,JLRQCOWOJIESGM-UHFFFAOYSA-N,0,0,0,0,0,1
LEGACY-INCHIKEY-JLXCSLZAXTYYKJ-UHFFFAOYSA-N,JLXCSLZAXTYYKJ-UHFFFAOYSA-N,formolecular/novo_horizonte/banco_mestre_unificado.csv,MASTER_UNIFIED,JLXCSLZAXTYYKJ-UHFFFAOYSA-N,0,0,0,0,0,1
LEGACY-INCHIKEY-JMBBDNNJEZZIIX-UHFFFAOYSA-N,JMBBDNNJEZZIIX-UHFFFAOYSA-N,formolecular/novo_horizonte/banco_mestre_unificado.csv,MASTER_UNIFIED,JMBBDNNJEZZIIX-UHFFFAOYSA-N,0,0,0,0,0,1
LEGACY-INCHIKEY-JMDFEZGZTONTGM-UHFFFAOYSA-N,JMDFEZGZTONTGM-UHFFFAOYSA-N,formolecular/novo_horizonte/banco_mestre_unificado.csv,MASTER_UNIFIED,JMDFEZGZTONTGM-UHFFFAOYSA-N,0,0,0,0,0,1
LEGACY-INCHIKEY-JMFWYFVRRZFXSU-UHFFFAOYSA-N,JMFWYFVRRZFXSU-UHFFFAOYSA-N,formolecular/novo_horizonte/banco_mestre_unificado.csv,MASTER_UNIFIED,JMFWYFVRRZFXSU-UHFFFAOYSA-N,0,0,0,0,0,1
LEGACY-INCHIKEY-JMNRSDJLDLJDKA-UHFFFAOYSA-N,JMNRSDJLDLJDKA-UHFFFAOYSA-N,formolecular/novo_horizonte/banco_mestre_unificado.csv,MASTER_UNIFIED,JMNRSDJLDLJDKA-UHFFFAOYSA-N,0,0,0,0,0,1
LEGACY-INCHIKEY-JMOURXKVFXZNAP-UHFFFAOYSA-N,JMOURXKVFXZNAP-UHFFFAOYSA-N,formolecular/novo_horizonte/banco_mestre_unificado.csv,MASTER_UNIFIED,JMOURXKVFXZNAP-UHFFFAOYSA-N,0,0,0,0,0,1
LEGACY-INCHIKEY-JMSBEUPFUTWESK-UHFFFAOYSA-N,JMSBEUPFUTWESK-UHFFFAOYSA-N,formolecular/novo_horizonte/banco_mestre_unificado.csv,MASTER_UNIFIED,JMSBEUPFUTWESK-UHFFFAOYSA-N,0,0,0,0,0,1
LEGACY-INCHIKEY-JMSDQCTWEWAPDS-UHFFFAOYSA-N,JMSDQCTWEWAPDS-UHFFFAOYSA-N,formolecular/novo_horizonte/banco_mestre_unificado.csv,MASTER_UNIFIED,JMSDQCTWEWAPDS-UHFFFAOYSA-N,0,0,0,0,0,1
LEGACY-INCHIKEY-JMTVQNPQSVQHAI-UHFFFAOYSA-N,JMTVQNPQSVQHAI-UHFFFAOYSA-N,formolecular/novo_horizonte/banco_mestre_unificado.csv,MASTER_UNIFIED,JMTVQNPQSVQHAI-UHFFFAOYSA-N,0,0,0,0,0,1
LEGACY-INCHIKEY-JNBKSUMXTRXQLK-UHFFFAOYSA-N,JNBKSUMXTRXQLK-UHFFFAOYSA-N,formolecular/novo_horizonte/banco_mestre_unificado.csv,MASTER_UNIFIED,JNBKSUMXTRXQLK-UHFFFAOYSA-N,0,0,0,0,0,1
LEGACY-INCHIKEY-JNJVMSNQIWRWAT-UHFFFAOYSA-N,JNJVMSNQIWRWAT-UHFFFAOYSA-N,formolecular/novo_horizonte/banco_mestre_unificado.csv,MASTER_UNIFIED,JNJVMSNQIWRWAT-UHFFFAOYSA-N,0,0,0,0,0,1
LEGACY-INCHIKEY-JNKDJPFMLCCUGF-UHFFFAOYSA-N,JNKDJPFMLCCUGF-UHFFFAOYSA-N,formolecular/novo_horizonte/banco_mestre_unificado.csv,MASTER_UNIFIED,JNKDJPFMLCCUGF-UHFFFAOYSA-N,0,0,0,0,0,1
LEGACY-INCHIKEY-JNMHEMOAAOPWRU-UHFFFAOYSA-N,JNMHEMOAAOPWRU-UHFFFAOYSA-N,formolecular/novo_horizonte/banco_mestre_unificado.csv,MASTER_UNIFIED,JNMHEMOAAOPWRU-UHFFFAOYSA-N,0,0,0,0,0,1
LEGACY-INCHIKEY-JNTNNHVSQJZXGJ-UHFFFAOYSA-N,JNTNNHVSQJZXGJ-UHFFFAOYSA-N,formolecular/novo_horizonte/banco_mestre_unificado.csv,MASTER_UNIFIED,JNTNNHVSQJZXGJ-UHFFFAOYSA-N,0,0,0,0,0,1
LEGACY-INCHIKEY-JNWGMDNPUWDRKK-UHFFFAOYSA-N,JNWGMDNPUWDRKK-UHFFFAOYSA-N,formolecular/novo_horizonte/banco_mestre_unificado.csv,MASTER_UNIFIED,JNWGMDNPUWDRKK-UHFFFAOYSA-N,0,0,0,0,0,1
LEGACY-INCHIKEY-JNWMMDQAQRUSHH-UHFFFAOYSA-N,JNWMMDQAQRUSHH-UHFFFAOYSA-N,formolecular/novo_horizonte/banco_mestre_unificado.csv,MASTER_UNIFIED,JNWMMDQAQRUSHH-UHFFFAOYSA-N,0,0,0,0,0,1
LEGACY-INCHIKEY-JOCASWVKGKKESV-UHFFFAOYSA-N,JOCASWVKGKKESV-UHFFFAOYSA-N,formolecular/novo_horizonte/banco_mestre_unificado.csv,MASTER_UNIFIED,JOCASWVKGKKESV-UHFFFAOYSA-N,0,0,0,0,0,1
LEGACY-INCHIKEY-JOCZMQBGDWDXRB-UHFFFAOYSA-N,JOCZMQBGDWDXRB-UHFFFAOYSA-N,formolecular/novo_horizonte/banco_mestre_unificado.csv,MASTER_UNIFIED,JOCZMQBGDWDXRB-UHFFFAOYSA-N,0,0,0,0,0,1
LEGACY-INCHIKEY-JODSXVBPYHHDNI-UHFFFAOYSA-N,JODSXVBPYHHDNI-UHFFFAOYSA-N,formolecular/novo_horizonte/banco_mestre_unificado.csv,MASTER_UNIFIED,JODSXVBPYHHDNI-UHFFFAOYSA-N,0,0,0,0,0,1
LEGACY-INCHIKEY-JOPQHDKBRKFGOQ-UHFFFAOYSA-N,JOPQHDKBRKFGOQ-UHFFFAOYSA-N,formolecular/novo_horizonte/banco_mestre_unificado.csv,MASTER_UNIFIED,JOPQHDKBRKFGOQ-UHFFFAOYSA-N,0,0,0,0,0,1
LEGACY-INCHIKEY-JOTFVDJFWLDHLZ-UHFFFAOYSA-N,JOTFVDJFWLDHLZ-UHFFFAOYSA-N,formolecular/novo_horizonte/banco_mestre_unificado.csv,MASTER_UNIFIED,JOTFVDJFWLDHLZ-UHFFFAOYSA-N,0,0,0,0,0,1
LEGACY-INCHIKEY-JOZIZOHARWNRPE-UHFFFAOYSA-N,JOZIZOHARWNRPE-UHFFFAOYSA-N,formolecular/novo_horizonte/banco_mestre_unificado.csv,MASTER_UNIFIED,JOZIZOHARWNRPE-UHFFFAOYSA-N,0,0,0,0,0,1
LEGACY-INCHIKEY-JOZURBJWLQSZCE-UHFFFAOYSA-N,JOZURBJWLQSZCE-UHFFFAOYSA-N,formolecular/novo_horizonte/banco_mestre_unificado.csv,MASTER_UNIFIED,JOZURBJWLQSZCE-UHFFFAOYSA-N,0,0,0,0,0,1
LEGACY-INCHIKEY-JPBVIKUNDRESIH-UHFFFAOYSA-N,JPBVIKUNDRESIH-UHFFFAOYSA-N,formolecular/novo_horizonte/banco_mestre_unificado.csv,MASTER_UNIFIED,JPBVIKUNDRESIH-UHFFFAOYSA-N,0,0,0,0,0,1
LEGACY-INCHIKEY-JPESUEBLQSHMKG-UHFFFAOYSA-N,JPESUEBLQSHMKG-UHFFFAOYSA-N,formolecular/novo_horizonte/banco_mestre_unificado.csv,MASTER_UNIFIED,JPESUEBLQSHMKG-UHFFFAOYSA-N,0,0,0,0,0,1
LEGACY-INCHIKEY-JPFMSAYPIUDHIC-UHFFFAOYSA-N,JPFMSAYPIUDHIC-UHFFFAOYSA-N,formolecular/novo_horizonte/banco_mestre_unificado.csv,MASTER_UNIFIED,JPFMSAYPIUDHIC-UHFFFAOYSA-N,0,0,0,0,0,1
LEGACY-INCHIKEY-JPGKPULRMPTJCK-UHFFFAOYSA-N,JPGKPULRMPTJCK-UHFFFAOYSA-N,formolecular/novo_horizonte/banco_mestre_unificado.csv,MASTER_UNIFIED,JPGKPULRMPTJCK-UHFFFAOYSA-N,0,0,0,0,0,1
LEGACY-INCHIKEY-JPIJFBIOXROTHH-UHFFFAOYSA-N,JPIJFBIOXROTHH-UHFFFAOYSA-N,formolecular/novo_horizonte/banco_mestre_unificado.csv,MASTER_UNIFIED,JPIJFBIOXROTHH-UHFFFAOYSA-N,0,0,0,0,0,1
LEGACY-INCHIKEY-JPNULOUMNGTWNC-UHFFFAOYSA-N,JPNULOUMNGTWNC-UHFFFAOYSA-N,formolecular/novo_horizonte/banco_mestre_unificado.csv,MASTER_UNIFIED,JPNULOUMNGTWNC-UHFFFAOYSA-N,0,0,0,0,0,1
LEGACY-INCHIKEY-JPQIILWBFDWVJJ-UHFFFAOYSA-N,JPQIILWBFDWVJJ-UHFFFAOYSA-N,formolecular/novo_horizonte/banco_mestre_unificado.csv,MASTER_UNIFIED,JPQIILWBFDWVJJ-UHFFFAOYSA-N,0,0,0,0,0,1
LEGACY-INCHIKEY-JPTALCFZZRBGNF-UHFFFAOYSA-N,JPTALCFZZRBGNF-UHFFFAOYSA-N,formolecular/novo_horizonte/banco_mestre_unificado.csv,MASTER_UNIFIED,JPTALCFZZRBGNF-UHFFFAOYSA-N,0,0,0,0,0,1
LEGACY-INCHIKEY-JPWRILJMEQPOTL-UHFFFAOYSA-N,JPWRILJMEQPOTL-UHFFFAOYSA-N,formolecular/novo_horizonte/banco_mestre_unificado.csv,MASTER_UNIFIED,JPWRILJMEQPOTL-UHFFFAOYSA-N,0,0,0,0,0,1
LEGACY-INCHIKEY-JPZLVYIXSGTXAX-UHFFFAOYSA-N,JPZLVYIXSGTXAX-UHFFFAOYSA-N,formolecular/novo_horizonte/banco_mestre_unificado.csv,MASTER_UNIFIED,JPZLVYIXSGTXAX-UHFFFAOYSA-N,0,0,0,0,0,1
LEGACY-INCHIKEY-JQJDXEXYPSXFEZ-UHFFFAOYSA-N,JQJDXEXYPSXFEZ-UHFFFAOYSA-N,formolecular/novo_horizonte/banco_mestre_unificado.csv,MASTER_UNIFIED,JQJDXEXYPSXFEZ-UHFFFAOYSA-N,0,0,0,0,0,1
LEGACY-INCHIKEY-JQMODLKTQMALKG-UHFFFAOYSA-N,JQMODLKTQMALKG-UHFFFAOYSA-N,formolecular/novo_horizonte/banco_mestre_unificado.csv,MASTER_UNIFIED,JQMODLKTQMALKG-UHFFFAOYSA-N,0,0,0,0,0,1
LEGACY-INCHIKEY-JQQBAAJEUANSJJ-UHFFFAOYSA-N,JQQBAAJEUANSJJ-UHFFFAOYSA-N,formolecular/csv_elite_farma/RANKING_FARMACOS_ELITE_ADMET.csv,FARMA_ELITE,JQQBAAJEUANSJJ-UHFFFAOYSA-N,0,1,0,0,0,0
LEGACY-INCHIKEY-JQTBCUBVYSNZSU-UHFFFAOYSA-N,JQTBCUBVYSNZSU-UHFFFAOYSA-N,formolecular/novo_horizonte/banco_mestre_unificado.csv,MASTER_UNIFIED,JQTBCUBVYSNZSU-UHFFFAOYSA-N,0,0,0,0,0,1
LEGACY-INCHIKEY-JRAVYOINPIIYSO-UHFFFAOYSA-N,JRAVYOINPIIYSO-UHFFFAOYSA-N,formolecular/novo_horizonte/banco_mestre_unificado.csv,MASTER_UNIFIED,JRAVYOINPIIYSO-UHFFFAOYSA-N,0,0,0,0,0,1
LEGACY-INCHIKEY-JRMDZDGYXQBOEY-UHFFFAOYSA-N,JRMDZDGYXQBOEY-UHFFFAOYSA-N,formolecular/novo_horizonte/banco_mestre_unificado.csv,MASTER_UNIFIED,JRMDZDGYXQBOEY-UHFFFAOYSA-N,0,0,0,0,0,1
LEGACY-INCHIKEY-JRUACFLGDUTOLD-UHFFFAOYSA-N,JRUACFLGDUTOLD-UHFFFAOYSA-N,formolecular/novo_horizonte/banco_mestre_unificado.csv,MASTER_UNIFIED,JRUACFLGDUTOLD-UHFFFAOYSA-N,0,0,0,0,0,1
LEGACY-INCHIKEY-JRWUJUHXWAVQMC-UHFFFAOYSA-N,JRWUJUHXWAVQMC-UHFFFAOYSA-N,formolecular/novo_horizonte/banco_mestre_unificado.csv,MASTER_UNIFIED,JRWUJUHXWAVQMC-UHFFFAOYSA-N,0,0,0,0,0,1
LEGACY-INCHIKEY-JSBVIRAQWJQCSQ-UHFFFAOYSA-N,JSBVIRAQWJQCSQ-UHFFFAOYSA-N,formolecular/novo_horizonte/banco_mestre_unificado.csv,MASTER_UNIFIED,JSBVIRAQWJQCSQ-UHFFFAOYSA-N,0,0,0,0,0,1
LEGACY-INCHIKEY-JSDZCSXHVZJQJV-UHFFFAOYSA-N,JSDZCSXHVZJQJV-UHFFFAOYSA-N,formolecular/novo_horizonte/banco_mestre_unificado.csv,MASTER_UNIFIED,JSDZCSXHVZJQJV-UHFFFAOYSA-N,0,0,0,0,0,1
LEGACY-INCHIKEY-JSIRARJRPSEGJR-UHFFFAOYSA-N,JSIRARJRPSEGJR-UHFFFAOYSA-N,formolecular/novo_horizonte/banco_mestre_unificado.csv,MASTER_UNIFIED,JSIRARJRPSEGJR-UHFFFAOYSA-N,0,0,0,0,0,1
LEGACY-INCHIKEY-JSKKROZZHCSHMV-UHFFFAOYSA-N,JSKKROZZHCSHMV-UHFFFAOYSA-N,formolecular/novo_horizonte/banco_mestre_unificado.csv,MASTER_UNIFIED,JSKKROZZHCSHMV-UHFFFAOYSA-N,0,0,0,0,0,1
LEGACY-INCHIKEY-JSWLQZVAEBODQJ-UHFFFAOYSA-N,JSWLQZVAEBODQJ-UHFFFAOYSA-N,formolecular/novo_horizonte/banco_mestre_unificado.csv,MASTER_UNIFIED,JSWLQZVAEBODQJ-UHFFFAOYSA-N,0,0,0,0,0,1
LEGACY-INCHIKEY-JTHRJPUTWCEAQI-UHFFFAOYSA-N,JTHRJPUTWCEAQI-UHFFFAOYSA-N,formolecular/novo_horizonte/banco_mestre_unificado.csv,MASTER_UNIFIED,JTHRJPUTWCEAQI-UHFFFAOYSA-N,0,0,0,0,0,1
LEGACY-INCHIKEY-JTLNMSJGHGHLAS-UHFFFAOYSA-N,JTLNMSJGHGHLAS-UHFFFAOYSA-N,formolecular/novo_horizonte/banco_mestre_unificado.csv,MASTER_UNIFIED,JTLNMSJGHGHLAS-UHFFFAOYSA-N,0,0,0,0,0,1
LEGACY-INCHIKEY-JTSYLWJLTBPEKY-UHFFFAOYSA-N,JTSYLWJLTBPEKY-UHFFFAOYSA-N,formolecular/novo_horizonte/banco_mestre_unificado.csv,MASTER_UNIFIED,JTSYLWJLTBPEKY-UHFFFAOYSA-N,0,0,0,0,0,1
LEGACY-INCHIKEY-JUJWDUNORCKCPQ-UHFFFAOYSA-N,JUJWDUNORCKCPQ-UHFFFAOYSA-N,formolecular/novo_horizonte/banco_mestre_unificado.csv,MASTER_UNIFIED,JUJWDUNORCKCPQ-UHFFFAOYSA-N,0,0,0,0,0,1
LEGACY-INCHIKEY-JULBENKDGMOSGI-UHFFFAOYSA-N,JULBENKDGMOSGI-UHFFFAOYSA-N,formolecular/novo_horizonte/banco_mestre_unificado.csv,MASTER_UNIFIED,JULBENKDGMOSGI-UHFFFAOYSA-N,0,0,0,0,0,1
LEGACY-INCHIKEY-JUQCVEGOKGFIKA-UHFFFAOYSA-N,JUQCVEGOKGFIKA-UHFFFAOYSA-N,formolecular/novo_horizonte/banco_mestre_unificado.csv,MASTER_UNIFIED,JUQCVEGOKGFIKA-UHFFFAOYSA-N,0,0,0,0,0,1
LEGACY-INCHIKEY-JUTNYPUVBWEMOT-UHFFFAOYSA-N,JUTNYPUVBWEMOT-UHFFFAOYSA-N,formolecular/novo_horizonte/banco_mestre_unificado.csv,MASTER_UNIFIED,JUTNYPUVBWEMOT-UHFFFAOYSA-N,0,0,0,0,0,1
LEGACY-INCHIKEY-JUURLPHYWAQUKK-UHFFFAOYSA-N,JUURLPHYWAQUKK-UHFFFAOYSA-N,formolecular/novo_horizonte/banco_mestre_unificado.csv,MASTER_UNIFIED,JUURLPHYWAQUKK-UHFFFAOYSA-N,0,0,0,0,0,1
LEGACY-INCHIKEY-JVKQDMIEHFZMFG-UHFFFAOYSA-N,JVKQDMIEHFZMFG-UHFFFAOYSA-N,formolecular/novo_horizonte/banco_mestre_unificado.csv,MASTER_UNIFIED,JVKQDMIEHFZMFG-UHFFFAOYSA-N,0,0,0,0,0,1
LEGACY-INCHIKEY-JVKVWKUASHYEHP-UHFFFAOYSA-N,JVKVWKUASHYEHP-UHFFFAOYSA-N,formolecular/novo_horizonte/banco_mestre_unificado.csv,MASTER_UNIFIED,JVKVWKUASHYEHP-UHFFFAOYSA-N,0,0,0,0,0,1
LEGACY-INCHIKEY-JVQZCJWVOSHOIC-UHFFFAOYSA-N,JVQZCJWVOSHOIC-UHFFFAOYSA-N,formolecular/novo_horizonte/banco_mestre_unificado.csv,MASTER_UNIFIED,JVQZCJWVOSHOIC-UHFFFAOYSA-N,0,0,0,0,0,1
LEGACY-INCHIKEY-JVRHWFGFLWLYIB-UHFFFAOYSA-N,JVRHWFGFLWLYIB-UHFFFAOYSA-N,formolecular/novo_horizonte/banco_mestre_unificado.csv,MASTER_UNIFIED,JVRHWFGFLWLYIB-UHFFFAOYSA-N,0,0,0,0,0,1
LEGACY-INCHIKEY-JWEDPWKIIWIZKN-UHFFFAOYSA-N,JWEDPWKIIWIZKN-UHFFFAOYSA-N,formolecular/novo_horizonte/banco_mestre_unificado.csv,MASTER_UNIFIED,JWEDPWKIIWIZKN-UHFFFAOYSA-N,0,0,0,0,0,1
LEGACY-INCHIKEY-JWEPKBGSDJTFMZ-UHFFFAOYSA-N,JWEPKBGSDJTFMZ-UHFFFAOYSA-N,formolecular/novo_horizonte/banco_mestre_unificado.csv,MASTER_UNIFIED,JWEPKBGSDJTFMZ-UHFFFAOYSA-N,0,0,0,0,0,1
LEGACY-INCHIKEY-JWGVVWGHQLBKEC-UHFFFAOYSA-N,JWGVVWGHQLBKEC-UHFFFAOYSA-N,formolecular/novo_horizonte/banco_mestre_unificado.csv,MASTER_UNIFIED,JWGVVWGHQLBKEC-UHFFFAOYSA-N,0,0,0,0,0,1
LEGACY-INCHIKEY-JWJNCBMMLBGJFE-UHFFFAOYSA-N,JWJNCBMMLBGJFE-UHFFFAOYSA-N,formolecular/novo_horizonte/banco_mestre_unificado.csv,MASTER_UNIFIED,JWJNCBMMLBGJFE-UHFFFAOYSA-N,0,0,0,0,0,1
LEGACY-INCHIKEY-JWKQLDXCLHXKLC-UHFFFAOYSA-N,JWKQLDXCLHXKLC-UHFFFAOYSA-N,formolecular/novo_horizonte/banco_mestre_unificado.csv,MASTER_UNIFIED,JWKQLDXCLHXKLC-UHFFFAOYSA-N,0,0,0,0,0,1
LEGACY-INCHIKEY-JWSAMEODFCTFHQ-UHFFFAOYSA-N,JWSAMEODFCTFHQ-UHFFFAOYSA-N,formolecular/novo_horizonte/banco_mestre_unificado.csv,MASTER_UNIFIED,JWSAMEODFCTFHQ-UHFFFAOYSA-N,0,0,0,0,0,1
LEGACY-INCHIKEY-JXCMOGNZUZHLFD-UHFFFAOYSA-N,JXCMOGNZUZHLFD-UHFFFAOYSA-N,formolecular/novo_horizonte/banco_mestre_unificado.csv,MASTER_UNIFIED,JXCMOGNZUZHLFD-UHFFFAOYSA-N,0,0,0,0,0,1
LEGACY-INCHIKEY-JXNGYEOQPCRAGR-UHFFFAOYSA-N,JXNGYEOQPCRAGR-UHFFFAOYSA-N,formolecular/novo_horizonte/banco_mestre_unificado.csv,MASTER_UNIFIED,JXNGYEOQPCRAGR-UHFFFAOYSA-N,0,0,0,0,0,1
LEGACY-INCHIKEY-JXOJRPHBHIPBIY-UHFFFAOYSA-N,JXOJRPHBHIPBIY-UHFFFAOYSA-N,formolecular/novo_horizonte/banco_mestre_unificado.csv,MASTER_UNIFIED,JXOJRPHBHIPBIY-UHFFFAOYSA-N,0,0,0,0,0,1
LEGACY-INCHIKEY-JXZIUZXKNWXWDE-UHFFFAOYSA-N,JXZIUZXKNWXWDE-UHFFFAOYSA-N,formolecular/novo_horizonte/banco_mestre_unificado.csv,MASTER_UNIFIED,JXZIUZXKNWXWDE-UHFFFAOYSA-N,0,0,0,0,0,1
LEGACY-INCHIKEY-JYDHPCGOOCCZKU-UHFFFAOYSA-N,JYDHPCGOOCCZKU-UHFFFAOYSA-N,formolecular/novo_horizonte/banco_mestre_unificado.csv,MASTER_UNIFIED,JYDHPCGOOCCZKU-UHFFFAOYSA-N,0,0,0,0,0,1
LEGACY-INCHIKEY-JYJJNGITHGLMMN-UHFFFAOYSA-N,JYJJNGITHGLMMN-UHFFFAOYSA-N,formolecular/novo_horizonte/banco_mestre_unificado.csv,MASTER_UNIFIED,JYJJNGITHGLMMN-UHFFFAOYSA-N,0,0,0,0,0,1
LEGACY-INCHIKEY-JYQQFUWOZQPSBB-UHFFFAOYSA-N,JYQQFUWOZQPSBB-UHFFFAOYSA-N,formolecular/novo_horizonte/banco_mestre_unificado.csv,MASTER_UNIFIED,JYQQFUWOZQPSBB-UHFFFAOYSA-N,0,0,0,0,0,1
LEGACY-INCHIKEY-JYSSCVRYHIXGRF-UHFFFAOYSA-N,JYSSCVRYHIXGRF-UHFFFAOYSA-N,formolecular/novo_horizonte/banco_mestre_unificado.csv,MASTER_UNIFIED,JYSSCVRYHIXGRF-UHFFFAOYSA-N,0,0,0,0,0,1
LEGACY-INCHIKEY-JYSWBWFSVZFKRO-UHFFFAOYSA-N,JYSWBWFSVZFKRO-UHFFFAOYSA-N,formolecular/novo_horizonte/banco_mestre_unificado.csv,MASTER_UNIFIED,JYSWBWFSVZFKRO-UHFFFAOYSA-N,0,0,0,0,0,1
LEGACY-INCHIKEY-JZACHXORZMGFBU-UHFFFAOYSA-N,JZACHXORZMGFBU-UHFFFAOYSA-N,formolecular/novo_horizonte/banco_mestre_unificado.csv,MASTER_UNIFIED,JZACHXORZMGFBU-UHFFFAOYSA-N,0,0,0,0,0,1
LEGACY-INCHIKEY-JZBVFPHAHVVJFB-UHFFFAOYSA-N,JZBVFPHAHVVJFB-UHFFFAOYSA-N,formolecular/novo_horizonte/banco_mestre_unificado.csv,MASTER_UNIFIED,JZBVFPHAHVVJFB-UHFFFAOYSA-N,0,0,0,0,0,1
LEGACY-INCHIKEY-JZIUQSPJLVHVHZ-UHFFFAOYSA-N,JZIUQSPJLVHVHZ-UHFFFAOYSA-N,formolecular/novo_horizonte/banco_mestre_unificado.csv,MASTER_UNIFIED,JZIUQSPJLVHVHZ-UHFFFAOYSA-N,0,0,0,0,0,1
LEGACY-INCHIKEY-JZLBPEBKDSZOTO-UHFFFAOYSA-N,JZLBPEBKDSZOTO-UHFFFAOYSA-N,formolecular/novo_horizonte/banco_mestre_unificado.csv,MASTER_UNIFIED,JZLBPEBKDSZOTO-UHFFFAOYSA-N,0,0,0,0,0,1
LEGACY-INCHIKEY-JZMFJQMAKFYMEV-UHFFFAOYSA-N,JZMFJQMAKFYMEV-UHFFFAOYSA-N,formolecular/novo_horizonte/banco_mestre_unificado.csv,MASTER_UNIFIED,JZMFJQMAKFYMEV-UHFFFAOYSA-N,0,0,0,0,0,1
LEGACY-INCHIKEY-JZRIGIHYBIHILV-UHFFFAOYSA-N,JZRIGIHYBIHILV-UHFFFAOYSA-N,formolecular/novo_horizonte/banco_mestre_unificado.csv,MASTER_UNIFIED,JZRIGIHYBIHILV-UHFFFAOYSA-N,0,0,0,0,0,1
LEGACY-INCHIKEY-JZRVSNQSERONHN-UHFFFAOYSA-N,JZRVSNQSERONHN-UHFFFAOYSA-N,formolecular/novo_horizonte/banco_mestre_unificado.csv,MASTER_UNIFIED,JZRVSNQSERONHN-UHFFFAOYSA-N,0,0,0,0,0,1
LEGACY-INCHIKEY-JZYLUKNZADTLLX-UHFFFAOYSA-N,JZYLUKNZADTLLX-UHFFFAOYSA-N,formolecular/novo_horizonte/banco_mestre_unificado.csv,MASTER_UNIFIED,JZYLUKNZADTLLX-UHFFFAOYSA-N,0,0,0,0,0,1
LEGACY-INCHIKEY-JZYNQAKUAFKWSM-UHFFFAOYSA-N,JZYNQAKUAFKWSM-UHFFFAOYSA-N,formolecular/novo_horizonte/banco_mestre_unificado.csv,MASTER_UNIFIED,JZYNQAKUAFKWSM-UHFFFAOYSA-N,0,0,0,0,0,1
LEGACY-INCHIKEY-KABLJUQRQKURRB-UHFFFAOYSA-N,KABLJUQRQKURRB-UHFFFAOYSA-N,formolecular/novo_horizonte/banco_mestre_unificado.csv,MASTER_UNIFIED,KABLJUQRQKURRB-UHFFFAOYSA-N,0,0,0,0,0,1
LEGACY-INCHIKEY-KAIRNJCOYWUOGP-UHFFFAOYSA-N,KAIRNJCOYWUOGP-UHFFFAOYSA-N,formolecular/novo_horizonte/banco_mestre_unificado.csv,MASTER_UNIFIED,KAIRNJCOYWUOGP-UHFFFAOYSA-N,0,0,0,0,0,1
LEGACY-INCHIKEY-KAJHOMJQTRYZOE-UHFFFAOYSA-N,KAJHOMJQTRYZOE-UHFFFAOYSA-N,formolecular/novo_horizonte/banco_mestre_unificado.csv,MASTER_UNIFIED,KAJHOMJQTRYZOE-UHFFFAOYSA-N,0,0,0,0,0,1
LEGACY-INCHIKEY-KAOIJIWAMUTXIC-UHFFFAOYSA-N,KAOIJIWAMUTXIC-UHFFFAOYSA-N,formolecular/novo_horizonte/banco_mestre_unificado.csv,MASTER_UNIFIED,KAOIJIWAMUTXIC-UHFFFAOYSA-N,0,0,0,0,0,1
LEGACY-INCHIKEY-KAQQJGPHRFLCFL-UHFFFAOYSA-N,KAQQJGPHRFLCFL-UHFFFAOYSA-N,formolecular/novo_horizonte/banco_mestre_unificado.csv,MASTER_UNIFIED,KAQQJGPHRFLCFL-UHFFFAOYSA-N,0,0,0,0,0,1
LEGACY-INCHIKEY-KAUILEDGJXDIAH-UHFFFAOYSA-N,KAUILEDGJXDIAH-UHFFFAOYSA-N,formolecular/novo_horizonte/banco_mestre_unificado.csv,MASTER_UNIFIED,KAUILEDGJXDIAH-UHFFFAOYSA-N,0,0,0,0,0,1
LEGACY-INCHIKEY-KAVLSOCXUPIZKY-UHFFFAOYSA-N,KAVLSOCXUPIZKY-UHFFFAOYSA-N,formolecular/novo_horizonte/banco_mestre_unificado.csv,MASTER_UNIFIED,KAVLSOCXUPIZKY-UHFFFAOYSA-N,0,0,0,0,0,1
LEGACY-INCHIKEY-KAWHWOGDIXEKJD-UHFFFAOYSA-N,KAWHWOGDIXEKJD-UHFFFAOYSA-N,formolecular/novo_horizonte/banco_mestre_unificado.csv,MASTER_UNIFIED,KAWHWOGDIXEKJD-UHFFFAOYSA-N,0,0,0,0,0,1
LEGACY-INCHIKEY-KAYFIOWJPYEIAQ-UHFFFAOYSA-N,KAYFIOWJPYEIAQ-UHFFFAOYSA-N,formolecular/novo_horizonte/banco_mestre_unificado.csv,MASTER_UNIFIED,KAYFIOWJPYEIAQ-UHFFFAOYSA-N,0,0,0,0,0,1
LEGACY-INCHIKEY-KAZCYYLZOIADQY-UHFFFAOYSA-N,KAZCYYLZOIADQY-UHFFFAOYSA-N,formolecular/novo_horizonte/banco_mestre_unificado.csv,MASTER_UNIFIED,KAZCYYLZOIADQY-UHFFFAOYSA-N,0,0,0,0,0,1
LEGACY-INCHIKEY-KBGBULXBWOZVKU-UHFFFAOYSA-N,KBGBULXBWOZVKU-UHFFFAOYSA-N,formolecular/novo_horizonte/banco_mestre_unificado.csv,MASTER_UNIFIED,KBGBULXBWOZVKU-UHFFFAOYSA-N,0,0,0,0,0,1
LEGACY-INCHIKEY-KBGQJDSADRLWGK-UHFFFAOYSA-N,KBGQJDSADRLWGK-UHFFFAOYSA-N,formolecular/novo_horizonte/banco_mestre_unificado.csv,MASTER_UNIFIED,KBGQJDSADRLWGK-UHFFFAOYSA-N,0,0,0,0,0,1
LEGACY-INCHIKEY-KBGYELUNZDVUID-UHFFFAOYSA-N,KBGYELUNZDVUID-UHFFFAOYSA-N,formolecular/novo_horizonte/banco_mestre_unificado.csv,MASTER_UNIFIED,KBGYELUNZDVUID-UHFFFAOYSA-N,0,0,0,0,0,1
LEGACY-INCHIKEY-KBMFTBCAVVXJJW-UHFFFAOYSA-N,KBMFTBCAVVXJJW-UHFFFAOYSA-N,formolecular/novo_horizonte/banco_mestre_unificado.csv,MASTER_UNIFIED,KBMFTBCAVVXJJW-UHFFFAOYSA-N,0,0,0,0,0,1
LEGACY-INCHIKEY-KBNMIDMKRDIVFY-UHFFFAOYSA-N,KBNMIDMKRDIVFY-UHFFFAOYSA-N,formolecular/novo_horizonte/banco_mestre_unificado.csv,MASTER_UNIFIED,KBNMIDMKRDIVFY-UHFFFAOYSA-N,0,0,0,0,0,1
LEGACY-INCHIKEY-KBNWLBPMLWSSTG-UHFFFAOYSA-N,KBNWLBPMLWSSTG-UHFFFAOYSA-N,formolecular/novo_horizonte/banco_mestre_unificado.csv,MASTER_UNIFIED,KBNWLBPMLWSSTG-UHFFFAOYSA-N,0,0,0,0,0,1
LEGACY-INCHIKEY-KBQFYAURLVSWJU-UHFFFAOYSA-N,KBQFYAURLVSWJU-UHFFFAOYSA-N,formolecular/novo_horizonte/banco_mestre_unificado.csv,MASTER_UNIFIED,KBQFYAURLVSWJU-UHFFFAOYSA-N,0,0,0,0,0,1
LEGACY-INCHIKEY-KBQGERBYXZTIIJ-UHFFFAOYSA-N,KBQGERBYXZTIIJ-UHFFFAOYSA-N,formolecular/novo_horizonte/banco_mestre_unificado.csv,MASTER_UNIFIED,KBQGERBYXZTIIJ-UHFFFAOYSA-N,0,0,0,0,0,1
LEGACY-INCHIKEY-KBSGYTBGYLTYKX-UHFFFAOYSA-N,KBSGYTBGYLTYKX-UHFFFAOYSA-N,formolecular/novo_horizonte/banco_mestre_unificado.csv,MASTER_UNIFIED,KBSGYTBGYLTYKX-UHFFFAOYSA-N,0,0,0,0,0,1
LEGACY-INCHIKEY-KCAFHCMUSBQSEN-UHFFFAOYSA-N,KCAFHCMUSBQSEN-UHFFFAOYSA-N,formolecular/novo_horizonte/banco_mestre_unificado.csv,MASTER_UNIFIED,KCAFHCMUSBQSEN-UHFFFAOYSA-N,0,0,0,0,0,1
LEGACY-INCHIKEY-KCBLVFNSDBRLFQ-UHFFFAOYSA-N,KCBLVFNSDBRLFQ-UHFFFAOYSA-N,formolecular/novo_horizonte/banco_mestre_unificado.csv,MASTER_UNIFIED,KCBLVFNSDBRLFQ-UHFFFAOYSA-N,0,0,0,0,0,1
LEGACY-INCHIKEY-KCFXOSJCMYJSIY-UHFFFAOYSA-N,KCFXOSJCMYJSIY-UHFFFAOYSA-N,formolecular/novo_horizonte/banco_mestre_unificado.csv,MASTER_UNIFIED,KCFXOSJCMYJSIY-UHFFFAOYSA-N,0,0,0,0,0,1
LEGACY-INCHIKEY-KCGMGAVIZBOYRJ-UHFFFAOYSA-N,KCGMGAVIZBOYRJ-UHFFFAOYSA-N,formolecular/novo_horizonte/banco_mestre_unificado.csv,MASTER_UNIFIED,KCGMGAVIZBOYRJ-UHFFFAOYSA-N,0,0,0,0,0,1
LEGACY-INCHIKEY-KCPOOJKJMQQQRQ-UHFFFAOYSA-N,KCPOOJKJMQQQRQ-UHFFFAOYSA-N,formolecular/novo_horizonte/banco_mestre_unificado.csv,MASTER_UNIFIED,KCPOOJKJMQQQRQ-UHFFFAOYSA-N,0,0,0,0,0,1
LEGACY-INCHIKEY-KCYIMWDZBAEVPY-UHFFFAOYSA-N,KCYIMWDZBAEVPY-UHFFFAOYSA-N,formolecular/novo_horizonte/banco_mestre_unificado.csv,MASTER_UNIFIED,KCYIMWDZBAEVPY-UHFFFAOYSA-N,0,0,0,0,0,1
LEGACY-INCHIKEY-KCYLWKJFTOBPMY-UHFFFAOYSA-N,KCYLWKJFTOBPMY-UHFFFAOYSA-N,formolecular/novo_horizonte/banco_mestre_unificado.csv,MASTER_UNIFIED,KCYLWKJFTOBPMY-UHFFFAOYSA-N,0,0,0,0,0,1
LEGACY-INCHIKEY-KDAZNWCQYGEWOC-UHFFFAOYSA-N,KDAZNWCQYGEWOC-UHFFFAOYSA-N,formolecular/novo_horizonte/banco_mestre_unificado.csv,MASTER_UNIFIED,KDAZNWCQYGEWOC-UHFFFAOYSA-N,0,0,0,0,0,1
LEGACY-INCHIKEY-KDECWJNFXUORLW-UHFFFAOYSA-N,KDECWJNFXUORLW-UHFFFAOYSA-N,formolecular/novo_horizonte/banco_mestre_unificado.csv,MASTER_UNIFIED,KDECWJNFXUORLW-UHFFFAOYSA-N,0,0,0,0,0,1
LEGACY-INCHIKEY-KDFDAAJQDNHPGH-UHFFFAOYSA-N,KDFDAAJQDNHPGH-UHFFFAOYSA-N,formolecular/novo_horizonte/banco_mestre_unificado.csv,MASTER_UNIFIED,KDFDAAJQDNHPGH-UHFFFAOYSA-N,0,0,0,0,0,1
LEGACY-INCHIKEY-KDQVVDYVDULOOT-UHFFFAOYSA-N,KDQVVDYVDULOOT-UHFFFAOYSA-N,formolecular/novo_horizonte/banco_mestre_unificado.csv,MASTER_UNIFIED,KDQVVDYVDULOOT-UHFFFAOYSA-N,0,0,0,0,0,1
LEGACY-INCHIKEY-KDVHRIPIJGGUGI-UHFFFAOYSA-N,KDVHRIPIJGGUGI-UHFFFAOYSA-N,formolecular/novo_horizonte/banco_mestre_unificado.csv,MASTER_UNIFIED,KDVHRIPIJGGUGI-UHFFFAOYSA-N,0,0,0,0,0,1
LEGACY-INCHIKEY-KDWDQIQGMBRPGK-UHFFFAOYSA-N,KDWDQIQGMBRPGK-UHFFFAOYSA-N,formolecular/novo_horizonte/banco_mestre_unificado.csv,MASTER_UNIFIED,KDWDQIQGMBRPGK-UHFFFAOYSA-N,0,0,0,0,0,1
LEGACY-INCHIKEY-KDWZHCRHRALUHB-UHFFFAOYSA-N,KDWZHCRHRALUHB-UHFFFAOYSA-N,formolecular/novo_horizonte/banco_mestre_unificado.csv,MASTER_UNIFIED,KDWZHCRHRALUHB-UHFFFAOYSA-N,0,0,0,0,0,1
LEGACY-INCHIKEY-KEBCKQQXUBMCRY-UHFFFAOYSA-N,KEBCKQQXUBMCRY-UHFFFAOYSA-N,formolecular/novo_horizonte/banco_mestre_unificado.csv,MASTER_UNIFIED,KEBCKQQXUBMCRY-UHFFFAOYSA-N,0,0,0,0,0,1
LEGACY-INCHIKEY-KEEOVDZPGLVPTF-UHFFFAOYSA-N,KEEOVDZPGLVPTF-UHFFFAOYSA-N,formolecular/novo_horizonte/banco_mestre_unificado.csv,MASTER_UNIFIED,KEEOVDZPGLVPTF-UHFFFAOYSA-N,0,0,0,0,0,1
LEGACY-INCHIKEY-KEEZSTPQNCLZTJ-UHFFFAOYSA-N,KEEZSTPQNCLZTJ-UHFFFAOYSA-N,formolecular/novo_horizonte/banco_mestre_unificado.csv,MASTER_UNIFIED,KEEZSTPQNCLZTJ-UHFFFAOYSA-N,0,0,0,0,0,1
LEGACY-INCHIKEY-KEJLUTXRSNFDMH-UHFFFAOYSA-N,KEJLUTXRSNFDMH-UHFFFAOYSA-N,formolecular/novo_horizonte/banco_mestre_unificado.csv,MASTER_UNIFIED,KEJLUTXRSNFDMH-UHFFFAOYSA-N,0,0,0,0,0,1
LEGACY-INCHIKEY-KEMFZJLWDJNVRZ-UHFFFAOYSA-N,KEMFZJLWDJNVRZ-UHFFFAOYSA-N,formolecular/novo_horizonte/banco_mestre_unificado.csv,MASTER_UNIFIED,KEMFZJLWDJNVRZ-UHFFFAOYSA-N,0,0,0,0,0,1
LEGACY-INCHIKEY-KEQSCWZESJKNFG-UHFFFAOYSA-N,KEQSCWZESJKNFG-UHFFFAOYSA-N,formolecular/novo_horizonte/banco_mestre_unificado.csv,MASTER_UNIFIED,KEQSCWZESJKNFG-UHFFFAOYSA-N,0,0,0,0,0,1
LEGACY-INCHIKEY-KERUXAVOSDVFPY-UHFFFAOYSA-N,KERUXAVOSDVFPY-UHFFFAOYSA-N,formolecular/novo_horizonte/banco_mestre_unificado.csv,MASTER_UNIFIED,KERUXAVOSDVFPY-UHFFFAOYSA-N,0,0,0,0,0,1
LEGACY-INCHIKEY-KEUFCCPUDGAOCO-UHFFFAOYSA-N,KEUFCCPUDGAOCO-UHFFFAOYSA-N,formolecular/novo_horizonte/banco_mestre_unificado.csv,MASTER_UNIFIED,KEUFCCPUDGAOCO-UHFFFAOYSA-N,0,0,0,0,0,1
LEGACY-INCHIKEY-KEULHBYSPBYWHR-UHFFFAOYSA-N,KEULHBYSPBYWHR-UHFFFAOYSA-N,formolecular/novo_horizonte/banco_mestre_unificado.csv,MASTER_UNIFIED,KEULHBYSPBYWHR-UHFFFAOYSA-N,0,0,0,0,0,1
LEGACY-INCHIKEY-KEZRRNOWTUGCDN-UHFFFAOYSA-N,KEZRRNOWTUGCDN-UHFFFAOYSA-N,formolecular/novo_horizonte/banco_mestre_unificado.csv,MASTER_UNIFIED,KEZRRNOWTUGCDN-UHFFFAOYSA-N,0,0,0,0,0,1
LEGACY-INCHIKEY-KFAVFFCGYOHMKL-UHFFFAOYSA-N,KFAVFFCGYOHMKL-UHFFFAOYSA-N,formolecular/novo_horizonte/banco_mestre_unificado.csv,MASTER_UNIFIED,KFAVFFCGYOHMKL-UHFFFAOYSA-N,0,0,0,0,0,1
LEGACY-INCHIKEY-KFAYFUPEQIVWOB-UHFFFAOYSA-N,KFAYFUPEQIVWOB-UHFFFAOYSA-N,formolecular/novo_horizonte/banco_mestre_unificado.csv,MASTER_UNIFIED,KFAYFUPEQIVWOB-UHFFFAOYSA-N,0,0,0,0,0,1
LEGACY-INCHIKEY-KFBZJIBNPBPXDE-UHFFFAOYSA-N,KFBZJIBNPBPXDE-UHFFFAOYSA-N,formolecular/novo_horizonte/banco_mestre_unificado.csv,MASTER_UNIFIED,KFBZJIBNPBPXDE-UHFFFAOYSA-N,0,0,0,0,0,1
LEGACY-INCHIKEY-KFIOMPNBKDLHMK-UHFFFAOYSA-N,KFIOMPNBKDLHMK-UHFFFAOYSA-N,formolecular/novo_horizonte/banco_mestre_unificado.csv,MASTER_UNIFIED,KFIOMPNBKDLHMK-UHFFFAOYSA-N,0,0,0,0,0,1
LEGACY-INCHIKEY-KFMQFUKNIAFQCG-UHFFFAOYSA-N,KFMQFUKNIAFQCG-UHFFFAOYSA-N,formolecular/novo_horizonte/banco_mestre_unificado.csv,MASTER_UNIFIED,KFMQFUKNIAFQCG-UHFFFAOYSA-N,0,0,0,0,0,1
LEGACY-INCHIKEY-KFZLTIBVDGXVCJ-UHFFFAOYSA-N,KFZLTIBVDGXVCJ-UHFFFAOYSA-N,formolecular/novo_horizonte/banco_mestre_unificado.csv,MASTER_UNIFIED,KFZLTIBVDGXVCJ-UHFFFAOYSA-N,0,0,0,0,0,1
LEGACY-INCHIKEY-KGBHABLWDMIEQL-UHFFFAOYSA-N,KGBHABLWDMIEQL-UHFFFAOYSA-N,formolecular/novo_horizonte/banco_mestre_unificado.csv,MASTER_UNIFIED,KGBHABLWDMIEQL-UHFFFAOYSA-N,0,0,0,0,0,1
LEGACY-INCHIKEY-KGFOEFRTCBZGDR-UHFFFAOYSA-N,KGFOEFRTCBZGDR-UHFFFAOYSA-N,formolecular/novo_horizonte/banco_mestre_unificado.csv,MASTER_UNIFIED,KGFOEFRTCBZGDR-UHFFFAOYSA-N,0,0,0,0,0,1
LEGACY-INCHIKEY-KGSQLXHBAOFWIW-UHFFFAOYSA-N,KGSQLXHBAOFWIW-UHFFFAOYSA-N,formolecular/novo_horizonte/banco_mestre_unificado.csv,MASTER_UNIFIED,KGSQLXHBAOFWIW-UHFFFAOYSA-N,0,0,0,0,0,1
LEGACY-INCHIKEY-KGTUMVPELDMKAF-UHFFFAOYSA-N,KGTUMVPELDMKAF-UHFFFAOYSA-N,formolecular/novo_horizonte/banco_mestre_unificado.csv,MASTER_UNIFIED,KGTUMVPELDMKAF-UHFFFAOYSA-N,0,0,0,0,0,1
LEGACY-INCHIKEY-KGVRGKUVZPRKDI-UHFFFAOYSA-N,KGVRGKUVZPRKDI-UHFFFAOYSA-N,formolecular/novo_horizonte/banco_mestre_unificado.csv,MASTER_UNIFIED,KGVRGKUVZPRKDI-UHFFFAOYSA-N,0,0,0,0,0,1
LEGACY-INCHIKEY-KHAJFSVCPDSVMB-UHFFFAOYSA-N,KHAJFSVCPDSVMB-UHFFFAOYSA-N,formolecular/novo_horizonte/banco_mestre_unificado.csv,MASTER_UNIFIED,KHAJFSVCPDSVMB-UHFFFAOYSA-N,0,0,0,0,0,1
LEGACY-INCHIKEY-KHFMSVAVJWBCAO-UHFFFAOYSA-N,KHFMSVAVJWBCAO-UHFFFAOYSA-N,formolecular/novo_horizonte/banco_mestre_unificado.csv,MASTER_UNIFIED,KHFMSVAVJWBCAO-UHFFFAOYSA-N,0,0,0,0,0,1
LEGACY-INCHIKEY-KHJIPFUDEROWDK-UHFFFAOYSA-N,KHJIPFUDEROWDK-UHFFFAOYSA-N,formolecular/novo_horizonte/banco_mestre_unificado.csv,MASTER_UNIFIED,KHJIPFUDEROWDK-UHFFFAOYSA-N,0,0,0,0,0,1
LEGACY-INCHIKEY-KHLQLCVOTHBOEJ-UHFFFAOYSA-N,KHLQLCVOTHBOEJ-UHFFFAOYSA-N,formolecular/novo_horizonte/banco_mestre_unificado.csv,MASTER_UNIFIED,KHLQLCVOTHBOEJ-UHFFFAOYSA-N,0,0,0,0,0,1
LEGACY-INCHIKEY-KHOFCQVMXOMKNU-UHFFFAOYSA-N,KHOFCQVMXOMKNU-UHFFFAOYSA-N,formolecular/novo_horizonte/banco_mestre_unificado.csv,MASTER_UNIFIED,KHOFCQVMXOMKNU-UHFFFAOYSA-N,0,0,0,0,0,1
LEGACY-INCHIKEY-KHRYNSPUUUDNCY-UHFFFAOYSA-N,KHRYNSPUUUDNCY-UHFFFAOYSA-N,formolecular/novo_horizonte/banco_mestre_unificado.csv,MASTER_UNIFIED,KHRYNSPUUUDNCY-UHFFFAOYSA-N,0,0,0,0,0,1
LEGACY-INCHIKEY-KHRZQDYPVWXHFY-UHFFFAOYSA-N,KHRZQDYPVWXHFY-UHFFFAOYSA-N,formolecular/novo_horizonte/banco_mestre_unificado.csv,MASTER_UNIFIED,KHRZQDYPVWXHFY-UHFFFAOYSA-N,0,0,0,0,0,1
LEGACY-INCHIKEY-KHWJFMKRBGODMS-UHFFFAOYSA-N,KHWJFMKRBGODMS-UHFFFAOYSA-N,formolecular/novo_horizonte/banco_mestre_unificado.csv,MASTER_UNIFIED,KHWJFMKRBGODMS-UHFFFAOYSA-N,0,0,0,0,0,1
LEGACY-INCHIKEY-KIDNOMGULCOOGU-UHFFFAOYSA-N,KIDNOMGULCOOGU-UHFFFAOYSA-N,formolecular/novo_horizonte/banco_mestre_unificado.csv,MASTER_UNIFIED,KIDNOMGULCOOGU-UHFFFAOYSA-N,0,0,0,0,0,1
LEGACY-INCHIKEY-KIPHSZNGDBUCPD-UHFFFAOYSA-N,KIPHSZNGDBUCPD-UHFFFAOYSA-N,formolecular/novo_horizonte/banco_mestre_unificado.csv,MASTER_UNIFIED,KIPHSZNGDBUCPD-UHFFFAOYSA-N,0,0,0,0,0,1
LEGACY-INCHIKEY-KIPYKVZFPIYQJF-UHFFFAOYSA-N,KIPYKVZFPIYQJF-UHFFFAOYSA-N,formolecular/novo_horizonte/banco_mestre_unificado.csv,MASTER_UNIFIED,KIPYKVZFPIYQJF-UHFFFAOYSA-N,0,0,0,0,0,1
LEGACY-INCHIKEY-KIQYYUXWILKAHC-UHFFFAOYSA-N,KIQYYUXWILKAHC-UHFFFAOYSA-N,formolecular/novo_horizonte/banco_mestre_unificado.csv,MASTER_UNIFIED,KIQYYUXWILKAHC-UHFFFAOYSA-N,0,0,0,0,0,1
LEGACY-INCHIKEY-KIZRBXLDURBSSH-UHFFFAOYSA-N,KIZRBXLDURBSSH-UHFFFAOYSA-N,formolecular/novo_horizonte/banco_mestre_unificado.csv,MASTER_UNIFIED,KIZRBXLDURBSSH-UHFFFAOYSA-N,0,0,0,0,0,1
LEGACY-INCHIKEY-KJBGWOATOFDEGW-UHFFFAOYSA-N,KJBGWOATOFDEGW-UHFFFAOYSA-N,formolecular/novo_horizonte/banco_mestre_unificado.csv,MASTER_UNIFIED,KJBGWOATOFDEGW-UHFFFAOYSA-N,0,0,0,0,0,1
LEGACY-INCHIKEY-KJEFCGMSVHXPGJ-UHFFFAOYSA-N,KJEFCGMSVHXPGJ-UHFFFAOYSA-N,formolecular/novo_horizonte/banco_mestre_unificado.csv,MASTER_UNIFIED,KJEFCGMSVHXPGJ-UHFFFAOYSA-N,0,0,0,0,0,1
LEGACY-INCHIKEY-KJFONIXMPXMJPN-UHFFFAOYSA-N,KJFONIXMPXMJPN-UHFFFAOYSA-N,formolecular/novo_horizonte/banco_mestre_unificado.csv,MASTER_UNIFIED,KJFONIXMPXMJPN-UHFFFAOYSA-N,0,0,0,0,0,1
LEGACY-INCHIKEY-KJKRZSNPYVWZGN-UHFFFAOYSA-N,KJKRZSNPYVWZGN-UHFFFAOYSA-N,formolecular/novo_horizonte/banco_mestre_unificado.csv,MASTER_UNIFIED,KJKRZSNPYVWZGN-UHFFFAOYSA-N,0,0,0,0,0,1
LEGACY-INCHIKEY-KJNMHJODTWJEDT-UHFFFAOYSA-N,KJNMHJODTWJEDT-UHFFFAOYSA-N,formolecular/novo_horizonte/banco_mestre_unificado.csv,MASTER_UNIFIED,KJNMHJODTWJEDT-UHFFFAOYSA-N,0,0,0,0,0,1
LEGACY-INCHIKEY-KJNQVCOQRDDQPC-UHFFFAOYSA-N,KJNQVCOQRDDQPC-UHFFFAOYSA-N,formolecular/novo_horizonte/banco_mestre_unificado.csv,MASTER_UNIFIED,KJNQVCOQRDDQPC-UHFFFAOYSA-N,0,0,0,0,0,1
LEGACY-INCHIKEY-KJPVDVFFPGOYEC-UHFFFAOYSA-N,KJPVDVFFPGOYEC-UHFFFAOYSA-N,formolecular/novo_horizonte/banco_mestre_unificado.csv,MASTER_UNIFIED,KJPVDVFFPGOYEC-UHFFFAOYSA-N,0,0,0,0,0,1
LEGACY-INCHIKEY-KJVLFPDENZXIIR-UHFFFAOYSA-N,KJVLFPDENZXIIR-UHFFFAOYSA-N,formolecular/novo_horizonte/banco_mestre_unificado.csv,MASTER_UNIFIED,KJVLFPDENZXIIR-UHFFFAOYSA-N,0,0,0,0,0,1
LEGACY-INCHIKEY-KJXNQVSZXYSWMG-UHFFFAOYSA-N,KJXNQVSZXYSWMG-UHFFFAOYSA-N,formolecular/novo_horizonte/banco_mestre_unificado.csv,MASTER_UNIFIED,KJXNQVSZXYSWMG-UHFFFAOYSA-N,0,0,0,0,0,1
LEGACY-INCHIKEY-KJZFXHZKMKLPIW-UHFFFAOYSA-N,KJZFXHZKMKLPIW-UHFFFAOYSA-N,formolecular/novo_horizonte/banco_mestre_unificado.csv,MASTER_UNIFIED,KJZFXHZKMKLPIW-UHFFFAOYSA-N,0,0,0,0,0,1
LEGACY-INCHIKEY-KKCVJJUKWOGSDP-UHFFFAOYSA-N,KKCVJJUKWOGSDP-UHFFFAOYSA-N,formolecular/novo_horizonte/banco_mestre_unificado.csv,MASTER_UNIFIED,KKCVJJUKWOGSDP-UHFFFAOYSA-N,0,0,0,0,0,1
LEGACY-INCHIKEY-KKQLLNQNFQNVMC-UHFFFAOYSA-N,KKQLLNQNFQNVMC-UHFFFAOYSA-N,formolecular/novo_horizonte/banco_mestre_unificado.csv,MASTER_UNIFIED,KKQLLNQNFQNVMC-UHFFFAOYSA-N,0,0,0,0,0,1
LEGACY-INCHIKEY-KKTRGXSPOBIQRF-UHFFFAOYSA-N,KKTRGXSPOBIQRF-UHFFFAOYSA-N,formolecular/novo_horizonte/banco_mestre_unificado.csv,MASTER_UNIFIED,KKTRGXSPOBIQRF-UHFFFAOYSA-N,0,0,0,0,0,1
LEGACY-INCHIKEY-KKTXPWVEOSQBGD-UHFFFAOYSA-N,KKTXPWVEOSQBGD-UHFFFAOYSA-N,formolecular/novo_horizonte/banco_mestre_unificado.csv,MASTER_UNIFIED,KKTXPWVEOSQBGD-UHFFFAOYSA-N,0,0,0,0,0,1
LEGACY-INCHIKEY-KKYAUKYATKPFSB-UHFFFAOYSA-N,KKYAUKYATKPFSB-UHFFFAOYSA-N,formolecular/novo_horizonte/banco_mestre_unificado.csv,MASTER_UNIFIED,KKYAUKYATKPFSB-UHFFFAOYSA-N,0,0,0,0,0,1
LEGACY-INCHIKEY-KLAFNFMMWNMVEI-UHFFFAOYSA-N,KLAFNFMMWNMVEI-UHFFFAOYSA-N,formolecular/novo_horizonte/banco_mestre_unificado.csv,MASTER_UNIFIED,KLAFNFMMWNMVEI-UHFFFAOYSA-N,0,0,0,0,0,1
LEGACY-INCHIKEY-KLHNVNZVZDKQQJ-UHFFFAOYSA-N,KLHNVNZVZDKQQJ-UHFFFAOYSA-N,formolecular/novo_horizonte/banco_mestre_unificado.csv,MASTER_UNIFIED,KLHNVNZVZDKQQJ-UHFFFAOYSA-N,0,0,0,0,0,1
LEGACY-INCHIKEY-KLHPSCHBPFZMSI-UHFFFAOYSA-N,KLHPSCHBPFZMSI-UHFFFAOYSA-N,formolecular/novo_horizonte/banco_mestre_unificado.csv,MASTER_UNIFIED,KLHPSCHBPFZMSI-UHFFFAOYSA-N,0,0,0,0,0,1
LEGACY-INCHIKEY-KLLZIYJMEQCMFR-UHFFFAOYSA-N,KLLZIYJMEQCMFR-UHFFFAOYSA-N,formolecular/novo_horizonte/banco_mestre_unificado.csv,MASTER_UNIFIED,KLLZIYJMEQCMFR-UHFFFAOYSA-N,0,0,0,0,0,1
LEGACY-INCHIKEY-KLNMZHNXJGOTCS-UHFFFAOYSA-N,KLNMZHNXJGOTCS-UHFFFAOYSA-N,formolecular/novo_horizonte/banco_mestre_unificado.csv,MASTER_UNIFIED,KLNMZHNXJGOTCS-UHFFFAOYSA-N,0,0,0,0,0,1
LEGACY-INCHIKEY-KLPAWQCDCUDSEC-UHFFFAOYSA-N,KLPAWQCDCUDSEC-UHFFFAOYSA-N,formolecular/novo_horizonte/banco_mestre_unificado.csv,MASTER_UNIFIED,KLPAWQCDCUDSEC-UHFFFAOYSA-N,0,0,0,0,0,1
LEGACY-INCHIKEY-KLTZUQAYIOVPFI-UHFFFAOYSA-N,KLTZUQAYIOVPFI-UHFFFAOYSA-N,formolecular/novo_horizonte/banco_mestre_unificado.csv,MASTER_UNIFIED,KLTZUQAYIOVPFI-UHFFFAOYSA-N,0,0,0,0,0,1
LEGACY-INCHIKEY-KLYMFRPZGRBZEF-UHFFFAOYSA-N,KLYMFRPZGRBZEF-UHFFFAOYSA-N,formolecular/novo_horizonte/banco_mestre_unificado.csv,MASTER_UNIFIED,KLYMFRPZGRBZEF-UHFFFAOYSA-N,0,0,0,0,0,1
LEGACY-INCHIKEY-KMBDPIXLJZRKOO-UHFFFAOYSA-N,KMBDPIXLJZRKOO-UHFFFAOYSA-N,formolecular/novo_horizonte/banco_mestre_unificado.csv,MASTER_UNIFIED,KMBDPIXLJZRKOO-UHFFFAOYSA-N,0,0,0,0,0,1
LEGACY-INCHIKEY-KMCLWUYCIDHKRU-UHFFFAOYSA-N,KMCLWUYCIDHKRU-UHFFFAOYSA-N,formolecular/novo_horizonte/banco_mestre_unificado.csv,MASTER_UNIFIED,KMCLWUYCIDHKRU-UHFFFAOYSA-N,0,0,0,0,0,1
LEGACY-INCHIKEY-KMHOXUHDFJCGJB-UHFFFAOYSA-N,KMHOXUHDFJCGJB-UHFFFAOYSA-N,formolecular/novo_horizonte/banco_mestre_unificado.csv,MASTER_UNIFIED,KMHOXUHDFJCGJB-UHFFFAOYSA-N,0,0,0,0,0,1
LEGACY-INCHIKEY-KMIFQPPYBSWDKJ-UHFFFAOYSA-N,KMIFQPPYBSWDKJ-UHFFFAOYSA-N,formolecular/novo_horizonte/banco_mestre_unificado.csv,MASTER_UNIFIED,KMIFQPPYBSWDKJ-UHFFFAOYSA-N,0,0,0,0,0,1
LEGACY-INCHIKEY-KMIMFYNZDPUNRU-UHFFFAOYSA-N,KMIMFYNZDPUNRU-UHFFFAOYSA-N,formolecular/novo_horizonte/banco_mestre_unificado.csv,MASTER_UNIFIED,KMIMFYNZDPUNRU-UHFFFAOYSA-N,0,0,0,0,0,1
LEGACY-INCHIKEY-KMLDRRYURBWRDV-UHFFFAOYSA-N,KMLDRRYURBWRDV-UHFFFAOYSA-N,formolecular/novo_horizonte/banco_mestre_unificado.csv,MASTER_UNIFIED,KMLDRRYURBWRDV-UHFFFAOYSA-N,0,0,0,0,0,1
LEGACY-INCHIKEY-KMMDIEAPSFNGNA-UHFFFAOYSA-N,KMMDIEAPSFNGNA-UHFFFAOYSA-N,formolecular/novo_horizonte/banco_mestre_unificado.csv,MASTER_UNIFIED,KMMDIEAPSFNGNA-UHFFFAOYSA-N,0,0,0,0,0,1
LEGACY-INCHIKEY-KMNLAHVPKCFSMV-UHFFFAOYSA-N,KMNLAHVPKCFSMV-UHFFFAOYSA-N,formolecular/novo_horizonte/banco_mestre_unificado.csv,MASTER_UNIFIED,KMNLAHVPKCFSMV-UHFFFAOYSA-N,0,0,0,0,0,1
LEGACY-INCHIKEY-KMNRFSZZUZXZNE-UHFFFAOYSA-N,KMNRFSZZUZXZNE-UHFFFAOYSA-N,formolecular/novo_horizonte/banco_mestre_unificado.csv,MASTER_UNIFIED,KMNRFSZZUZXZNE-UHFFFAOYSA-N,0,0,0,0,0,1
LEGACY-INCHIKEY-KMNXNHWYEYCBMG-UHFFFAOYSA-N,KMNXNHWYEYCBMG-UHFFFAOYSA-N,formolecular/novo_horizonte/banco_mestre_unificado.csv,MASTER_UNIFIED,KMNXNHWYEYCBMG-UHFFFAOYSA-N,0,0,0,0,0,1
LEGACY-INCHIKEY-KMZBEHHPFUSUCB-UHFFFAOYSA-N,KMZBEHHPFUSUCB-UHFFFAOYSA-N,formolecular/novo_horizonte/banco_mestre_unificado.csv,MASTER_UNIFIED,KMZBEHHPFUSUCB-UHFFFAOYSA-N,0,0,0,0,0,1
LEGACY-INCHIKEY-KNBOBPMIRSHHRL-UHFFFAOYSA-N,KNBOBPMIRSHHRL-UHFFFAOYSA-N,formolecular/novo_horizonte/banco_mestre_unificado.csv,MASTER_UNIFIED,KNBOBPMIRSHHRL-UHFFFAOYSA-N,0,0,0,0,0,1
LEGACY-INCHIKEY-KNDYDBCUXPEPQB-UHFFFAOYSA-N,KNDYDBCUXPEPQB-UHFFFAOYSA-N,formolecular/novo_horizonte/banco_mestre_unificado.csv,MASTER_UNIFIED,KNDYDBCUXPEPQB-UHFFFAOYSA-N,0,0,0,0,0,1
LEGACY-INCHIKEY-KNEGBQLWJYHXEF-UHFFFAOYSA-N,KNEGBQLWJYHXEF-UHFFFAOYSA-N,formolecular/novo_horizonte/banco_mestre_unificado.csv,MASTER_UNIFIED,KNEGBQLWJYHXEF-UHFFFAOYSA-N,0,0,0,0,0,1
LEGACY-INCHIKEY-KNGBXFTVUKMKCY-UHFFFAOYSA-N,KNGBXFTVUKMKCY-UHFFFAOYSA-N,formolecular/novo_horizonte/banco_mestre_unificado.csv,MASTER_UNIFIED,KNGBXFTVUKMKCY-UHFFFAOYSA-N,0,0,0,0,0,1
LEGACY-INCHIKEY-KNJHLNKPBHOUJK-UHFFFAOYSA-N,KNJHLNKPBHOUJK-UHFFFAOYSA-N,formolecular/novo_horizonte/banco_mestre_unificado.csv,MASTER_UNIFIED,KNJHLNKPBHOUJK-UHFFFAOYSA-N,0,0,0,0,0,1
LEGACY-INCHIKEY-KNJPDGJFAYIXOG-UHFFFAOYSA-N,KNJPDGJFAYIXOG-UHFFFAOYSA-N,formolecular/novo_horizonte/banco_mestre_unificado.csv,MASTER_UNIFIED,KNJPDGJFAYIXOG-UHFFFAOYSA-N,0,0,0,0,0,1
LEGACY-INCHIKEY-KNPBAPJFVQNEPY-UHFFFAOYSA-N,KNPBAPJFVQNEPY-UHFFFAOYSA-N,formolecular/novo_horizonte/banco_mestre_unificado.csv,MASTER_UNIFIED,KNPBAPJFVQNEPY-UHFFFAOYSA-N,0,0,0,0,0,1
LEGACY-INCHIKEY-KNPXEELLTYOUEB-UHFFFAOYSA-N,KNPXEELLTYOUEB-UHFFFAOYSA-N,formolecular/novo_horizonte/banco_mestre_unificado.csv,MASTER_UNIFIED,KNPXEELLTYOUEB-UHFFFAOYSA-N,0,0,0,0,0,1
LEGACY-INCHIKEY-KNPXRBQHVSJIBN-UHFFFAOYSA-N,KNPXRBQHVSJIBN-UHFFFAOYSA-N,formolecular/novo_horizonte/banco_mestre_unificado.csv,MASTER_UNIFIED,KNPXRBQHVSJIBN-UHFFFAOYSA-N,0,0,0,0,0,1
LEGACY-INCHIKEY-KOBSXOGLMUCQSD-UHFFFAOYSA-N,KOBSXOGLMUCQSD-UHFFFAOYSA-N,formolecular/novo_horizonte/banco_mestre_unificado.csv,MASTER_UNIFIED,KOBSXOGLMUCQSD-UHFFFAOYSA-N,0,0,0,0,0,1
LEGACY-INCHIKEY-KOCVVQXNBQVMCG-UHFFFAOYSA-N,KOCVVQXNBQVMCG-UHFFFAOYSA-N,formolecular/novo_horizonte/banco_mestre_unificado.csv,MASTER_UNIFIED,KOCVVQXNBQVMCG-UHFFFAOYSA-N,0,0,0,0,0,1
LEGACY-INCHIKEY-KOLSCXSPSYKOJQ-UHFFFAOYSA-N,KOLSCXSPSYKOJQ-UHFFFAOYSA-N,formolecular/novo_horizonte/banco_mestre_unificado.csv,MASTER_UNIFIED,KOLSCXSPSYKOJQ-UHFFFAOYSA-N,0,0,0,0,0,1
LEGACY-INCHIKEY-KONXERFLZNZFAN-UHFFFAOYSA-N,KONXERFLZNZFAN-UHFFFAOYSA-N,formolecular/novo_horizonte/banco_mestre_unificado.csv,MASTER_UNIFIED,KONXERFLZNZFAN-UHFFFAOYSA-N,0,0,0,0,0,1
LEGACY-INCHIKEY-KONYBGRYQBLGNF-UHFFFAOYSA-N,KONYBGRYQBLGNF-UHFFFAOYSA-N,formolecular/novo_horizonte/banco_mestre_unificado.csv,MASTER_UNIFIED,KONYBGRYQBLGNF-UHFFFAOYSA-N,0,0,0,0,0,1
LEGACY-INCHIKEY-KOQWXHJBQFJXBY-UHFFFAOYSA-N,KOQWXHJBQFJXBY-UHFFFAOYSA-N,formolecular/novo_horizonte/banco_mestre_unificado.csv,MASTER_UNIFIED,KOQWXHJBQFJXBY-UHFFFAOYSA-N,0,0,0,0,0,1
LEGACY-INCHIKEY-KORPFLSAZZANRL-UHFFFAOYSA-N,KORPFLSAZZANRL-UHFFFAOYSA-N,formolecular/novo_horizonte/banco_mestre_unificado.csv,MASTER_UNIFIED,KORPFLSAZZANRL-UHFFFAOYSA-N,0,0,0,0,0,1
LEGACY-INCHIKEY-KOVPLBCVBRANEO-UHFFFAOYSA-N,KOVPLBCVBRANEO-UHFFFAOYSA-N,formolecular/novo_horizonte/banco_mestre_unificado.csv,MASTER_UNIFIED,KOVPLBCVBRANEO-UHFFFAOYSA-N,0,0,0,0,0,1
LEGACY-INCHIKEY-KPASKQGQCQVUHM-UHFFFAOYSA-N,KPASKQGQCQVUHM-UHFFFAOYSA-N,formolecular/novo_horizonte/banco_mestre_unificado.csv,MASTER_UNIFIED,KPASKQGQCQVUHM-UHFFFAOYSA-N,0,0,0,0,0,1
LEGACY-INCHIKEY-KPAYWOJBIPYULK-UHFFFAOYSA-N,KPAYWOJBIPYULK-UHFFFAOYSA-N,formolecular/novo_horizonte/banco_mestre_unificado.csv,MASTER_UNIFIED,KPAYWOJBIPYULK-UHFFFAOYSA-N,0,0,0,0,0,1
LEGACY-INCHIKEY-KPBTYDUBGIRSEM-UHFFFAOYSA-N,KPBTYDUBGIRSEM-UHFFFAOYSA-N,formolecular/novo_horizonte/banco_mestre_unificado.csv,MASTER_UNIFIED,KPBTYDUBGIRSEM-UHFFFAOYSA-N,0,0,0,0,0,1
LEGACY-INCHIKEY-KPGYEHAOIUJFQK-UHFFFAOYSA-N,KPGYEHAOIUJFQK-UHFFFAOYSA-N,formolecular/novo_horizonte/banco_mestre_unificado.csv,MASTER_UNIFIED,KPGYEHAOIUJFQK-UHFFFAOYSA-N,0,0,0,0,0,1
LEGACY-INCHIKEY-KPPPLECDCDBUHN-UHFFFAOYSA-N,KPPPLECDCDBUHN-UHFFFAOYSA-N,formolecular/novo_horizonte/banco_mestre_unificado.csv,MASTER_UNIFIED,KPPPLECDCDBUHN-UHFFFAOYSA-N,0,0,0,0,0,1
LEGACY-INCHIKEY-KPQLMPVMDFMKFH-UHFFFAOYSA-N,KPQLMPVMDFMKFH-UHFFFAOYSA-N,formolecular/novo_horizonte/banco_mestre_unificado.csv,MASTER_UNIFIED,KPQLMPVMDFMKFH-UHFFFAOYSA-N,0,0,0,0,0,1
LEGACY-INCHIKEY-KPTZHLLDSZANDG-UHFFFAOYSA-N,KPTZHLLDSZANDG-UHFFFAOYSA-N,formolecular/novo_horizonte/banco_mestre_unificado.csv,MASTER_UNIFIED,KPTZHLLDSZANDG-UHFFFAOYSA-N,0,0,0,0,0,1
LEGACY-INCHIKEY-KQDOSQDTXKTVKZ-UHFFFAOYSA-N,KQDOSQDTXKTVKZ-UHFFFAOYSA-N,formolecular/novo_horizonte/banco_mestre_unificado.csv,MASTER_UNIFIED,KQDOSQDTXKTVKZ-UHFFFAOYSA-N,0,0,0,0,0,1
LEGACY-INCHIKEY-KQVIXWWZQNRWSK-UHFFFAOYSA-N,KQVIXWWZQNRWSK-UHFFFAOYSA-N,formolecular/novo_horizonte/banco_mestre_unificado.csv,MASTER_UNIFIED,KQVIXWWZQNRWSK-UHFFFAOYSA-N,0,0,0,0,0,1
LEGACY-INCHIKEY-KRDWMQGGAWSVHA-UHFFFAOYSA-N,KRDWMQGGAWSVHA-UHFFFAOYSA-N,formolecular/novo_horizonte/banco_mestre_unificado.csv,MASTER_UNIFIED,KRDWMQGGAWSVHA-UHFFFAOYSA-N,0,0,0,0,0,1
LEGACY-INCHIKEY-KRKSEIMHKKCKKB-UHFFFAOYSA-N,KRKSEIMHKKCKKB-UHFFFAOYSA-N,formolecular/novo_horizonte/banco_mestre_unificado.csv,MASTER_UNIFIED,KRKSEIMHKKCKKB-UHFFFAOYSA-N,0,0,0,0,0,1
LEGACY-INCHIKEY-KRPJVZZYEFZVDP-UHFFFAOYSA-N,KRPJVZZYEFZVDP-UHFFFAOYSA-N,formolecular/novo_horizonte/banco_mestre_unificado.csv,MASTER_UNIFIED,KRPJVZZYEFZVDP-UHFFFAOYSA-N,0,0,0,0,0,1
LEGACY-INCHIKEY-KRQISPRKJLRFDP-UHFFFAOYSA-N,KRQISPRKJLRFDP-UHFFFAOYSA-N,formolecular/novo_horizonte/banco_mestre_unificado.csv,MASTER_UNIFIED,KRQISPRKJLRFDP-UHFFFAOYSA-N,0,0,0,0,0,1
LEGACY-INCHIKEY-KRYMQBNQFFAYFM-UHFFFAOYSA-N,KRYMQBNQFFAYFM-UHFFFAOYSA-N,formolecular/novo_horizonte/banco_mestre_unificado.csv,MASTER_UNIFIED,KRYMQBNQFFAYFM-UHFFFAOYSA-N,0,0,0,0,0,1
LEGACY-INCHIKEY-KSSYEYUAUMYAMX-UHFFFAOYSA-N,KSSYEYUAUMYAMX-UHFFFAOYSA-N,formolecular/novo_horizonte/banco_mestre_unificado.csv,MASTER_UNIFIED,KSSYEYUAUMYAMX-UHFFFAOYSA-N,0,0,0,0,0,1
LEGACY-INCHIKEY-KTDBOULLAHYKMB-UHFFFAOYSA-N,KTDBOULLAHYKMB-UHFFFAOYSA-N,formolecular/novo_horizonte/banco_mestre_unificado.csv,MASTER_UNIFIED,KTDBOULLAHYKMB-UHFFFAOYSA-N,0,0,0,0,0,1
LEGACY-INCHIKEY-KTFDTJLUQDCAKZ-UHFFFAOYSA-N,KTFDTJLUQDCAKZ-UHFFFAOYSA-N,formolecular/novo_horizonte/banco_mestre_unificado.csv,MASTER_UNIFIED,KTFDTJLUQDCAKZ-UHFFFAOYSA-N,0,0,0,0,0,1
LEGACY-INCHIKEY-KTFVFPMZABOQGR-UHFFFAOYSA-N,KTFVFPMZABOQGR-UHFFFAOYSA-N,formolecular/novo_horizonte/banco_mestre_unificado.csv,MASTER_UNIFIED,KTFVFPMZABOQGR-UHFFFAOYSA-N,0,0,0,0,0,1
LEGACY-INCHIKEY-KTOKFQOTMKAEFN-UHFFFAOYSA-N,KTOKFQOTMKAEFN-UHFFFAOYSA-N,formolecular/novo_horizonte/banco_mestre_unificado.csv,MASTER_UNIFIED,KTOKFQOTMKAEFN-UHFFFAOYSA-N,0,0,0,0,0,1
LEGACY-INCHIKEY-KTXREFCKHQGDND-UHFFFAOYSA-N,KTXREFCKHQGDND-UHFFFAOYSA-N,formolecular/novo_horizonte/banco_mestre_unificado.csv,MASTER_UNIFIED,KTXREFCKHQGDND-UHFFFAOYSA-N,0,0,0,0,0,1
LEGACY-INCHIKEY-KUAYRQABUUNQSV-UHFFFAOYSA-N,KUAYRQABUUNQSV-UHFFFAOYSA-N,formolecular/novo_horizonte/banco_mestre_unificado.csv,MASTER_UNIFIED,KUAYRQABUUNQSV-UHFFFAOYSA-N,0,0,0,0,0,1
LEGACY-INCHIKEY-KUGPVFJCSHOXHY-UHFFFAOYSA-N,KUGPVFJCSHOXHY-UHFFFAOYSA-N,formolecular/novo_horizonte/banco_mestre_unificado.csv,MASTER_UNIFIED,KUGPVFJCSHOXHY-UHFFFAOYSA-N,0,0,0,0,0,1
LEGACY-INCHIKEY-KUIAVHYJHDFFHC-UHFFFAOYSA-N,KUIAVHYJHDFFHC-UHFFFAOYSA-N,formolecular/novo_horizonte/banco_mestre_unificado.csv,MASTER_UNIFIED,KUIAVHYJHDFFHC-UHFFFAOYSA-N,0,0,0,0,0,1
LEGACY-INCHIKEY-KUJNFTPIBZNRNZ-UHFFFAOYSA-N,KUJNFTPIBZNRNZ-UHFFFAOYSA-N,formolecular/novo_horizonte/banco_mestre_unificado.csv,MASTER_UNIFIED,KUJNFTPIBZNRNZ-UHFFFAOYSA-N,0,0,0,0,0,1
LEGACY-INCHIKEY-KULBJEZOVNMLCT-UHFFFAOYSA-N,KULBJEZOVNMLCT-UHFFFAOYSA-N,formolecular/novo_horizonte/banco_mestre_unificado.csv,MASTER_UNIFIED,KULBJEZOVNMLCT-UHFFFAOYSA-N,0,0,0,0,0,1
LEGACY-INCHIKEY-KULRCMCVXAFQPP-UHFFFAOYSA-N,KULRCMCVXAFQPP-UHFFFAOYSA-N,formolecular/novo_horizonte/banco_mestre_unificado.csv,MASTER_UNIFIED,KULRCMCVXAFQPP-UHFFFAOYSA-N,0,0,0,0,0,1
LEGACY-INCHIKEY-KUMWUZZVXJIEJY-UHFFFAOYSA-N,KUMWUZZVXJIEJY-UHFFFAOYSA-N,formolecular/novo_horizonte/banco_mestre_unificado.csv,MASTER_UNIFIED,KUMWUZZVXJIEJY-UHFFFAOYSA-N,0,0,0,0,0,1
LEGACY-INCHIKEY-KUQKZEYCOMFBGN-UHFFFAOYSA-N,KUQKZEYCOMFBGN-UHFFFAOYSA-N,formolecular/novo_horizonte/banco_mestre_unificado.csv,MASTER_UNIFIED,KUQKZEYCOMFBGN-UHFFFAOYSA-N,0,0,0,0,0,1
LEGACY-INCHIKEY-KUYLCBPAJYPNEU-UHFFFAOYSA-N,KUYLCBPAJYPNEU-UHFFFAOYSA-N,formolecular/novo_horizonte/banco_mestre_unificado.csv,MASTER_UNIFIED,KUYLCBPAJYPNEU-UHFFFAOYSA-N,0,0,0,0,0,1
LEGACY-INCHIKEY-KUZKMBDHLCAASE-UHFFFAOYSA-N,KUZKMBDHLCAASE-UHFFFAOYSA-N,formolecular/novo_horizonte/banco_mestre_unificado.csv,MASTER_UNIFIED,KUZKMBDHLCAASE-UHFFFAOYSA-N,0,0,0,0,0,1
LEGACY-INCHIKEY-KVFOTMSRUZJGIW-UHFFFAOYSA-N,KVFOTMSRUZJGIW-UHFFFAOYSA-N,formolecular/novo_horizonte/banco_mestre_unificado.csv,MASTER_UNIFIED,KVFOTMSRUZJGIW-UHFFFAOYSA-N,0,0,0,0,0,1
LEGACY-INCHIKEY-KVKJMTVPOTXAGP-UHFFFAOYSA-N,KVKJMTVPOTXAGP-UHFFFAOYSA-N,formolecular/novo_horizonte/banco_mestre_unificado.csv,MASTER_UNIFIED,KVKJMTVPOTXAGP-UHFFFAOYSA-N,0,0,0,0,0,1
LEGACY-INCHIKEY-KVQJRERJJYMTRX-UHFFFAOYSA-N,KVQJRERJJYMTRX-UHFFFAOYSA-N,formolecular/novo_horizonte/banco_mestre_unificado.csv,MASTER_UNIFIED,KVQJRERJJYMTRX-UHFFFAOYSA-N,0,0,0,0,0,1
LEGACY-INCHIKEY-KVXPJSVUCOIZSY-UHFFFAOYSA-N,KVXPJSVUCOIZSY-UHFFFAOYSA-N,formolecular/novo_horizonte/banco_mestre_unificado.csv,MASTER_UNIFIED,KVXPJSVUCOIZSY-UHFFFAOYSA-N,0,0,0,0,0,1
LEGACY-INCHIKEY-KWCDRQWFYZCDCU-UHFFFAOYSA-N,KWCDRQWFYZCDCU-UHFFFAOYSA-N,formolecular/novo_horizonte/banco_mestre_unificado.csv,MASTER_UNIFIED,KWCDRQWFYZCDCU-UHFFFAOYSA-N,0,0,0,0,0,1
LEGACY-INCHIKEY-KWEZFDZYPXLJBX-UHFFFAOYSA-N,KWEZFDZYPXLJBX-UHFFFAOYSA-N,formolecular/novo_horizonte/banco_mestre_unificado.csv,MASTER_UNIFIED,KWEZFDZYPXLJBX-UHFFFAOYSA-N,0,0,0,0,0,1
LEGACY-INCHIKEY-KWOVKKXEFKMJSJ-UHFFFAOYSA-N,KWOVKKXEFKMJSJ-UHFFFAOYSA-N,formolecular/novo_horizonte/banco_mestre_unificado.csv,MASTER_UNIFIED,KWOVKKXEFKMJSJ-UHFFFAOYSA-N,0,0,0,0,0,1
LEGACY-INCHIKEY-KWVBRYCBDHKROJ-UHFFFAOYSA-N,KWVBRYCBDHKROJ-UHFFFAOYSA-N,formolecular/novo_horizonte/banco_mestre_unificado.csv,MASTER_UNIFIED,KWVBRYCBDHKROJ-UHFFFAOYSA-N,0,0,0,0,0,1
LEGACY-INCHIKEY-KXCSMLVSZWRFGR-UHFFFAOYSA-N,KXCSMLVSZWRFGR-UHFFFAOYSA-N,formolecular/novo_horizonte/banco_mestre_unificado.csv,MASTER_UNIFIED,KXCSMLVSZWRFGR-UHFFFAOYSA-N,0,0,0,0,0,1
LEGACY-INCHIKEY-KXDAJSFPKMMSQF-UHFFFAOYSA-N,KXDAJSFPKMMSQF-UHFFFAOYSA-N,formolecular/novo_horizonte/banco_mestre_unificado.csv,MASTER_UNIFIED,KXDAJSFPKMMSQF-UHFFFAOYSA-N,0,0,0,0,0,1
LEGACY-INCHIKEY-KXORVMNMTDKAOY-UHFFFAOYSA-N,KXORVMNMTDKAOY-UHFFFAOYSA-N,formolecular/novo_horizonte/banco_mestre_unificado.csv,MASTER_UNIFIED,KXORVMNMTDKAOY-UHFFFAOYSA-N,0,0,0,0,0,1
LEGACY-INCHIKEY-KXQORJSZWICCCW-UHFFFAOYSA-N,KXQORJSZWICCCW-UHFFFAOYSA-N,formolecular/novo_horizonte/banco_mestre_unificado.csv,MASTER_UNIFIED,KXQORJSZWICCCW-UHFFFAOYSA-N,0,0,0,0,0,1
LEGACY-INCHIKEY-KXSNLWXFSOWJJU-UHFFFAOYSA-N,KXSNLWXFSOWJJU-UHFFFAOYSA-N,formolecular/novo_horizonte/banco_mestre_unificado.csv,MASTER_UNIFIED,KXSNLWXFSOWJJU-UHFFFAOYSA-N,0,0,0,0,0,1
LEGACY-INCHIKEY-KYIWATFCUAEKTF-UHFFFAOYSA-N,KYIWATFCUAEKTF-UHFFFAOYSA-N,formolecular/novo_horizonte/banco_mestre_unificado.csv,MASTER_UNIFIED,KYIWATFCUAEKTF-UHFFFAOYSA-N,0,0,0,0,0,1
LEGACY-INCHIKEY-KYJUFDVFOVPAOS-UHFFFAOYSA-N,KYJUFDVFOVPAOS-UHFFFAOYSA-N,formolecular/novo_horizonte/banco_mestre_unificado.csv,MASTER_UNIFIED,KYJUFDVFOVPAOS-UHFFFAOYSA-N,0,0,0,0,0,1
LEGACY-INCHIKEY-KYKWQSOTUBKEEN-UHFFFAOYSA-N,KYKWQSOTUBKEEN-UHFFFAOYSA-N,formolecular/novo_horizonte/banco_mestre_unificado.csv,MASTER_UNIFIED,KYKWQSOTUBKEEN-UHFFFAOYSA-N,0,0,0,0,0,1
LEGACY-INCHIKEY-KYRSYYBQBMAQAG-UHFFFAOYSA-N,KYRSYYBQBMAQAG-UHFFFAOYSA-N,formolecular/novo_horizonte/banco_mestre_unificado.csv,MASTER_UNIFIED,KYRSYYBQBMAQAG-UHFFFAOYSA-N,0,0,0,0,0,1
LEGACY-INCHIKEY-KYZCTOOEUZUTFW-UHFFFAOYSA-N,KYZCTOOEUZUTFW-UHFFFAOYSA-N,formolecular/novo_horizonte/banco_mestre_unificado.csv,MASTER_UNIFIED,KYZCTOOEUZUTFW-UHFFFAOYSA-N,0,0,0,0,0,1
LEGACY-INCHIKEY-KZECRGNVPLRIHS-UHFFFAOYSA-N,KZECRGNVPLRIHS-UHFFFAOYSA-N,formolecular/novo_horizonte/banco_mestre_unificado.csv,MASTER_UNIFIED,KZECRGNVPLRIHS-UHFFFAOYSA-N,0,0,0,0,0,1
LEGACY-INCHIKEY-KZJLQAARZJPENT-UHFFFAOYSA-N,KZJLQAARZJPENT-UHFFFAOYSA-N,formolecular/novo_horizonte/banco_mestre_unificado.csv,MASTER_UNIFIED,KZJLQAARZJPENT-UHFFFAOYSA-N,0,0,0,0,0,1
LEGACY-INCHIKEY-KZNFKFMLYHYRNM-UHFFFAOYSA-N,KZNFKFMLYHYRNM-UHFFFAOYSA-N,formolecular/novo_horizonte/banco_mestre_unificado.csv,MASTER_UNIFIED,KZNFKFMLYHYRNM-UHFFFAOYSA-N,0,0,0,0,0,1
LEGACY-INCHIKEY-KZOALOCUROIIFN-UHFFFAOYSA-N,KZOALOCUROIIFN-UHFFFAOYSA-N,formolecular/novo_horizonte/banco_mestre_unificado.csv,MASTER_UNIFIED,KZOALOCUROIIFN-UHFFFAOYSA-N,0,0,0,0,0,1
LEGACY-INCHIKEY-KZODEHQXOHYQPU-UHFFFAOYSA-N,KZODEHQXOHYQPU-UHFFFAOYSA-N,formolecular/novo_horizonte/banco_mestre_unificado.csv,MASTER_UNIFIED,KZODEHQXOHYQPU-UHFFFAOYSA-N,0,0,0,0,0,1
LEGACY-INCHIKEY-KZQHBPDXKNYEAZ-UHFFFAOYSA-N,KZQHBPDXKNYEAZ-UHFFFAOYSA-N,formolecular/novo_horizonte/banco_mestre_unificado.csv,MASTER_UNIFIED,KZQHBPDXKNYEAZ-UHFFFAOYSA-N,0,0,0,0,0,1
LEGACY-INCHIKEY-KZQXWYLESORVHH-UHFFFAOYSA-N,KZQXWYLESORVHH-UHFFFAOYSA-N,formolecular/csv_elite_farma/RANKING_FARMACOS_ELITE_ADMET.csv,FARMA_ELITE,KZQXWYLESORVHH-UHFFFAOYSA-N,0,1,0,0,0,0
LEGACY-INCHIKEY-KZTMAZILXFPXFI-UHFFFAOYSA-N,KZTMAZILXFPXFI-UHFFFAOYSA-N,formolecular/novo_horizonte/banco_mestre_unificado.csv,MASTER_UNIFIED,KZTMAZILXFPXFI-UHFFFAOYSA-N,0,0,0,0,0,1
LEGACY-INCHIKEY-KZVOZPNBAQQCOO-UHFFFAOYSA-N,KZVOZPNBAQQCOO-UHFFFAOYSA-N,formolecular/novo_horizonte/banco_mestre_unificado.csv,MASTER_UNIFIED,KZVOZPNBAQQCOO-UHFFFAOYSA-N,0,0,0,0,0,1
LEGACY-INCHIKEY-KZXSUCOAEROWNY-UHFFFAOYSA-N,KZXSUCOAEROWNY-UHFFFAOYSA-N,formolecular/novo_horizonte/banco_mestre_unificado.csv,MASTER_UNIFIED,KZXSUCOAEROWNY-UHFFFAOYSA-N,0,0,0,0,0,1
LEGACY-INCHIKEY-LABLPZJKTTUSKD-UHFFFAOYSA-N,LABLPZJKTTUSKD-UHFFFAOYSA-N,formolecular/novo_horizonte/banco_mestre_unificado.csv,MASTER_UNIFIED,LABLPZJKTTUSKD-UHFFFAOYSA-N,0,0,0,0,0,1
LEGACY-INCHIKEY-LABMZBJCGXPVGS-UHFFFAOYSA-N,LABMZBJCGXPVGS-UHFFFAOYSA-N,formolecular/novo_horizonte/banco_mestre_unificado.csv,MASTER_UNIFIED,LABMZBJCGXPVGS-UHFFFAOYSA-N,0,0,0,0,0,1
LEGACY-INCHIKEY-LAFHITXIDRXWJB-UHFFFAOYSA-N,LAFHITXIDRXWJB-UHFFFAOYSA-N,formolecular/novo_horizonte/banco_mestre_unificado.csv,MASTER_UNIFIED,LAFHITXIDRXWJB-UHFFFAOYSA-N,0,0,0,0,0,1
LEGACY-INCHIKEY-LAGWHAAQTYZAPV-UHFFFAOYSA-N,LAGWHAAQTYZAPV-UHFFFAOYSA-N,formolecular/novo_horizonte/banco_mestre_unificado.csv,MASTER_UNIFIED,LAGWHAAQTYZAPV-UHFFFAOYSA-N,0,0,0,0,0,1
LEGACY-INCHIKEY-LAILWAUHQIROIU-UHFFFAOYSA-N,LAILWAUHQIROIU-UHFFFAOYSA-N,formolecular/novo_horizonte/banco_mestre_unificado.csv,MASTER_UNIFIED,LAILWAUHQIROIU-UHFFFAOYSA-N,0,0,0,0,0,1
LEGACY-INCHIKEY-LAKPHXVCERPSBZ-UHFFFAOYSA-N,LAKPHXVCERPSBZ-UHFFFAOYSA-N,formolecular/novo_horizonte/banco_mestre_unificado.csv,MASTER_UNIFIED,LAKPHXVCERPSBZ-UHFFFAOYSA-N,0,0,0,0,0,1
LEGACY-INCHIKEY-LAWFVGXXKGJPQP-UHFFFAOYSA-N,LAWFVGXXKGJPQP-UHFFFAOYSA-N,formolecular/novo_horizonte/banco_mestre_unificado.csv,MASTER_UNIFIED,LAWFVGXXKGJPQP-UHFFFAOYSA-N,0,0,0,0,0,1
LEGACY-INCHIKEY-LAXOGKMTCPQSSI-UHFFFAOYSA-N,LAXOGKMTCPQSSI-UHFFFAOYSA-N,formolecular/novo_horizonte/banco_mestre_unificado.csv,MASTER_UNIFIED,LAXOGKMTCPQSSI-UHFFFAOYSA-N,0,0,0,0,0,1
LEGACY-INCHIKEY-LBCNNDQPEYMTGW-UHFFFAOYSA-N,LBCNNDQPEYMTGW-UHFFFAOYSA-N,formolecular/novo_horizonte/banco_mestre_unificado.csv,MASTER_UNIFIED,LBCNNDQPEYMTGW-UHFFFAOYSA-N,0,0,0,0,0,1
LEGACY-INCHIKEY-LBDHNEKTSXAZSH-UHFFFAOYSA-N,LBDHNEKTSXAZSH-UHFFFAOYSA-N,formolecular/novo_horizonte/banco_mestre_unificado.csv,MASTER_UNIFIED,LBDHNEKTSXAZSH-UHFFFAOYSA-N,0,0,0,0,0,1
LEGACY-INCHIKEY-LBEOHULSPBDEHX-UHFFFAOYSA-N,LBEOHULSPBDEHX-UHFFFAOYSA-N,formolecular/novo_horizonte/banco_mestre_unificado.csv,MASTER_UNIFIED,LBEOHULSPBDEHX-UHFFFAOYSA-N,0,0,0,0,0,1
LEGACY-INCHIKEY-LBYNCRDJTSXDKC-UHFFFAOYSA-N,LBYNCRDJTSXDKC-UHFFFAOYSA-N,formolecular/novo_horizonte/banco_mestre_unificado.csv,MASTER_UNIFIED,LBYNCRDJTSXDKC-UHFFFAOYSA-N,0,0,0,0,0,1
LEGACY-INCHIKEY-LCFSZYGYNPXTKA-UHFFFAOYSA-N,LCFSZYGYNPXTKA-UHFFFAOYSA-N,formolecular/novo_horizonte/banco_mestre_unificado.csv,MASTER_UNIFIED,LCFSZYGYNPXTKA-UHFFFAOYSA-N,0,0,0,0,0,1
LEGACY-INCHIKEY-LCMCFZCHNKGXLH-UHFFFAOYSA-N,LCMCFZCHNKGXLH-UHFFFAOYSA-N,formolecular/novo_horizonte/banco_mestre_unificado.csv,MASTER_UNIFIED,LCMCFZCHNKGXLH-UHFFFAOYSA-N,0,0,0,0,0,1
LEGACY-INCHIKEY-LCOLFPAAJJNICC-UHFFFAOYSA-N,LCOLFPAAJJNICC-UHFFFAOYSA-N,formolecular/novo_horizonte/banco_mestre_unificado.csv,MASTER_UNIFIED,LCOLFPAAJJNICC-UHFFFAOYSA-N,0,0,0,0,0,1
LEGACY-INCHIKEY-LCQDHVYEKOXBBK-UHFFFAOYSA-N,LCQDHVYEKOXBBK-UHFFFAOYSA-N,formolecular/novo_horizonte/banco_mestre_unificado.csv,MASTER_UNIFIED,LCQDHVYEKOXBBK-UHFFFAOYSA-N,0,0,0,0,0,1
LEGACY-INCHIKEY-LDCXPDRMEZCIDS-UHFFFAOYSA-N,LDCXPDRMEZCIDS-UHFFFAOYSA-N,formolecular/novo_horizonte/banco_mestre_unificado.csv,MASTER_UNIFIED,LDCXPDRMEZCIDS-UHFFFAOYSA-N,0,0,0,0,0,1
LEGACY-INCHIKEY-LDHAZOHAWVNNJE-UHFFFAOYSA-N,LDHAZOHAWVNNJE-UHFFFAOYSA-N,formolecular/csv_elite_farma/RANKING_FARMACOS_ELITE_ADMET.csv,FARMA_ELITE,LDHAZOHAWVNNJE-UHFFFAOYSA-N,0,1,0,0,0,0
LEGACY-INCHIKEY-LDNHGNIDKWOGBN-UHFFFAOYSA-N,LDNHGNIDKWOGBN-UHFFFAOYSA-N,formolecular/novo_horizonte/banco_mestre_unificado.csv,MASTER_UNIFIED,LDNHGNIDKWOGBN-UHFFFAOYSA-N,0,0,0,0,0,1
LEGACY-INCHIKEY-LDOKDBFEINIPMK-UHFFFAOYSA-N,LDOKDBFEINIPMK-UHFFFAOYSA-N,formolecular/novo_horizonte/banco_mestre_unificado.csv,MASTER_UNIFIED,LDOKDBFEINIPMK-UHFFFAOYSA-N,0,0,0,0,0,1
LEGACY-INCHIKEY-LDWCHOILYSRPHQ-UHFFFAOYSA-N,LDWCHOILYSRPHQ-UHFFFAOYSA-N,formolecular/novo_horizonte/banco_mestre_unificado.csv,MASTER_UNIFIED,LDWCHOILYSRPHQ-UHFFFAOYSA-N,0,0,0,0,0,1
LEGACY-INCHIKEY-LEBUGBBDVSGLID-UHFFFAOYSA-N,LEBUGBBDVSGLID-UHFFFAOYSA-N,formolecular/novo_horizonte/banco_mestre_unificado.csv,MASTER_UNIFIED,LEBUGBBDVSGLID-UHFFFAOYSA-N,0,0,0,0,0,1
LEGACY-INCHIKEY-LEMHWOJFKPQKMU-UHFFFAOYSA-N,LEMHWOJFKPQKMU-UHFFFAOYSA-N,formolecular/novo_horizonte/banco_mestre_unificado.csv,MASTER_UNIFIED,LEMHWOJFKPQKMU-UHFFFAOYSA-N,0,0,0,0,0,1
LEGACY-INCHIKEY-LFADWWUYFTXMEG-UHFFFAOYSA-N,LFADWWUYFTXMEG-UHFFFAOYSA-N,formolecular/novo_horizonte/banco_mestre_unificado.csv,MASTER_UNIFIED,LFADWWUYFTXMEG-UHFFFAOYSA-N,0,0,0,0,0,1
LEGACY-INCHIKEY-LFCIIFYTMXWHQO-UHFFFAOYSA-N,LFCIIFYTMXWHQO-UHFFFAOYSA-N,formolecular/novo_horizonte/banco_mestre_unificado.csv,MASTER_UNIFIED,LFCIIFYTMXWHQO-UHFFFAOYSA-N,0,0,0,0,0,1
LEGACY-INCHIKEY-LFDDWSZYAIANKR-UHFFFAOYSA-N,LFDDWSZYAIANKR-UHFFFAOYSA-N,formolecular/novo_horizonte/banco_mestre_unificado.csv,MASTER_UNIFIED,LFDDWSZYAIANKR-UHFFFAOYSA-N,0,0,0,0,0,1
LEGACY-INCHIKEY-LFUOOPOEYDSXTB-UHFFFAOYSA-N,LFUOOPOEYDSXTB-UHFFFAOYSA-N,formolecular/novo_horizonte/banco_mestre_unificado.csv,MASTER_UNIFIED,LFUOOPOEYDSXTB-UHFFFAOYSA-N,0,0,0,0,0,1
LEGACY-INCHIKEY-LFZGEONYWFIYHV-UHFFFAOYSA-N,LFZGEONYWFIYHV-UHFFFAOYSA-N,formolecular/novo_horizonte/banco_mestre_unificado.csv,MASTER_UNIFIED,LFZGEONYWFIYHV-UHFFFAOYSA-N,0,0,0,0,0,1
LEGACY-INCHIKEY-LGAVFEPDEVSTFF-UHFFFAOYSA-N,LGAVFEPDEVSTFF-UHFFFAOYSA-N,formolecular/novo_horizonte/banco_mestre_unificado.csv,MASTER_UNIFIED,LGAVFEPDEVSTFF-UHFFFAOYSA-N,0,0,0,0,0,1
LEGACY-INCHIKEY-LGDRDEDDUFNULQ-UHFFFAOYSA-N,LGDRDEDDUFNULQ-UHFFFAOYSA-N,formolecular/novo_horizonte/banco_mestre_unificado.csv,MASTER_UNIFIED,LGDRDEDDUFNULQ-UHFFFAOYSA-N,0,0,0,0,0,1
LEGACY-INCHIKEY-LGFALMIILFUKAN-UHFFFAOYSA-N,LGFALMIILFUKAN-UHFFFAOYSA-N,formolecular/novo_horizonte/banco_mestre_unificado.csv,MASTER_UNIFIED,LGFALMIILFUKAN-UHFFFAOYSA-N,0,0,0,0,0,1
LEGACY-INCHIKEY-LGJGQFCMOCQEGS-UHFFFAOYSA-N,LGJGQFCMOCQEGS-UHFFFAOYSA-N,formolecular/novo_horizonte/banco_mestre_unificado.csv,MASTER_UNIFIED,LGJGQFCMOCQEGS-UHFFFAOYSA-N,0,0,0,0,0,1
LEGACY-INCHIKEY-LGRMVLBCHGXURF-UHFFFAOYSA-N,LGRMVLBCHGXURF-UHFFFAOYSA-N,formolecular/novo_horizonte/banco_mestre_unificado.csv,MASTER_UNIFIED,LGRMVLBCHGXURF-UHFFFAOYSA-N,0,0,0,0,0,1
LEGACY-INCHIKEY-LGTHYTOXOFZMRA-UHFFFAOYSA-N,LGTHYTOXOFZMRA-UHFFFAOYSA-N,formolecular/novo_horizonte/banco_mestre_unificado.csv,MASTER_UNIFIED,LGTHYTOXOFZMRA-UHFFFAOYSA-N,0,0,0,0,0,1
LEGACY-INCHIKEY-LGTTUEBTTNOAEK-UHFFFAOYSA-N,LGTTUEBTTNOAEK-UHFFFAOYSA-N,formolecular/novo_horizonte/banco_mestre_unificado.csv,MASTER_UNIFIED,LGTTUEBTTNOAEK-UHFFFAOYSA-N,0,0,0,0,0,1
LEGACY-INCHIKEY-LGULBNRVUUNBOY-UHFFFAOYSA-N,LGULBNRVUUNBOY-UHFFFAOYSA-N,formolecular/novo_horizonte/banco_mestre_unificado.csv,MASTER_UNIFIED,LGULBNRVUUNBOY-UHFFFAOYSA-N,0,0,0,0,0,1
LEGACY-INCHIKEY-LHCXLQJOTFSWHL-UHFFFAOYSA-N,LHCXLQJOTFSWHL-UHFFFAOYSA-N,formolecular/novo_horizonte/banco_mestre_unificado.csv,MASTER_UNIFIED,LHCXLQJOTFSWHL-UHFFFAOYSA-N,0,0,0,0,0,1
LEGACY-INCHIKEY-LHEHXNOXFPKKCF-UHFFFAOYSA-N,LHEHXNOXFPKKCF-UHFFFAOYSA-N,formolecular/novo_horizonte/banco_mestre_unificado.csv,MASTER_UNIFIED,LHEHXNOXFPKKCF-UHFFFAOYSA-N,0,0,0,0,0,1
LEGACY-INCHIKEY-LHGMDZFHQAUWHB-UHFFFAOYSA-N,LHGMDZFHQAUWHB-UHFFFAOYSA-N,formolecular/novo_horizonte/banco_mestre_unificado.csv,MASTER_UNIFIED,LHGMDZFHQAUWHB-UHFFFAOYSA-N,0,0,0,0,0,1
LEGACY-INCHIKEY-LHJKORZLLOMQIZ-UHFFFAOYSA-N,LHJKORZLLOMQIZ-UHFFFAOYSA-N,formolecular/novo_horizonte/banco_mestre_unificado.csv,MASTER_UNIFIED,LHJKORZLLOMQIZ-UHFFFAOYSA-N,0,0,0,0,0,1
LEGACY-INCHIKEY-LHKSFTISGORYDN-UHFFFAOYSA-N,LHKSFTISGORYDN-UHFFFAOYSA-N,formolecular/novo_horizonte/banco_mestre_unificado.csv,MASTER_UNIFIED,LHKSFTISGORYDN-UHFFFAOYSA-N,0,0,0,0,0,1
LEGACY-INCHIKEY-LHNWIZCZGLVALP-UHFFFAOYSA-N,LHNWIZCZGLVALP-UHFFFAOYSA-N,formolecular/novo_horizonte/banco_mestre_unificado.csv,MASTER_UNIFIED,LHNWIZCZGLVALP-UHFFFAOYSA-N,0,0,0,0,0,1
LEGACY-INCHIKEY-LHQXPCWUPOTTQU-UHFFFAOYSA-N,LHQXPCWUPOTTQU-UHFFFAOYSA-N,formolecular/novo_horizonte/banco_mestre_unificado.csv,MASTER_UNIFIED,LHQXPCWUPOTTQU-UHFFFAOYSA-N,0,0,0,0,0,1
LEGACY-INCHIKEY-LIABCRBDSMYBMB-UHFFFAOYSA-N,LIABCRBDSMYBMB-UHFFFAOYSA-N,formolecular/novo_horizonte/banco_mestre_unificado.csv,MASTER_UNIFIED,LIABCRBDSMYBMB-UHFFFAOYSA-N,0,0,0,0,0,1
LEGACY-INCHIKEY-LIEAFCMQKPBGHP-UHFFFAOYSA-N,LIEAFCMQKPBGHP-UHFFFAOYSA-N,formolecular/novo_horizonte/banco_mestre_unificado.csv,MASTER_UNIFIED,LIEAFCMQKPBGHP-UHFFFAOYSA-N,0,0,0,0,0,1
LEGACY-INCHIKEY-LIGGLTBBHLYNBL-UHFFFAOYSA-N,LIGGLTBBHLYNBL-UHFFFAOYSA-N,formolecular/novo_horizonte/banco_mestre_unificado.csv,MASTER_UNIFIED,LIGGLTBBHLYNBL-UHFFFAOYSA-N,0,0,0,0,0,1
LEGACY-INCHIKEY-LINJUJZPYOWUNC-UHFFFAOYSA-N,LINJUJZPYOWUNC-UHFFFAOYSA-N,formolecular/novo_horizonte/banco_mestre_unificado.csv,MASTER_UNIFIED,LINJUJZPYOWUNC-UHFFFAOYSA-N,0,0,0,0,0,1
LEGACY-INCHIKEY-LIYISXRKDMNIIU-UHFFFAOYSA-N,LIYISXRKDMNIIU-UHFFFAOYSA-N,formolecular/novo_horizonte/banco_mestre_unificado.csv,MASTER_UNIFIED,LIYISXRKDMNIIU-UHFFFAOYSA-N,0,0,0,0,0,1
LEGACY-INCHIKEY-LIZMTNDLFYNRSG-UHFFFAOYSA-N,LIZMTNDLFYNRSG-UHFFFAOYSA-N,formolecular/novo_horizonte/banco_mestre_unificado.csv,MASTER_UNIFIED,LIZMTNDLFYNRSG-UHFFFAOYSA-N,0,0,0,0,0,1
LEGACY-INCHIKEY-LJCLSFMUAJQALW-UHFFFAOYSA-N,LJCLSFMUAJQALW-UHFFFAOYSA-N,formolecular/novo_horizonte/banco_mestre_unificado.csv,MASTER_UNIFIED,LJCLSFMUAJQALW-UHFFFAOYSA-N,0,0,0,0,0,1
LEGACY-INCHIKEY-LJHLLJFSEUFZBK-UHFFFAOYSA-N,LJHLLJFSEUFZBK-UHFFFAOYSA-N,formolecular/novo_horizonte/banco_mestre_unificado.csv,MASTER_UNIFIED,LJHLLJFSEUFZBK-UHFFFAOYSA-N,0,0,0,0,0,1
LEGACY-INCHIKEY-LJIBPKCAURCZBP-UHFFFAOYSA-N,LJIBPKCAURCZBP-UHFFFAOYSA-N,formolecular/novo_horizonte/banco_mestre_unificado.csv,MASTER_UNIFIED,LJIBPKCAURCZBP-UHFFFAOYSA-N,0,0,0,0,0,1
LEGACY-INCHIKEY-LJOBRTFAZVKHHZ-UHFFFAOYSA-N,LJOBRTFAZVKHHZ-UHFFFAOYSA-N,formolecular/novo_horizonte/banco_mestre_unificado.csv,MASTER_UNIFIED,LJOBRTFAZVKHHZ-UHFFFAOYSA-N,0,0,0,0,0,1
LEGACY-INCHIKEY-LJTUXARYZVXSPB-UHFFFAOYSA-N,LJTUXARYZVXSPB-UHFFFAOYSA-N,formolecular/novo_horizonte/banco_mestre_unificado.csv,MASTER_UNIFIED,LJTUXARYZVXSPB-UHFFFAOYSA-N,0,0,0,0,0,1
LEGACY-INCHIKEY-LJYWFBXFTNWIKS-UHFFFAOYSA-N,LJYWFBXFTNWIKS-UHFFFAOYSA-N,formolecular/novo_horizonte/banco_mestre_unificado.csv,MASTER_UNIFIED,LJYWFBXFTNWIKS-UHFFFAOYSA-N,0,0,0,0,0,1
LEGACY-INCHIKEY-LKARMXXBCMRTFA-UHFFFAOYSA-N,LKARMXXBCMRTFA-UHFFFAOYSA-N,formolecular/novo_horizonte/banco_mestre_unificado.csv,MASTER_UNIFIED,LKARMXXBCMRTFA-UHFFFAOYSA-N,0,0,0,0,0,1
LEGACY-INCHIKEY-LKBHZFGCPGVBHH-UHFFFAOYSA-N,LKBHZFGCPGVBHH-UHFFFAOYSA-N,formolecular/novo_horizonte/banco_mestre_unificado.csv,MASTER_UNIFIED,LKBHZFGCPGVBHH-UHFFFAOYSA-N,0,0,0,0,0,1
LEGACY-INCHIKEY-LKEPKVUSFRTQGJ-UHFFFAOYSA-N,LKEPKVUSFRTQGJ-UHFFFAOYSA-N,formolecular/novo_horizonte/banco_mestre_unificado.csv,MASTER_UNIFIED,LKEPKVUSFRTQGJ-UHFFFAOYSA-N,0,0,0,0,0,1
LEGACY-INCHIKEY-LKKBLVZVMDSFKT-UHFFFAOYSA-N,LKKBLVZVMDSFKT-UHFFFAOYSA-N,formolecular/novo_horizonte/banco_mestre_unificado.csv,MASTER_UNIFIED,LKKBLVZVMDSFKT-UHFFFAOYSA-N,0,0,0,0,0,1
LEGACY-INCHIKEY-LKRUTPSQNNXIBO-UHFFFAOYSA-N,LKRUTPSQNNXIBO-UHFFFAOYSA-N,formolecular/novo_horizonte/banco_mestre_unificado.csv,MASTER_UNIFIED,LKRUTPSQNNXIBO-UHFFFAOYSA-N,0,0,0,0,0,1
LEGACY-INCHIKEY-LKTQRWLUKNNNGN-UHFFFAOYSA-N,LKTQRWLUKNNNGN-UHFFFAOYSA-N,formolecular/novo_horizonte/banco_mestre_unificado.csv,MASTER_UNIFIED,LKTQRWLUKNNNGN-UHFFFAOYSA-N,0,0,0,0,0,1
LEGACY-INCHIKEY-LKYPNAOZBZBQFS-UHFFFAOYSA-N,LKYPNAOZBZBQFS-UHFFFAOYSA-N,formolecular/novo_horizonte/banco_mestre_unificado.csv,MASTER_UNIFIED,LKYPNAOZBZBQFS-UHFFFAOYSA-N,0,0,0,0,0,1
LEGACY-INCHIKEY-LLAFWSNHFMERIE-UHFFFAOYSA-N,LLAFWSNHFMERIE-UHFFFAOYSA-N,formolecular/novo_horizonte/banco_mestre_unificado.csv,MASTER_UNIFIED,LLAFWSNHFMERIE-UHFFFAOYSA-N,0,0,0,0,0,1
LEGACY-INCHIKEY-LLBNLNVWJFJKDC-UHFFFAOYSA-N,LLBNLNVWJFJKDC-UHFFFAOYSA-N,formolecular/novo_horizonte/banco_mestre_unificado.csv,MASTER_UNIFIED,LLBNLNVWJFJKDC-UHFFFAOYSA-N,0,0,0,0,0,1
LEGACY-INCHIKEY-LLEHYDUWTWNWHU-UHFFFAOYSA-N,LLEHYDUWTWNWHU-UHFFFAOYSA-N,formolecular/novo_horizonte/banco_mestre_unificado.csv,MASTER_UNIFIED,LLEHYDUWTWNWHU-UHFFFAOYSA-N,0,0,0,0,0,1
LEGACY-INCHIKEY-LLVBVDLDHBKXDQ-UHFFFAOYSA-N,LLVBVDLDHBKXDQ-UHFFFAOYSA-N,formolecular/novo_horizonte/banco_mestre_unificado.csv,MASTER_UNIFIED,LLVBVDLDHBKXDQ-UHFFFAOYSA-N,0,0,0,0,0,1
LEGACY-INCHIKEY-LLWPKNLGBHAAJS-UHFFFAOYSA-N,LLWPKNLGBHAAJS-UHFFFAOYSA-N,formolecular/novo_horizonte/banco_mestre_unificado.csv,MASTER_UNIFIED,LLWPKNLGBHAAJS-UHFFFAOYSA-N,0,0,0,0,0,1
LEGACY-INCHIKEY-LMHIZMYOEJYXIE-UHFFFAOYSA-N,LMHIZMYOEJYXIE-UHFFFAOYSA-N,formolecular/novo_horizonte/banco_mestre_unificado.csv,MASTER_UNIFIED,LMHIZMYOEJYXIE-UHFFFAOYSA-N,0,0,0,0,0,1
LEGACY-INCHIKEY-LMITYRHQLHFFOB-UHFFFAOYSA-N,LMITYRHQLHFFOB-UHFFFAOYSA-N,formolecular/novo_horizonte/banco_mestre_unificado.csv,MASTER_UNIFIED,LMITYRHQLHFFOB-UHFFFAOYSA-N,0,0,0,0,0,1
LEGACY-INCHIKEY-LMJHROPJPXMRMJ-UHFFFAOYSA-N,LMJHROPJPXMRMJ-UHFFFAOYSA-N,formolecular/novo_horizonte/banco_mestre_unificado.csv,MASTER_UNIFIED,LMJHROPJPXMRMJ-UHFFFAOYSA-N,0,0,0,0,0,1
LEGACY-INCHIKEY-LMLCURIVRIXNGX-UHFFFAOYSA-N,LMLCURIVRIXNGX-UHFFFAOYSA-N,formolecular/novo_horizonte/banco_mestre_unificado.csv,MASTER_UNIFIED,LMLCURIVRIXNGX-UHFFFAOYSA-N,0,0,0,0,0,1
LEGACY-INCHIKEY-LMRNFCCJSWKOIE-UHFFFAOYSA-N,LMRNFCCJSWKOIE-UHFFFAOYSA-N,formolecular/novo_horizonte/banco_mestre_unificado.csv,MASTER_UNIFIED,LMRNFCCJSWKOIE-UHFFFAOYSA-N,0,0,0,0,0,1
LEGACY-INCHIKEY-LMYXXOKCHPQYLB-UHFFFAOYSA-N,LMYXXOKCHPQYLB-UHFFFAOYSA-N,formolecular/novo_horizonte/banco_mestre_unificado.csv,MASTER_UNIFIED,LMYXXOKCHPQYLB-UHFFFAOYSA-N,0,0,0,0,0,1
LEGACY-INCHIKEY-LNAQVFVDIZASHU-UHFFFAOYSA-N,LNAQVFVDIZASHU-UHFFFAOYSA-N,formolecular/novo_horizonte/banco_mestre_unificado.csv,MASTER_UNIFIED,LNAQVFVDIZASHU-UHFFFAOYSA-N,0,0,0,0,0,1
LEGACY-INCHIKEY-LNCQUIMHGKKZIR-UHFFFAOYSA-N,LNCQUIMHGKKZIR-UHFFFAOYSA-N,formolecular/novo_horizonte/banco_mestre_unificado.csv,MASTER_UNIFIED,LNCQUIMHGKKZIR-UHFFFAOYSA-N,0,0,0,0,0,1
LEGACY-INCHIKEY-LNEWTKUGESPCQN-UHFFFAOYSA-N,LNEWTKUGESPCQN-UHFFFAOYSA-N,formolecular/novo_horizonte/banco_mestre_unificado.csv,MASTER_UNIFIED,LNEWTKUGESPCQN-UHFFFAOYSA-N,0,0,0,0,0,1
LEGACY-INCHIKEY-LNHGWVVATSYKON-UHFFFAOYSA-N,LNHGWVVATSYKON-UHFFFAOYSA-N,formolecular/novo_horizonte/banco_mestre_unificado.csv,MASTER_UNIFIED,LNHGWVVATSYKON-UHFFFAOYSA-N,0,0,0,0,0,1
LEGACY-INCHIKEY-LNHHTZSNLMGUIU-UHFFFAOYSA-N,LNHHTZSNLMGUIU-UHFFFAOYSA-N,formolecular/novo_horizonte/banco_mestre_unificado.csv,MASTER_UNIFIED,LNHHTZSNLMGUIU-UHFFFAOYSA-N,0,0,0,0,0,1
LEGACY-INCHIKEY-LNPAPQAIIZQSRW-UHFFFAOYSA-N,LNPAPQAIIZQSRW-UHFFFAOYSA-N,formolecular/novo_horizonte/banco_mestre_unificado.csv,MASTER_UNIFIED,LNPAPQAIIZQSRW-UHFFFAOYSA-N,0,0,0,0,0,1
LEGACY-INCHIKEY-LNUFGERGVOFNLT-UHFFFAOYSA-N,LNUFGERGVOFNLT-UHFFFAOYSA-N,formolecular/novo_horizonte/banco_mestre_unificado.csv,MASTER_UNIFIED,LNUFGERGVOFNLT-UHFFFAOYSA-N,0,0,0,0,0,1
LEGACY-INCHIKEY-LOEPGYIVFZMTPP-UHFFFAOYSA-N,LOEPGYIVFZMTPP-UHFFFAOYSA-N,formolecular/novo_horizonte/banco_mestre_unificado.csv,MASTER_UNIFIED,LOEPGYIVFZMTPP-UHFFFAOYSA-N,0,0,0,0,0,1
LEGACY-INCHIKEY-LOFRYMDYXCPVRF-UHFFFAOYSA-N,LOFRYMDYXCPVRF-UHFFFAOYSA-N,formolecular/novo_horizonte/banco_mestre_unificado.csv,MASTER_UNIFIED,LOFRYMDYXCPVRF-UHFFFAOYSA-N,0,0,0,0,0,1
LEGACY-INCHIKEY-LOJYSRJPWHXZJO-UHFFFAOYSA-N,LOJYSRJPWHXZJO-UHFFFAOYSA-N,formolecular/novo_horizonte/banco_mestre_unificado.csv,MASTER_UNIFIED,LOJYSRJPWHXZJO-UHFFFAOYSA-N,0,0,0,0,0,1
LEGACY-INCHIKEY-LOPUOSXRPHDWFL-UHFFFAOYSA-N,LOPUOSXRPHDWFL-UHFFFAOYSA-N,formolecular/novo_horizonte/banco_mestre_unificado.csv,MASTER_UNIFIED,LOPUOSXRPHDWFL-UHFFFAOYSA-N,0,0,0,0,0,1
LEGACY-INCHIKEY-LOUAMRCBIDXKIV-UHFFFAOYSA-N,LOUAMRCBIDXKIV-UHFFFAOYSA-N,formolecular/novo_horizonte/banco_mestre_unificado.csv,MASTER_UNIFIED,LOUAMRCBIDXKIV-UHFFFAOYSA-N,0,0,0,0,0,1
LEGACY-INCHIKEY-LPFSNQACLMDMCH-UHFFFAOYSA-N,LPFSNQACLMDMCH-UHFFFAOYSA-N,formolecular/novo_horizonte/banco_mestre_unificado.csv,MASTER_UNIFIED,LPFSNQACLMDMCH-UHFFFAOYSA-N,0,0,0,0,0,1
LEGACY-INCHIKEY-LPIWKMCHUXEOSF-UHFFFAOYSA-N,LPIWKMCHUXEOSF-UHFFFAOYSA-N,formolecular/novo_horizonte/banco_mestre_unificado.csv,MASTER_UNIFIED,LPIWKMCHUXEOSF-UHFFFAOYSA-N,0,0,0,0,0,1
LEGACY-INCHIKEY-LPKMTEONHRLUQL-UHFFFAOYSA-N,LPKMTEONHRLUQL-UHFFFAOYSA-N,formolecular/novo_horizonte/banco_mestre_unificado.csv,MASTER_UNIFIED,LPKMTEONHRLUQL-UHFFFAOYSA-N,0,0,0,0,0,1
LEGACY-INCHIKEY-LPLHYDNCFMLONV-UHFFFAOYSA-N,LPLHYDNCFMLONV-UHFFFAOYSA-N,formolecular/novo_horizonte/banco_mestre_unificado.csv,MASTER_UNIFIED,LPLHYDNCFMLONV-UHFFFAOYSA-N,0,0,0,0,0,1
LEGACY-INCHIKEY-LPYFRYXDYYDGGK-UHFFFAOYSA-N,LPYFRYXDYYDGGK-UHFFFAOYSA-N,formolecular/novo_horizonte/banco_mestre_unificado.csv,MASTER_UNIFIED,LPYFRYXDYYDGGK-UHFFFAOYSA-N,0,0,0,0,0,1
LEGACY-INCHIKEY-LQDGTWLDEBLYDJ-UHFFFAOYSA-N,LQDGTWLDEBLYDJ-UHFFFAOYSA-N,formolecular/novo_horizonte/banco_mestre_unificado.csv,MASTER_UNIFIED,LQDGTWLDEBLYDJ-UHFFFAOYSA-N,0,0,0,0,0,1
LEGACY-INCHIKEY-LQDUPMLWDZKOIL-UHFFFAOYSA-N,LQDUPMLWDZKOIL-UHFFFAOYSA-N,formolecular/novo_horizonte/banco_mestre_unificado.csv,MASTER_UNIFIED,LQDUPMLWDZKOIL-UHFFFAOYSA-N,0,0,0,0,0,1
LEGACY-INCHIKEY-LQQFWQHTOIANTL-UHFFFAOYSA-N,LQQFWQHTOIANTL-UHFFFAOYSA-N,formolecular/novo_horizonte/banco_mestre_unificado.csv,MASTER_UNIFIED,LQQFWQHTOIANTL-UHFFFAOYSA-N,0,0,0,0,0,1
LEGACY-INCHIKEY-LQRGTMPDKVFKMS-UHFFFAOYSA-N,LQRGTMPDKVFKMS-UHFFFAOYSA-N,formolecular/novo_horizonte/banco_mestre_unificado.csv,MASTER_UNIFIED,LQRGTMPDKVFKMS-UHFFFAOYSA-N,0,0,0,0,0,1
LEGACY-INCHIKEY-LRAUSMWVMLUMNL-UHFFFAOYSA-N,LRAUSMWVMLUMNL-UHFFFAOYSA-N,formolecular/novo_horizonte/banco_mestre_unificado.csv,MASTER_UNIFIED,LRAUSMWVMLUMNL-UHFFFAOYSA-N,0,0,0,0,0,1
LEGACY-INCHIKEY-LRIBAWSMGLUJDD-UHFFFAOYSA-N,LRIBAWSMGLUJDD-UHFFFAOYSA-N,formolecular/novo_horizonte/banco_mestre_unificado.csv,MASTER_UNIFIED,LRIBAWSMGLUJDD-UHFFFAOYSA-N,0,0,0,0,0,1
LEGACY-INCHIKEY-LRTSUEZBCHQYIR-UHFFFAOYSA-N,LRTSUEZBCHQYIR-UHFFFAOYSA-N,formolecular/novo_horizonte/banco_mestre_unificado.csv,MASTER_UNIFIED,LRTSUEZBCHQYIR-UHFFFAOYSA-N,0,0,0,0,0,1
LEGACY-INCHIKEY-LRWYAWCSSWWGGJ-UHFFFAOYSA-N,LRWYAWCSSWWGGJ-UHFFFAOYSA-N,formolecular/novo_horizonte/banco_mestre_unificado.csv,MASTER_UNIFIED,LRWYAWCSSWWGGJ-UHFFFAOYSA-N,0,0,0,0,0,1
LEGACY-INCHIKEY-LRYWVFUMFLJGBE-UHFFFAOYSA-N,LRYWVFUMFLJGBE-UHFFFAOYSA-N,formolecular/novo_horizonte/banco_mestre_unificado.csv,MASTER_UNIFIED,LRYWVFUMFLJGBE-UHFFFAOYSA-N,0,0,0,0,0,1
LEGACY-INCHIKEY-LSESQTVZFNMLDQ-UHFFFAOYSA-N,LSESQTVZFNMLDQ-UHFFFAOYSA-N,formolecular/csv_elite_farma/RANKING_FARMACOS_ELITE_ADMET.csv,FARMA_ELITE,LSESQTVZFNMLDQ-UHFFFAOYSA-N,0,1,0,0,0,0
LEGACY-INCHIKEY-LSIFIGSBKQNRQI-UHFFFAOYSA-N,LSIFIGSBKQNRQI-UHFFFAOYSA-N,formolecular/novo_horizonte/banco_mestre_unificado.csv,MASTER_UNIFIED,LSIFIGSBKQNRQI-UHFFFAOYSA-N,0,0,0,0,0,1
LEGACY-INCHIKEY-LSXAHKFMIIOSFM-UHFFFAOYSA-N,LSXAHKFMIIOSFM-UHFFFAOYSA-N,formolecular/novo_horizonte/banco_mestre_unificado.csv,MASTER_UNIFIED,LSXAHKFMIIOSFM-UHFFFAOYSA-N,0,0,0,0,0,1
LEGACY-INCHIKEY-LSYLFUNFDPETBT-UHFFFAOYSA-N,LSYLFUNFDPETBT-UHFFFAOYSA-N,formolecular/novo_horizonte/banco_mestre_unificado.csv,MASTER_UNIFIED,LSYLFUNFDPETBT-UHFFFAOYSA-N,0,0,0,0,0,1
LEGACY-INCHIKEY-LTELMQLZDIJQML-UHFFFAOYSA-N,LTELMQLZDIJQML-UHFFFAOYSA-N,formolecular/novo_horizonte/banco_mestre_unificado.csv,MASTER_UNIFIED,LTELMQLZDIJQML-UHFFFAOYSA-N,0,0,0,0,0,1
LEGACY-INCHIKEY-LTEXVTIZCGYQEU-UHFFFAOYSA-N,LTEXVTIZCGYQEU-UHFFFAOYSA-N,formolecular/novo_horizonte/banco_mestre_unificado.csv,MASTER_UNIFIED,LTEXVTIZCGYQEU-UHFFFAOYSA-N,0,0,0,0,0,1
LEGACY-INCHIKEY-LTHKSTJLRCSDDX-UHFFFAOYSA-N,LTHKSTJLRCSDDX-UHFFFAOYSA-N,formolecular/novo_horizonte/banco_mestre_unificado.csv,MASTER_UNIFIED,LTHKSTJLRCSDDX-UHFFFAOYSA-N,0,0,0,0,0,1
LEGACY-INCHIKEY-LTLKCBGLWLDAQA-UHFFFAOYSA-N,LTLKCBGLWLDAQA-UHFFFAOYSA-N,formolecular/novo_horizonte/banco_mestre_unificado.csv,MASTER_UNIFIED,LTLKCBGLWLDAQA-UHFFFAOYSA-N,0,0,0,0,0,1
LEGACY-INCHIKEY-LTMLETVPNZZZHY-UHFFFAOYSA-N,LTMLETVPNZZZHY-UHFFFAOYSA-N,formolecular/csv_elite_farma/RANKING_FARMACOS_ELITE_ADMET.csv,FARMA_ELITE,LTMLETVPNZZZHY-UHFFFAOYSA-N,0,1,0,0,0,0
LEGACY-INCHIKEY-LTUKMGIVLBPZJG-UHFFFAOYSA-N,LTUKMGIVLBPZJG-UHFFFAOYSA-N,formolecular/novo_horizonte/banco_mestre_unificado.csv,MASTER_UNIFIED,LTUKMGIVLBPZJG-UHFFFAOYSA-N,0,0,0,0,0,1
LEGACY-INCHIKEY-LTWWFEYWFLTDDJ-UHFFFAOYSA-N,LTWWFEYWFLTDDJ-UHFFFAOYSA-N,formolecular/novo_horizonte/banco_mestre_unificado.csv,MASTER_UNIFIED,LTWWFEYWFLTDDJ-UHFFFAOYSA-N,0,0,0,0,0,1
LEGACY-INCHIKEY-LUBHVNKNXGUPEI-UHFFFAOYSA-N,LUBHVNKNXGUPEI-UHFFFAOYSA-N,formolecular/novo_horizonte/banco_mestre_unificado.csv,MASTER_UNIFIED,LUBHVNKNXGUPEI-UHFFFAOYSA-N,0,0,0,0,0,1
LEGACY-INCHIKEY-LUBIBCDLMKJHRS-UHFFFAOYSA-N,LUBIBCDLMKJHRS-UHFFFAOYSA-N,formolecular/novo_horizonte/banco_mestre_unificado.csv,MASTER_UNIFIED,LUBIBCDLMKJHRS-UHFFFAOYSA-N,0,0,0,0,0,1
LEGACY-INCHIKEY-LUETWJUMAUGAPE-UHFFFAOYSA-N,LUETWJUMAUGAPE-UHFFFAOYSA-N,formolecular/novo_horizonte/banco_mestre_unificado.csv,MASTER_UNIFIED,LUETWJUMAUGAPE-UHFFFAOYSA-N,0,0,0,0,0,1
LEGACY-INCHIKEY-LUIJFGMHOCUIQS-UHFFFAOYSA-N,LUIJFGMHOCUIQS-UHFFFAOYSA-N,formolecular/novo_horizonte/banco_mestre_unificado.csv,MASTER_UNIFIED,LUIJFGMHOCUIQS-UHFFFAOYSA-N,0,0,0,0,0,1
LEGACY-INCHIKEY-LUKBXSAWLPMMSZ-UHFFFAOYSA-N,LUKBXSAWLPMMSZ-UHFFFAOYSA-N,Biolab/matriz_compostos_filtrados.csv,BIOLAB_FILTERED,LUKBXSAWLPMMSZ-UHFFFAOYSA-N,1,0,0,0,0,0
LEGACY-INCHIKEY-LUOUIFRKGQIQHC-UHFFFAOYSA-N,LUOUIFRKGQIQHC-UHFFFAOYSA-N,formolecular/novo_horizonte/banco_mestre_unificado.csv,MASTER_UNIFIED,LUOUIFRKGQIQHC-UHFFFAOYSA-N,0,0,0,0,0,1
LEGACY-INCHIKEY-LUVAAXOWEUNVCM-UHFFFAOYSA-N,LUVAAXOWEUNVCM-UHFFFAOYSA-N,formolecular/novo_horizonte/banco_mestre_unificado.csv,MASTER_UNIFIED,LUVAAXOWEUNVCM-UHFFFAOYSA-N,0,0,0,0,0,1
LEGACY-INCHIKEY-LVTNFIBOSKZTFK-UHFFFAOYSA-N,LVTNFIBOSKZTFK-UHFFFAOYSA-N,formolecular/novo_horizonte/banco_mestre_unificado.csv,MASTER_UNIFIED,LVTNFIBOSKZTFK-UHFFFAOYSA-N,0,0,0,0,0,1
LEGACY-INCHIKEY-LWAPYQPGKGDJCM-UHFFFAOYSA-N,LWAPYQPGKGDJCM-UHFFFAOYSA-N,formolecular/novo_horizonte/banco_mestre_unificado.csv,MASTER_UNIFIED,LWAPYQPGKGDJCM-UHFFFAOYSA-N,0,0,0,0,0,1
LEGACY-INCHIKEY-LWGPPIMIWUYPNI-UHFFFAOYSA-N,LWGPPIMIWUYPNI-UHFFFAOYSA-N,formolecular/novo_horizonte/banco_mestre_unificado.csv,MASTER_UNIFIED,LWGPPIMIWUYPNI-UHFFFAOYSA-N,0,0,0,0,0,1
LEGACY-INCHIKEY-LWHOUNPDUDFAES-UHFFFAOYSA-N,LWHOUNPDUDFAES-UHFFFAOYSA-N,formolecular/novo_horizonte/banco_mestre_unificado.csv,MASTER_UNIFIED,LWHOUNPDUDFAES-UHFFFAOYSA-N,0,0,0,0,0,1
LEGACY-INCHIKEY-LWOYATOUZJFPLT-UHFFFAOYSA-N,LWOYATOUZJFPLT-UHFFFAOYSA-N,formolecular/novo_horizonte/banco_mestre_unificado.csv,MASTER_UNIFIED,LWOYATOUZJFPLT-UHFFFAOYSA-N,0,0,0,0,0,1
LEGACY-INCHIKEY-LWXHOVPZSOHGLV-UHFFFAOYSA-N,LWXHOVPZSOHGLV-UHFFFAOYSA-N,formolecular/novo_horizonte/banco_mestre_unificado.csv,MASTER_UNIFIED,LWXHOVPZSOHGLV-UHFFFAOYSA-N,0,0,0,0,0,1
LEGACY-INCHIKEY-LXEZHXRFUKCRNQ-UHFFFAOYSA-N,LXEZHXRFUKCRNQ-UHFFFAOYSA-N,formolecular/novo_horizonte/banco_mestre_unificado.csv,MASTER_UNIFIED,LXEZHXRFUKCRNQ-UHFFFAOYSA-N,0,0,0,0,0,1
LEGACY-INCHIKEY-LXYTZBWHEMDLCX-UHFFFAOYSA-N,LXYTZBWHEMDLCX-UHFFFAOYSA-N,formolecular/novo_horizonte/banco_mestre_unificado.csv,MASTER_UNIFIED,LXYTZBWHEMDLCX-UHFFFAOYSA-N,0,0,0,0,0,1
LEGACY-INCHIKEY-LYELRPOGABSDEW-UHFFFAOYSA-N,LYELRPOGABSDEW-UHFFFAOYSA-N,formolecular/novo_horizonte/banco_mestre_unificado.csv,MASTER_UNIFIED,LYELRPOGABSDEW-UHFFFAOYSA-N,0,0,0,0,0,1
LEGACY-INCHIKEY-LYHIDDKUKKLPSG-UHFFFAOYSA-N,LYHIDDKUKKLPSG-UHFFFAOYSA-N,formolecular/novo_horizonte/banco_mestre_unificado.csv,MASTER_UNIFIED,LYHIDDKUKKLPSG-UHFFFAOYSA-N,0,0,0,0,0,1
LEGACY-INCHIKEY-LZDLKHPJFJDOEK-UHFFFAOYSA-N,LZDLKHPJFJDOEK-UHFFFAOYSA-N,formolecular/novo_horizonte/banco_mestre_unificado.csv,MASTER_UNIFIED,LZDLKHPJFJDOEK-UHFFFAOYSA-N,0,0,0,0,0,1
LEGACY-INCHIKEY-LZEGHBBDSVGRLL-UHFFFAOYSA-N,LZEGHBBDSVGRLL-UHFFFAOYSA-N,formolecular/novo_horizonte/banco_mestre_unificado.csv,MASTER_UNIFIED,LZEGHBBDSVGRLL-UHFFFAOYSA-N,0,0,0,0,0,1
LEGACY-INCHIKEY-LZHFRTZQMGFUEJ-UHFFFAOYSA-N,LZHFRTZQMGFUEJ-UHFFFAOYSA-N,formolecular/novo_horizonte/banco_mestre_unificado.csv,MASTER_UNIFIED,LZHFRTZQMGFUEJ-UHFFFAOYSA-N,0,0,0,0,0,1
LEGACY-INCHIKEY-LZJRUMQINGPPPJ-UHFFFAOYSA-N,LZJRUMQINGPPPJ-UHFFFAOYSA-N,formolecular/novo_horizonte/banco_mestre_unificado.csv,MASTER_UNIFIED,LZJRUMQINGPPPJ-UHFFFAOYSA-N,0,0,0,0,0,1
LEGACY-INCHIKEY-LZRDWXFXRYIALR-UHFFFAOYSA-N,LZRDWXFXRYIALR-UHFFFAOYSA-N,formolecular/novo_horizonte/banco_mestre_unificado.csv,MASTER_UNIFIED,LZRDWXFXRYIALR-UHFFFAOYSA-N,0,0,0,0,0,1
LEGACY-INCHIKEY-LZZHWVHWJWLQDU-UHFFFAOYSA-N,LZZHWVHWJWLQDU-UHFFFAOYSA-N,formolecular/novo_horizonte/banco_mestre_unificado.csv,MASTER_UNIFIED,LZZHWVHWJWLQDU-UHFFFAOYSA-N,0,0,0,0,0,1
LEGACY-INCHIKEY-MAAOMDKHSXIWBW-UHFFFAOYSA-N,MAAOMDKHSXIWBW-UHFFFAOYSA-N,formolecular/novo_horizonte/banco_mestre_unificado.csv,MASTER_UNIFIED,MAAOMDKHSXIWBW-UHFFFAOYSA-N,0,0,0,0,0,1
LEGACY-INCHIKEY-MACNVQOSJGVOMP-UHFFFAOYSA-N,MACNVQOSJGVOMP-UHFFFAOYSA-N,formolecular/novo_horizonte/banco_mestre_unificado.csv,MASTER_UNIFIED,MACNVQOSJGVOMP-UHFFFAOYSA-N,0,0,0,0,0,1
LEGACY-INCHIKEY-MAKSFWSOSNEJES-UHFFFAOYSA-N,MAKSFWSOSNEJES-UHFFFAOYSA-N,formolecular/novo_horizonte/banco_mestre_unificado.csv,MASTER_UNIFIED,MAKSFWSOSNEJES-UHFFFAOYSA-N,0,0,0,0,0,1
LEGACY-INCHIKEY-MALCRAUAALPZLM-UHFFFAOYSA-N,MALCRAUAALPZLM-UHFFFAOYSA-N,formolecular/novo_horizonte/banco_mestre_unificado.csv,MASTER_UNIFIED,MALCRAUAALPZLM-UHFFFAOYSA-N,0,0,0,0,0,1
LEGACY-INCHIKEY-MAPGHOZDAAFFNY-UHFFFAOYSA-N,MAPGHOZDAAFFNY-UHFFFAOYSA-N,formolecular/novo_horizonte/banco_mestre_unificado.csv,MASTER_UNIFIED,MAPGHOZDAAFFNY-UHFFFAOYSA-N,0,0,0,0,0,1
LEGACY-INCHIKEY-MAQZGJIBAKVSFG-UHFFFAOYSA-N,MAQZGJIBAKVSFG-UHFFFAOYSA-N,formolecular/novo_horizonte/banco_mestre_unificado.csv,MASTER_UNIFIED,MAQZGJIBAKVSFG-UHFFFAOYSA-N,0,0,0,0,0,1
LEGACY-INCHIKEY-MAROXARVTJIASU-UHFFFAOYSA-N,MAROXARVTJIASU-UHFFFAOYSA-N,formolecular/novo_horizonte/banco_mestre_unificado.csv,MASTER_UNIFIED,MAROXARVTJIASU-UHFFFAOYSA-N,0,0,0,0,0,1
LEGACY-INCHIKEY-MAYKVYBVRIBQKR-UHFFFAOYSA-N,MAYKVYBVRIBQKR-UHFFFAOYSA-N,formolecular/novo_horizonte/banco_mestre_unificado.csv,MASTER_UNIFIED,MAYKVYBVRIBQKR-UHFFFAOYSA-N,0,0,0,0,0,1
LEGACY-INCHIKEY-MBGLNXJFZVCOHO-UHFFFAOYSA-N,MBGLNXJFZVCOHO-UHFFFAOYSA-N,formolecular/novo_horizonte/banco_mestre_unificado.csv,MASTER_UNIFIED,MBGLNXJFZVCOHO-UHFFFAOYSA-N,0,0,0,0,0,1
LEGACY-INCHIKEY-MBLLYUXVKXALJR-UHFFFAOYSA-N,MBLLYUXVKXALJR-UHFFFAOYSA-N,formolecular/novo_horizonte/banco_mestre_unificado.csv,MASTER_UNIFIED,MBLLYUXVKXALJR-UHFFFAOYSA-N,0,0,0,0,0,1
LEGACY-INCHIKEY-MBOWBUCNGQJPEH-UHFFFAOYSA-N,MBOWBUCNGQJPEH-UHFFFAOYSA-N,formolecular/novo_horizonte/banco_mestre_unificado.csv,MASTER_UNIFIED,MBOWBUCNGQJPEH-UHFFFAOYSA-N,0,0,0,0,0,1
LEGACY-INCHIKEY-MBTJOPNMSDNDMC-UHFFFAOYSA-N,MBTJOPNMSDNDMC-UHFFFAOYSA-N,formolecular/novo_horizonte/banco_mestre_unificado.csv,MASTER_UNIFIED,MBTJOPNMSDNDMC-UHFFFAOYSA-N,0,0,0,0,0,1
LEGACY-INCHIKEY-MCGBUXIWVWHHIQ-UHFFFAOYSA-N,MCGBUXIWVWHHIQ-UHFFFAOYSA-N,formolecular/novo_horizonte/banco_mestre_unificado.csv,MASTER_UNIFIED,MCGBUXIWVWHHIQ-UHFFFAOYSA-N,0,0,0,0,0,1
LEGACY-INCHIKEY-MCIHTZYJAJFAEN-UHFFFAOYSA-N,MCIHTZYJAJFAEN-UHFFFAOYSA-N,formolecular/novo_horizonte/banco_mestre_unificado.csv,MASTER_UNIFIED,MCIHTZYJAJFAEN-UHFFFAOYSA-N,0,0,0,0,0,1
LEGACY-INCHIKEY-MCITZQJYTGXFCG-UHFFFAOYSA-N,MCITZQJYTGXFCG-UHFFFAOYSA-N,formolecular/novo_horizonte/banco_mestre_unificado.csv,MASTER_UNIFIED,MCITZQJYTGXFCG-UHFFFAOYSA-N,0,0,0,0,0,1
LEGACY-INCHIKEY-MCLPBGAIEHRNBY-UHFFFAOYSA-N,MCLPBGAIEHRNBY-UHFFFAOYSA-N,formolecular/novo_horizonte/banco_mestre_unificado.csv,MASTER_UNIFIED,MCLPBGAIEHRNBY-UHFFFAOYSA-N,0,0,0,0,0,1
LEGACY-INCHIKEY-MCXQQOJGIZGJQK-UHFFFAOYSA-N,MCXQQOJGIZGJQK-UHFFFAOYSA-N,formolecular/novo_horizonte/banco_mestre_unificado.csv,MASTER_UNIFIED,MCXQQOJGIZGJQK-UHFFFAOYSA-N,0,0,0,0,0,1
LEGACY-INCHIKEY-MCYIPNAEULJCJH-UHFFFAOYSA-N,MCYIPNAEULJCJH-UHFFFAOYSA-N,formolecular/novo_horizonte/banco_mestre_unificado.csv,MASTER_UNIFIED,MCYIPNAEULJCJH-UHFFFAOYSA-N,0,0,0,0,0,1
LEGACY-INCHIKEY-MDATUQCWPTUBPQ-UHFFFAOYSA-N,MDATUQCWPTUBPQ-UHFFFAOYSA-N,formolecular/novo_horizonte/banco_mestre_unificado.csv,MASTER_UNIFIED,MDATUQCWPTUBPQ-UHFFFAOYSA-N,0,0,0,0,0,1
LEGACY-INCHIKEY-MDBIELIVOJNMES-UHFFFAOYSA-N,MDBIELIVOJNMES-UHFFFAOYSA-N,formolecular/novo_horizonte/banco_mestre_unificado.csv,MASTER_UNIFIED,MDBIELIVOJNMES-UHFFFAOYSA-N,0,0,0,0,0,1
LEGACY-INCHIKEY-MDDFZNPLKDKQRT-UHFFFAOYSA-N,MDDFZNPLKDKQRT-UHFFFAOYSA-N,formolecular/novo_horizonte/banco_mestre_unificado.csv,MASTER_UNIFIED,MDDFZNPLKDKQRT-UHFFFAOYSA-N,0,0,0,0,0,1
LEGACY-INCHIKEY-MDDJKHXNMMABLO-UHFFFAOYSA-N,MDDJKHXNMMABLO-UHFFFAOYSA-N,formolecular/novo_horizonte/banco_mestre_unificado.csv,MASTER_UNIFIED,MDDJKHXNMMABLO-UHFFFAOYSA-N,0,0,0,0,0,1
LEGACY-INCHIKEY-MDDLNFGWQHHNPF-UHFFFAOYSA-N,MDDLNFGWQHHNPF-UHFFFAOYSA-N,formolecular/novo_horizonte/banco_mestre_unificado.csv,MASTER_UNIFIED,MDDLNFGWQHHNPF-UHFFFAOYSA-N,0,0,0,0,0,1
LEGACY-INCHIKEY-MDKVLHKRZUTRSE-UHFFFAOYSA-N,MDKVLHKRZUTRSE-UHFFFAOYSA-N,formolecular/novo_horizonte/banco_mestre_unificado.csv,MASTER_UNIFIED,MDKVLHKRZUTRSE-UHFFFAOYSA-N,0,0,0,0,0,1
LEGACY-INCHIKEY-MDOGQOHRFJUIJT-UHFFFAOYSA-N,MDOGQOHRFJUIJT-UHFFFAOYSA-N,formolecular/novo_horizonte/banco_mestre_unificado.csv,MASTER_UNIFIED,MDOGQOHRFJUIJT-UHFFFAOYSA-N,0,0,0,0,0,1
LEGACY-INCHIKEY-MDVMAVOXPFUANF-UHFFFAOYSA-N,MDVMAVOXPFUANF-UHFFFAOYSA-N,formolecular/novo_horizonte/banco_mestre_unificado.csv,MASTER_UNIFIED,MDVMAVOXPFUANF-UHFFFAOYSA-N,0,0,0,0,0,1
LEGACY-INCHIKEY-MDZNIDSWXQSQSV-UHFFFAOYSA-N,MDZNIDSWXQSQSV-UHFFFAOYSA-N,formolecular/novo_horizonte/banco_mestre_unificado.csv,MASTER_UNIFIED,MDZNIDSWXQSQSV-UHFFFAOYSA-N,0,0,0,0,0,1
LEGACY-INCHIKEY-MEKWULKJLBLOJJ-UHFFFAOYSA-N,MEKWULKJLBLOJJ-UHFFFAOYSA-N,formolecular/novo_horizonte/banco_mestre_unificado.csv,MASTER_UNIFIED,MEKWULKJLBLOJJ-UHFFFAOYSA-N,0,0,0,0,0,1
LEGACY-INCHIKEY-MEUMRMMVIQBJHX-UHFFFAOYSA-N,MEUMRMMVIQBJHX-UHFFFAOYSA-N,formolecular/novo_horizonte/banco_mestre_unificado.csv,MASTER_UNIFIED,MEUMRMMVIQBJHX-UHFFFAOYSA-N,0,0,0,0,0,1
LEGACY-INCHIKEY-MEUNPSTXLBLRBH-UHFFFAOYSA-N,MEUNPSTXLBLRBH-UHFFFAOYSA-N,formolecular/novo_horizonte/banco_mestre_unificado.csv,MASTER_UNIFIED,MEUNPSTXLBLRBH-UHFFFAOYSA-N,0,0,0,0,0,1
LEGACY-INCHIKEY-MFEOTBZWCRVBKJ-UHFFFAOYSA-N,MFEOTBZWCRVBKJ-UHFFFAOYSA-N,formolecular/novo_horizonte/banco_mestre_unificado.csv,MASTER_UNIFIED,MFEOTBZWCRVBKJ-UHFFFAOYSA-N,0,0,0,0,0,1
LEGACY-INCHIKEY-MFKXVHGSCOUCDJ-UHFFFAOYSA-N,MFKXVHGSCOUCDJ-UHFFFAOYSA-N,formolecular/novo_horizonte/banco_mestre_unificado.csv,MASTER_UNIFIED,MFKXVHGSCOUCDJ-UHFFFAOYSA-N,0,0,0,0,0,1
LEGACY-INCHIKEY-MFNFAIDINJXTMP-UHFFFAOYSA-N,MFNFAIDINJXTMP-UHFFFAOYSA-N,formolecular/novo_horizonte/banco_mestre_unificado.csv,MASTER_UNIFIED,MFNFAIDINJXTMP-UHFFFAOYSA-N,0,0,0,0,0,1
LEGACY-INCHIKEY-MFTJPKVFDNGTSA-UHFFFAOYSA-N,MFTJPKVFDNGTSA-UHFFFAOYSA-N,formolecular/novo_horizonte/banco_mestre_unificado.csv,MASTER_UNIFIED,MFTJPKVFDNGTSA-UHFFFAOYSA-N,0,0,0,0,0,1
LEGACY-INCHIKEY-MFZBKYFVWOONFS-UHFFFAOYSA-N,MFZBKYFVWOONFS-UHFFFAOYSA-N,formolecular/novo_horizonte/banco_mestre_unificado.csv,MASTER_UNIFIED,MFZBKYFVWOONFS-UHFFFAOYSA-N,0,0,0,0,0,1
LEGACY-INCHIKEY-MFZXUMFVHDNFCO-UHFFFAOYSA-N,MFZXUMFVHDNFCO-UHFFFAOYSA-N,formolecular/novo_horizonte/banco_mestre_unificado.csv,MASTER_UNIFIED,MFZXUMFVHDNFCO-UHFFFAOYSA-N,0,0,0,0,0,1
LEGACY-INCHIKEY-MGDUOXHXYMHDFC-UHFFFAOYSA-N,MGDUOXHXYMHDFC-UHFFFAOYSA-N,formolecular/novo_horizonte/banco_mestre_unificado.csv,MASTER_UNIFIED,MGDUOXHXYMHDFC-UHFFFAOYSA-N,0,0,0,0,0,1
LEGACY-INCHIKEY-MGFSNGQJTOOFHS-UHFFFAOYSA-N,MGFSNGQJTOOFHS-UHFFFAOYSA-N,formolecular/novo_horizonte/banco_mestre_unificado.csv,MASTER_UNIFIED,MGFSNGQJTOOFHS-UHFFFAOYSA-N,0,0,0,0,0,1
LEGACY-INCHIKEY-MGMADWAONOFQSU-UHFFFAOYSA-N,MGMADWAONOFQSU-UHFFFAOYSA-N,formolecular/novo_horizonte/banco_mestre_unificado.csv,MASTER_UNIFIED,MGMADWAONOFQSU-UHFFFAOYSA-N,0,0,0,0,0,1
LEGACY-INCHIKEY-MGNUTBVDYUWDDO-UHFFFAOYSA-N,MGNUTBVDYUWDDO-UHFFFAOYSA-N,formolecular/novo_horizonte/banco_mestre_unificado.csv,MASTER_UNIFIED,MGNUTBVDYUWDDO-UHFFFAOYSA-N,0,0,0,0,0,1
LEGACY-INCHIKEY-MGSRCZKZVOBKFT-UHFFFAOYSA-N,MGSRCZKZVOBKFT-UHFFFAOYSA-N,Biolab/matriz_compostos_filtrados.csv,BIOLAB_FILTERED,MGSRCZKZVOBKFT-UHFFFAOYSA-N,1,0,0,0,0,0
LEGACY-INCHIKEY-MGSSAEJJBOPZED-UHFFFAOYSA-N,MGSSAEJJBOPZED-UHFFFAOYSA-N,formolecular/novo_horizonte/banco_mestre_unificado.csv,MASTER_UNIFIED,MGSSAEJJBOPZED-UHFFFAOYSA-N,0,0,0,0,0,1
LEGACY-INCHIKEY-MGTZHEBXZNPYPA-UHFFFAOYSA-N,MGTZHEBXZNPYPA-UHFFFAOYSA-N,formolecular/novo_horizonte/banco_mestre_unificado.csv,MASTER_UNIFIED,MGTZHEBXZNPYPA-UHFFFAOYSA-N,0,0,0,0,0,1
LEGACY-INCHIKEY-MGWJKWSRUUOVBJ-UHFFFAOYSA-N,MGWJKWSRUUOVBJ-UHFFFAOYSA-N,formolecular/novo_horizonte/banco_mestre_unificado.csv,MASTER_UNIFIED,MGWJKWSRUUOVBJ-UHFFFAOYSA-N,0,0,0,0,0,1
LEGACY-INCHIKEY-MGWYRKWBJJBRBQ-UHFFFAOYSA-N,MGWYRKWBJJBRBQ-UHFFFAOYSA-N,formolecular/novo_horizonte/banco_mestre_unificado.csv,MASTER_UNIFIED,MGWYRKWBJJBRBQ-UHFFFAOYSA-N,0,0,0,0,0,1
LEGACY-INCHIKEY-MHKYPVPNNARHMD-UHFFFAOYSA-N,MHKYPVPNNARHMD-UHFFFAOYSA-N,formolecular/novo_horizonte/banco_mestre_unificado.csv,MASTER_UNIFIED,MHKYPVPNNARHMD-UHFFFAOYSA-N,0,0,0,0,0,1
LEGACY-INCHIKEY-MHNLCQHVVSZBJP-UHFFFAOYSA-N,MHNLCQHVVSZBJP-UHFFFAOYSA-N,formolecular/novo_horizonte/banco_mestre_unificado.csv,MASTER_UNIFIED,MHNLCQHVVSZBJP-UHFFFAOYSA-N,0,0,0,0,0,1
LEGACY-INCHIKEY-MHOCBSUVAITJAH-UHFFFAOYSA-N,MHOCBSUVAITJAH-UHFFFAOYSA-N,formolecular/novo_horizonte/banco_mestre_unificado.csv,MASTER_UNIFIED,MHOCBSUVAITJAH-UHFFFAOYSA-N,0,0,0,0,0,1
LEGACY-INCHIKEY-MHRWYHNTRHSJKX-UHFFFAOYSA-N,MHRWYHNTRHSJKX-UHFFFAOYSA-N,formolecular/novo_horizonte/banco_mestre_unificado.csv,MASTER_UNIFIED,MHRWYHNTRHSJKX-UHFFFAOYSA-N,0,0,0,0,0,1
LEGACY-INCHIKEY-MHSHORHLYRHORB-UHFFFAOYSA-N,MHSHORHLYRHORB-UHFFFAOYSA-N,formolecular/novo_horizonte/banco_mestre_unificado.csv,MASTER_UNIFIED,MHSHORHLYRHORB-UHFFFAOYSA-N,0,0,0,0,0,1
LEGACY-INCHIKEY-MHUBPWHIAQTGBN-UHFFFAOYSA-N,MHUBPWHIAQTGBN-UHFFFAOYSA-N,formolecular/novo_horizonte/banco_mestre_unificado.csv,MASTER_UNIFIED,MHUBPWHIAQTGBN-UHFFFAOYSA-N,0,0,0,0,0,1
LEGACY-INCHIKEY-MHVUNMPFKWDTFR-UHFFFAOYSA-N,MHVUNMPFKWDTFR-UHFFFAOYSA-N,formolecular/novo_horizonte/banco_mestre_unificado.csv,MASTER_UNIFIED,MHVUNMPFKWDTFR-UHFFFAOYSA-N,0,0,0,0,0,1
LEGACY-INCHIKEY-MHYUVMUCRHTBAT-UHFFFAOYSA-N,MHYUVMUCRHTBAT-UHFFFAOYSA-N,formolecular/novo_horizonte/banco_mestre_unificado.csv,MASTER_UNIFIED,MHYUVMUCRHTBAT-UHFFFAOYSA-N,0,0,0,0,0,1
LEGACY-INCHIKEY-MIDUTIJGURYUMF-UHFFFAOYSA-N,MIDUTIJGURYUMF-UHFFFAOYSA-N,formolecular/novo_horizonte/banco_mestre_unificado.csv,MASTER_UNIFIED,MIDUTIJGURYUMF-UHFFFAOYSA-N,0,0,0,0,0,1
LEGACY-INCHIKEY-MIEVNLBRFBTXRW-UHFFFAOYSA-N,MIEVNLBRFBTXRW-UHFFFAOYSA-N,formolecular/novo_horizonte/banco_mestre_unificado.csv,MASTER_UNIFIED,MIEVNLBRFBTXRW-UHFFFAOYSA-N,0,0,0,0,0,1
LEGACY-INCHIKEY-MIHPOFMTNHUTFD-UHFFFAOYSA-N,MIHPOFMTNHUTFD-UHFFFAOYSA-N,formolecular/novo_horizonte/banco_mestre_unificado.csv,MASTER_UNIFIED,MIHPOFMTNHUTFD-UHFFFAOYSA-N,0,0,0,0,0,1
LEGACY-INCHIKEY-MIKHBJBOKQJPEX-UHFFFAOYSA-N,MIKHBJBOKQJPEX-UHFFFAOYSA-N,formolecular/novo_horizonte/banco_mestre_unificado.csv,MASTER_UNIFIED,MIKHBJBOKQJPEX-UHFFFAOYSA-N,0,0,0,0,0,1
LEGACY-INCHIKEY-MIOKTFIUUWKWOF-UHFFFAOYSA-N,MIOKTFIUUWKWOF-UHFFFAOYSA-N,formolecular/novo_horizonte/banco_mestre_unificado.csv,MASTER_UNIFIED,MIOKTFIUUWKWOF-UHFFFAOYSA-N,0,0,0,0,0,1
LEGACY-INCHIKEY-MIQCMTQEPPCTIS-UHFFFAOYSA-N,MIQCMTQEPPCTIS-UHFFFAOYSA-N,formolecular/novo_horizonte/banco_mestre_unificado.csv,MASTER_UNIFIED,MIQCMTQEPPCTIS-UHFFFAOYSA-N,0,0,0,0,0,1
LEGACY-INCHIKEY-MIUFRNXQEVAOKZ-UHFFFAOYSA-N,MIUFRNXQEVAOKZ-UHFFFAOYSA-N,formolecular/novo_horizonte/banco_mestre_unificado.csv,MASTER_UNIFIED,MIUFRNXQEVAOKZ-UHFFFAOYSA-N,0,0,0,0,0,1
LEGACY-INCHIKEY-MIUKAWBMCKCGNA-UHFFFAOYSA-N,MIUKAWBMCKCGNA-UHFFFAOYSA-N,formolecular/novo_horizonte/banco_mestre_unificado.csv,MASTER_UNIFIED,MIUKAWBMCKCGNA-UHFFFAOYSA-N,0,0,0,0,0,1
LEGACY-INCHIKEY-MIUMFSBZPQAKJV-UHFFFAOYSA-N,MIUMFSBZPQAKJV-UHFFFAOYSA-N,formolecular/novo_horizonte/banco_mestre_unificado.csv,MASTER_UNIFIED,MIUMFSBZPQAKJV-UHFFFAOYSA-N,0,0,0,0,0,1
LEGACY-INCHIKEY-MIUWWRZEMVVMHE-UHFFFAOYSA-N,MIUWWRZEMVVMHE-UHFFFAOYSA-N,formolecular/novo_horizonte/banco_mestre_unificado.csv,MASTER_UNIFIED,MIUWWRZEMVVMHE-UHFFFAOYSA-N,0,0,0,0,0,1
LEGACY-INCHIKEY-MIVNKXOPTAQCIO-UHFFFAOYSA-N,MIVNKXOPTAQCIO-UHFFFAOYSA-N,formolecular/novo_horizonte/banco_mestre_unificado.csv,MASTER_UNIFIED,MIVNKXOPTAQCIO-UHFFFAOYSA-N,0,0,0,0,0,1
LEGACY-INCHIKEY-MIWKMBLORLMHOJ-UHFFFAOYSA-N,MIWKMBLORLMHOJ-UHFFFAOYSA-N,formolecular/novo_horizonte/banco_mestre_unificado.csv,MASTER_UNIFIED,MIWKMBLORLMHOJ-UHFFFAOYSA-N,0,0,0,0,0,1
LEGACY-INCHIKEY-MIZAZPHBZIEQJQ-UHFFFAOYSA-N,MIZAZPHBZIEQJQ-UHFFFAOYSA-N,formolecular/novo_horizonte/banco_mestre_unificado.csv,MASTER_UNIFIED,MIZAZPHBZIEQJQ-UHFFFAOYSA-N,0,0,0,0,0,1
LEGACY-INCHIKEY-MJAIRIPCGIXBOJ-UHFFFAOYSA-N,MJAIRIPCGIXBOJ-UHFFFAOYSA-N,formolecular/novo_horizonte/banco_mestre_unificado.csv,MASTER_UNIFIED,MJAIRIPCGIXBOJ-UHFFFAOYSA-N,0,0,0,0,0,1
LEGACY-INCHIKEY-MJGOREIZGFRLHR-UHFFFAOYSA-N,MJGOREIZGFRLHR-UHFFFAOYSA-N,formolecular/novo_horizonte/banco_mestre_unificado.csv,MASTER_UNIFIED,MJGOREIZGFRLHR-UHFFFAOYSA-N,0,0,0,0,0,1
LEGACY-INCHIKEY-MJMMXHPKGIOJDR-UHFFFAOYSA-N,MJMMXHPKGIOJDR-UHFFFAOYSA-N,formolecular/novo_horizonte/banco_mestre_unificado.csv,MASTER_UNIFIED,MJMMXHPKGIOJDR-UHFFFAOYSA-N,0,0,0,0,0,1
LEGACY-INCHIKEY-MJOSZMXUCHNKEN-UHFFFAOYSA-N,MJOSZMXUCHNKEN-UHFFFAOYSA-N,formolecular/novo_horizonte/banco_mestre_unificado.csv,MASTER_UNIFIED,MJOSZMXUCHNKEN-UHFFFAOYSA-N,0,0,0,0,0,1
LEGACY-INCHIKEY-MJRRXXXTYRPZNL-UHFFFAOYSA-N,MJRRXXXTYRPZNL-UHFFFAOYSA-N,formolecular/novo_horizonte/banco_mestre_unificado.csv,MASTER_UNIFIED,MJRRXXXTYRPZNL-UHFFFAOYSA-N,0,0,0,0,0,1
LEGACY-INCHIKEY-MJWBCIBZUMUZJB-UHFFFAOYSA-N,MJWBCIBZUMUZJB-UHFFFAOYSA-N,formolecular/novo_horizonte/banco_mestre_unificado.csv,MASTER_UNIFIED,MJWBCIBZUMUZJB-UHFFFAOYSA-N,0,0,0,0,0,1
LEGACY-INCHIKEY-MJZFBWUKJNTVRJ-UHFFFAOYSA-N,MJZFBWUKJNTVRJ-UHFFFAOYSA-N,formolecular/novo_horizonte/banco_mestre_unificado.csv,MASTER_UNIFIED,MJZFBWUKJNTVRJ-UHFFFAOYSA-N,0,0,0,0,0,1
LEGACY-INCHIKEY-MKLMIUGUYXRAIO-UHFFFAOYSA-N,MKLMIUGUYXRAIO-UHFFFAOYSA-N,formolecular/novo_horizonte/banco_mestre_unificado.csv,MASTER_UNIFIED,MKLMIUGUYXRAIO-UHFFFAOYSA-N,0,0,0,0,0,1
LEGACY-INCHIKEY-MKLNMJIRIMQLCE-UHFFFAOYSA-N,MKLNMJIRIMQLCE-UHFFFAOYSA-N,formolecular/novo_horizonte/banco_mestre_unificado.csv,MASTER_UNIFIED,MKLNMJIRIMQLCE-UHFFFAOYSA-N,0,0,0,0,0,1
LEGACY-INCHIKEY-MKZUBGHQQWBPMN-UHFFFAOYSA-N,MKZUBGHQQWBPMN-UHFFFAOYSA-N,formolecular/novo_horizonte/banco_mestre_unificado.csv,MASTER_UNIFIED,MKZUBGHQQWBPMN-UHFFFAOYSA-N,0,0,0,0,0,1
LEGACY-INCHIKEY-MKZYAFVCULVXGC-UHFFFAOYSA-N,MKZYAFVCULVXGC-UHFFFAOYSA-N,formolecular/novo_horizonte/banco_mestre_unificado.csv,MASTER_UNIFIED,MKZYAFVCULVXGC-UHFFFAOYSA-N,0,0,0,0,0,1
LEGACY-INCHIKEY-MLCMFDWOZFULLR-UHFFFAOYSA-N,MLCMFDWOZFULLR-UHFFFAOYSA-N,formolecular/novo_horizonte/banco_mestre_unificado.csv,MASTER_UNIFIED,MLCMFDWOZFULLR-UHFFFAOYSA-N,0,0,0,0,0,1
LEGACY-INCHIKEY-MLIWFPYGFDITCB-UHFFFAOYSA-N,MLIWFPYGFDITCB-UHFFFAOYSA-N,formolecular/novo_horizonte/banco_mestre_unificado.csv,MASTER_UNIFIED,MLIWFPYGFDITCB-UHFFFAOYSA-N,0,0,0,0,0,1
LEGACY-INCHIKEY-MLSNPAFXOVNXDX-UHFFFAOYSA-N,MLSNPAFXOVNXDX-UHFFFAOYSA-N,formolecular/novo_horizonte/banco_mestre_unificado.csv,MASTER_UNIFIED,MLSNPAFXOVNXDX-UHFFFAOYSA-N,0,0,0,0,0,1
LEGACY-INCHIKEY-MLYAQWIPNLPLQV-UHFFFAOYSA-N,MLYAQWIPNLPLQV-UHFFFAOYSA-N,formolecular/novo_horizonte/banco_mestre_unificado.csv,MASTER_UNIFIED,MLYAQWIPNLPLQV-UHFFFAOYSA-N,0,0,0,0,0,1
LEGACY-INCHIKEY-MMBNIQKYISUBDF-UHFFFAOYSA-N,MMBNIQKYISUBDF-UHFFFAOYSA-N,formolecular/novo_horizonte/banco_mestre_unificado.csv,MASTER_UNIFIED,MMBNIQKYISUBDF-UHFFFAOYSA-N,0,0,0,0,0,1
LEGACY-INCHIKEY-MMCUZVAYFHYHEA-UHFFFAOYSA-N,MMCUZVAYFHYHEA-UHFFFAOYSA-N,formolecular/novo_horizonte/banco_mestre_unificado.csv,MASTER_UNIFIED,MMCUZVAYFHYHEA-UHFFFAOYSA-N,0,0,0,0,0,1
LEGACY-INCHIKEY-MMELODNWTXXOFP-UHFFFAOYSA-N,MMELODNWTXXOFP-UHFFFAOYSA-N,formolecular/novo_horizonte/banco_mestre_unificado.csv,MASTER_UNIFIED,MMELODNWTXXOFP-UHFFFAOYSA-N,0,0,0,0,0,1
LEGACY-INCHIKEY-MMEQJUGPBQJRCY-UHFFFAOYSA-N,MMEQJUGPBQJRCY-UHFFFAOYSA-N,formolecular/novo_horizonte/banco_mestre_unificado.csv,MASTER_UNIFIED,MMEQJUGPBQJRCY-UHFFFAOYSA-N,0,0,0,0,0,1
LEGACY-INCHIKEY-MMJLHDXCWAGGLS-UHFFFAOYSA-N,MMJLHDXCWAGGLS-UHFFFAOYSA-N,formolecular/novo_horizonte/banco_mestre_unificado.csv,MASTER_UNIFIED,MMJLHDXCWAGGLS-UHFFFAOYSA-N,0,0,0,0,0,1
LEGACY-INCHIKEY-MMKGFCBHZMZBKL-UHFFFAOYSA-N,MMKGFCBHZMZBKL-UHFFFAOYSA-N,formolecular/novo_horizonte/banco_mestre_unificado.csv,MASTER_UNIFIED,MMKGFCBHZMZBKL-UHFFFAOYSA-N,0,0,0,0,0,1
LEGACY-INCHIKEY-MMXZQGWJRVXXTB-UHFFFAOYSA-N,MMXZQGWJRVXXTB-UHFFFAOYSA-N,formolecular/novo_horizonte/banco_mestre_unificado.csv,MASTER_UNIFIED,MMXZQGWJRVXXTB-UHFFFAOYSA-N,0,0,0,0,0,1
LEGACY-INCHIKEY-MNAHCCRUPCOYJQ-UHFFFAOYSA-N,MNAHCCRUPCOYJQ-UHFFFAOYSA-N,formolecular/novo_horizonte/banco_mestre_unificado.csv,MASTER_UNIFIED,MNAHCCRUPCOYJQ-UHFFFAOYSA-N,0,0,0,0,0,1
LEGACY-INCHIKEY-MNBRCDVKXGKPQJ-UHFFFAOYSA-N,MNBRCDVKXGKPQJ-UHFFFAOYSA-N,formolecular/novo_horizonte/banco_mestre_unificado.csv,MASTER_UNIFIED,MNBRCDVKXGKPQJ-UHFFFAOYSA-N,0,0,0,0,0,1
LEGACY-INCHIKEY-MNGUJPPGPUOYES-UHFFFAOYSA-N,MNGUJPPGPUOYES-UHFFFAOYSA-N,formolecular/novo_horizonte/banco_mestre_unificado.csv,MASTER_UNIFIED,MNGUJPPGPUOYES-UHFFFAOYSA-N,0,0,0,0,0,1
LEGACY-INCHIKEY-MNHIEMNUKCLSCZ-UHFFFAOYSA-N,MNHIEMNUKCLSCZ-UHFFFAOYSA-N,formolecular/novo_horizonte/banco_mestre_unificado.csv,MASTER_UNIFIED,MNHIEMNUKCLSCZ-UHFFFAOYSA-N,0,0,0,0,0,1
LEGACY-INCHIKEY-MNJOSBMIVKOKIO-UHFFFAOYSA-N,MNJOSBMIVKOKIO-UHFFFAOYSA-N,formolecular/novo_horizonte/banco_mestre_unificado.csv,MASTER_UNIFIED,MNJOSBMIVKOKIO-UHFFFAOYSA-N,0,0,0,0,0,1
LEGACY-INCHIKEY-MNJOTWNUGQHFSW-UHFFFAOYSA-N,MNJOTWNUGQHFSW-UHFFFAOYSA-N,formolecular/novo_horizonte/banco_mestre_unificado.csv,MASTER_UNIFIED,MNJOTWNUGQHFSW-UHFFFAOYSA-N,0,0,0,0,0,1
LEGACY-INCHIKEY-MNKHIUWJENAFSS-UHFFFAOYSA-N,MNKHIUWJENAFSS-UHFFFAOYSA-N,formolecular/novo_horizonte/banco_mestre_unificado.csv,MASTER_UNIFIED,MNKHIUWJENAFSS-UHFFFAOYSA-N,0,0,0,0,0,1
LEGACY-INCHIKEY-MNLYOLVNNVEVRP-UHFFFAOYSA-N,MNLYOLVNNVEVRP-UHFFFAOYSA-N,formolecular/novo_horizonte/banco_mestre_unificado.csv,MASTER_UNIFIED,MNLYOLVNNVEVRP-UHFFFAOYSA-N,0,0,0,0,0,1
LEGACY-INCHIKEY-MNQUITCVTWVMIT-UHFFFAOYSA-N,MNQUITCVTWVMIT-UHFFFAOYSA-N,formolecular/novo_horizonte/banco_mestre_unificado.csv,MASTER_UNIFIED,MNQUITCVTWVMIT-UHFFFAOYSA-N,0,0,0,0,0,1
LEGACY-INCHIKEY-MNRXJFHNMOXPNX-UHFFFAOYSA-N,MNRXJFHNMOXPNX-UHFFFAOYSA-N,formolecular/novo_horizonte/banco_mestre_unificado.csv,MASTER_UNIFIED,MNRXJFHNMOXPNX-UHFFFAOYSA-N,0,0,0,0,0,1
LEGACY-INCHIKEY-MNVCAIUHHZBQHS-UHFFFAOYSA-N,MNVCAIUHHZBQHS-UHFFFAOYSA-N,formolecular/novo_horizonte/banco_mestre_unificado.csv,MASTER_UNIFIED,MNVCAIUHHZBQHS-UHFFFAOYSA-N,0,0,0,0,0,1
LEGACY-INCHIKEY-MNXAEZPISZLSOH-UHFFFAOYSA-N,MNXAEZPISZLSOH-UHFFFAOYSA-N,formolecular/novo_horizonte/banco_mestre_unificado.csv,MASTER_UNIFIED,MNXAEZPISZLSOH-UHFFFAOYSA-N,0,0,0,0,0,1
LEGACY-INCHIKEY-MOGWXHXRGPJLGJ-UHFFFAOYSA-N,MOGWXHXRGPJLGJ-UHFFFAOYSA-N,formolecular/novo_horizonte/banco_mestre_unificado.csv,MASTER_UNIFIED,MOGWXHXRGPJLGJ-UHFFFAOYSA-N,0,0,0,0,0,1
LEGACY-INCHIKEY-MONJGROPXYKJBO-UHFFFAOYSA-N,MONJGROPXYKJBO-UHFFFAOYSA-N,formolecular/novo_horizonte/banco_mestre_unificado.csv,MASTER_UNIFIED,MONJGROPXYKJBO-UHFFFAOYSA-N,0,0,0,0,0,1
LEGACY-INCHIKEY-MOPILFPDMPPAFZ-UHFFFAOYSA-N,MOPILFPDMPPAFZ-UHFFFAOYSA-N,formolecular/novo_horizonte/banco_mestre_unificado.csv,MASTER_UNIFIED,MOPILFPDMPPAFZ-UHFFFAOYSA-N,0,0,0,0,0,1
LEGACY-INCHIKEY-MOQORDFOVYNNQA-UHFFFAOYSA-N,MOQORDFOVYNNQA-UHFFFAOYSA-N,formolecular/novo_horizonte/banco_mestre_unificado.csv,MASTER_UNIFIED,MOQORDFOVYNNQA-UHFFFAOYSA-N,0,0,0,0,0,1
LEGACY-INCHIKEY-MOZBXIYYNUODLF-UHFFFAOYSA-N,MOZBXIYYNUODLF-UHFFFAOYSA-N,formolecular/novo_horizonte/banco_mestre_unificado.csv,MASTER_UNIFIED,MOZBXIYYNUODLF-UHFFFAOYSA-N,0,0,0,0,0,1
LEGACY-INCHIKEY-MPIVCFZOFGJPIG-UHFFFAOYSA-N,MPIVCFZOFGJPIG-UHFFFAOYSA-N,formolecular/novo_horizonte/banco_mestre_unificado.csv,MASTER_UNIFIED,MPIVCFZOFGJPIG-UHFFFAOYSA-N,0,0,0,0,0,1
LEGACY-INCHIKEY-MPOGTCKMTFUPDX-UHFFFAOYSA-N,MPOGTCKMTFUPDX-UHFFFAOYSA-N,formolecular/novo_horizonte/banco_mestre_unificado.csv,MASTER_UNIFIED,MPOGTCKMTFUPDX-UHFFFAOYSA-N,0,0,0,0,0,1
LEGACY-INCHIKEY-MQCLAJSYRYRFHT-UHFFFAOYSA-N,MQCLAJSYRYRFHT-UHFFFAOYSA-N,formolecular/novo_horizonte/banco_mestre_unificado.csv,MASTER_UNIFIED,MQCLAJSYRYRFHT-UHFFFAOYSA-N,0,0,0,0,0,1
LEGACY-INCHIKEY-MQDVCRJVBHCBFB-UHFFFAOYSA-N,MQDVCRJVBHCBFB-UHFFFAOYSA-N,formolecular/novo_horizonte/banco_mestre_unificado.csv,MASTER_UNIFIED,MQDVCRJVBHCBFB-UHFFFAOYSA-N,0,0,0,0,0,1
LEGACY-INCHIKEY-MQJRMUUNHIVQBI-UHFFFAOYSA-N,MQJRMUUNHIVQBI-UHFFFAOYSA-N,formolecular/novo_horizonte/banco_mestre_unificado.csv,MASTER_UNIFIED,MQJRMUUNHIVQBI-UHFFFAOYSA-N,0,0,0,0,0,1
LEGACY-INCHIKEY-MQNFSKBNVFWAJV-UHFFFAOYSA-N,MQNFSKBNVFWAJV-UHFFFAOYSA-N,formolecular/novo_horizonte/banco_mestre_unificado.csv,MASTER_UNIFIED,MQNFSKBNVFWAJV-UHFFFAOYSA-N,0,0,0,0,0,1
LEGACY-INCHIKEY-MQRXKELJQUEFEB-UHFFFAOYSA-N,MQRXKELJQUEFEB-UHFFFAOYSA-N,formolecular/novo_horizonte/banco_mestre_unificado.csv,MASTER_UNIFIED,MQRXKELJQUEFEB-UHFFFAOYSA-N,0,0,0,0,0,1
LEGACY-INCHIKEY-MQSQOQACFPJKTI-UHFFFAOYSA-N,MQSQOQACFPJKTI-UHFFFAOYSA-N,formolecular/novo_horizonte/banco_mestre_unificado.csv,MASTER_UNIFIED,MQSQOQACFPJKTI-UHFFFAOYSA-N,0,0,0,0,0,1
LEGACY-INCHIKEY-MQVDHQXFDFELSK-UHFFFAOYSA-N,MQVDHQXFDFELSK-UHFFFAOYSA-N,formolecular/novo_horizonte/banco_mestre_unificado.csv,MASTER_UNIFIED,MQVDHQXFDFELSK-UHFFFAOYSA-N,0,0,0,0,0,1
LEGACY-INCHIKEY-MRDOCYUJYRRUJG-UHFFFAOYSA-N,MRDOCYUJYRRUJG-UHFFFAOYSA-N,formolecular/novo_horizonte/banco_mestre_unificado.csv,MASTER_UNIFIED,MRDOCYUJYRRUJG-UHFFFAOYSA-N,0,0,0,0,0,1
LEGACY-INCHIKEY-MRDYOKLQBYOHCE-UHFFFAOYSA-N,MRDYOKLQBYOHCE-UHFFFAOYSA-N,formolecular/novo_horizonte/banco_mestre_unificado.csv,MASTER_UNIFIED,MRDYOKLQBYOHCE-UHFFFAOYSA-N,0,0,0,0,0,1
LEGACY-INCHIKEY-MRGJXGHZLKOEHN-UHFFFAOYSA-N,MRGJXGHZLKOEHN-UHFFFAOYSA-N,formolecular/novo_horizonte/banco_mestre_unificado.csv,MASTER_UNIFIED,MRGJXGHZLKOEHN-UHFFFAOYSA-N,0,0,0,0,0,1
LEGACY-INCHIKEY-MRILJEYASUYGSD-UHFFFAOYSA-N,MRILJEYASUYGSD-UHFFFAOYSA-N,formolecular/novo_horizonte/banco_mestre_unificado.csv,MASTER_UNIFIED,MRILJEYASUYGSD-UHFFFAOYSA-N,0,0,0,0,0,1
LEGACY-INCHIKEY-MRIXZDUYGUMFFR-UHFFFAOYSA-N,MRIXZDUYGUMFFR-UHFFFAOYSA-N,formolecular/novo_horizonte/banco_mestre_unificado.csv,MASTER_UNIFIED,MRIXZDUYGUMFFR-UHFFFAOYSA-N,0,0,0,0,0,1
LEGACY-INCHIKEY-MRKUKVDMXFQVSU-UHFFFAOYSA-N,MRKUKVDMXFQVSU-UHFFFAOYSA-N,formolecular/novo_horizonte/banco_mestre_unificado.csv,MASTER_UNIFIED,MRKUKVDMXFQVSU-UHFFFAOYSA-N,0,0,0,0,0,1
LEGACY-INCHIKEY-MRMCZXCOUTVLCD-UHFFFAOYSA-N,MRMCZXCOUTVLCD-UHFFFAOYSA-N,formolecular/novo_horizonte/banco_mestre_unificado.csv,MASTER_UNIFIED,MRMCZXCOUTVLCD-UHFFFAOYSA-N,0,0,0,0,0,1
LEGACY-INCHIKEY-MRPXCQLJQPJZGT-UHFFFAOYSA-N,MRPXCQLJQPJZGT-UHFFFAOYSA-N,formolecular/novo_horizonte/banco_mestre_unificado.csv,MASTER_UNIFIED,MRPXCQLJQPJZGT-UHFFFAOYSA-N,0,0,0,0,0,1
LEGACY-INCHIKEY-MSBXDBNWMOPTPA-UHFFFAOYSA-N,MSBXDBNWMOPTPA-UHFFFAOYSA-N,formolecular/novo_horizonte/banco_mestre_unificado.csv,MASTER_UNIFIED,MSBXDBNWMOPTPA-UHFFFAOYSA-N,0,0,0,0,0,1
LEGACY-INCHIKEY-MSEASRZRSCPQSF-UHFFFAOYSA-N,MSEASRZRSCPQSF-UHFFFAOYSA-N,formolecular/novo_horizonte/banco_mestre_unificado.csv,MASTER_UNIFIED,MSEASRZRSCPQSF-UHFFFAOYSA-N,0,0,0,0,0,1
LEGACY-INCHIKEY-MSEVPBJDVDPORQ-UHFFFAOYSA-N,MSEVPBJDVDPORQ-UHFFFAOYSA-N,formolecular/novo_horizonte/banco_mestre_unificado.csv,MASTER_UNIFIED,MSEVPBJDVDPORQ-UHFFFAOYSA-N,0,0,0,0,0,1
LEGACY-INCHIKEY-MSIGRYYINFSTGI-UHFFFAOYSA-N,MSIGRYYINFSTGI-UHFFFAOYSA-N,formolecular/novo_horizonte/banco_mestre_unificado.csv,MASTER_UNIFIED,MSIGRYYINFSTGI-UHFFFAOYSA-N,0,0,0,0,0,1
LEGACY-INCHIKEY-MSMQUYSPUSQHFK-UHFFFAOYSA-N,MSMQUYSPUSQHFK-UHFFFAOYSA-N,formolecular/novo_horizonte/banco_mestre_unificado.csv,MASTER_UNIFIED,MSMQUYSPUSQHFK-UHFFFAOYSA-N,0,0,0,0,0,1
LEGACY-INCHIKEY-MSPNPZBYXLIKGG-UHFFFAOYSA-N,MSPNPZBYXLIKGG-UHFFFAOYSA-N,formolecular/novo_horizonte/banco_mestre_unificado.csv,MASTER_UNIFIED,MSPNPZBYXLIKGG-UHFFFAOYSA-N,0,0,0,0,0,1
LEGACY-INCHIKEY-MSQJIVYFDAYSDJ-UHFFFAOYSA-N,MSQJIVYFDAYSDJ-UHFFFAOYSA-N,formolecular/novo_horizonte/banco_mestre_unificado.csv,MASTER_UNIFIED,MSQJIVYFDAYSDJ-UHFFFAOYSA-N,0,0,0,0,0,1
LEGACY-INCHIKEY-MSRXSIVANWPTGE-UHFFFAOYSA-N,MSRXSIVANWPTGE-UHFFFAOYSA-N,formolecular/novo_horizonte/banco_mestre_unificado.csv,MASTER_UNIFIED,MSRXSIVANWPTGE-UHFFFAOYSA-N,0,0,0,0,0,1
LEGACY-INCHIKEY-MSUFJSBPMNKZQN-UHFFFAOYSA-N,MSUFJSBPMNKZQN-UHFFFAOYSA-N,formolecular/novo_horizonte/banco_mestre_unificado.csv,MASTER_UNIFIED,MSUFJSBPMNKZQN-UHFFFAOYSA-N,0,0,0,0,0,1
LEGACY-INCHIKEY-MSXIFUWFUAROKQ-UHFFFAOYSA-N,MSXIFUWFUAROKQ-UHFFFAOYSA-N,formolecular/novo_horizonte/top10_validado_4EY7.csv,NH_VALIDATED_4EY7;NH_ISOLATED;MASTER_UNIFIED,MSXIFUWFUAROKQ-UHFFFAOYSA-N,0,0,0,1,1,1
LEGACY-INCHIKEY-MTBWRRBNDUGYOU-UHFFFAOYSA-N,MTBWRRBNDUGYOU-UHFFFAOYSA-N,formolecular/novo_horizonte/banco_mestre_unificado.csv,MASTER_UNIFIED,MTBWRRBNDUGYOU-UHFFFAOYSA-N,0,0,0,0,0,1
LEGACY-INCHIKEY-MTCVSGXPXUSTPJ-UHFFFAOYSA-N,MTCVSGXPXUSTPJ-UHFFFAOYSA-N,formolecular/novo_horizonte/banco_mestre_unificado.csv,MASTER_UNIFIED,MTCVSGXPXUSTPJ-UHFFFAOYSA-N,0,0,0,0,0,1
LEGACY-INCHIKEY-MTHOOIGBHNMVHH-UHFFFAOYSA-N,MTHOOIGBHNMVHH-UHFFFAOYSA-N,formolecular/novo_horizonte/banco_mestre_unificado.csv,MASTER_UNIFIED,MTHOOIGBHNMVHH-UHFFFAOYSA-N,0,0,0,0,0,1
LEGACY-INCHIKEY-MTIXHAXAKZYOLX-UHFFFAOYSA-N,MTIXHAXAKZYOLX-UHFFFAOYSA-N,formolecular/novo_horizonte/banco_mestre_unificado.csv,MASTER_UNIFIED,MTIXHAXAKZYOLX-UHFFFAOYSA-N,0,0,0,0,0,1
LEGACY-INCHIKEY-MTLSPOYZGPPWAU-UHFFFAOYSA-N,MTLSPOYZGPPWAU-UHFFFAOYSA-N,formolecular/novo_horizonte/banco_mestre_unificado.csv,MASTER_UNIFIED,MTLSPOYZGPPWAU-UHFFFAOYSA-N,0,0,0,0,0,1
LEGACY-INCHIKEY-MTPNDHCDTPQOEE-UHFFFAOYSA-N,MTPNDHCDTPQOEE-UHFFFAOYSA-N,formolecular/novo_horizonte/banco_mestre_unificado.csv,MASTER_UNIFIED,MTPNDHCDTPQOEE-UHFFFAOYSA-N,0,0,0,0,0,1
LEGACY-INCHIKEY-MTRSHAQZUNPCHI-UHFFFAOYSA-N,MTRSHAQZUNPCHI-UHFFFAOYSA-N,formolecular/csv_elite_farma/RANKING_FARMACOS_ELITE_ADMET.csv,FARMA_ELITE,MTRSHAQZUNPCHI-UHFFFAOYSA-N,0,1,0,0,0,0
LEGACY-INCHIKEY-MTUYKKYCGCDQOM-UHFFFAOYSA-N,MTUYKKYCGCDQOM-UHFFFAOYSA-N,formolecular/novo_horizonte/banco_mestre_unificado.csv,MASTER_UNIFIED,MTUYKKYCGCDQOM-UHFFFAOYSA-N,0,0,0,0,0,1
LEGACY-INCHIKEY-MTXNGZBIWFOAEN-UHFFFAOYSA-N,MTXNGZBIWFOAEN-UHFFFAOYSA-N,formolecular/novo_horizonte/banco_mestre_unificado.csv,MASTER_UNIFIED,MTXNGZBIWFOAEN-UHFFFAOYSA-N,0,0,0,0,0,1
LEGACY-INCHIKEY-MUHSRERSLNPZQL-UHFFFAOYSA-N,MUHSRERSLNPZQL-UHFFFAOYSA-N,formolecular/novo_horizonte/banco_mestre_unificado.csv,MASTER_UNIFIED,MUHSRERSLNPZQL-UHFFFAOYSA-N,0,0,0,0,0,1
LEGACY-INCHIKEY-MUKTZXNJPDLGNH-UHFFFAOYSA-N,MUKTZXNJPDLGNH-UHFFFAOYSA-N,formolecular/novo_horizonte/banco_mestre_unificado.csv,MASTER_UNIFIED,MUKTZXNJPDLGNH-UHFFFAOYSA-N,0,0,0,0,0,1
LEGACY-INCHIKEY-MVBAZQSUWAAXNN-UHFFFAOYSA-N,MVBAZQSUWAAXNN-UHFFFAOYSA-N,formolecular/novo_horizonte/banco_mestre_unificado.csv,MASTER_UNIFIED,MVBAZQSUWAAXNN-UHFFFAOYSA-N,0,0,0,0,0,1
LEGACY-INCHIKEY-MVFIXQYFQQIFIW-UHFFFAOYSA-N,MVFIXQYFQQIFIW-UHFFFAOYSA-N,formolecular/novo_horizonte/banco_mestre_unificado.csv,MASTER_UNIFIED,MVFIXQYFQQIFIW-UHFFFAOYSA-N,0,0,0,0,0,1
LEGACY-INCHIKEY-MVSJEOWWYCSLCF-UHFFFAOYSA-N,MVSJEOWWYCSLCF-UHFFFAOYSA-N,formolecular/novo_horizonte/banco_mestre_unificado.csv,MASTER_UNIFIED,MVSJEOWWYCSLCF-UHFFFAOYSA-N,0,0,0,0,0,1
LEGACY-INCHIKEY-MWBNDJQGWYEDDT-UHFFFAOYSA-N,MWBNDJQGWYEDDT-UHFFFAOYSA-N,formolecular/novo_horizonte/banco_mestre_unificado.csv,MASTER_UNIFIED,MWBNDJQGWYEDDT-UHFFFAOYSA-N,0,0,0,0,0,1
LEGACY-INCHIKEY-MWEPKBZGUGVCRK-UHFFFAOYSA-N,MWEPKBZGUGVCRK-UHFFFAOYSA-N,formolecular/novo_horizonte/banco_mestre_unificado.csv,MASTER_UNIFIED,MWEPKBZGUGVCRK-UHFFFAOYSA-N,0,0,0,0,0,1
LEGACY-INCHIKEY-MWEVIRHJCAAAJN-UHFFFAOYSA-N,MWEVIRHJCAAAJN-UHFFFAOYSA-N,formolecular/novo_horizonte/banco_mestre_unificado.csv,MASTER_UNIFIED,MWEVIRHJCAAAJN-UHFFFAOYSA-N,0,0,0,0,0,1
LEGACY-INCHIKEY-MWFNOCBPFYHSIO-UHFFFAOYSA-N,MWFNOCBPFYHSIO-UHFFFAOYSA-N,formolecular/novo_horizonte/banco_mestre_unificado.csv,MASTER_UNIFIED,MWFNOCBPFYHSIO-UHFFFAOYSA-N,0,0,0,0,0,1
LEGACY-INCHIKEY-MWUJNCHQBMBLKX-UHFFFAOYSA-N,MWUJNCHQBMBLKX-UHFFFAOYSA-N,formolecular/novo_horizonte/banco_mestre_unificado.csv,MASTER_UNIFIED,MWUJNCHQBMBLKX-UHFFFAOYSA-N,0,0,0,0,0,1
LEGACY-INCHIKEY-MWUYFFWKYVYRCM-UHFFFAOYSA-N,MWUYFFWKYVYRCM-UHFFFAOYSA-N,formolecular/novo_horizonte/banco_mestre_unificado.csv,MASTER_UNIFIED,MWUYFFWKYVYRCM-UHFFFAOYSA-N,0,0,0,0,0,1
LEGACY-INCHIKEY-MXACQKBPJKJCHJ-UHFFFAOYSA-N,MXACQKBPJKJCHJ-UHFFFAOYSA-N,formolecular/novo_horizonte/banco_mestre_unificado.csv,MASTER_UNIFIED,MXACQKBPJKJCHJ-UHFFFAOYSA-N,0,0,0,0,0,1
LEGACY-INCHIKEY-MXCDQIKZIMITRX-UHFFFAOYSA-N,MXCDQIKZIMITRX-UHFFFAOYSA-N,formolecular/novo_horizonte/banco_mestre_unificado.csv,MASTER_UNIFIED,MXCDQIKZIMITRX-UHFFFAOYSA-N,0,0,0,0,0,1
LEGACY-INCHIKEY-MXKZZEGOVKHORQ-UHFFFAOYSA-N,MXKZZEGOVKHORQ-UHFFFAOYSA-N,formolecular/novo_horizonte/banco_mestre_unificado.csv,MASTER_UNIFIED,MXKZZEGOVKHORQ-UHFFFAOYSA-N,0,0,0,0,0,1
LEGACY-INCHIKEY-MXNXJUVYUZKJAK-UHFFFAOYSA-N,MXNXJUVYUZKJAK-UHFFFAOYSA-N,formolecular/novo_horizonte/banco_mestre_unificado.csv,MASTER_UNIFIED,MXNXJUVYUZKJAK-UHFFFAOYSA-N,0,0,0,0,0,1
LEGACY-INCHIKEY-MXUJVPBRUQEDIZ-UHFFFAOYSA-N,MXUJVPBRUQEDIZ-UHFFFAOYSA-N,formolecular/novo_horizonte/banco_mestre_unificado.csv,MASTER_UNIFIED,MXUJVPBRUQEDIZ-UHFFFAOYSA-N,0,0,0,0,0,1
LEGACY-INCHIKEY-MYFDWBPSNYLLBT-UHFFFAOYSA-N,MYFDWBPSNYLLBT-UHFFFAOYSA-N,formolecular/novo_horizonte/banco_mestre_unificado.csv,MASTER_UNIFIED,MYFDWBPSNYLLBT-UHFFFAOYSA-N,0,0,0,0,0,1
LEGACY-INCHIKEY-MYFQIQMXVROZGE-UHFFFAOYSA-N,MYFQIQMXVROZGE-UHFFFAOYSA-N,formolecular/novo_horizonte/banco_mestre_unificado.csv,MASTER_UNIFIED,MYFQIQMXVROZGE-UHFFFAOYSA-N,0,0,0,0,0,1
LEGACY-INCHIKEY-MYHCBBMQLVZMID-UHFFFAOYSA-N,MYHCBBMQLVZMID-UHFFFAOYSA-N,formolecular/novo_horizonte/banco_mestre_unificado.csv,MASTER_UNIFIED,MYHCBBMQLVZMID-UHFFFAOYSA-N,0,0,0,0,0,1
LEGACY-INCHIKEY-MYKJJCOKQDZQJR-UHFFFAOYSA-N,MYKJJCOKQDZQJR-UHFFFAOYSA-N,formolecular/novo_horizonte/banco_mestre_unificado.csv,MASTER_UNIFIED,MYKJJCOKQDZQJR-UHFFFAOYSA-N,0,0,0,0,0,1
LEGACY-INCHIKEY-MYPIZIOHVRNKIV-UHFFFAOYSA-N,MYPIZIOHVRNKIV-UHFFFAOYSA-N,formolecular/novo_horizonte/banco_mestre_unificado.csv,MASTER_UNIFIED,MYPIZIOHVRNKIV-UHFFFAOYSA-N,0,0,0,0,0,1
LEGACY-INCHIKEY-MYPSAZPBXUSZJY-UHFFFAOYSA-N,MYPSAZPBXUSZJY-UHFFFAOYSA-N,formolecular/novo_horizonte/banco_mestre_unificado.csv,MASTER_UNIFIED,MYPSAZPBXUSZJY-UHFFFAOYSA-N,0,0,0,0,0,1
LEGACY-INCHIKEY-MYXBVQYHGOURSS-UHFFFAOYSA-N,MYXBVQYHGOURSS-UHFFFAOYSA-N,formolecular/novo_horizonte/banco_mestre_unificado.csv,MASTER_UNIFIED,MYXBVQYHGOURSS-UHFFFAOYSA-N,0,0,0,0,0,1
LEGACY-INCHIKEY-MYYGETQRMAEXKI-UHFFFAOYSA-N,MYYGETQRMAEXKI-UHFFFAOYSA-N,formolecular/novo_horizonte/banco_mestre_unificado.csv,MASTER_UNIFIED,MYYGETQRMAEXKI-UHFFFAOYSA-N,0,0,0,0,0,1
LEGACY-INCHIKEY-MZCGMNMFIPVAJH-UHFFFAOYSA-N,MZCGMNMFIPVAJH-UHFFFAOYSA-N,formolecular/novo_horizonte/banco_mestre_unificado.csv,MASTER_UNIFIED,MZCGMNMFIPVAJH-UHFFFAOYSA-N,0,0,0,0,0,1
LEGACY-INCHIKEY-MZDNVYNBWKOOIL-UHFFFAOYSA-N,MZDNVYNBWKOOIL-UHFFFAOYSA-N,formolecular/novo_horizonte/banco_mestre_unificado.csv,MASTER_UNIFIED,MZDNVYNBWKOOIL-UHFFFAOYSA-N,0,0,0,0,0,1
LEGACY-INCHIKEY-MZLRXDHWUVGIIB-UHFFFAOYSA-N,MZLRXDHWUVGIIB-UHFFFAOYSA-N,formolecular/novo_horizonte/banco_mestre_unificado.csv,MASTER_UNIFIED,MZLRXDHWUVGIIB-UHFFFAOYSA-N,0,0,0,0,0,1
LEGACY-INCHIKEY-MZNRNGZPJOXNNK-UHFFFAOYSA-N,MZNRNGZPJOXNNK-UHFFFAOYSA-N,formolecular/novo_horizonte/banco_mestre_unificado.csv,MASTER_UNIFIED,MZNRNGZPJOXNNK-UHFFFAOYSA-N,0,0,0,0,0,1
LEGACY-INCHIKEY-MZOBPGQGBICAFL-UHFFFAOYSA-N,MZOBPGQGBICAFL-UHFFFAOYSA-N,formolecular/novo_horizonte/banco_mestre_unificado.csv,MASTER_UNIFIED,MZOBPGQGBICAFL-UHFFFAOYSA-N,0,0,0,0,0,1
LEGACY-INCHIKEY-MZSXDXZRCRNBNF-UHFFFAOYSA-N,MZSXDXZRCRNBNF-UHFFFAOYSA-N,formolecular/novo_horizonte/banco_mestre_unificado.csv,MASTER_UNIFIED,MZSXDXZRCRNBNF-UHFFFAOYSA-N,0,0,0,0,0,1
LEGACY-INCHIKEY-NADMCUIYHGCETD-UHFFFAOYSA-N,NADMCUIYHGCETD-UHFFFAOYSA-N,formolecular/novo_horizonte/banco_mestre_unificado.csv,MASTER_UNIFIED,NADMCUIYHGCETD-UHFFFAOYSA-N,0,0,0,0,0,1
LEGACY-INCHIKEY-NADPNXARGOLSNG-UHFFFAOYSA-N,NADPNXARGOLSNG-UHFFFAOYSA-N,formolecular/novo_horizonte/banco_mestre_unificado.csv,MASTER_UNIFIED,NADPNXARGOLSNG-UHFFFAOYSA-N,0,0,0,0,0,1
LEGACY-INCHIKEY-NAJWNGFOYIKURG-UHFFFAOYSA-N,NAJWNGFOYIKURG-UHFFFAOYSA-N,formolecular/novo_horizonte/banco_mestre_unificado.csv,MASTER_UNIFIED,NAJWNGFOYIKURG-UHFFFAOYSA-N,0,0,0,0,0,1
LEGACY-INCHIKEY-NATLQOLHHKQACM-UHFFFAOYSA-N,NATLQOLHHKQACM-UHFFFAOYSA-N,formolecular/novo_horizonte/banco_mestre_unificado.csv,MASTER_UNIFIED,NATLQOLHHKQACM-UHFFFAOYSA-N,0,0,0,0,0,1
LEGACY-INCHIKEY-NAULUWPHFAPFSO-UHFFFAOYSA-N,NAULUWPHFAPFSO-UHFFFAOYSA-N,formolecular/novo_horizonte/banco_mestre_unificado.csv,MASTER_UNIFIED,NAULUWPHFAPFSO-UHFFFAOYSA-N,0,0,0,0,0,1
LEGACY-INCHIKEY-NAVVHGDMXHLOPO-UHFFFAOYSA-N,NAVVHGDMXHLOPO-UHFFFAOYSA-N,formolecular/novo_horizonte/banco_mestre_unificado.csv,MASTER_UNIFIED,NAVVHGDMXHLOPO-UHFFFAOYSA-N,0,0,0,0,0,1
LEGACY-INCHIKEY-NAXOARUAEWIKOX-UHFFFAOYSA-N,NAXOARUAEWIKOX-UHFFFAOYSA-N,formolecular/novo_horizonte/banco_mestre_unificado.csv,MASTER_UNIFIED,NAXOARUAEWIKOX-UHFFFAOYSA-N,0,0,0,0,0,1
LEGACY-INCHIKEY-NAZCYTFMVKWHBO-UHFFFAOYSA-N,NAZCYTFMVKWHBO-UHFFFAOYSA-N,formolecular/novo_horizonte/banco_mestre_unificado.csv,MASTER_UNIFIED,NAZCYTFMVKWHBO-UHFFFAOYSA-N,0,0,0,0,0,1
LEGACY-INCHIKEY-NBBNRSPRENJHHA-UHFFFAOYSA-N,NBBNRSPRENJHHA-UHFFFAOYSA-N,formolecular/novo_horizonte/banco_mestre_unificado.csv,MASTER_UNIFIED,NBBNRSPRENJHHA-UHFFFAOYSA-N,0,0,0,0,0,1
LEGACY-INCHIKEY-NBCCYRGIEHFYCG-UHFFFAOYSA-N,NBCCYRGIEHFYCG-UHFFFAOYSA-N,formolecular/novo_horizonte/banco_mestre_unificado.csv,MASTER_UNIFIED,NBCCYRGIEHFYCG-UHFFFAOYSA-N,0,0,0,0,0,1
LEGACY-INCHIKEY-NBFCWFLWHPEWMJ-UHFFFAOYSA-N,NBFCWFLWHPEWMJ-UHFFFAOYSA-N,formolecular/novo_horizonte/banco_mestre_unificado.csv,MASTER_UNIFIED,NBFCWFLWHPEWMJ-UHFFFAOYSA-N,0,0,0,0,0,1
LEGACY-INCHIKEY-NBHSXCZNSWCLAD-UHFFFAOYSA-N,NBHSXCZNSWCLAD-UHFFFAOYSA-N,formolecular/novo_horizonte/banco_mestre_unificado.csv,MASTER_UNIFIED,NBHSXCZNSWCLAD-UHFFFAOYSA-N,0,0,0,0,0,1
LEGACY-INCHIKEY-NBMMASCAECNZJC-UHFFFAOYSA-N,NBMMASCAECNZJC-UHFFFAOYSA-N,formolecular/novo_horizonte/banco_mestre_unificado.csv,MASTER_UNIFIED,NBMMASCAECNZJC-UHFFFAOYSA-N,0,0,0,0,0,1
LEGACY-INCHIKEY-NBOKJGYUKCBMGN-UHFFFAOYSA-N,NBOKJGYUKCBMGN-UHFFFAOYSA-N,formolecular/novo_horizonte/banco_mestre_unificado.csv,MASTER_UNIFIED,NBOKJGYUKCBMGN-UHFFFAOYSA-N,0,0,0,0,0,1
LEGACY-INCHIKEY-NBRKLEDEGVHUQL-UHFFFAOYSA-N,NBRKLEDEGVHUQL-UHFFFAOYSA-N,formolecular/novo_horizonte/banco_mestre_unificado.csv,MASTER_UNIFIED,NBRKLEDEGVHUQL-UHFFFAOYSA-N,0,0,0,0,0,1
LEGACY-INCHIKEY-NBTLBKQTIBAXOX-UHFFFAOYSA-N,NBTLBKQTIBAXOX-UHFFFAOYSA-N,formolecular/novo_horizonte/banco_mestre_unificado.csv,MASTER_UNIFIED,NBTLBKQTIBAXOX-UHFFFAOYSA-N,0,0,0,0,0,1
LEGACY-INCHIKEY-NBTLINHACIHYLV-UHFFFAOYSA-N,NBTLINHACIHYLV-UHFFFAOYSA-N,formolecular/novo_horizonte/banco_mestre_unificado.csv,MASTER_UNIFIED,NBTLINHACIHYLV-UHFFFAOYSA-N,0,0,0,0,0,1
LEGACY-INCHIKEY-NBVYRDDKCCAAGF-UHFFFAOYSA-N,NBVYRDDKCCAAGF-UHFFFAOYSA-N,formolecular/novo_horizonte/banco_mestre_unificado.csv,MASTER_UNIFIED,NBVYRDDKCCAAGF-UHFFFAOYSA-N,0,0,0,0,0,1
LEGACY-INCHIKEY-NBYWMFLJRPMGAG-UHFFFAOYSA-N,NBYWMFLJRPMGAG-UHFFFAOYSA-N,formolecular/novo_horizonte/banco_mestre_unificado.csv,MASTER_UNIFIED,NBYWMFLJRPMGAG-UHFFFAOYSA-N,0,0,0,0,0,1
LEGACY-INCHIKEY-NBZRIGJXXIBZJC-UHFFFAOYSA-N,NBZRIGJXXIBZJC-UHFFFAOYSA-N,formolecular/novo_horizonte/banco_mestre_unificado.csv,MASTER_UNIFIED,NBZRIGJXXIBZJC-UHFFFAOYSA-N,0,0,0,0,0,1
LEGACY-INCHIKEY-NCBQFDDNVQDQCS-UHFFFAOYSA-N,NCBQFDDNVQDQCS-UHFFFAOYSA-N,formolecular/novo_horizonte/banco_mestre_unificado.csv,MASTER_UNIFIED,NCBQFDDNVQDQCS-UHFFFAOYSA-N,0,0,0,0,0,1
LEGACY-INCHIKEY-NCBUUCKARJBXFZ-UHFFFAOYSA-N,NCBUUCKARJBXFZ-UHFFFAOYSA-N,formolecular/novo_horizonte/banco_mestre_unificado.csv,MASTER_UNIFIED,NCBUUCKARJBXFZ-UHFFFAOYSA-N,0,0,0,0,0,1
LEGACY-INCHIKEY-NCDQUFOUFSNQBB-UHFFFAOYSA-N,NCDQUFOUFSNQBB-UHFFFAOYSA-N,formolecular/novo_horizonte/banco_mestre_unificado.csv,MASTER_UNIFIED,NCDQUFOUFSNQBB-UHFFFAOYSA-N,0,0,0,0,0,1
LEGACY-INCHIKEY-NCLSEAYRRAYDNJ-UHFFFAOYSA-N,NCLSEAYRRAYDNJ-UHFFFAOYSA-N,formolecular/novo_horizonte/banco_mestre_unificado.csv,MASTER_UNIFIED,NCLSEAYRRAYDNJ-UHFFFAOYSA-N,0,0,0,0,0,1
LEGACY-INCHIKEY-NCPRNAAAKAPLSP-UHFFFAOYSA-N,NCPRNAAAKAPLSP-UHFFFAOYSA-N,formolecular/novo_horizonte/banco_mestre_unificado.csv,MASTER_UNIFIED,NCPRNAAAKAPLSP-UHFFFAOYSA-N,0,0,0,0,0,1
LEGACY-INCHIKEY-NCRRVNOTLOJEOB-UHFFFAOYSA-N,NCRRVNOTLOJEOB-UHFFFAOYSA-N,formolecular/novo_horizonte/banco_mestre_unificado.csv,MASTER_UNIFIED,NCRRVNOTLOJEOB-UHFFFAOYSA-N,0,0,0,0,0,1
LEGACY-INCHIKEY-NDBCJKISFIDDHT-UHFFFAOYSA-N,NDBCJKISFIDDHT-UHFFFAOYSA-N,formolecular/novo_horizonte/banco_mestre_unificado.csv,MASTER_UNIFIED,NDBCJKISFIDDHT-UHFFFAOYSA-N,0,0,0,0,0,1
LEGACY-INCHIKEY-NDECNZQWXOKJFJ-UHFFFAOYSA-N,NDECNZQWXOKJFJ-UHFFFAOYSA-N,formolecular/novo_horizonte/banco_mestre_unificado.csv,MASTER_UNIFIED,NDECNZQWXOKJFJ-UHFFFAOYSA-N,0,0,0,0,0,1
LEGACY-INCHIKEY-NDFAVMCCUQNGQZ-UHFFFAOYSA-N,NDFAVMCCUQNGQZ-UHFFFAOYSA-N,formolecular/novo_horizonte/banco_mestre_unificado.csv,MASTER_UNIFIED,NDFAVMCCUQNGQZ-UHFFFAOYSA-N,0,0,0,0,0,1
LEGACY-INCHIKEY-NDFSJAUARRUMPB-UHFFFAOYSA-N,NDFSJAUARRUMPB-UHFFFAOYSA-N,formolecular/novo_horizonte/banco_mestre_unificado.csv,MASTER_UNIFIED,NDFSJAUARRUMPB-UHFFFAOYSA-N,0,0,0,0,0,1
LEGACY-INCHIKEY-NDWVXZXJPAXYQO-UHFFFAOYSA-N,NDWVXZXJPAXYQO-UHFFFAOYSA-N,formolecular/novo_horizonte/banco_mestre_unificado.csv,MASTER_UNIFIED,NDWVXZXJPAXYQO-UHFFFAOYSA-N,0,0,0,0,0,1
LEGACY-INCHIKEY-NEFUHZULFRMBAY-UHFFFAOYSA-N,NEFUHZULFRMBAY-UHFFFAOYSA-N,formolecular/novo_horizonte/banco_mestre_unificado.csv,MASTER_UNIFIED,NEFUHZULFRMBAY-UHFFFAOYSA-N,0,0,0,0,0,1
LEGACY-INCHIKEY-NEIMNJNCOCXZEP-UHFFFAOYSA-N,NEIMNJNCOCXZEP-UHFFFAOYSA-N,formolecular/novo_horizonte/banco_mestre_unificado.csv,MASTER_UNIFIED,NEIMNJNCOCXZEP-UHFFFAOYSA-N,0,0,0,0,0,1
LEGACY-INCHIKEY-NELCAGXIFHJGFA-UHFFFAOYSA-N,NELCAGXIFHJGFA-UHFFFAOYSA-N,formolecular/novo_horizonte/banco_mestre_unificado.csv,MASTER_UNIFIED,NELCAGXIFHJGFA-UHFFFAOYSA-N,0,0,0,0,0,1
LEGACY-INCHIKEY-NEZKGQJPBZADEW-UHFFFAOYSA-N,NEZKGQJPBZADEW-UHFFFAOYSA-N,formolecular/novo_horizonte/banco_mestre_unificado.csv,MASTER_UNIFIED,NEZKGQJPBZADEW-UHFFFAOYSA-N,0,0,0,0,0,1
LEGACY-INCHIKEY-NEZULQMWZDDBEB-UHFFFAOYSA-N,NEZULQMWZDDBEB-UHFFFAOYSA-N,formolecular/novo_horizonte/banco_mestre_unificado.csv,MASTER_UNIFIED,NEZULQMWZDDBEB-UHFFFAOYSA-N,0,0,0,0,0,1
LEGACY-INCHIKEY-NFGLGPPLVAXADY-UHFFFAOYSA-N,NFGLGPPLVAXADY-UHFFFAOYSA-N,formolecular/novo_horizonte/banco_mestre_unificado.csv,MASTER_UNIFIED,NFGLGPPLVAXADY-UHFFFAOYSA-N,0,0,0,0,0,1
LEGACY-INCHIKEY-NFMXUWYDSYYSDR-UHFFFAOYSA-N,NFMXUWYDSYYSDR-UHFFFAOYSA-N,formolecular/novo_horizonte/banco_mestre_unificado.csv,MASTER_UNIFIED,NFMXUWYDSYYSDR-UHFFFAOYSA-N,0,0,0,0,0,1
LEGACY-INCHIKEY-NFOBXOAATXOZSC-UHFFFAOYSA-N,NFOBXOAATXOZSC-UHFFFAOYSA-N,formolecular/novo_horizonte/banco_mestre_unificado.csv,MASTER_UNIFIED,NFOBXOAATXOZSC-UHFFFAOYSA-N,0,0,0,0,0,1
LEGACY-INCHIKEY-NFOYNGVKMCUYKB-UHFFFAOYSA-N,NFOYNGVKMCUYKB-UHFFFAOYSA-N,formolecular/novo_horizonte/banco_mestre_unificado.csv,MASTER_UNIFIED,NFOYNGVKMCUYKB-UHFFFAOYSA-N,0,0,0,0,0,1
LEGACY-INCHIKEY-NFSXLBGPJYKKNE-UHFFFAOYSA-N,NFSXLBGPJYKKNE-UHFFFAOYSA-N,formolecular/novo_horizonte/banco_mestre_unificado.csv,MASTER_UNIFIED,NFSXLBGPJYKKNE-UHFFFAOYSA-N,0,0,0,0,0,1
LEGACY-INCHIKEY-NFURBAVLQNXOEG-UHFFFAOYSA-N,NFURBAVLQNXOEG-UHFFFAOYSA-N,formolecular/novo_horizonte/banco_mestre_unificado.csv,MASTER_UNIFIED,NFURBAVLQNXOEG-UHFFFAOYSA-N,0,0,0,0,0,1
LEGACY-INCHIKEY-NFVJLPAIZWABDQ-UHFFFAOYSA-N,NFVJLPAIZWABDQ-UHFFFAOYSA-N,formolecular/novo_horizonte/banco_mestre_unificado.csv,MASTER_UNIFIED,NFVJLPAIZWABDQ-UHFFFAOYSA-N,0,0,0,0,0,1
LEGACY-INCHIKEY-NFXUABRGFCCWGB-UHFFFAOYSA-N,NFXUABRGFCCWGB-UHFFFAOYSA-N,formolecular/novo_horizonte/banco_mestre_unificado.csv,MASTER_UNIFIED,NFXUABRGFCCWGB-UHFFFAOYSA-N,0,0,0,0,0,1
LEGACY-INCHIKEY-NGCQDLJRGYBXMZ-UHFFFAOYSA-N,NGCQDLJRGYBXMZ-UHFFFAOYSA-N,formolecular/novo_horizonte/banco_mestre_unificado.csv,MASTER_UNIFIED,NGCQDLJRGYBXMZ-UHFFFAOYSA-N,0,0,0,0,0,1
LEGACY-INCHIKEY-NGNYXYOXLRACDB-UHFFFAOYSA-N,NGNYXYOXLRACDB-UHFFFAOYSA-N,formolecular/csv_elite_farma/RANKING_FARMACOS_ELITE_ADMET.csv,FARMA_ELITE,NGNYXYOXLRACDB-UHFFFAOYSA-N,0,1,0,0,0,0
LEGACY-INCHIKEY-NGOVJIPFOPWZRA-UHFFFAOYSA-N,NGOVJIPFOPWZRA-UHFFFAOYSA-N,formolecular/novo_horizonte/banco_mestre_unificado.csv,MASTER_UNIFIED,NGOVJIPFOPWZRA-UHFFFAOYSA-N,0,0,0,0,0,1
LEGACY-INCHIKEY-NGRNRPSTQLLYJE-UHFFFAOYSA-N,NGRNRPSTQLLYJE-UHFFFAOYSA-N,formolecular/novo_horizonte/banco_mestre_unificado.csv,MASTER_UNIFIED,NGRNRPSTQLLYJE-UHFFFAOYSA-N,0,0,0,0,0,1
LEGACY-INCHIKEY-NGTGMZMSKPVOJA-UHFFFAOYSA-N,NGTGMZMSKPVOJA-UHFFFAOYSA-N,formolecular/novo_horizonte/banco_mestre_unificado.csv,MASTER_UNIFIED,NGTGMZMSKPVOJA-UHFFFAOYSA-N,0,0,0,0,0,1
LEGACY-INCHIKEY-NGUKGEMLHORPQG-UHFFFAOYSA-N,NGUKGEMLHORPQG-UHFFFAOYSA-N,formolecular/novo_horizonte/banco_mestre_unificado.csv,MASTER_UNIFIED,NGUKGEMLHORPQG-UHFFFAOYSA-N,0,0,0,0,0,1
LEGACY-INCHIKEY-NGVHGGNSHDDPAR-UHFFFAOYSA-N,NGVHGGNSHDDPAR-UHFFFAOYSA-N,formolecular/novo_horizonte/banco_mestre_unificado.csv,MASTER_UNIFIED,NGVHGGNSHDDPAR-UHFFFAOYSA-N,0,0,0,0,0,1
LEGACY-INCHIKEY-NHAGDUXGRGBHNG-UHFFFAOYSA-N,NHAGDUXGRGBHNG-UHFFFAOYSA-N,formolecular/novo_horizonte/banco_mestre_unificado.csv,MASTER_UNIFIED,NHAGDUXGRGBHNG-UHFFFAOYSA-N,0,0,0,0,0,1
LEGACY-INCHIKEY-NHEYSMTYGWIRQP-UHFFFAOYSA-N,NHEYSMTYGWIRQP-UHFFFAOYSA-N,formolecular/novo_horizonte/banco_mestre_unificado.csv,MASTER_UNIFIED,NHEYSMTYGWIRQP-UHFFFAOYSA-N,0,0,0,0,0,1
LEGACY-INCHIKEY-NHGPQUKGJCYQTF-UHFFFAOYSA-N,NHGPQUKGJCYQTF-UHFFFAOYSA-N,formolecular/novo_horizonte/banco_mestre_unificado.csv,MASTER_UNIFIED,NHGPQUKGJCYQTF-UHFFFAOYSA-N,0,0,0,0,0,1
LEGACY-INCHIKEY-NHKUHQCBRVJCDZ-UHFFFAOYSA-N,NHKUHQCBRVJCDZ-UHFFFAOYSA-N,formolecular/csv_elite_farma/RANKING_FARMACOS_ELITE_ADMET.csv,FARMA_ELITE,NHKUHQCBRVJCDZ-UHFFFAOYSA-N,0,1,0,0,0,0
LEGACY-INCHIKEY-NHLKGVDMJVOPMU-UHFFFAOYSA-N,NHLKGVDMJVOPMU-UHFFFAOYSA-N,formolecular/novo_horizonte/banco_mestre_unificado.csv,MASTER_UNIFIED,NHLKGVDMJVOPMU-UHFFFAOYSA-N,0,0,0,0,0,1
LEGACY-INCHIKEY-NHRRIQUGSZPCCX-UHFFFAOYSA-N,NHRRIQUGSZPCCX-UHFFFAOYSA-N,formolecular/novo_horizonte/banco_mestre_unificado.csv,MASTER_UNIFIED,NHRRIQUGSZPCCX-UHFFFAOYSA-N,0,0,0,0,0,1
LEGACY-INCHIKEY-NIDXHYVITVCNOA-UHFFFAOYSA-N,NIDXHYVITVCNOA-UHFFFAOYSA-N,formolecular/novo_horizonte/banco_mestre_unificado.csv,MASTER_UNIFIED,NIDXHYVITVCNOA-UHFFFAOYSA-N,0,0,0,0,0,1
LEGACY-INCHIKEY-NIGIZWRTNOUDCW-UHFFFAOYSA-N,NIGIZWRTNOUDCW-UHFFFAOYSA-N,formolecular/novo_horizonte/banco_mestre_unificado.csv,MASTER_UNIFIED,NIGIZWRTNOUDCW-UHFFFAOYSA-N,0,0,0,0,0,1
LEGACY-INCHIKEY-NIHJMCFAIQOOBK-UHFFFAOYSA-N,NIHJMCFAIQOOBK-UHFFFAOYSA-N,formolecular/novo_horizonte/banco_mestre_unificado.csv,MASTER_UNIFIED,NIHJMCFAIQOOBK-UHFFFAOYSA-N,0,0,0,0,0,1
LEGACY-INCHIKEY-NIJYFZTZESXNLD-UHFFFAOYSA-N,NIJYFZTZESXNLD-UHFFFAOYSA-N,formolecular/novo_horizonte/banco_mestre_unificado.csv,MASTER_UNIFIED,NIJYFZTZESXNLD-UHFFFAOYSA-N,0,0,0,0,0,1
LEGACY-INCHIKEY-NINQDIXNKRAIDB-UHFFFAOYSA-N,NINQDIXNKRAIDB-UHFFFAOYSA-N,formolecular/novo_horizonte/top10_validado_4EY7.csv,NH_VALIDATED_4EY7;NH_ISOLATED;MASTER_UNIFIED,NINQDIXNKRAIDB-UHFFFAOYSA-N,0,0,0,1,1,1
LEGACY-INCHIKEY-NIOKJASWXSKZFF-UHFFFAOYSA-N,NIOKJASWXSKZFF-UHFFFAOYSA-N,formolecular/novo_horizonte/banco_mestre_unificado.csv,MASTER_UNIFIED,NIOKJASWXSKZFF-UHFFFAOYSA-N,0,0,0,0,0,1
LEGACY-INCHIKEY-NIVNWUDGTPHJSN-UHFFFAOYSA-N,NIVNWUDGTPHJSN-UHFFFAOYSA-N,formolecular/novo_horizonte/banco_mestre_unificado.csv,MASTER_UNIFIED,NIVNWUDGTPHJSN-UHFFFAOYSA-N,0,0,0,0,0,1
LEGACY-INCHIKEY-NIWKUWJOKKXMMC-UHFFFAOYSA-N,NIWKUWJOKKXMMC-UHFFFAOYSA-N,formolecular/novo_horizonte/banco_mestre_unificado.csv,MASTER_UNIFIED,NIWKUWJOKKXMMC-UHFFFAOYSA-N,0,0,0,0,0,1
LEGACY-INCHIKEY-NIXIGCZOHNFRGF-UHFFFAOYSA-N,NIXIGCZOHNFRGF-UHFFFAOYSA-N,formolecular/novo_horizonte/banco_mestre_unificado.csv,MASTER_UNIFIED,NIXIGCZOHNFRGF-UHFFFAOYSA-N,0,0,0,0,0,1
LEGACY-INCHIKEY-NJBOFWUMILWRRB-UHFFFAOYSA-N,NJBOFWUMILWRRB-UHFFFAOYSA-N,formolecular/novo_horizonte/banco_mestre_unificado.csv,MASTER_UNIFIED,NJBOFWUMILWRRB-UHFFFAOYSA-N,0,0,0,0,0,1
LEGACY-INCHIKEY-NJFSBKCWLNLLAM-UHFFFAOYSA-N,NJFSBKCWLNLLAM-UHFFFAOYSA-N,formolecular/novo_horizonte/banco_mestre_unificado.csv,MASTER_UNIFIED,NJFSBKCWLNLLAM-UHFFFAOYSA-N,0,0,0,0,0,1
LEGACY-INCHIKEY-NJGNOVULBHNJNG-UHFFFAOYSA-N,NJGNOVULBHNJNG-UHFFFAOYSA-N,formolecular/novo_horizonte/banco_mestre_unificado.csv,MASTER_UNIFIED,NJGNOVULBHNJNG-UHFFFAOYSA-N,0,0,0,0,0,1
LEGACY-INCHIKEY-NJOCSHMEIAWQKG-UHFFFAOYSA-N,NJOCSHMEIAWQKG-UHFFFAOYSA-N,formolecular/novo_horizonte/banco_mestre_unificado.csv,MASTER_UNIFIED,NJOCSHMEIAWQKG-UHFFFAOYSA-N,0,0,0,0,0,1
LEGACY-INCHIKEY-NJSDOZPVDLLDIT-UHFFFAOYSA-N,NJSDOZPVDLLDIT-UHFFFAOYSA-N,formolecular/novo_horizonte/banco_mestre_unificado.csv,MASTER_UNIFIED,NJSDOZPVDLLDIT-UHFFFAOYSA-N,0,0,0,0,0,1
LEGACY-INCHIKEY-NJSRGAUJBPJRQL-UHFFFAOYSA-N,NJSRGAUJBPJRQL-UHFFFAOYSA-N,formolecular/novo_horizonte/banco_mestre_unificado.csv,MASTER_UNIFIED,NJSRGAUJBPJRQL-UHFFFAOYSA-N,0,0,0,0,0,1
LEGACY-INCHIKEY-NJVZKDFMWCKMPM-UHFFFAOYSA-N,NJVZKDFMWCKMPM-UHFFFAOYSA-N,formolecular/novo_horizonte/banco_mestre_unificado.csv,MASTER_UNIFIED,NJVZKDFMWCKMPM-UHFFFAOYSA-N,0,0,0,0,0,1
LEGACY-INCHIKEY-NKPKJJWTQQPUOU-UHFFFAOYSA-N,NKPKJJWTQQPUOU-UHFFFAOYSA-N,formolecular/novo_horizonte/banco_mestre_unificado.csv,MASTER_UNIFIED,NKPKJJWTQQPUOU-UHFFFAOYSA-N,0,0,0,0,0,1
LEGACY-INCHIKEY-NKVBJLYHXFQHDM-UHFFFAOYSA-N,NKVBJLYHXFQHDM-UHFFFAOYSA-N,formolecular/novo_horizonte/banco_mestre_unificado.csv,MASTER_UNIFIED,NKVBJLYHXFQHDM-UHFFFAOYSA-N,0,0,0,0,0,1
LEGACY-INCHIKEY-NLCDDQFMNDOTDG-UHFFFAOYSA-N,NLCDDQFMNDOTDG-UHFFFAOYSA-N,formolecular/novo_horizonte/banco_mestre_unificado.csv,MASTER_UNIFIED,NLCDDQFMNDOTDG-UHFFFAOYSA-N,0,0,0,0,0,1
LEGACY-INCHIKEY-NLNOKXBAWOXSKZ-UHFFFAOYSA-N,NLNOKXBAWOXSKZ-UHFFFAOYSA-N,formolecular/novo_horizonte/banco_mestre_unificado.csv,MASTER_UNIFIED,NLNOKXBAWOXSKZ-UHFFFAOYSA-N,0,0,0,0,0,1
LEGACY-INCHIKEY-NLOKTERXUBNKKB-UHFFFAOYSA-N,NLOKTERXUBNKKB-UHFFFAOYSA-N,formolecular/novo_horizonte/banco_mestre_unificado.csv,MASTER_UNIFIED,NLOKTERXUBNKKB-UHFFFAOYSA-N,0,0,0,0,0,1
LEGACY-INCHIKEY-NLVNXWUSRNAKSU-UHFFFAOYSA-N,NLVNXWUSRNAKSU-UHFFFAOYSA-N,formolecular/novo_horizonte/banco_mestre_unificado.csv,MASTER_UNIFIED,NLVNXWUSRNAKSU-UHFFFAOYSA-N,0,0,0,0,0,1
LEGACY-INCHIKEY-NMIXMGVQAJSWNA-UHFFFAOYSA-N,NMIXMGVQAJSWNA-UHFFFAOYSA-N,formolecular/novo_horizonte/banco_mestre_unificado.csv,MASTER_UNIFIED,NMIXMGVQAJSWNA-UHFFFAOYSA-N,0,0,0,0,0,1
LEGACY-INCHIKEY-NMJPSPGNEWJSGE-UHFFFAOYSA-N,NMJPSPGNEWJSGE-UHFFFAOYSA-N,formolecular/novo_horizonte/banco_mestre_unificado.csv,MASTER_UNIFIED,NMJPSPGNEWJSGE-UHFFFAOYSA-N,0,0,0,0,0,1
LEGACY-INCHIKEY-NMKQLTVPYLFLFP-UHFFFAOYSA-N,NMKQLTVPYLFLFP-UHFFFAOYSA-N,formolecular/novo_horizonte/banco_mestre_unificado.csv,MASTER_UNIFIED,NMKQLTVPYLFLFP-UHFFFAOYSA-N,0,0,0,0,0,1
LEGACY-INCHIKEY-NMOUBMXDIDCIAB-UHFFFAOYSA-N,NMOUBMXDIDCIAB-UHFFFAOYSA-N,formolecular/novo_horizonte/banco_mestre_unificado.csv,MASTER_UNIFIED,NMOUBMXDIDCIAB-UHFFFAOYSA-N,0,0,0,0,0,1
LEGACY-INCHIKEY-NMULEWMBMKSHPI-UHFFFAOYSA-N,NMULEWMBMKSHPI-UHFFFAOYSA-N,formolecular/novo_horizonte/banco_mestre_unificado.csv,MASTER_UNIFIED,NMULEWMBMKSHPI-UHFFFAOYSA-N,0,0,0,0,0,1
LEGACY-INCHIKEY-NNICQSFEDAUJOQ-UHFFFAOYSA-N,NNICQSFEDAUJOQ-UHFFFAOYSA-N,formolecular/novo_horizonte/banco_mestre_unificado.csv,MASTER_UNIFIED,NNICQSFEDAUJOQ-UHFFFAOYSA-N,0,0,0,0,0,1
LEGACY-INCHIKEY-NNKUGDNCQJKUEL-UHFFFAOYSA-N,NNKUGDNCQJKUEL-UHFFFAOYSA-N,formolecular/novo_horizonte/banco_mestre_unificado.csv,MASTER_UNIFIED,NNKUGDNCQJKUEL-UHFFFAOYSA-N,0,0,0,0,0,1
LEGACY-INCHIKEY-NNOUMJTZLJSUNC-UHFFFAOYSA-N,NNOUMJTZLJSUNC-UHFFFAOYSA-N,formolecular/novo_horizonte/banco_mestre_unificado.csv,MASTER_UNIFIED,NNOUMJTZLJSUNC-UHFFFAOYSA-N,0,0,0,0,0,1
LEGACY-INCHIKEY-NNPWGQLDHMLGEA-UHFFFAOYSA-N,NNPWGQLDHMLGEA-UHFFFAOYSA-N,formolecular/novo_horizonte/banco_mestre_unificado.csv,MASTER_UNIFIED,NNPWGQLDHMLGEA-UHFFFAOYSA-N,0,0,0,0,0,1
LEGACY-INCHIKEY-NNQAZMYHPJWJMH-UHFFFAOYSA-N,NNQAZMYHPJWJMH-UHFFFAOYSA-N,formolecular/csv_elite_farma/RANKING_FARMACOS_ELITE_ADMET.csv,FARMA_ELITE,NNQAZMYHPJWJMH-UHFFFAOYSA-N,0,1,0,0,0,0
LEGACY-INCHIKEY-NNUXMUMCJJRSDV-UHFFFAOYSA-N,NNUXMUMCJJRSDV-UHFFFAOYSA-N,formolecular/novo_horizonte/banco_mestre_unificado.csv,MASTER_UNIFIED,NNUXMUMCJJRSDV-UHFFFAOYSA-N,0,0,0,0,0,1
LEGACY-INCHIKEY-NNXBUPGUUZQCGN-UHFFFAOYSA-N,NNXBUPGUUZQCGN-UHFFFAOYSA-N,formolecular/novo_horizonte/banco_mestre_unificado.csv,MASTER_UNIFIED,NNXBUPGUUZQCGN-UHFFFAOYSA-N,0,0,0,0,0,1
LEGACY-INCHIKEY-NNYMIKNHZAFFGT-UHFFFAOYSA-N,NNYMIKNHZAFFGT-UHFFFAOYSA-N,formolecular/novo_horizonte/banco_mestre_unificado.csv,MASTER_UNIFIED,NNYMIKNHZAFFGT-UHFFFAOYSA-N,0,0,0,0,0,1
LEGACY-INCHIKEY-NOGPNMVHQTVUEM-UHFFFAOYSA-N,NOGPNMVHQTVUEM-UHFFFAOYSA-N,formolecular/novo_horizonte/banco_mestre_unificado.csv,MASTER_UNIFIED,NOGPNMVHQTVUEM-UHFFFAOYSA-N,0,0,0,0,0,1
LEGACY-INCHIKEY-NOMZTYAMETUIFQ-UHFFFAOYSA-N,NOMZTYAMETUIFQ-UHFFFAOYSA-N,formolecular/novo_horizonte/banco_mestre_unificado.csv,MASTER_UNIFIED,NOMZTYAMETUIFQ-UHFFFAOYSA-N,0,0,0,0,0,1
LEGACY-INCHIKEY-NOPJXGFQLNEJQA-UHFFFAOYSA-N,NOPJXGFQLNEJQA-UHFFFAOYSA-N,formolecular/novo_horizonte/banco_mestre_unificado.csv,MASTER_UNIFIED,NOPJXGFQLNEJQA-UHFFFAOYSA-N,0,0,0,0,0,1
LEGACY-INCHIKEY-NOQHCAUEOWNDMV-UHFFFAOYSA-N,NOQHCAUEOWNDMV-UHFFFAOYSA-N,formolecular/novo_horizonte/banco_mestre_unificado.csv,MASTER_UNIFIED,NOQHCAUEOWNDMV-UHFFFAOYSA-N,0,0,0,0,0,1
LEGACY-INCHIKEY-NOSVUTQQYTTYTD-UHFFFAOYSA-N,NOSVUTQQYTTYTD-UHFFFAOYSA-N,formolecular/novo_horizonte/banco_mestre_unificado.csv,MASTER_UNIFIED,NOSVUTQQYTTYTD-UHFFFAOYSA-N,0,0,0,0,0,1
LEGACY-INCHIKEY-NOYRFJPKTFCFRK-UHFFFAOYSA-N,NOYRFJPKTFCFRK-UHFFFAOYSA-N,formolecular/novo_horizonte/banco_mestre_unificado.csv,MASTER_UNIFIED,NOYRFJPKTFCFRK-UHFFFAOYSA-N,0,0,0,0,0,1
LEGACY-INCHIKEY-NOYVGOFPFDROAE-UHFFFAOYSA-N,NOYVGOFPFDROAE-UHFFFAOYSA-N,formolecular/novo_horizonte/banco_mestre_unificado.csv,MASTER_UNIFIED,NOYVGOFPFDROAE-UHFFFAOYSA-N,0,0,0,0,0,1
LEGACY-INCHIKEY-NPCRHKVZQVGMSZ-UHFFFAOYSA-N,NPCRHKVZQVGMSZ-UHFFFAOYSA-N,formolecular/novo_horizonte/banco_mestre_unificado.csv,MASTER_UNIFIED,NPCRHKVZQVGMSZ-UHFFFAOYSA-N,0,0,0,0,0,1
LEGACY-INCHIKEY-NPHPBJDAHCNBBB-UHFFFAOYSA-N,NPHPBJDAHCNBBB-UHFFFAOYSA-N,formolecular/novo_horizonte/banco_mestre_unificado.csv,MASTER_UNIFIED,NPHPBJDAHCNBBB-UHFFFAOYSA-N,0,0,0,0,0,1
LEGACY-INCHIKEY-NPKLTRLKTSKCMS-UHFFFAOYSA-N,NPKLTRLKTSKCMS-UHFFFAOYSA-N,formolecular/novo_horizonte/banco_mestre_unificado.csv,MASTER_UNIFIED,NPKLTRLKTSKCMS-UHFFFAOYSA-N,0,0,0,0,0,1
LEGACY-INCHIKEY-NPLWVWFZHWGEDH-UHFFFAOYSA-N,NPLWVWFZHWGEDH-UHFFFAOYSA-N,formolecular/novo_horizonte/banco_mestre_unificado.csv,MASTER_UNIFIED,NPLWVWFZHWGEDH-UHFFFAOYSA-N,0,0,0,0,0,1
LEGACY-INCHIKEY-NPMBJWIIBMNUIF-UHFFFAOYSA-N,NPMBJWIIBMNUIF-UHFFFAOYSA-N,formolecular/novo_horizonte/banco_mestre_unificado.csv,MASTER_UNIFIED,NPMBJWIIBMNUIF-UHFFFAOYSA-N,0,0,0,0,0,1
LEGACY-INCHIKEY-NPVHOCQYQOSQDB-UHFFFAOYSA-N,NPVHOCQYQOSQDB-UHFFFAOYSA-N,formolecular/novo_horizonte/banco_mestre_unificado.csv,MASTER_UNIFIED,NPVHOCQYQOSQDB-UHFFFAOYSA-N,0,0,0,0,0,1
LEGACY-INCHIKEY-NQAJAJZHJQDAMO-UHFFFAOYSA-N,NQAJAJZHJQDAMO-UHFFFAOYSA-N,formolecular/novo_horizonte/banco_mestre_unificado.csv,MASTER_UNIFIED,NQAJAJZHJQDAMO-UHFFFAOYSA-N,0,0,0,0,0,1
LEGACY-INCHIKEY-NQDPVNWOMLNFAQ-UHFFFAOYSA-N,NQDPVNWOMLNFAQ-UHFFFAOYSA-N,formolecular/novo_horizonte/banco_mestre_unificado.csv,MASTER_UNIFIED,NQDPVNWOMLNFAQ-UHFFFAOYSA-N,0,0,0,0,0,1
LEGACY-INCHIKEY-NQJNVOGMIHLQBA-UHFFFAOYSA-N,NQJNVOGMIHLQBA-UHFFFAOYSA-N,formolecular/novo_horizonte/banco_mestre_unificado.csv,MASTER_UNIFIED,NQJNVOGMIHLQBA-UHFFFAOYSA-N,0,0,0,0,0,1
LEGACY-INCHIKEY-NQLCNTUPCASIMO-UHFFFAOYSA-N,NQLCNTUPCASIMO-UHFFFAOYSA-N,formolecular/novo_horizonte/banco_mestre_unificado.csv,MASTER_UNIFIED,NQLCNTUPCASIMO-UHFFFAOYSA-N,0,0,0,0,0,1
LEGACY-INCHIKEY-NQLJKBMLLAOIBI-UHFFFAOYSA-N,NQLJKBMLLAOIBI-UHFFFAOYSA-N,formolecular/novo_horizonte/banco_mestre_unificado.csv,MASTER_UNIFIED,NQLJKBMLLAOIBI-UHFFFAOYSA-N,0,0,0,0,0,1
LEGACY-INCHIKEY-NQOOXDYAMXDMML-UHFFFAOYSA-N,NQOOXDYAMXDMML-UHFFFAOYSA-N,formolecular/novo_horizonte/banco_mestre_unificado.csv,MASTER_UNIFIED,NQOOXDYAMXDMML-UHFFFAOYSA-N,0,0,0,0,0,1
LEGACY-INCHIKEY-NQPJTLSNZFAQEG-UHFFFAOYSA-N,NQPJTLSNZFAQEG-UHFFFAOYSA-N,formolecular/novo_horizonte/banco_mestre_unificado.csv,MASTER_UNIFIED,NQPJTLSNZFAQEG-UHFFFAOYSA-N,0,0,0,0,0,1
LEGACY-INCHIKEY-NQPNKKVTUNUFOO-UHFFFAOYSA-N,NQPNKKVTUNUFOO-UHFFFAOYSA-N,formolecular/novo_horizonte/banco_mestre_unificado.csv,MASTER_UNIFIED,NQPNKKVTUNUFOO-UHFFFAOYSA-N,0,0,0,0,0,1
LEGACY-INCHIKEY-NQWFBPRZRXGKNG-UHFFFAOYSA-N,NQWFBPRZRXGKNG-UHFFFAOYSA-N,formolecular/novo_horizonte/banco_mestre_unificado.csv,MASTER_UNIFIED,NQWFBPRZRXGKNG-UHFFFAOYSA-N,0,0,0,0,0,1
LEGACY-INCHIKEY-NQYKOWSUHBZEPF-UHFFFAOYSA-N,NQYKOWSUHBZEPF-UHFFFAOYSA-N,formolecular/novo_horizonte/banco_mestre_unificado.csv,MASTER_UNIFIED,NQYKOWSUHBZEPF-UHFFFAOYSA-N,0,0,0,0,0,1
LEGACY-INCHIKEY-NRDNIUPDINWCQQ-UHFFFAOYSA-N,NRDNIUPDINWCQQ-UHFFFAOYSA-N,formolecular/novo_horizonte/banco_mestre_unificado.csv,MASTER_UNIFIED,NRDNIUPDINWCQQ-UHFFFAOYSA-N,0,0,0,0,0,1
LEGACY-INCHIKEY-NRFFFYCAUFCNBA-UHFFFAOYSA-N,NRFFFYCAUFCNBA-UHFFFAOYSA-N,formolecular/novo_horizonte/banco_mestre_unificado.csv,MASTER_UNIFIED,NRFFFYCAUFCNBA-UHFFFAOYSA-N,0,0,0,0,0,1
LEGACY-INCHIKEY-NRFINDBVRXCWIY-UHFFFAOYSA-N,NRFINDBVRXCWIY-UHFFFAOYSA-N,formolecular/novo_horizonte/banco_mestre_unificado.csv,MASTER_UNIFIED,NRFINDBVRXCWIY-UHFFFAOYSA-N,0,0,0,0,0,1
LEGACY-INCHIKEY-NRGFGZRFDAEWAU-UHFFFAOYSA-N,NRGFGZRFDAEWAU-UHFFFAOYSA-N,formolecular/novo_horizonte/banco_mestre_unificado.csv,MASTER_UNIFIED,NRGFGZRFDAEWAU-UHFFFAOYSA-N,0,0,0,0,0,1
LEGACY-INCHIKEY-NSFMUNZGKZONDZ-UHFFFAOYSA-N,NSFMUNZGKZONDZ-UHFFFAOYSA-N,formolecular/novo_horizonte/banco_mestre_unificado.csv,MASTER_UNIFIED,NSFMUNZGKZONDZ-UHFFFAOYSA-N,0,0,0,0,0,1
LEGACY-INCHIKEY-NSJKBZBWLKACKS-UHFFFAOYSA-N,NSJKBZBWLKACKS-UHFFFAOYSA-N,formolecular/novo_horizonte/banco_mestre_unificado.csv,MASTER_UNIFIED,NSJKBZBWLKACKS-UHFFFAOYSA-N,0,0,0,0,0,1
LEGACY-INCHIKEY-NSKAERLIDFPMJB-UHFFFAOYSA-N,NSKAERLIDFPMJB-UHFFFAOYSA-N,formolecular/novo_horizonte/banco_mestre_unificado.csv,MASTER_UNIFIED,NSKAERLIDFPMJB-UHFFFAOYSA-N,0,0,0,0,0,1
LEGACY-INCHIKEY-NTLRPZVUSOYEPQ-UHFFFAOYSA-N,NTLRPZVUSOYEPQ-UHFFFAOYSA-N,formolecular/novo_horizonte/banco_mestre_unificado.csv,MASTER_UNIFIED,NTLRPZVUSOYEPQ-UHFFFAOYSA-N,0,0,0,0,0,1
LEGACY-INCHIKEY-NTNLIGUIHACIHB-UHFFFAOYSA-N,NTNLIGUIHACIHB-UHFFFAOYSA-N,formolecular/novo_horizonte/banco_mestre_unificado.csv,MASTER_UNIFIED,NTNLIGUIHACIHB-UHFFFAOYSA-N,0,0,0,0,0,1
LEGACY-INCHIKEY-NTUKMQFOTVPFDR-UHFFFAOYSA-N,NTUKMQFOTVPFDR-UHFFFAOYSA-N,formolecular/novo_horizonte/banco_mestre_unificado.csv,MASTER_UNIFIED,NTUKMQFOTVPFDR-UHFFFAOYSA-N,0,0,0,0,0,1
LEGACY-INCHIKEY-NUAHLUMUFJSNOA-UHFFFAOYSA-N,NUAHLUMUFJSNOA-UHFFFAOYSA-N,formolecular/novo_horizonte/banco_mestre_unificado.csv,MASTER_UNIFIED,NUAHLUMUFJSNOA-UHFFFAOYSA-N,0,0,0,0,0,1
LEGACY-INCHIKEY-NULGZZZCFBHJRE-UHFFFAOYSA-N,NULGZZZCFBHJRE-UHFFFAOYSA-N,formolecular/novo_horizonte/banco_mestre_unificado.csv,MASTER_UNIFIED,NULGZZZCFBHJRE-UHFFFAOYSA-N,0,0,0,0,0,1
LEGACY-INCHIKEY-NURKWYVTXLFOPL-UHFFFAOYSA-N,NURKWYVTXLFOPL-UHFFFAOYSA-N,formolecular/novo_horizonte/banco_mestre_unificado.csv,MASTER_UNIFIED,NURKWYVTXLFOPL-UHFFFAOYSA-N,0,0,0,0,0,1
LEGACY-INCHIKEY-NVFFPGSATCAMAD-UHFFFAOYSA-N,NVFFPGSATCAMAD-UHFFFAOYSA-N,formolecular/novo_horizonte/banco_mestre_unificado.csv,MASTER_UNIFIED,NVFFPGSATCAMAD-UHFFFAOYSA-N,0,0,0,0,0,1
LEGACY-INCHIKEY-NVSOKXNAOQSBGX-UHFFFAOYSA-N,NVSOKXNAOQSBGX-UHFFFAOYSA-N,formolecular/novo_horizonte/banco_mestre_unificado.csv,MASTER_UNIFIED,NVSOKXNAOQSBGX-UHFFFAOYSA-N,0,0,0,0,0,1
LEGACY-INCHIKEY-NWEQUBPZNMFAJY-UHFFFAOYSA-N,NWEQUBPZNMFAJY-UHFFFAOYSA-N,formolecular/novo_horizonte/banco_mestre_unificado.csv,MASTER_UNIFIED,NWEQUBPZNMFAJY-UHFFFAOYSA-N,0,0,0,0,0,1
LEGACY-INCHIKEY-NWLBBXDJCFBFNQ-UHFFFAOYSA-N,NWLBBXDJCFBFNQ-UHFFFAOYSA-N,formolecular/csv_elite_farma/RANKING_FARMACOS_ELITE_ADMET.csv,FARMA_ELITE,NWLBBXDJCFBFNQ-UHFFFAOYSA-N,0,1,0,0,0,0
LEGACY-INCHIKEY-NWMSUTYYXHGZBI-UHFFFAOYSA-N,NWMSUTYYXHGZBI-UHFFFAOYSA-N,formolecular/novo_horizonte/banco_mestre_unificado.csv,MASTER_UNIFIED,NWMSUTYYXHGZBI-UHFFFAOYSA-N,0,0,0,0,0,1
LEGACY-INCHIKEY-NXDHOGXONHOCHB-UHFFFAOYSA-N,NXDHOGXONHOCHB-UHFFFAOYSA-N,formolecular/novo_horizonte/banco_mestre_unificado.csv,MASTER_UNIFIED,NXDHOGXONHOCHB-UHFFFAOYSA-N,0,0,0,0,0,1
LEGACY-INCHIKEY-NXEYQXJOGSZWNE-UHFFFAOYSA-N,NXEYQXJOGSZWNE-UHFFFAOYSA-N,formolecular/novo_horizonte/banco_mestre_unificado.csv,MASTER_UNIFIED,NXEYQXJOGSZWNE-UHFFFAOYSA-N,0,0,0,0,0,1
LEGACY-INCHIKEY-NXGGFZZLHZMGKX-UHFFFAOYSA-N,NXGGFZZLHZMGKX-UHFFFAOYSA-N,formolecular/novo_horizonte/banco_mestre_unificado.csv,MASTER_UNIFIED,NXGGFZZLHZMGKX-UHFFFAOYSA-N,0,0,0,0,0,1
LEGACY-INCHIKEY-NXLKRWGLSYEZQQ-UHFFFAOYSA-N,NXLKRWGLSYEZQQ-UHFFFAOYSA-N,formolecular/novo_horizonte/banco_mestre_unificado.csv,MASTER_UNIFIED,NXLKRWGLSYEZQQ-UHFFFAOYSA-N,0,0,0,0,0,1
LEGACY-INCHIKEY-NXMLSDNVXXMVPF-UHFFFAOYSA-N,NXMLSDNVXXMVPF-UHFFFAOYSA-N,formolecular/novo_horizonte/banco_mestre_unificado.csv,MASTER_UNIFIED,NXMLSDNVXXMVPF-UHFFFAOYSA-N,0,0,0,0,0,1
LEGACY-INCHIKEY-NXSDXAGKIBMNSN-UHFFFAOYSA-N,NXSDXAGKIBMNSN-UHFFFAOYSA-N,formolecular/novo_horizonte/banco_mestre_unificado.csv,MASTER_UNIFIED,NXSDXAGKIBMNSN-UHFFFAOYSA-N,0,0,0,0,0,1
LEGACY-INCHIKEY-NXWFSNCJSDNEMC-UHFFFAOYSA-N,NXWFSNCJSDNEMC-UHFFFAOYSA-N,formolecular/novo_horizonte/banco_mestre_unificado.csv,MASTER_UNIFIED,NXWFSNCJSDNEMC-UHFFFAOYSA-N,0,0,0,0,0,1
LEGACY-INCHIKEY-NYJDISGGKHBIFJ-UHFFFAOYSA-N,NYJDISGGKHBIFJ-UHFFFAOYSA-N,formolecular/novo_horizonte/banco_mestre_unificado.csv,MASTER_UNIFIED,NYJDISGGKHBIFJ-UHFFFAOYSA-N,0,0,0,0,0,1
LEGACY-INCHIKEY-NYRMWIOVYNYQKV-UHFFFAOYSA-N,NYRMWIOVYNYQKV-UHFFFAOYSA-N,formolecular/novo_horizonte/banco_mestre_unificado.csv,MASTER_UNIFIED,NYRMWIOVYNYQKV-UHFFFAOYSA-N,0,0,0,0,0,1
LEGACY-INCHIKEY-NZLUKSZEXUHRHL-UHFFFAOYSA-N,NZLUKSZEXUHRHL-UHFFFAOYSA-N,formolecular/novo_horizonte/banco_mestre_unificado.csv,MASTER_UNIFIED,NZLUKSZEXUHRHL-UHFFFAOYSA-N,0,0,0,0,0,1
LEGACY-INCHIKEY-NZNGUEPHMNSQHI-UHFFFAOYSA-N,NZNGUEPHMNSQHI-UHFFFAOYSA-N,formolecular/novo_horizonte/banco_mestre_unificado.csv,MASTER_UNIFIED,NZNGUEPHMNSQHI-UHFFFAOYSA-N,0,0,0,0,0,1
LEGACY-INCHIKEY-NZOHMRVDCVRIIX-UHFFFAOYSA-N,NZOHMRVDCVRIIX-UHFFFAOYSA-N,formolecular/novo_horizonte/banco_mestre_unificado.csv,MASTER_UNIFIED,NZOHMRVDCVRIIX-UHFFFAOYSA-N,0,0,0,0,0,1
LEGACY-INCHIKEY-NZUXLIXMVPVALP-UHFFFAOYSA-N,NZUXLIXMVPVALP-UHFFFAOYSA-N,formolecular/novo_horizonte/banco_mestre_unificado.csv,MASTER_UNIFIED,NZUXLIXMVPVALP-UHFFFAOYSA-N,0,0,0,0,0,1
LEGACY-INCHIKEY-NZVKPDMDFKPMKL-UHFFFAOYSA-N,NZVKPDMDFKPMKL-UHFFFAOYSA-N,formolecular/novo_horizonte/banco_mestre_unificado.csv,MASTER_UNIFIED,NZVKPDMDFKPMKL-UHFFFAOYSA-N,0,0,0,0,0,1
LEGACY-INCHIKEY-NZWFJEKUPQTFJW-UHFFFAOYSA-N,NZWFJEKUPQTFJW-UHFFFAOYSA-N,formolecular/novo_horizonte/banco_mestre_unificado.csv,MASTER_UNIFIED,NZWFJEKUPQTFJW-UHFFFAOYSA-N,0,0,0,0,0,1
LEGACY-INCHIKEY-NZYGGXQCACCJMQ-UHFFFAOYSA-N,NZYGGXQCACCJMQ-UHFFFAOYSA-N,formolecular/novo_horizonte/banco_mestre_unificado.csv,MASTER_UNIFIED,NZYGGXQCACCJMQ-UHFFFAOYSA-N,0,0,0,0,0,1
LEGACY-INCHIKEY-OAKTYTOGNBVIRY-UHFFFAOYSA-N,OAKTYTOGNBVIRY-UHFFFAOYSA-N,formolecular/novo_horizonte/banco_mestre_unificado.csv,MASTER_UNIFIED,OAKTYTOGNBVIRY-UHFFFAOYSA-N,0,0,0,0,0,1
LEGACY-INCHIKEY-OARKOLHHJSESON-UHFFFAOYSA-N,OARKOLHHJSESON-UHFFFAOYSA-N,formolecular/novo_horizonte/banco_mestre_unificado.csv,MASTER_UNIFIED,OARKOLHHJSESON-UHFFFAOYSA-N,0,0,0,0,0,1
LEGACY-INCHIKEY-OATWLUBPOLDFQX-UHFFFAOYSA-N,OATWLUBPOLDFQX-UHFFFAOYSA-N,formolecular/novo_horizonte/banco_mestre_unificado.csv,MASTER_UNIFIED,OATWLUBPOLDFQX-UHFFFAOYSA-N,0,0,0,0,0,1
LEGACY-INCHIKEY-OAUSJBXNNWVJMP-UHFFFAOYSA-N,OAUSJBXNNWVJMP-UHFFFAOYSA-N,formolecular/novo_horizonte/banco_mestre_unificado.csv,MASTER_UNIFIED,OAUSJBXNNWVJMP-UHFFFAOYSA-N,0,0,0,0,0,1
LEGACY-INCHIKEY-OAUUQNREHQKMSB-UHFFFAOYSA-N,OAUUQNREHQKMSB-UHFFFAOYSA-N,formolecular/novo_horizonte/banco_mestre_unificado.csv,MASTER_UNIFIED,OAUUQNREHQKMSB-UHFFFAOYSA-N,0,0,0,0,0,1
LEGACY-INCHIKEY-OBBGFULESPFZHI-UHFFFAOYSA-N,OBBGFULESPFZHI-UHFFFAOYSA-N,formolecular/novo_horizonte/banco_mestre_unificado.csv,MASTER_UNIFIED,OBBGFULESPFZHI-UHFFFAOYSA-N,0,0,0,0,0,1
LEGACY-INCHIKEY-OBGAKNWNAWZPPI-UHFFFAOYSA-N,OBGAKNWNAWZPPI-UHFFFAOYSA-N,formolecular/novo_horizonte/banco_mestre_unificado.csv,MASTER_UNIFIED,OBGAKNWNAWZPPI-UHFFFAOYSA-N,0,0,0,0,0,1
LEGACY-INCHIKEY-OBGFZAFUIXHBFJ-UHFFFAOYSA-N,OBGFZAFUIXHBFJ-UHFFFAOYSA-N,formolecular/novo_horizonte/banco_mestre_unificado.csv,MASTER_UNIFIED,OBGFZAFUIXHBFJ-UHFFFAOYSA-N,0,0,0,0,0,1
LEGACY-INCHIKEY-OBGKJEARHVNJDM-UHFFFAOYSA-N,OBGKJEARHVNJDM-UHFFFAOYSA-N,formolecular/novo_horizonte/banco_mestre_unificado.csv,MASTER_UNIFIED,OBGKJEARHVNJDM-UHFFFAOYSA-N,0,0,0,0,0,1
LEGACY-INCHIKEY-OBLSPBMQBHQCQE-UHFFFAOYSA-N,OBLSPBMQBHQCQE-UHFFFAOYSA-N,formolecular/novo_horizonte/banco_mestre_unificado.csv,MASTER_UNIFIED,OBLSPBMQBHQCQE-UHFFFAOYSA-N,0,0,0,0,0,1
LEGACY-INCHIKEY-OBOKFGRFCVBILQ-UHFFFAOYSA-N,OBOKFGRFCVBILQ-UHFFFAOYSA-N,formolecular/novo_horizonte/banco_mestre_unificado.csv,MASTER_UNIFIED,OBOKFGRFCVBILQ-UHFFFAOYSA-N,0,0,0,0,0,1
LEGACY-INCHIKEY-OBSIUFCNRNYDTR-UHFFFAOYSA-N,OBSIUFCNRNYDTR-UHFFFAOYSA-N,formolecular/novo_horizonte/banco_mestre_unificado.csv,MASTER_UNIFIED,OBSIUFCNRNYDTR-UHFFFAOYSA-N,0,0,0,0,0,1
LEGACY-INCHIKEY-OBXBXDTZKJLARC-UHFFFAOYSA-N,OBXBXDTZKJLARC-UHFFFAOYSA-N,formolecular/novo_horizonte/banco_mestre_unificado.csv,MASTER_UNIFIED,OBXBXDTZKJLARC-UHFFFAOYSA-N,0,0,0,0,0,1
LEGACY-INCHIKEY-OCDJBXKPKBMGKZ-UHFFFAOYSA-N,OCDJBXKPKBMGKZ-UHFFFAOYSA-N,formolecular/novo_horizonte/banco_mestre_unificado.csv,MASTER_UNIFIED,OCDJBXKPKBMGKZ-UHFFFAOYSA-N,0,0,0,0,0,1
LEGACY-INCHIKEY-OCDPGOODBNVODY-UHFFFAOYSA-N,OCDPGOODBNVODY-UHFFFAOYSA-N,formolecular/novo_horizonte/banco_mestre_unificado.csv,MASTER_UNIFIED,OCDPGOODBNVODY-UHFFFAOYSA-N,0,0,0,0,0,1
LEGACY-INCHIKEY-OCELHOWVIQMULI-UHFFFAOYSA-N,OCELHOWVIQMULI-UHFFFAOYSA-N,formolecular/novo_horizonte/banco_mestre_unificado.csv,MASTER_UNIFIED,OCELHOWVIQMULI-UHFFFAOYSA-N,0,0,0,0,0,1
LEGACY-INCHIKEY-OCEUKTZTSRIROD-UHFFFAOYSA-N,OCEUKTZTSRIROD-UHFFFAOYSA-N,formolecular/novo_horizonte/banco_mestre_unificado.csv,MASTER_UNIFIED,OCEUKTZTSRIROD-UHFFFAOYSA-N,0,0,0,0,0,1
LEGACY-INCHIKEY-OCFMRXLVFCGSSD-UHFFFAOYSA-N,OCFMRXLVFCGSSD-UHFFFAOYSA-N,formolecular/novo_horizonte/banco_mestre_unificado.csv,MASTER_UNIFIED,OCFMRXLVFCGSSD-UHFFFAOYSA-N,0,0,0,0,0,1
LEGACY-INCHIKEY-OCKNHXSREVFIRR-UHFFFAOYSA-N,OCKNHXSREVFIRR-UHFFFAOYSA-N,formolecular/novo_horizonte/banco_mestre_unificado.csv,MASTER_UNIFIED,OCKNHXSREVFIRR-UHFFFAOYSA-N,0,0,0,0,0,1
LEGACY-INCHIKEY-OCLZVKWBWFXOEQ-UHFFFAOYSA-N,OCLZVKWBWFXOEQ-UHFFFAOYSA-N,formolecular/novo_horizonte/banco_mestre_unificado.csv,MASTER_UNIFIED,OCLZVKWBWFXOEQ-UHFFFAOYSA-N,0,0,0,0,0,1
LEGACY-INCHIKEY-OCNQYSSCDWRONX-UHFFFAOYSA-N,OCNQYSSCDWRONX-UHFFFAOYSA-N,formolecular/novo_horizonte/banco_mestre_unificado.csv,MASTER_UNIFIED,OCNQYSSCDWRONX-UHFFFAOYSA-N,0,0,0,0,0,1
LEGACY-INCHIKEY-OCZUWHJGHSLJQX-UHFFFAOYSA-N,OCZUWHJGHSLJQX-UHFFFAOYSA-N,formolecular/novo_horizonte/banco_mestre_unificado.csv,MASTER_UNIFIED,OCZUWHJGHSLJQX-UHFFFAOYSA-N,0,0,0,0,0,1
LEGACY-INCHIKEY-ODBQOLVPRDOHDY-UHFFFAOYSA-N,ODBQOLVPRDOHDY-UHFFFAOYSA-N,formolecular/novo_horizonte/banco_mestre_unificado.csv,MASTER_UNIFIED,ODBQOLVPRDOHDY-UHFFFAOYSA-N,0,0,0,0,0,1
LEGACY-INCHIKEY-ODFGAEPZGVANRZ-UHFFFAOYSA-N,ODFGAEPZGVANRZ-UHFFFAOYSA-N,formolecular/novo_horizonte/banco_mestre_unificado.csv,MASTER_UNIFIED,ODFGAEPZGVANRZ-UHFFFAOYSA-N,0,0,0,0,0,1
LEGACY-INCHIKEY-ODKPZYGWDNPMRE-UHFFFAOYSA-N,ODKPZYGWDNPMRE-UHFFFAOYSA-N,formolecular/novo_horizonte/banco_mestre_unificado.csv,MASTER_UNIFIED,ODKPZYGWDNPMRE-UHFFFAOYSA-N,0,0,0,0,0,1
LEGACY-INCHIKEY-ODZANUBFZWTAQC-UHFFFAOYSA-N,ODZANUBFZWTAQC-UHFFFAOYSA-N,formolecular/novo_horizonte/banco_mestre_unificado.csv,MASTER_UNIFIED,ODZANUBFZWTAQC-UHFFFAOYSA-N,0,0,0,0,0,1
LEGACY-INCHIKEY-OEGREFRYKNDPQL-UHFFFAOYSA-N,OEGREFRYKNDPQL-UHFFFAOYSA-N,formolecular/novo_horizonte/banco_mestre_unificado.csv,MASTER_UNIFIED,OEGREFRYKNDPQL-UHFFFAOYSA-N,0,0,0,0,0,1
LEGACY-INCHIKEY-OELCANXEQHTGOX-UHFFFAOYSA-N,OELCANXEQHTGOX-UHFFFAOYSA-N,formolecular/novo_horizonte/banco_mestre_unificado.csv,MASTER_UNIFIED,OELCANXEQHTGOX-UHFFFAOYSA-N,0,0,0,0,0,1
LEGACY-INCHIKEY-OELUVOGYCINXDO-UHFFFAOYSA-N,OELUVOGYCINXDO-UHFFFAOYSA-N,formolecular/novo_horizonte/banco_mestre_unificado.csv,MASTER_UNIFIED,OELUVOGYCINXDO-UHFFFAOYSA-N,0,0,0,0,0,1
LEGACY-INCHIKEY-OEOQYNPBFPCYSO-UHFFFAOYSA-N,OEOQYNPBFPCYSO-UHFFFAOYSA-N,formolecular/novo_horizonte/banco_mestre_unificado.csv,MASTER_UNIFIED,OEOQYNPBFPCYSO-UHFFFAOYSA-N,0,0,0,0,0,1
LEGACY-INCHIKEY-OEZIYTGESOMVNC-UHFFFAOYSA-N,OEZIYTGESOMVNC-UHFFFAOYSA-N,formolecular/novo_horizonte/banco_mestre_unificado.csv,MASTER_UNIFIED,OEZIYTGESOMVNC-UHFFFAOYSA-N,0,0,0,0,0,1
LEGACY-INCHIKEY-OFEZPJYDKBIAGP-UHFFFAOYSA-N,OFEZPJYDKBIAGP-UHFFFAOYSA-N,formolecular/novo_horizonte/banco_mestre_unificado.csv,MASTER_UNIFIED,OFEZPJYDKBIAGP-UHFFFAOYSA-N,0,0,0,0,0,1
LEGACY-INCHIKEY-OFLWJEXKSSWNIG-UHFFFAOYSA-N,OFLWJEXKSSWNIG-UHFFFAOYSA-N,formolecular/novo_horizonte/banco_mestre_unificado.csv,MASTER_UNIFIED,OFLWJEXKSSWNIG-UHFFFAOYSA-N,0,0,0,0,0,1
LEGACY-INCHIKEY-OFOWYEFKWXQAAW-UHFFFAOYSA-N,OFOWYEFKWXQAAW-UHFFFAOYSA-N,formolecular/novo_horizonte/banco_mestre_unificado.csv,MASTER_UNIFIED,OFOWYEFKWXQAAW-UHFFFAOYSA-N,0,0,0,0,0,1
LEGACY-INCHIKEY-OFPBSTDMWWHVJY-UHFFFAOYSA-N,OFPBSTDMWWHVJY-UHFFFAOYSA-N,formolecular/novo_horizonte/banco_mestre_unificado.csv,MASTER_UNIFIED,OFPBSTDMWWHVJY-UHFFFAOYSA-N,0,0,0,0,0,1
LEGACY-INCHIKEY-OFPDQCNYTVGOCN-UHFFFAOYSA-N,OFPDQCNYTVGOCN-UHFFFAOYSA-N,formolecular/novo_horizonte/banco_mestre_unificado.csv,MASTER_UNIFIED,OFPDQCNYTVGOCN-UHFFFAOYSA-N,0,0,0,0,0,1
LEGACY-INCHIKEY-OFPUPPNZCGXDQW-UHFFFAOYSA-N,OFPUPPNZCGXDQW-UHFFFAOYSA-N,formolecular/novo_horizonte/banco_mestre_unificado.csv,MASTER_UNIFIED,OFPUPPNZCGXDQW-UHFFFAOYSA-N,0,0,0,0,0,1
LEGACY-INCHIKEY-OGCOXIBCMGANLR-UHFFFAOYSA-N,OGCOXIBCMGANLR-UHFFFAOYSA-N,formolecular/novo_horizonte/banco_mestre_unificado.csv,MASTER_UNIFIED,OGCOXIBCMGANLR-UHFFFAOYSA-N,0,0,0,0,0,1
LEGACY-INCHIKEY-OGEAPHPYAVUAFJ-UHFFFAOYSA-N,OGEAPHPYAVUAFJ-UHFFFAOYSA-N,formolecular/novo_horizonte/banco_mestre_unificado.csv,MASTER_UNIFIED,OGEAPHPYAVUAFJ-UHFFFAOYSA-N,0,0,0,0,0,1
LEGACY-INCHIKEY-OGJCMPBEPYFPJR-UHFFFAOYSA-N,OGJCMPBEPYFPJR-UHFFFAOYSA-N,formolecular/novo_horizonte/banco_mestre_unificado.csv,MASTER_UNIFIED,OGJCMPBEPYFPJR-UHFFFAOYSA-N,0,0,0,0,0,1
LEGACY-INCHIKEY-OGJHWOLBLPDLNT-UHFFFAOYSA-N,OGJHWOLBLPDLNT-UHFFFAOYSA-N,formolecular/novo_horizonte/banco_mestre_unificado.csv,MASTER_UNIFIED,OGJHWOLBLPDLNT-UHFFFAOYSA-N,0,0,0,0,0,1
LEGACY-INCHIKEY-OGQPPXNJSKJXDF-UHFFFAOYSA-N,OGQPPXNJSKJXDF-UHFFFAOYSA-N,formolecular/novo_horizonte/banco_mestre_unificado.csv,MASTER_UNIFIED,OGQPPXNJSKJXDF-UHFFFAOYSA-N,0,0,0,0,0,1
LEGACY-INCHIKEY-OGUARUVIXBLYSY-UHFFFAOYSA-N,OGUARUVIXBLYSY-UHFFFAOYSA-N,formolecular/novo_horizonte/banco_mestre_unificado.csv,MASTER_UNIFIED,OGUARUVIXBLYSY-UHFFFAOYSA-N,0,0,0,0,0,1
LEGACY-INCHIKEY-OHTRNYHEJXLVAW-UHFFFAOYSA-N,OHTRNYHEJXLVAW-UHFFFAOYSA-N,formolecular/novo_horizonte/banco_mestre_unificado.csv,MASTER_UNIFIED,OHTRNYHEJXLVAW-UHFFFAOYSA-N,0,0,0,0,0,1
LEGACY-INCHIKEY-OHUMJHBOLCOSDE-UHFFFAOYSA-N,OHUMJHBOLCOSDE-UHFFFAOYSA-N,formolecular/novo_horizonte/banco_mestre_unificado.csv,MASTER_UNIFIED,OHUMJHBOLCOSDE-UHFFFAOYSA-N,0,0,0,0,0,1
LEGACY-INCHIKEY-OHYJZHNMHHYMMB-UHFFFAOYSA-N,OHYJZHNMHHYMMB-UHFFFAOYSA-N,formolecular/novo_horizonte/banco_mestre_unificado.csv,MASTER_UNIFIED,OHYJZHNMHHYMMB-UHFFFAOYSA-N,0,0,0,0,0,1
LEGACY-INCHIKEY-OIADQKVJVHQVCA-UHFFFAOYSA-N,OIADQKVJVHQVCA-UHFFFAOYSA-N,formolecular/novo_horizonte/banco_mestre_unificado.csv,MASTER_UNIFIED,OIADQKVJVHQVCA-UHFFFAOYSA-N,0,0,0,0,0,1
LEGACY-INCHIKEY-OICBPENAJVWTDY-UHFFFAOYSA-N,OICBPENAJVWTDY-UHFFFAOYSA-N,formolecular/novo_horizonte/banco_mestre_unificado.csv,MASTER_UNIFIED,OICBPENAJVWTDY-UHFFFAOYSA-N,0,0,0,0,0,1
LEGACY-INCHIKEY-OICHQHWESBZIKP-UHFFFAOYSA-N,OICHQHWESBZIKP-UHFFFAOYSA-N,formolecular/novo_horizonte/banco_mestre_unificado.csv,MASTER_UNIFIED,OICHQHWESBZIKP-UHFFFAOYSA-N,0,0,0,0,0,1
LEGACY-INCHIKEY-OICWUFRUZWLOJX-UHFFFAOYSA-N,OICWUFRUZWLOJX-UHFFFAOYSA-N,formolecular/novo_horizonte/banco_mestre_unificado.csv,MASTER_UNIFIED,OICWUFRUZWLOJX-UHFFFAOYSA-N,0,0,0,0,0,1
LEGACY-INCHIKEY-OIFKSOSVDAQRAN-UHFFFAOYSA-N,OIFKSOSVDAQRAN-UHFFFAOYSA-N,formolecular/novo_horizonte/banco_mestre_unificado.csv,MASTER_UNIFIED,OIFKSOSVDAQRAN-UHFFFAOYSA-N,0,0,0,0,0,1
LEGACY-INCHIKEY-OIGPUARMDDSHHP-UHFFFAOYSA-N,OIGPUARMDDSHHP-UHFFFAOYSA-N,formolecular/novo_horizonte/banco_mestre_unificado.csv,MASTER_UNIFIED,OIGPUARMDDSHHP-UHFFFAOYSA-N,0,0,0,0,0,1
LEGACY-INCHIKEY-OIMYFEUZJRAUBN-UHFFFAOYSA-N,OIMYFEUZJRAUBN-UHFFFAOYSA-N,formolecular/novo_horizonte/banco_mestre_unificado.csv,MASTER_UNIFIED,OIMYFEUZJRAUBN-UHFFFAOYSA-N,0,0,0,0,0,1
LEGACY-INCHIKEY-OIWWWHSPGWSRSY-UHFFFAOYSA-N,OIWWWHSPGWSRSY-UHFFFAOYSA-N,formolecular/novo_horizonte/banco_mestre_unificado.csv,MASTER_UNIFIED,OIWWWHSPGWSRSY-UHFFFAOYSA-N,0,0,0,0,0,1
LEGACY-INCHIKEY-OIXFQPVMDFOWBU-UHFFFAOYSA-N,OIXFQPVMDFOWBU-UHFFFAOYSA-N,formolecular/novo_horizonte/banco_mestre_unificado.csv,MASTER_UNIFIED,OIXFQPVMDFOWBU-UHFFFAOYSA-N,0,0,0,0,0,1
LEGACY-INCHIKEY-OIYPIIDPVLIPPY-UHFFFAOYSA-N,OIYPIIDPVLIPPY-UHFFFAOYSA-N,formolecular/novo_horizonte/banco_mestre_unificado.csv,MASTER_UNIFIED,OIYPIIDPVLIPPY-UHFFFAOYSA-N,0,0,0,0,0,1
LEGACY-INCHIKEY-OJDGNQGETJYUPC-UHFFFAOYSA-N,OJDGNQGETJYUPC-UHFFFAOYSA-N,formolecular/novo_horizonte/banco_mestre_unificado.csv,MASTER_UNIFIED,OJDGNQGETJYUPC-UHFFFAOYSA-N,0,0,0,0,0,1
LEGACY-INCHIKEY-OJMGIXDCVPJCHH-UHFFFAOYSA-N,OJMGIXDCVPJCHH-UHFFFAOYSA-N,formolecular/novo_horizonte/banco_mestre_unificado.csv,MASTER_UNIFIED,OJMGIXDCVPJCHH-UHFFFAOYSA-N,0,0,0,0,0,1
LEGACY-INCHIKEY-OJOHKSCAROSJRI-UHFFFAOYSA-N,OJOHKSCAROSJRI-UHFFFAOYSA-N,formolecular/novo_horizonte/banco_mestre_unificado.csv,MASTER_UNIFIED,OJOHKSCAROSJRI-UHFFFAOYSA-N,0,0,0,0,0,1
LEGACY-INCHIKEY-OJROOHKWFMZBFQ-UHFFFAOYSA-N,OJROOHKWFMZBFQ-UHFFFAOYSA-N,formolecular/novo_horizonte/banco_mestre_unificado.csv,MASTER_UNIFIED,OJROOHKWFMZBFQ-UHFFFAOYSA-N,0,0,0,0,0,1
LEGACY-INCHIKEY-OJWQMVLYRIKXRJ-UHFFFAOYSA-N,OJWQMVLYRIKXRJ-UHFFFAOYSA-N,formolecular/novo_horizonte/banco_mestre_unificado.csv,MASTER_UNIFIED,OJWQMVLYRIKXRJ-UHFFFAOYSA-N,0,0,0,0,0,1
LEGACY-INCHIKEY-OJWXSLUEGCBLRM-UHFFFAOYSA-N,OJWXSLUEGCBLRM-UHFFFAOYSA-N,formolecular/novo_horizonte/banco_mestre_unificado.csv,MASTER_UNIFIED,OJWXSLUEGCBLRM-UHFFFAOYSA-N,0,0,0,0,0,1
LEGACY-INCHIKEY-OJXOKCVWYKXBSX-UHFFFAOYSA-N,OJXOKCVWYKXBSX-UHFFFAOYSA-N,formolecular/novo_horizonte/banco_mestre_unificado.csv,MASTER_UNIFIED,OJXOKCVWYKXBSX-UHFFFAOYSA-N,0,0,0,0,0,1
LEGACY-INCHIKEY-OJZBAEUAIIXRGI-UHFFFAOYSA-N,OJZBAEUAIIXRGI-UHFFFAOYSA-N,formolecular/novo_horizonte/banco_mestre_unificado.csv,MASTER_UNIFIED,OJZBAEUAIIXRGI-UHFFFAOYSA-N,0,0,0,0,0,1
LEGACY-INCHIKEY-OKBKHDJAVBPCMC-UHFFFAOYSA-N,OKBKHDJAVBPCMC-UHFFFAOYSA-N,formolecular/novo_horizonte/banco_mestre_unificado.csv,MASTER_UNIFIED,OKBKHDJAVBPCMC-UHFFFAOYSA-N,0,0,0,0,0,1
LEGACY-INCHIKEY-OKLIVHRBHFMMKH-UHFFFAOYSA-N,OKLIVHRBHFMMKH-UHFFFAOYSA-N,formolecular/novo_horizonte/banco_mestre_unificado.csv,MASTER_UNIFIED,OKLIVHRBHFMMKH-UHFFFAOYSA-N,0,0,0,0,0,1
LEGACY-INCHIKEY-OKNKQYVSQYQMGB-UHFFFAOYSA-N,OKNKQYVSQYQMGB-UHFFFAOYSA-N,formolecular/novo_horizonte/banco_mestre_unificado.csv,MASTER_UNIFIED,OKNKQYVSQYQMGB-UHFFFAOYSA-N,0,0,0,0,0,1
LEGACY-INCHIKEY-OKYJMPDUZFOOQL-UHFFFAOYSA-N,OKYJMPDUZFOOQL-UHFFFAOYSA-N,formolecular/novo_horizonte/banco_mestre_unificado.csv,MASTER_UNIFIED,OKYJMPDUZFOOQL-UHFFFAOYSA-N,0,0,0,0,0,1
LEGACY-INCHIKEY-OKYUHSZCOWOBBE-UHFFFAOYSA-N,OKYUHSZCOWOBBE-UHFFFAOYSA-N,formolecular/novo_horizonte/banco_mestre_unificado.csv,MASTER_UNIFIED,OKYUHSZCOWOBBE-UHFFFAOYSA-N,0,0,0,0,0,1
LEGACY-INCHIKEY-OKZKSICEZGPZTI-UHFFFAOYSA-N,OKZKSICEZGPZTI-UHFFFAOYSA-N,formolecular/novo_horizonte/banco_mestre_unificado.csv,MASTER_UNIFIED,OKZKSICEZGPZTI-UHFFFAOYSA-N,0,0,0,0,0,1
LEGACY-INCHIKEY-OLCJNRLRPCYKCL-UHFFFAOYSA-N,OLCJNRLRPCYKCL-UHFFFAOYSA-N,formolecular/novo_horizonte/banco_mestre_unificado.csv,MASTER_UNIFIED,OLCJNRLRPCYKCL-UHFFFAOYSA-N,0,0,0,0,0,1
LEGACY-INCHIKEY-OLGKBXHGPMELKC-UHFFFAOYSA-N,OLGKBXHGPMELKC-UHFFFAOYSA-N,formolecular/novo_horizonte/banco_mestre_unificado.csv,MASTER_UNIFIED,OLGKBXHGPMELKC-UHFFFAOYSA-N,0,0,0,0,0,1
LEGACY-INCHIKEY-OLHLKWFLOMDGRR-UHFFFAOYSA-N,OLHLKWFLOMDGRR-UHFFFAOYSA-N,formolecular/novo_horizonte/banco_mestre_unificado.csv,MASTER_UNIFIED,OLHLKWFLOMDGRR-UHFFFAOYSA-N,0,0,0,0,0,1
LEGACY-INCHIKEY-OLJHJCOFQKUWRA-UHFFFAOYSA-N,OLJHJCOFQKUWRA-UHFFFAOYSA-N,formolecular/novo_horizonte/banco_mestre_unificado.csv,MASTER_UNIFIED,OLJHJCOFQKUWRA-UHFFFAOYSA-N,0,0,0,0,0,1
LEGACY-INCHIKEY-OLJYSXZIRUPGJE-UHFFFAOYSA-N,OLJYSXZIRUPGJE-UHFFFAOYSA-N,formolecular/novo_horizonte/banco_mestre_unificado.csv,MASTER_UNIFIED,OLJYSXZIRUPGJE-UHFFFAOYSA-N,0,0,0,0,0,1
LEGACY-INCHIKEY-OLPVHAINOPCMOR-UHFFFAOYSA-N,OLPVHAINOPCMOR-UHFFFAOYSA-N,formolecular/novo_horizonte/banco_mestre_unificado.csv,MASTER_UNIFIED,OLPVHAINOPCMOR-UHFFFAOYSA-N,0,0,0,0,0,1
LEGACY-INCHIKEY-OLQAHMRZPMSLFY-UHFFFAOYSA-N,OLQAHMRZPMSLFY-UHFFFAOYSA-N,formolecular/novo_horizonte/banco_mestre_unificado.csv,MASTER_UNIFIED,OLQAHMRZPMSLFY-UHFFFAOYSA-N,0,0,0,0,0,1
LEGACY-INCHIKEY-OMKMZFUANRTHBR-UHFFFAOYSA-N,OMKMZFUANRTHBR-UHFFFAOYSA-N,formolecular/novo_horizonte/banco_mestre_unificado.csv,MASTER_UNIFIED,OMKMZFUANRTHBR-UHFFFAOYSA-N,0,0,0,0,0,1
LEGACY-INCHIKEY-OMNPZIFKFPJNMD-UHFFFAOYSA-N,OMNPZIFKFPJNMD-UHFFFAOYSA-N,formolecular/novo_horizonte/banco_mestre_unificado.csv,MASTER_UNIFIED,OMNPZIFKFPJNMD-UHFFFAOYSA-N,0,0,0,0,0,1
LEGACY-INCHIKEY-OMSKQEDJSYFASS-UHFFFAOYSA-N,OMSKQEDJSYFASS-UHFFFAOYSA-N,formolecular/novo_horizonte/banco_mestre_unificado.csv,MASTER_UNIFIED,OMSKQEDJSYFASS-UHFFFAOYSA-N,0,0,0,0,0,1
LEGACY-INCHIKEY-OMUNEFITPVZEAN-UHFFFAOYSA-N,OMUNEFITPVZEAN-UHFFFAOYSA-N,formolecular/novo_horizonte/banco_mestre_unificado.csv,MASTER_UNIFIED,OMUNEFITPVZEAN-UHFFFAOYSA-N,0,0,0,0,0,1
LEGACY-INCHIKEY-OMYOYWWPGLPRAI-UHFFFAOYSA-N,OMYOYWWPGLPRAI-UHFFFAOYSA-N,formolecular/novo_horizonte/banco_mestre_unificado.csv,MASTER_UNIFIED,OMYOYWWPGLPRAI-UHFFFAOYSA-N,0,0,0,0,0,1
LEGACY-INCHIKEY-ONQJRIQSKWVKAA-UHFFFAOYSA-N,ONQJRIQSKWVKAA-UHFFFAOYSA-N,formolecular/novo_horizonte/banco_mestre_unificado.csv,MASTER_UNIFIED,ONQJRIQSKWVKAA-UHFFFAOYSA-N,0,0,0,0,0,1
LEGACY-INCHIKEY-ONRCSHLLAHIAFL-UHFFFAOYSA-N,ONRCSHLLAHIAFL-UHFFFAOYSA-N,formolecular/novo_horizonte/banco_mestre_unificado.csv,MASTER_UNIFIED,ONRCSHLLAHIAFL-UHFFFAOYSA-N,0,0,0,0,0,1
LEGACY-INCHIKEY-ONZPFDKTNDUHSQ-UHFFFAOYSA-N,ONZPFDKTNDUHSQ-UHFFFAOYSA-N,formolecular/novo_horizonte/banco_mestre_unificado.csv,MASTER_UNIFIED,ONZPFDKTNDUHSQ-UHFFFAOYSA-N,0,0,0,0,0,1
LEGACY-INCHIKEY-OOBGWSGLVFTLAU-UHFFFAOYSA-N,OOBGWSGLVFTLAU-UHFFFAOYSA-N,formolecular/novo_horizonte/banco_mestre_unificado.csv,MASTER_UNIFIED,OOBGWSGLVFTLAU-UHFFFAOYSA-N,0,0,0,0,0,1
LEGACY-INCHIKEY-OOFULGLRCCUXBS-UHFFFAOYSA-N,OOFULGLRCCUXBS-UHFFFAOYSA-N,formolecular/novo_horizonte/banco_mestre_unificado.csv,MASTER_UNIFIED,OOFULGLRCCUXBS-UHFFFAOYSA-N,0,0,0,0,0,1
LEGACY-INCHIKEY-OOIZNWDBDGLQCI-UHFFFAOYSA-N,OOIZNWDBDGLQCI-UHFFFAOYSA-N,formolecular/novo_horizonte/banco_mestre_unificado.csv,MASTER_UNIFIED,OOIZNWDBDGLQCI-UHFFFAOYSA-N,0,0,0,0,0,1
LEGACY-INCHIKEY-OOLOGVTUBFTBJQ-UHFFFAOYSA-N,OOLOGVTUBFTBJQ-UHFFFAOYSA-N,formolecular/novo_horizonte/banco_mestre_unificado.csv,MASTER_UNIFIED,OOLOGVTUBFTBJQ-UHFFFAOYSA-N,0,0,0,0,0,1
LEGACY-INCHIKEY-OOMGKHLBNASJCP-UHFFFAOYSA-N,OOMGKHLBNASJCP-UHFFFAOYSA-N,formolecular/novo_horizonte/banco_mestre_unificado.csv,MASTER_UNIFIED,OOMGKHLBNASJCP-UHFFFAOYSA-N,0,0,0,0,0,1
LEGACY-INCHIKEY-OOMOATDTDWYJLP-UHFFFAOYSA-N,OOMOATDTDWYJLP-UHFFFAOYSA-N,formolecular/novo_horizonte/banco_mestre_unificado.csv,MASTER_UNIFIED,OOMOATDTDWYJLP-UHFFFAOYSA-N,0,0,0,0,0,1
LEGACY-INCHIKEY-OOPQFEHXXUOZQH-UHFFFAOYSA-N,OOPQFEHXXUOZQH-UHFFFAOYSA-N,formolecular/novo_horizonte/banco_mestre_unificado.csv,MASTER_UNIFIED,OOPQFEHXXUOZQH-UHFFFAOYSA-N,0,0,0,0,0,1
LEGACY-INCHIKEY-OORPHRJPFHLDDS-UHFFFAOYSA-N,OORPHRJPFHLDDS-UHFFFAOYSA-N,formolecular/novo_horizonte/banco_mestre_unificado.csv,MASTER_UNIFIED,OORPHRJPFHLDDS-UHFFFAOYSA-N,0,0,0,0,0,1
LEGACY-INCHIKEY-OORXNPKQRKHLBX-UHFFFAOYSA-N,OORXNPKQRKHLBX-UHFFFAOYSA-N,formolecular/novo_horizonte/banco_mestre_unificado.csv,MASTER_UNIFIED,OORXNPKQRKHLBX-UHFFFAOYSA-N,0,0,0,0,0,1
LEGACY-INCHIKEY-OOTDKFHTODGCNH-UHFFFAOYSA-N,OOTDKFHTODGCNH-UHFFFAOYSA-N,formolecular/novo_horizonte/banco_mestre_unificado.csv,MASTER_UNIFIED,OOTDKFHTODGCNH-UHFFFAOYSA-N,0,0,0,0,0,1
LEGACY-INCHIKEY-OOTZRBDOGGYMNM-UHFFFAOYSA-N,OOTZRBDOGGYMNM-UHFFFAOYSA-N,formolecular/novo_horizonte/banco_mestre_unificado.csv,MASTER_UNIFIED,OOTZRBDOGGYMNM-UHFFFAOYSA-N,0,0,0,0,0,1
LEGACY-INCHIKEY-OPGNYPVKSBXZPJ-UHFFFAOYSA-N,OPGNYPVKSBXZPJ-UHFFFAOYSA-N,formolecular/novo_horizonte/banco_mestre_unificado.csv,MASTER_UNIFIED,OPGNYPVKSBXZPJ-UHFFFAOYSA-N,0,0,0,0,0,1
LEGACY-INCHIKEY-OPKRTDSCJFUTDK-UHFFFAOYSA-N,OPKRTDSCJFUTDK-UHFFFAOYSA-N,formolecular/novo_horizonte/banco_mestre_unificado.csv,MASTER_UNIFIED,OPKRTDSCJFUTDK-UHFFFAOYSA-N,0,0,0,0,0,1
LEGACY-INCHIKEY-OPMBKLBFLZOFES-UHFFFAOYSA-N,OPMBKLBFLZOFES-UHFFFAOYSA-N,formolecular/novo_horizonte/banco_mestre_unificado.csv,MASTER_UNIFIED,OPMBKLBFLZOFES-UHFFFAOYSA-N,0,0,0,0,0,1
LEGACY-INCHIKEY-OPORCJSKVKSLIY-UHFFFAOYSA-N,OPORCJSKVKSLIY-UHFFFAOYSA-N,formolecular/novo_horizonte/banco_mestre_unificado.csv,MASTER_UNIFIED,OPORCJSKVKSLIY-UHFFFAOYSA-N,0,0,0,0,0,1
LEGACY-INCHIKEY-OPPQRTPCPGBDBX-UHFFFAOYSA-N,OPPQRTPCPGBDBX-UHFFFAOYSA-N,formolecular/novo_horizonte/banco_mestre_unificado.csv,MASTER_UNIFIED,OPPQRTPCPGBDBX-UHFFFAOYSA-N,0,0,0,0,0,1
LEGACY-INCHIKEY-OPSDKODQWUUXPX-UHFFFAOYSA-N,OPSDKODQWUUXPX-UHFFFAOYSA-N,formolecular/novo_horizonte/banco_mestre_unificado.csv,MASTER_UNIFIED,OPSDKODQWUUXPX-UHFFFAOYSA-N,0,0,0,0,0,1
LEGACY-INCHIKEY-OPWJVCAXNQDEAN-UHFFFAOYSA-N,OPWJVCAXNQDEAN-UHFFFAOYSA-N,formolecular/novo_horizonte/banco_mestre_unificado.csv,MASTER_UNIFIED,OPWJVCAXNQDEAN-UHFFFAOYSA-N,0,0,0,0,0,1
LEGACY-INCHIKEY-OQAOATFLBZMEKZ-UHFFFAOYSA-N,OQAOATFLBZMEKZ-UHFFFAOYSA-N,formolecular/novo_horizonte/banco_mestre_unificado.csv,MASTER_UNIFIED,OQAOATFLBZMEKZ-UHFFFAOYSA-N,0,0,0,0,0,1
LEGACY-INCHIKEY-OQMJFHSTSFGLPS-UHFFFAOYSA-N,OQMJFHSTSFGLPS-UHFFFAOYSA-N,formolecular/novo_horizonte/banco_mestre_unificado.csv,MASTER_UNIFIED,OQMJFHSTSFGLPS-UHFFFAOYSA-N,0,0,0,0,0,1
LEGACY-INCHIKEY-OQZVVDHUSYVCCJ-UHFFFAOYSA-N,OQZVVDHUSYVCCJ-UHFFFAOYSA-N,formolecular/novo_horizonte/banco_mestre_unificado.csv,MASTER_UNIFIED,OQZVVDHUSYVCCJ-UHFFFAOYSA-N,0,0,0,0,0,1
LEGACY-INCHIKEY-ORAWFLYTEJDPEP-UHFFFAOYSA-N,ORAWFLYTEJDPEP-UHFFFAOYSA-N,formolecular/novo_horizonte/banco_mestre_unificado.csv,MASTER_UNIFIED,ORAWFLYTEJDPEP-UHFFFAOYSA-N,0,0,0,0,0,1
LEGACY-INCHIKEY-ORGFWFPBYNFAJA-UHFFFAOYSA-N,ORGFWFPBYNFAJA-UHFFFAOYSA-N,formolecular/novo_horizonte/banco_mestre_unificado.csv,MASTER_UNIFIED,ORGFWFPBYNFAJA-UHFFFAOYSA-N,0,0,0,0,0,1
LEGACY-INCHIKEY-ORJJTOGRNNMGQT-UHFFFAOYSA-N,ORJJTOGRNNMGQT-UHFFFAOYSA-N,formolecular/novo_horizonte/banco_mestre_unificado.csv,MASTER_UNIFIED,ORJJTOGRNNMGQT-UHFFFAOYSA-N,0,0,0,0,0,1
LEGACY-INCHIKEY-ORUMFPVAQBSPJB-UHFFFAOYSA-N,ORUMFPVAQBSPJB-UHFFFAOYSA-N,formolecular/novo_horizonte/banco_mestre_unificado.csv,MASTER_UNIFIED,ORUMFPVAQBSPJB-UHFFFAOYSA-N,0,0,0,0,0,1
LEGACY-INCHIKEY-OSBJLIWKMCHYOA-UHFFFAOYSA-N,OSBJLIWKMCHYOA-UHFFFAOYSA-N,formolecular/novo_horizonte/banco_mestre_unificado.csv,MASTER_UNIFIED,OSBJLIWKMCHYOA-UHFFFAOYSA-N,0,0,0,0,0,1
LEGACY-INCHIKEY-OSBSXRMJHSZWRA-UHFFFAOYSA-N,OSBSXRMJHSZWRA-UHFFFAOYSA-N,formolecular/csv_elite_farma/RANKING_FARMACOS_ELITE_ADMET.csv,FARMA_ELITE,OSBSXRMJHSZWRA-UHFFFAOYSA-N,0,1,0,0,0,0
LEGACY-INCHIKEY-OSCBMGPPOSXDAQ-UHFFFAOYSA-N,OSCBMGPPOSXDAQ-UHFFFAOYSA-N,formolecular/novo_horizonte/banco_mestre_unificado.csv,MASTER_UNIFIED,OSCBMGPPOSXDAQ-UHFFFAOYSA-N,0,0,0,0,0,1
LEGACY-INCHIKEY-OSYLRAISNRNLOE-UHFFFAOYSA-N,OSYLRAISNRNLOE-UHFFFAOYSA-N,formolecular/novo_horizonte/banco_mestre_unificado.csv,MASTER_UNIFIED,OSYLRAISNRNLOE-UHFFFAOYSA-N,0,0,0,0,0,1
LEGACY-INCHIKEY-OTDAWCUVXJDEOT-UHFFFAOYSA-N,OTDAWCUVXJDEOT-UHFFFAOYSA-N,formolecular/novo_horizonte/banco_mestre_unificado.csv,MASTER_UNIFIED,OTDAWCUVXJDEOT-UHFFFAOYSA-N,0,0,0,0,0,1
LEGACY-INCHIKEY-OTIWKIDSVKBXON-UHFFFAOYSA-N,OTIWKIDSVKBXON-UHFFFAOYSA-N,formolecular/novo_horizonte/banco_mestre_unificado.csv,MASTER_UNIFIED,OTIWKIDSVKBXON-UHFFFAOYSA-N,0,0,0,0,0,1
LEGACY-INCHIKEY-OTJFNAKMTAXJNJ-UHFFFAOYSA-N,OTJFNAKMTAXJNJ-UHFFFAOYSA-N,formolecular/novo_horizonte/banco_mestre_unificado.csv,MASTER_UNIFIED,OTJFNAKMTAXJNJ-UHFFFAOYSA-N,0,0,0,0,0,1
LEGACY-INCHIKEY-OTWFREJXQWKOSK-UHFFFAOYSA-N,OTWFREJXQWKOSK-UHFFFAOYSA-N,formolecular/novo_horizonte/banco_mestre_unificado.csv,MASTER_UNIFIED,OTWFREJXQWKOSK-UHFFFAOYSA-N,0,0,0,0,0,1
LEGACY-INCHIKEY-OTWIYSXEWQIEAA-UHFFFAOYSA-N,OTWIYSXEWQIEAA-UHFFFAOYSA-N,formolecular/novo_horizonte/banco_mestre_unificado.csv,MASTER_UNIFIED,OTWIYSXEWQIEAA-UHFFFAOYSA-N,0,0,0,0,0,1
LEGACY-INCHIKEY-OUGLYBNNUKILGP-UHFFFAOYSA-N,OUGLYBNNUKILGP-UHFFFAOYSA-N,formolecular/novo_horizonte/banco_mestre_unificado.csv,MASTER_UNIFIED,OUGLYBNNUKILGP-UHFFFAOYSA-N,0,0,0,0,0,1
LEGACY-INCHIKEY-OUIXDPNOIMQQME-UHFFFAOYSA-N,OUIXDPNOIMQQME-UHFFFAOYSA-N,formolecular/novo_horizonte/banco_mestre_unificado.csv,MASTER_UNIFIED,OUIXDPNOIMQQME-UHFFFAOYSA-N,0,0,0,0,0,1
LEGACY-INCHIKEY-OUPVIIQUGAZCGY-UHFFFAOYSA-N,OUPVIIQUGAZCGY-UHFFFAOYSA-N,formolecular/novo_horizonte/banco_mestre_unificado.csv,MASTER_UNIFIED,OUPVIIQUGAZCGY-UHFFFAOYSA-N,0,0,0,0,0,1
LEGACY-INCHIKEY-OUPVRYQRWZFKHO-UHFFFAOYSA-N,OUPVRYQRWZFKHO-UHFFFAOYSA-N,formolecular/novo_horizonte/banco_mestre_unificado.csv,MASTER_UNIFIED,OUPVRYQRWZFKHO-UHFFFAOYSA-N,0,0,0,0,0,1
LEGACY-INCHIKEY-OURCRANYFIBPQR-UHFFFAOYSA-N,OURCRANYFIBPQR-UHFFFAOYSA-N,formolecular/novo_horizonte/banco_mestre_unificado.csv,MASTER_UNIFIED,OURCRANYFIBPQR-UHFFFAOYSA-N,0,0,0,0,0,1
LEGACY-INCHIKEY-OUSNSDRFFBGMHP-UHFFFAOYSA-N,OUSNSDRFFBGMHP-UHFFFAOYSA-N,formolecular/novo_horizonte/banco_mestre_unificado.csv,MASTER_UNIFIED,OUSNSDRFFBGMHP-UHFFFAOYSA-N,0,0,0,0,0,1
LEGACY-INCHIKEY-OUVIYBSRSYZGHF-UHFFFAOYSA-N,OUVIYBSRSYZGHF-UHFFFAOYSA-N,formolecular/novo_horizonte/banco_mestre_unificado.csv,MASTER_UNIFIED,OUVIYBSRSYZGHF-UHFFFAOYSA-N,0,0,0,0,0,1
LEGACY-INCHIKEY-OUYKYZCVPRSYEJ-UHFFFAOYSA-N,OUYKYZCVPRSYEJ-UHFFFAOYSA-N,formolecular/novo_horizonte/banco_mestre_unificado.csv,MASTER_UNIFIED,OUYKYZCVPRSYEJ-UHFFFAOYSA-N,0,0,0,0,0,1
LEGACY-INCHIKEY-OVASXECEPAOGGU-UHFFFAOYSA-N,OVASXECEPAOGGU-UHFFFAOYSA-N,formolecular/novo_horizonte/banco_mestre_unificado.csv,MASTER_UNIFIED,OVASXECEPAOGGU-UHFFFAOYSA-N,0,0,0,0,0,1
LEGACY-INCHIKEY-OVNCWLVLRDUDGM-UHFFFAOYSA-N,OVNCWLVLRDUDGM-UHFFFAOYSA-N,formolecular/novo_horizonte/banco_mestre_unificado.csv,MASTER_UNIFIED,OVNCWLVLRDUDGM-UHFFFAOYSA-N,0,0,0,0,0,1
LEGACY-INCHIKEY-OVOJLHBOHCSZGI-UHFFFAOYSA-N,OVOJLHBOHCSZGI-UHFFFAOYSA-N,formolecular/novo_horizonte/banco_mestre_unificado.csv,MASTER_UNIFIED,OVOJLHBOHCSZGI-UHFFFAOYSA-N,0,0,0,0,0,1
LEGACY-INCHIKEY-OVOZTJUCHNTIJE-UHFFFAOYSA-N,OVOZTJUCHNTIJE-UHFFFAOYSA-N,formolecular/novo_horizonte/banco_mestre_unificado.csv,MASTER_UNIFIED,OVOZTJUCHNTIJE-UHFFFAOYSA-N,0,0,0,0,0,1
LEGACY-INCHIKEY-OVVWAASOFAIFGW-UHFFFAOYSA-N,OVVWAASOFAIFGW-UHFFFAOYSA-N,formolecular/novo_horizonte/banco_mestre_unificado.csv,MASTER_UNIFIED,OVVWAASOFAIFGW-UHFFFAOYSA-N,0,0,0,0,0,1
LEGACY-INCHIKEY-OWEASIRXYDWSDQ-UHFFFAOYSA-N,OWEASIRXYDWSDQ-UHFFFAOYSA-N,formolecular/novo_horizonte/banco_mestre_unificado.csv,MASTER_UNIFIED,OWEASIRXYDWSDQ-UHFFFAOYSA-N,0,0,0,0,0,1
LEGACY-INCHIKEY-OWFUBLKCLXYCMN-UHFFFAOYSA-N,OWFUBLKCLXYCMN-UHFFFAOYSA-N,formolecular/novo_horizonte/banco_mestre_unificado.csv,MASTER_UNIFIED,OWFUBLKCLXYCMN-UHFFFAOYSA-N,0,0,0,0,0,1
LEGACY-INCHIKEY-OWIKVVUKTGVGSO-UHFFFAOYSA-N,OWIKVVUKTGVGSO-UHFFFAOYSA-N,formolecular/novo_horizonte/banco_mestre_unificado.csv,MASTER_UNIFIED,OWIKVVUKTGVGSO-UHFFFAOYSA-N,0,0,0,0,0,1
LEGACY-INCHIKEY-OWKHNGBSCFCCIN-UHFFFAOYSA-N,OWKHNGBSCFCCIN-UHFFFAOYSA-N,formolecular/novo_horizonte/banco_mestre_unificado.csv,MASTER_UNIFIED,OWKHNGBSCFCCIN-UHFFFAOYSA-N,0,0,0,0,0,1
LEGACY-INCHIKEY-OWLUQDLNWJVWFV-UHFFFAOYSA-N,OWLUQDLNWJVWFV-UHFFFAOYSA-N,formolecular/novo_horizonte/banco_mestre_unificado.csv,MASTER_UNIFIED,OWLUQDLNWJVWFV-UHFFFAOYSA-N,0,0,0,0,0,1
LEGACY-INCHIKEY-OWOOWTRVHMTVFX-UHFFFAOYSA-N,OWOOWTRVHMTVFX-UHFFFAOYSA-N,formolecular/novo_horizonte/banco_mestre_unificado.csv,MASTER_UNIFIED,OWOOWTRVHMTVFX-UHFFFAOYSA-N,0,0,0,0,0,1
LEGACY-INCHIKEY-OWRYVLWSLOZRCG-UHFFFAOYSA-N,OWRYVLWSLOZRCG-UHFFFAOYSA-N,formolecular/novo_horizonte/banco_mestre_unificado.csv,MASTER_UNIFIED,OWRYVLWSLOZRCG-UHFFFAOYSA-N,0,0,0,0,0,1
LEGACY-INCHIKEY-OWZBVQONIKAUEU-UHFFFAOYSA-N,OWZBVQONIKAUEU-UHFFFAOYSA-N,formolecular/novo_horizonte/banco_mestre_unificado.csv,MASTER_UNIFIED,OWZBVQONIKAUEU-UHFFFAOYSA-N,0,0,0,0,0,1
LEGACY-INCHIKEY-OXHNLTQKMMJRCX-UHFFFAOYSA-N,OXHNLTQKMMJRCX-UHFFFAOYSA-N,formolecular/novo_horizonte/banco_mestre_unificado.csv,MASTER_UNIFIED,OXHNLTQKMMJRCX-UHFFFAOYSA-N,0,0,0,0,0,1
LEGACY-INCHIKEY-OXJKJKWTRHRVBC-UHFFFAOYSA-N,OXJKJKWTRHRVBC-UHFFFAOYSA-N,formolecular/novo_horizonte/banco_mestre_unificado.csv,MASTER_UNIFIED,OXJKJKWTRHRVBC-UHFFFAOYSA-N,0,0,0,0,0,1
LEGACY-INCHIKEY-OXKJUQTXLBNPNI-UHFFFAOYSA-N,OXKJUQTXLBNPNI-UHFFFAOYSA-N,formolecular/novo_horizonte/banco_mestre_unificado.csv,MASTER_UNIFIED,OXKJUQTXLBNPNI-UHFFFAOYSA-N,0,0,0,0,0,1
LEGACY-INCHIKEY-OYFXCEJRMIELCG-UHFFFAOYSA-N,OYFXCEJRMIELCG-UHFFFAOYSA-N,formolecular/novo_horizonte/banco_mestre_unificado.csv,MASTER_UNIFIED,OYFXCEJRMIELCG-UHFFFAOYSA-N,0,0,0,0,0,1
LEGACY-INCHIKEY-OYHSEHLULRCXSZ-UHFFFAOYSA-N,OYHSEHLULRCXSZ-UHFFFAOYSA-N,formolecular/novo_horizonte/banco_mestre_unificado.csv,MASTER_UNIFIED,OYHSEHLULRCXSZ-UHFFFAOYSA-N,0,0,0,0,0,1
LEGACY-INCHIKEY-OYKHEACBYBDVLA-UHFFFAOYSA-N,OYKHEACBYBDVLA-UHFFFAOYSA-N,formolecular/novo_horizonte/banco_mestre_unificado.csv,MASTER_UNIFIED,OYKHEACBYBDVLA-UHFFFAOYSA-N,0,0,0,0,0,1
LEGACY-INCHIKEY-OYPOGQVXRXYIKB-UHFFFAOYSA-N,OYPOGQVXRXYIKB-UHFFFAOYSA-N,formolecular/novo_horizonte/banco_mestre_unificado.csv,MASTER_UNIFIED,OYPOGQVXRXYIKB-UHFFFAOYSA-N,0,0,0,0,0,1
LEGACY-INCHIKEY-OYQCCEGKZPSGER-UHFFFAOYSA-N,OYQCCEGKZPSGER-UHFFFAOYSA-N,formolecular/novo_horizonte/banco_mestre_unificado.csv,MASTER_UNIFIED,OYQCCEGKZPSGER-UHFFFAOYSA-N,0,0,0,0,0,1
LEGACY-INCHIKEY-OYTFLLAMGDSECI-UHFFFAOYSA-N,OYTFLLAMGDSECI-UHFFFAOYSA-N,formolecular/novo_horizonte/banco_mestre_unificado.csv,MASTER_UNIFIED,OYTFLLAMGDSECI-UHFFFAOYSA-N,0,0,0,0,0,1
LEGACY-INCHIKEY-OYTKJVLXWGCGQN-UHFFFAOYSA-N,OYTKJVLXWGCGQN-UHFFFAOYSA-N,formolecular/novo_horizonte/banco_mestre_unificado.csv,MASTER_UNIFIED,OYTKJVLXWGCGQN-UHFFFAOYSA-N,0,0,0,0,0,1
LEGACY-INCHIKEY-OYVLNCLKVZAYTB-UHFFFAOYSA-N,OYVLNCLKVZAYTB-UHFFFAOYSA-N,formolecular/novo_horizonte/banco_mestre_unificado.csv,MASTER_UNIFIED,OYVLNCLKVZAYTB-UHFFFAOYSA-N,0,0,0,0,0,1
LEGACY-INCHIKEY-OYXNSIOYGKXOAD-UHFFFAOYSA-N,OYXNSIOYGKXOAD-UHFFFAOYSA-N,formolecular/novo_horizonte/banco_mestre_unificado.csv,MASTER_UNIFIED,OYXNSIOYGKXOAD-UHFFFAOYSA-N,0,0,0,0,0,1
LEGACY-INCHIKEY-OYZATIQBMLQZQR-UHFFFAOYSA-N,OYZATIQBMLQZQR-UHFFFAOYSA-N,formolecular/novo_horizonte/banco_mestre_unificado.csv,MASTER_UNIFIED,OYZATIQBMLQZQR-UHFFFAOYSA-N,0,0,0,0,0,1
LEGACY-INCHIKEY-OZMHBSWBHWRYIZ-UHFFFAOYSA-N,OZMHBSWBHWRYIZ-UHFFFAOYSA-N,formolecular/novo_horizonte/banco_mestre_unificado.csv,MASTER_UNIFIED,OZMHBSWBHWRYIZ-UHFFFAOYSA-N,0,0,0,0,0,1
LEGACY-INCHIKEY-OZNQZAMKCXWKFB-UHFFFAOYSA-N,OZNQZAMKCXWKFB-UHFFFAOYSA-N,formolecular/novo_horizonte/banco_mestre_unificado.csv,MASTER_UNIFIED,OZNQZAMKCXWKFB-UHFFFAOYSA-N,0,0,0,0,0,1
LEGACY-INCHIKEY-OZRCGLNLQFLXNB-UHFFFAOYSA-N,OZRCGLNLQFLXNB-UHFFFAOYSA-N,formolecular/novo_horizonte/banco_mestre_unificado.csv,MASTER_UNIFIED,OZRCGLNLQFLXNB-UHFFFAOYSA-N,0,0,0,0,0,1
LEGACY-INCHIKEY-OZSBURAYZNWFRH-UHFFFAOYSA-N,OZSBURAYZNWFRH-UHFFFAOYSA-N,formolecular/novo_horizonte/banco_mestre_unificado.csv,MASTER_UNIFIED,OZSBURAYZNWFRH-UHFFFAOYSA-N,0,0,0,0,0,1
LEGACY-INCHIKEY-OZZYKOFWAUZDSY-UHFFFAOYSA-N,OZZYKOFWAUZDSY-UHFFFAOYSA-N,formolecular/novo_horizonte/banco_mestre_unificado.csv,MASTER_UNIFIED,OZZYKOFWAUZDSY-UHFFFAOYSA-N,0,0,0,0,0,1
LEGACY-INCHIKEY-PAJFURAJYQDRJG-UHFFFAOYSA-N,PAJFURAJYQDRJG-UHFFFAOYSA-N,formolecular/novo_horizonte/banco_mestre_unificado.csv,MASTER_UNIFIED,PAJFURAJYQDRJG-UHFFFAOYSA-N,0,0,0,0,0,1
LEGACY-INCHIKEY-PARFEXKZRGCSTD-UHFFFAOYSA-N,PARFEXKZRGCSTD-UHFFFAOYSA-N,formolecular/novo_horizonte/banco_mestre_unificado.csv,MASTER_UNIFIED,PARFEXKZRGCSTD-UHFFFAOYSA-N,0,0,0,0,0,1
LEGACY-INCHIKEY-PBBXHOLFNFULGS-UHFFFAOYSA-N,PBBXHOLFNFULGS-UHFFFAOYSA-N,formolecular/novo_horizonte/banco_mestre_unificado.csv,MASTER_UNIFIED,PBBXHOLFNFULGS-UHFFFAOYSA-N,0,0,0,0,0,1
LEGACY-INCHIKEY-PBCLMPLUBXPSDW-UHFFFAOYSA-N,PBCLMPLUBXPSDW-UHFFFAOYSA-N,formolecular/novo_horizonte/banco_mestre_unificado.csv,MASTER_UNIFIED,PBCLMPLUBXPSDW-UHFFFAOYSA-N,0,0,0,0,0,1
LEGACY-INCHIKEY-PBMAGODTZHPNQG-UHFFFAOYSA-N,PBMAGODTZHPNQG-UHFFFAOYSA-N,formolecular/novo_horizonte/banco_mestre_unificado.csv,MASTER_UNIFIED,PBMAGODTZHPNQG-UHFFFAOYSA-N,0,0,0,0,0,1
LEGACY-INCHIKEY-PBNPVSBIYKKGKJ-UHFFFAOYSA-N,PBNPVSBIYKKGKJ-UHFFFAOYSA-N,formolecular/novo_horizonte/banco_mestre_unificado.csv,MASTER_UNIFIED,PBNPVSBIYKKGKJ-UHFFFAOYSA-N,0,0,0,0,0,1
LEGACY-INCHIKEY-PBOKYYVZUQDNPG-UHFFFAOYSA-N,PBOKYYVZUQDNPG-UHFFFAOYSA-N,formolecular/novo_horizonte/banco_mestre_unificado.csv,MASTER_UNIFIED,PBOKYYVZUQDNPG-UHFFFAOYSA-N,0,0,0,0,0,1
LEGACY-INCHIKEY-PBURVJHRGHXBGQ-UHFFFAOYSA-N,PBURVJHRGHXBGQ-UHFFFAOYSA-N,formolecular/novo_horizonte/banco_mestre_unificado.csv,MASTER_UNIFIED,PBURVJHRGHXBGQ-UHFFFAOYSA-N,0,0,0,0,0,1
LEGACY-INCHIKEY-PBUWPHJWEHXUAF-UHFFFAOYSA-N,PBUWPHJWEHXUAF-UHFFFAOYSA-N,formolecular/novo_horizonte/banco_mestre_unificado.csv,MASTER_UNIFIED,PBUWPHJWEHXUAF-UHFFFAOYSA-N,0,0,0,0,0,1
LEGACY-INCHIKEY-PBYJNCSREFOJSY-UHFFFAOYSA-N,PBYJNCSREFOJSY-UHFFFAOYSA-N,formolecular/novo_horizonte/banco_mestre_unificado.csv,MASTER_UNIFIED,PBYJNCSREFOJSY-UHFFFAOYSA-N,0,0,0,0,0,1
LEGACY-INCHIKEY-PBZRIVDRNQYAKY-UHFFFAOYSA-N,PBZRIVDRNQYAKY-UHFFFAOYSA-N,formolecular/novo_horizonte/banco_mestre_unificado.csv,MASTER_UNIFIED,PBZRIVDRNQYAKY-UHFFFAOYSA-N,0,0,0,0,0,1
LEGACY-INCHIKEY-PCDFIFARDQEUQP-UHFFFAOYSA-N,PCDFIFARDQEUQP-UHFFFAOYSA-N,formolecular/novo_horizonte/banco_mestre_unificado.csv,MASTER_UNIFIED,PCDFIFARDQEUQP-UHFFFAOYSA-N,0,0,0,0,0,1
LEGACY-INCHIKEY-PCIYLQOKNIFWNP-UHFFFAOYSA-N,PCIYLQOKNIFWNP-UHFFFAOYSA-N,formolecular/novo_horizonte/banco_mestre_unificado.csv,MASTER_UNIFIED,PCIYLQOKNIFWNP-UHFFFAOYSA-N,0,0,0,0,0,1
LEGACY-INCHIKEY-PCLBPMLGTIISFZ-UHFFFAOYSA-N,PCLBPMLGTIISFZ-UHFFFAOYSA-N,formolecular/novo_horizonte/banco_mestre_unificado.csv,MASTER_UNIFIED,PCLBPMLGTIISFZ-UHFFFAOYSA-N,0,0,0,0,0,1
LEGACY-INCHIKEY-PCMIVIKHTUETOZ-UHFFFAOYSA-N,PCMIVIKHTUETOZ-UHFFFAOYSA-N,formolecular/novo_horizonte/banco_mestre_unificado.csv,MASTER_UNIFIED,PCMIVIKHTUETOZ-UHFFFAOYSA-N,0,0,0,0,0,1
LEGACY-INCHIKEY-PCUKFICBRTWWGE-UHFFFAOYSA-N,PCUKFICBRTWWGE-UHFFFAOYSA-N,formolecular/csv_elite_farma/RANKING_FARMACOS_ELITE_ADMET.csv,FARMA_ELITE,PCUKFICBRTWWGE-UHFFFAOYSA-N,0,1,0,0,0,0
LEGACY-INCHIKEY-PDERPIRFURQZKL-UHFFFAOYSA-N,PDERPIRFURQZKL-UHFFFAOYSA-N,formolecular/novo_horizonte/banco_mestre_unificado.csv,MASTER_UNIFIED,PDERPIRFURQZKL-UHFFFAOYSA-N,0,0,0,0,0,1
LEGACY-INCHIKEY-PDFVKKGKVLDQJU-UHFFFAOYSA-N,PDFVKKGKVLDQJU-UHFFFAOYSA-N,formolecular/novo_horizonte/banco_mestre_unificado.csv,MASTER_UNIFIED,PDFVKKGKVLDQJU-UHFFFAOYSA-N,0,0,0,0,0,1
LEGACY-INCHIKEY-PDHIKGFOEZUSKX-UHFFFAOYSA-N,PDHIKGFOEZUSKX-UHFFFAOYSA-N,formolecular/novo_horizonte/banco_mestre_unificado.csv,MASTER_UNIFIED,PDHIKGFOEZUSKX-UHFFFAOYSA-N,0,0,0,0,0,1
LEGACY-INCHIKEY-PDLXMHGAWDQUQN-UHFFFAOYSA-N,PDLXMHGAWDQUQN-UHFFFAOYSA-N,formolecular/novo_horizonte/banco_mestre_unificado.csv,MASTER_UNIFIED,PDLXMHGAWDQUQN-UHFFFAOYSA-N,0,0,0,0,0,1
LEGACY-INCHIKEY-PDXZCJYQBUTAQV-UHFFFAOYSA-N,PDXZCJYQBUTAQV-UHFFFAOYSA-N,formolecular/novo_horizonte/banco_mestre_unificado.csv,MASTER_UNIFIED,PDXZCJYQBUTAQV-UHFFFAOYSA-N,0,0,0,0,0,1
LEGACY-INCHIKEY-PEABHHQJJUCYRE-UHFFFAOYSA-N,PEABHHQJJUCYRE-UHFFFAOYSA-N,formolecular/novo_horizonte/banco_mestre_unificado.csv,MASTER_UNIFIED,PEABHHQJJUCYRE-UHFFFAOYSA-N,0,0,0,0,0,1
LEGACY-INCHIKEY-PEAGGOYZEABESX-UHFFFAOYSA-N,PEAGGOYZEABESX-UHFFFAOYSA-N,formolecular/novo_horizonte/banco_mestre_unificado.csv,MASTER_UNIFIED,PEAGGOYZEABESX-UHFFFAOYSA-N,0,0,0,0,0,1
LEGACY-INCHIKEY-PEFDRWZQFFMWSJ-UHFFFAOYSA-N,PEFDRWZQFFMWSJ-UHFFFAOYSA-N,formolecular/novo_horizonte/banco_mestre_unificado.csv,MASTER_UNIFIED,PEFDRWZQFFMWSJ-UHFFFAOYSA-N,0,0,0,0,0,1
LEGACY-INCHIKEY-PEHMBOCLCUIUPF-UHFFFAOYSA-N,PEHMBOCLCUIUPF-UHFFFAOYSA-N,formolecular/novo_horizonte/banco_mestre_unificado.csv,MASTER_UNIFIED,PEHMBOCLCUIUPF-UHFFFAOYSA-N,0,0,0,0,0,1
LEGACY-INCHIKEY-PEIAQGBSYSOINM-UHFFFAOYSA-N,PEIAQGBSYSOINM-UHFFFAOYSA-N,formolecular/novo_horizonte/banco_mestre_unificado.csv,MASTER_UNIFIED,PEIAQGBSYSOINM-UHFFFAOYSA-N,0,0,0,0,0,1
LEGACY-INCHIKEY-PELYWZWUONKSJG-UHFFFAOYSA-N,PELYWZWUONKSJG-UHFFFAOYSA-N,formolecular/novo_horizonte/banco_mestre_unificado.csv,MASTER_UNIFIED,PELYWZWUONKSJG-UHFFFAOYSA-N,0,0,0,0,0,1
LEGACY-INCHIKEY-PEQYYNNIFHINRU-UHFFFAOYSA-N,PEQYYNNIFHINRU-UHFFFAOYSA-N,formolecular/novo_horizonte/banco_mestre_unificado.csv,MASTER_UNIFIED,PEQYYNNIFHINRU-UHFFFAOYSA-N,0,0,0,0,0,1
LEGACY-INCHIKEY-PESXNIGFNXBFTI-UHFFFAOYSA-N,PESXNIGFNXBFTI-UHFFFAOYSA-N,formolecular/novo_horizonte/banco_mestre_unificado.csv,MASTER_UNIFIED,PESXNIGFNXBFTI-UHFFFAOYSA-N,0,0,0,0,0,1
LEGACY-INCHIKEY-PFBUXLQVTTXUQM-UHFFFAOYSA-N,PFBUXLQVTTXUQM-UHFFFAOYSA-N,formolecular/novo_horizonte/banco_mestre_unificado.csv,MASTER_UNIFIED,PFBUXLQVTTXUQM-UHFFFAOYSA-N,0,0,0,0,0,1
LEGACY-INCHIKEY-PFGSKIAEEYBIRS-UHFFFAOYSA-N,PFGSKIAEEYBIRS-UHFFFAOYSA-N,formolecular/novo_horizonte/banco_mestre_unificado.csv,MASTER_UNIFIED,PFGSKIAEEYBIRS-UHFFFAOYSA-N,0,0,0,0,0,1
LEGACY-INCHIKEY-PFMXEEUPGKAXBF-UHFFFAOYSA-N,PFMXEEUPGKAXBF-UHFFFAOYSA-N,formolecular/novo_horizonte/banco_mestre_unificado.csv,MASTER_UNIFIED,PFMXEEUPGKAXBF-UHFFFAOYSA-N,0,0,0,0,0,1
LEGACY-INCHIKEY-PFYYSZMELMAWSV-UHFFFAOYSA-N,PFYYSZMELMAWSV-UHFFFAOYSA-N,formolecular/novo_horizonte/banco_mestre_unificado.csv,MASTER_UNIFIED,PFYYSZMELMAWSV-UHFFFAOYSA-N,0,0,0,0,0,1
LEGACY-INCHIKEY-PGGDOLDCRSUATM-UHFFFAOYSA-N,PGGDOLDCRSUATM-UHFFFAOYSA-N,formolecular/novo_horizonte/banco_mestre_unificado.csv,MASTER_UNIFIED,PGGDOLDCRSUATM-UHFFFAOYSA-N,0,0,0,0,0,1
LEGACY-INCHIKEY-PGPFRSCACNTTGS-UHFFFAOYSA-N,PGPFRSCACNTTGS-UHFFFAOYSA-N,formolecular/novo_horizonte/banco_mestre_unificado.csv,MASTER_UNIFIED,PGPFRSCACNTTGS-UHFFFAOYSA-N,0,0,0,0,0,1
LEGACY-INCHIKEY-PGQFZSXIEOZUSF-UHFFFAOYSA-N,PGQFZSXIEOZUSF-UHFFFAOYSA-N,formolecular/novo_horizonte/banco_mestre_unificado.csv,MASTER_UNIFIED,PGQFZSXIEOZUSF-UHFFFAOYSA-N,0,0,0,0,0,1
LEGACY-INCHIKEY-PGSZDLXUGJUEPB-UHFFFAOYSA-N,PGSZDLXUGJUEPB-UHFFFAOYSA-N,formolecular/novo_horizonte/banco_mestre_unificado.csv,MASTER_UNIFIED,PGSZDLXUGJUEPB-UHFFFAOYSA-N,0,0,0,0,0,1
LEGACY-INCHIKEY-PGTIOQIJQFFBLS-UHFFFAOYSA-N,PGTIOQIJQFFBLS-UHFFFAOYSA-N,formolecular/novo_horizonte/banco_mestre_unificado.csv,MASTER_UNIFIED,PGTIOQIJQFFBLS-UHFFFAOYSA-N,0,0,0,0,0,1
LEGACY-INCHIKEY-PGUKWKHXLDKJBY-UHFFFAOYSA-N,PGUKWKHXLDKJBY-UHFFFAOYSA-N,formolecular/novo_horizonte/banco_mestre_unificado.csv,MASTER_UNIFIED,PGUKWKHXLDKJBY-UHFFFAOYSA-N,0,0,0,0,0,1
LEGACY-INCHIKEY-PGVGCQZLOHQKJL-UHFFFAOYSA-N,PGVGCQZLOHQKJL-UHFFFAOYSA-N,formolecular/novo_horizonte/banco_mestre_unificado.csv,MASTER_UNIFIED,PGVGCQZLOHQKJL-UHFFFAOYSA-N,0,0,0,0,0,1
LEGACY-INCHIKEY-PGYNFDJVGODGJO-UHFFFAOYSA-N,PGYNFDJVGODGJO-UHFFFAOYSA-N,formolecular/novo_horizonte/banco_mestre_unificado.csv,MASTER_UNIFIED,PGYNFDJVGODGJO-UHFFFAOYSA-N,0,0,0,0,0,1
LEGACY-INCHIKEY-PHCYJCKCFIIDCU-UHFFFAOYSA-N,PHCYJCKCFIIDCU-UHFFFAOYSA-N,formolecular/novo_horizonte/banco_mestre_unificado.csv,MASTER_UNIFIED,PHCYJCKCFIIDCU-UHFFFAOYSA-N,0,0,0,0,0,1
LEGACY-INCHIKEY-PHIIFMXYHYOXOU-UHFFFAOYSA-N,PHIIFMXYHYOXOU-UHFFFAOYSA-N,formolecular/novo_horizonte/banco_mestre_unificado.csv,MASTER_UNIFIED,PHIIFMXYHYOXOU-UHFFFAOYSA-N,0,0,0,0,0,1
LEGACY-INCHIKEY-PHSRMCHKKMBURZ-UHFFFAOYSA-N,PHSRMCHKKMBURZ-UHFFFAOYSA-N,formolecular/novo_horizonte/banco_mestre_unificado.csv,MASTER_UNIFIED,PHSRMCHKKMBURZ-UHFFFAOYSA-N,0,0,0,0,0,1
LEGACY-INCHIKEY-PHUYKCSKVSLUPE-UHFFFAOYSA-N,PHUYKCSKVSLUPE-UHFFFAOYSA-N,formolecular/csv_elite_farma/RANKING_FARMACOS_ELITE_ADMET.csv,FARMA_ELITE,PHUYKCSKVSLUPE-UHFFFAOYSA-N,0,1,0,0,0,0
LEGACY-INCHIKEY-PHVOWGUHVLOMQT-UHFFFAOYSA-N,PHVOWGUHVLOMQT-UHFFFAOYSA-N,formolecular/novo_horizonte/banco_mestre_unificado.csv,MASTER_UNIFIED,PHVOWGUHVLOMQT-UHFFFAOYSA-N,0,0,0,0,0,1
LEGACY-INCHIKEY-PHZCRWPPKVCIMK-UHFFFAOYSA-N,PHZCRWPPKVCIMK-UHFFFAOYSA-N,formolecular/novo_horizonte/banco_mestre_unificado.csv,MASTER_UNIFIED,PHZCRWPPKVCIMK-UHFFFAOYSA-N,0,0,0,0,0,1
LEGACY-INCHIKEY-PITYZVUJBUKUGG-UHFFFAOYSA-N,PITYZVUJBUKUGG-UHFFFAOYSA-N,formolecular/novo_horizonte/banco_mestre_unificado.csv,MASTER_UNIFIED,PITYZVUJBUKUGG-UHFFFAOYSA-N,0,0,0,0,0,1
LEGACY-INCHIKEY-PIXSSGDLVPDAJS-UHFFFAOYSA-N,PIXSSGDLVPDAJS-UHFFFAOYSA-N,formolecular/novo_horizonte/banco_mestre_unificado.csv,MASTER_UNIFIED,PIXSSGDLVPDAJS-UHFFFAOYSA-N,0,0,0,0,0,1
LEGACY-INCHIKEY-PIYWHJQOONWQGB-UHFFFAOYSA-N,PIYWHJQOONWQGB-UHFFFAOYSA-N,formolecular/novo_horizonte/banco_mestre_unificado.csv,MASTER_UNIFIED,PIYWHJQOONWQGB-UHFFFAOYSA-N,0,0,0,0,0,1
LEGACY-INCHIKEY-PJATZGZLAZXABT-UHFFFAOYSA-N,PJATZGZLAZXABT-UHFFFAOYSA-N,formolecular/novo_horizonte/banco_mestre_unificado.csv,MASTER_UNIFIED,PJATZGZLAZXABT-UHFFFAOYSA-N,0,0,0,0,0,1
LEGACY-INCHIKEY-PJIBUFVOGLKHLU-UHFFFAOYSA-N,PJIBUFVOGLKHLU-UHFFFAOYSA-N,formolecular/novo_horizonte/banco_mestre_unificado.csv,MASTER_UNIFIED,PJIBUFVOGLKHLU-UHFFFAOYSA-N,0,0,0,0,0,1
LEGACY-INCHIKEY-PJLPGYFVAVMFAI-UHFFFAOYSA-N,PJLPGYFVAVMFAI-UHFFFAOYSA-N,formolecular/novo_horizonte/banco_mestre_unificado.csv,MASTER_UNIFIED,PJLPGYFVAVMFAI-UHFFFAOYSA-N,0,0,0,0,0,1
LEGACY-INCHIKEY-PJOXJVKGYXLNMA-UHFFFAOYSA-N,PJOXJVKGYXLNMA-UHFFFAOYSA-N,formolecular/novo_horizonte/banco_mestre_unificado.csv,MASTER_UNIFIED,PJOXJVKGYXLNMA-UHFFFAOYSA-N,0,0,0,0,0,1
LEGACY-INCHIKEY-PJRRYKUDVRMOLU-UHFFFAOYSA-N,PJRRYKUDVRMOLU-UHFFFAOYSA-N,formolecular/novo_horizonte/banco_mestre_unificado.csv,MASTER_UNIFIED,PJRRYKUDVRMOLU-UHFFFAOYSA-N,0,0,0,0,0,1
LEGACY-INCHIKEY-PJTMLNDUVPDGCP-UHFFFAOYSA-N,PJTMLNDUVPDGCP-UHFFFAOYSA-N,formolecular/novo_horizonte/banco_mestre_unificado.csv,MASTER_UNIFIED,PJTMLNDUVPDGCP-UHFFFAOYSA-N,0,0,0,0,0,1
LEGACY-INCHIKEY-PJVXWRPOKAWVHI-UHFFFAOYSA-N,PJVXWRPOKAWVHI-UHFFFAOYSA-N,formolecular/novo_horizonte/banco_mestre_unificado.csv,MASTER_UNIFIED,PJVXWRPOKAWVHI-UHFFFAOYSA-N,0,0,0,0,0,1
LEGACY-INCHIKEY-PJZGMXOOPYLPQA-UHFFFAOYSA-N,PJZGMXOOPYLPQA-UHFFFAOYSA-N,formolecular/novo_horizonte/banco_mestre_unificado.csv,MASTER_UNIFIED,PJZGMXOOPYLPQA-UHFFFAOYSA-N,0,0,0,0,0,1
LEGACY-INCHIKEY-PKMFNHFZBBXLMR-UHFFFAOYSA-N,PKMFNHFZBBXLMR-UHFFFAOYSA-N,formolecular/novo_horizonte/banco_mestre_unificado.csv,MASTER_UNIFIED,PKMFNHFZBBXLMR-UHFFFAOYSA-N,0,0,0,0,0,1
LEGACY-INCHIKEY-PKPGHXFRNSMQPK-UHFFFAOYSA-N,PKPGHXFRNSMQPK-UHFFFAOYSA-N,formolecular/novo_horizonte/banco_mestre_unificado.csv,MASTER_UNIFIED,PKPGHXFRNSMQPK-UHFFFAOYSA-N,0,0,0,0,0,1
LEGACY-INCHIKEY-PKTJUXGBNBRBOZ-UHFFFAOYSA-N,PKTJUXGBNBRBOZ-UHFFFAOYSA-N,formolecular/novo_horizonte/banco_mestre_unificado.csv,MASTER_UNIFIED,PKTJUXGBNBRBOZ-UHFFFAOYSA-N,0,0,0,0,0,1
LEGACY-INCHIKEY-PKZFGZYBANABDZ-UHFFFAOYSA-N,PKZFGZYBANABDZ-UHFFFAOYSA-N,formolecular/novo_horizonte/banco_mestre_unificado.csv,MASTER_UNIFIED,PKZFGZYBANABDZ-UHFFFAOYSA-N,0,0,0,0,0,1
LEGACY-INCHIKEY-PLBLPOGOASVMTF-UHFFFAOYSA-N,PLBLPOGOASVMTF-UHFFFAOYSA-N,formolecular/novo_horizonte/banco_mestre_unificado.csv,MASTER_UNIFIED,PLBLPOGOASVMTF-UHFFFAOYSA-N,0,0,0,0,0,1
LEGACY-INCHIKEY-PLEYGVPVQMEWEN-UHFFFAOYSA-N,PLEYGVPVQMEWEN-UHFFFAOYSA-N,formolecular/novo_horizonte/banco_mestre_unificado.csv,MASTER_UNIFIED,PLEYGVPVQMEWEN-UHFFFAOYSA-N,0,0,0,0,0,1
LEGACY-INCHIKEY-PLHYGAPLMZTCPJ-UHFFFAOYSA-N,PLHYGAPLMZTCPJ-UHFFFAOYSA-N,formolecular/novo_horizonte/banco_mestre_unificado.csv,MASTER_UNIFIED,PLHYGAPLMZTCPJ-UHFFFAOYSA-N,0,0,0,0,0,1
LEGACY-INCHIKEY-PLNAXJSXNKPSEZ-UHFFFAOYSA-N,PLNAXJSXNKPSEZ-UHFFFAOYSA-N,formolecular/novo_horizonte/banco_mestre_unificado.csv,MASTER_UNIFIED,PLNAXJSXNKPSEZ-UHFFFAOYSA-N,0,0,0,0,0,1
LEGACY-INCHIKEY-PLOQBZXWZPDAHR-UHFFFAOYSA-N,PLOQBZXWZPDAHR-UHFFFAOYSA-N,formolecular/novo_horizonte/banco_mestre_unificado.csv,MASTER_UNIFIED,PLOQBZXWZPDAHR-UHFFFAOYSA-N,0,0,0,0,0,1
LEGACY-INCHIKEY-PLPBOUJWPNFBJL-UHFFFAOYSA-N,PLPBOUJWPNFBJL-UHFFFAOYSA-N,formolecular/novo_horizonte/banco_mestre_unificado.csv,MASTER_UNIFIED,PLPBOUJWPNFBJL-UHFFFAOYSA-N,0,0,0,0,0,1
LEGACY-INCHIKEY-PLTAISIOWOJXGU-UHFFFAOYSA-N,PLTAISIOWOJXGU-UHFFFAOYSA-N,formolecular/novo_horizonte/banco_mestre_unificado.csv,MASTER_UNIFIED,PLTAISIOWOJXGU-UHFFFAOYSA-N,0,0,0,0,0,1
LEGACY-INCHIKEY-PLTOZEDVUAODNE-UHFFFAOYSA-N,PLTOZEDVUAODNE-UHFFFAOYSA-N,formolecular/novo_horizonte/banco_mestre_unificado.csv,MASTER_UNIFIED,PLTOZEDVUAODNE-UHFFFAOYSA-N,0,0,0,0,0,1
LEGACY-INCHIKEY-PLVSXVKITSZMNG-UHFFFAOYSA-N,PLVSXVKITSZMNG-UHFFFAOYSA-N,formolecular/novo_horizonte/banco_mestre_unificado.csv,MASTER_UNIFIED,PLVSXVKITSZMNG-UHFFFAOYSA-N,0,0,0,0,0,1
LEGACY-INCHIKEY-PLXOVBQHTNDUPC-UHFFFAOYSA-N,PLXOVBQHTNDUPC-UHFFFAOYSA-N,formolecular/novo_horizonte/banco_mestre_unificado.csv,MASTER_UNIFIED,PLXOVBQHTNDUPC-UHFFFAOYSA-N,0,0,0,0,0,1
LEGACY-INCHIKEY-PMBKVIFISXSILD-UHFFFAOYSA-N,PMBKVIFISXSILD-UHFFFAOYSA-N,formolecular/novo_horizonte/banco_mestre_unificado.csv,MASTER_UNIFIED,PMBKVIFISXSILD-UHFFFAOYSA-N,0,0,0,0,0,1
LEGACY-INCHIKEY-PMFSAYYKAOZIDG-UHFFFAOYSA-N,PMFSAYYKAOZIDG-UHFFFAOYSA-N,formolecular/novo_horizonte/banco_mestre_unificado.csv,MASTER_UNIFIED,PMFSAYYKAOZIDG-UHFFFAOYSA-N,0,0,0,0,0,1
LEGACY-INCHIKEY-PMLFPDWNDOSWNC-UHFFFAOYSA-N,PMLFPDWNDOSWNC-UHFFFAOYSA-N,formolecular/novo_horizonte/banco_mestre_unificado.csv,MASTER_UNIFIED,PMLFPDWNDOSWNC-UHFFFAOYSA-N,0,0,0,0,0,1
LEGACY-INCHIKEY-PMNPGVOQSYVJBZ-UHFFFAOYSA-N,PMNPGVOQSYVJBZ-UHFFFAOYSA-N,formolecular/novo_horizonte/banco_mestre_unificado.csv,MASTER_UNIFIED,PMNPGVOQSYVJBZ-UHFFFAOYSA-N,0,0,0,0,0,1
LEGACY-INCHIKEY-PMSSLYVXPQTBOI-UHFFFAOYSA-N,PMSSLYVXPQTBOI-UHFFFAOYSA-N,formolecular/novo_horizonte/banco_mestre_unificado.csv,MASTER_UNIFIED,PMSSLYVXPQTBOI-UHFFFAOYSA-N,0,0,0,0,0,1
LEGACY-INCHIKEY-PNACIWSJGGDHFX-UHFFFAOYSA-N,PNACIWSJGGDHFX-UHFFFAOYSA-N,formolecular/novo_horizonte/banco_mestre_unificado.csv,MASTER_UNIFIED,PNACIWSJGGDHFX-UHFFFAOYSA-N,0,0,0,0,0,1
LEGACY-INCHIKEY-PNAIFMAHOIOJDQ-UHFFFAOYSA-N,PNAIFMAHOIOJDQ-UHFFFAOYSA-N,formolecular/novo_horizonte/banco_mestre_unificado.csv,MASTER_UNIFIED,PNAIFMAHOIOJDQ-UHFFFAOYSA-N,0,0,0,0,0,1
LEGACY-INCHIKEY-PNEBCNCZIIZKAF-UHFFFAOYSA-N,PNEBCNCZIIZKAF-UHFFFAOYSA-N,formolecular/novo_horizonte/banco_mestre_unificado.csv,MASTER_UNIFIED,PNEBCNCZIIZKAF-UHFFFAOYSA-N,0,0,0,0,0,1
LEGACY-INCHIKEY-PNKBXRSWKAMMKW-UHFFFAOYSA-N,PNKBXRSWKAMMKW-UHFFFAOYSA-N,formolecular/novo_horizonte/banco_mestre_unificado.csv,MASTER_UNIFIED,PNKBXRSWKAMMKW-UHFFFAOYSA-N,0,0,0,0,0,1
LEGACY-INCHIKEY-PNKNURRHAKDZNX-UHFFFAOYSA-N,PNKNURRHAKDZNX-UHFFFAOYSA-N,formolecular/novo_horizonte/banco_mestre_unificado.csv,MASTER_UNIFIED,PNKNURRHAKDZNX-UHFFFAOYSA-N,0,0,0,0,0,1
LEGACY-INCHIKEY-PNLKKDPWMZZKLI-UHFFFAOYSA-N,PNLKKDPWMZZKLI-UHFFFAOYSA-N,formolecular/novo_horizonte/banco_mestre_unificado.csv,MASTER_UNIFIED,PNLKKDPWMZZKLI-UHFFFAOYSA-N,0,0,0,0,0,1
LEGACY-INCHIKEY-PNVYDUKWMKGMEI-UHFFFAOYSA-N,PNVYDUKWMKGMEI-UHFFFAOYSA-N,formolecular/novo_horizonte/banco_mestre_unificado.csv,MASTER_UNIFIED,PNVYDUKWMKGMEI-UHFFFAOYSA-N,0,0,0,0,0,1
LEGACY-INCHIKEY-POAHICABCBIMEO-UHFFFAOYSA-N,POAHICABCBIMEO-UHFFFAOYSA-N,formolecular/novo_horizonte/banco_mestre_unificado.csv,MASTER_UNIFIED,POAHICABCBIMEO-UHFFFAOYSA-N,0,0,0,0,0,1
LEGACY-INCHIKEY-POCCCLAVTVCKBM-UHFFFAOYSA-N,POCCCLAVTVCKBM-UHFFFAOYSA-N,formolecular/csv_elite_farma/RANKING_FARMACOS_ELITE_ADMET.csv,FARMA_ELITE,POCCCLAVTVCKBM-UHFFFAOYSA-N,0,1,0,0,0,0
LEGACY-INCHIKEY-POGTYTSWJXGPKZ-UHFFFAOYSA-N,POGTYTSWJXGPKZ-UHFFFAOYSA-N,formolecular/novo_horizonte/banco_mestre_unificado.csv,MASTER_UNIFIED,POGTYTSWJXGPKZ-UHFFFAOYSA-N,0,0,0,0,0,1
LEGACY-INCHIKEY-POKDAFGEUKPWQB-UHFFFAOYSA-N,POKDAFGEUKPWQB-UHFFFAOYSA-N,formolecular/novo_horizonte/banco_mestre_unificado.csv,MASTER_UNIFIED,POKDAFGEUKPWQB-UHFFFAOYSA-N,0,0,0,0,0,1
LEGACY-INCHIKEY-POLRBXCXVRASTG-UHFFFAOYSA-N,POLRBXCXVRASTG-UHFFFAOYSA-N,formolecular/novo_horizonte/banco_mestre_unificado.csv,MASTER_UNIFIED,POLRBXCXVRASTG-UHFFFAOYSA-N,0,0,0,0,0,1
LEGACY-INCHIKEY-POPXFVSIJYXVFR-UHFFFAOYSA-N,POPXFVSIJYXVFR-UHFFFAOYSA-N,formolecular/novo_horizonte/banco_mestre_unificado.csv,MASTER_UNIFIED,POPXFVSIJYXVFR-UHFFFAOYSA-N,0,0,0,0,0,1
LEGACY-INCHIKEY-POQJXLKTXSHJKR-UHFFFAOYSA-N,POQJXLKTXSHJKR-UHFFFAOYSA-N,formolecular/novo_horizonte/banco_mestre_unificado.csv,MASTER_UNIFIED,POQJXLKTXSHJKR-UHFFFAOYSA-N,0,0,0,0,0,1
LEGACY-INCHIKEY-PORCRICFSZCNFP-UHFFFAOYSA-N,PORCRICFSZCNFP-UHFFFAOYSA-N,formolecular/novo_horizonte/banco_mestre_unificado.csv,MASTER_UNIFIED,PORCRICFSZCNFP-UHFFFAOYSA-N,0,0,0,0,0,1
LEGACY-INCHIKEY-PPBTZJCMMJMYKC-UHFFFAOYSA-N,PPBTZJCMMJMYKC-UHFFFAOYSA-N,formolecular/novo_horizonte/banco_mestre_unificado.csv,MASTER_UNIFIED,PPBTZJCMMJMYKC-UHFFFAOYSA-N,0,0,0,0,0,1
LEGACY-INCHIKEY-PPIFNVSGTAWQPJ-UHFFFAOYSA-N,PPIFNVSGTAWQPJ-UHFFFAOYSA-N,formolecular/novo_horizonte/banco_mestre_unificado.csv,MASTER_UNIFIED,PPIFNVSGTAWQPJ-UHFFFAOYSA-N,0,0,0,0,0,1
LEGACY-INCHIKEY-PPQCXQSJZRLJNE-UHFFFAOYSA-N,PPQCXQSJZRLJNE-UHFFFAOYSA-N,formolecular/novo_horizonte/banco_mestre_unificado.csv,MASTER_UNIFIED,PPQCXQSJZRLJNE-UHFFFAOYSA-N,0,0,0,0,0,1
LEGACY-INCHIKEY-PPWYPRHRMXFHHJ-UHFFFAOYSA-N,PPWYPRHRMXFHHJ-UHFFFAOYSA-N,formolecular/novo_horizonte/banco_mestre_unificado.csv,MASTER_UNIFIED,PPWYPRHRMXFHHJ-UHFFFAOYSA-N,0,0,0,0,0,1
LEGACY-INCHIKEY-PQAQHMUWFOYZAM-UHFFFAOYSA-N,PQAQHMUWFOYZAM-UHFFFAOYSA-N,formolecular/novo_horizonte/banco_mestre_unificado.csv,MASTER_UNIFIED,PQAQHMUWFOYZAM-UHFFFAOYSA-N,0,0,0,0,0,1
LEGACY-INCHIKEY-PQBUKHCGJWMIKG-UHFFFAOYSA-N,PQBUKHCGJWMIKG-UHFFFAOYSA-N,formolecular/novo_horizonte/banco_mestre_unificado.csv,MASTER_UNIFIED,PQBUKHCGJWMIKG-UHFFFAOYSA-N,0,0,0,0,0,1
LEGACY-INCHIKEY-PQENAWCOPAOSPH-UHFFFAOYSA-N,PQENAWCOPAOSPH-UHFFFAOYSA-N,formolecular/novo_horizonte/banco_mestre_unificado.csv,MASTER_UNIFIED,PQENAWCOPAOSPH-UHFFFAOYSA-N,0,0,0,0,0,1
LEGACY-INCHIKEY-PQJGCGJMAKQGRV-UHFFFAOYSA-N,PQJGCGJMAKQGRV-UHFFFAOYSA-N,formolecular/novo_horizonte/banco_mestre_unificado.csv,MASTER_UNIFIED,PQJGCGJMAKQGRV-UHFFFAOYSA-N,0,0,0,0,0,1
LEGACY-INCHIKEY-PQKYOABISSMVIT-UHFFFAOYSA-N,PQKYOABISSMVIT-UHFFFAOYSA-N,formolecular/novo_horizonte/banco_mestre_unificado.csv,MASTER_UNIFIED,PQKYOABISSMVIT-UHFFFAOYSA-N,0,0,0,0,0,1
LEGACY-INCHIKEY-PQULWOFEVXUAQN-UHFFFAOYSA-N,PQULWOFEVXUAQN-UHFFFAOYSA-N,formolecular/novo_horizonte/banco_mestre_unificado.csv,MASTER_UNIFIED,PQULWOFEVXUAQN-UHFFFAOYSA-N,0,0,0,0,0,1
LEGACY-INCHIKEY-PRACCRBZBHWJRW-UHFFFAOYSA-N,PRACCRBZBHWJRW-UHFFFAOYSA-N,formolecular/novo_horizonte/banco_mestre_unificado.csv,MASTER_UNIFIED,PRACCRBZBHWJRW-UHFFFAOYSA-N,0,0,0,0,0,1
LEGACY-INCHIKEY-PRAXBLYSEUJENY-UHFFFAOYSA-N,PRAXBLYSEUJENY-UHFFFAOYSA-N,formolecular/novo_horizonte/banco_mestre_unificado.csv,MASTER_UNIFIED,PRAXBLYSEUJENY-UHFFFAOYSA-N,0,0,0,0,0,1
LEGACY-INCHIKEY-PRIYOBPKMBGJST-UHFFFAOYSA-N,PRIYOBPKMBGJST-UHFFFAOYSA-N,formolecular/novo_horizonte/banco_mestre_unificado.csv,MASTER_UNIFIED,PRIYOBPKMBGJST-UHFFFAOYSA-N,0,0,0,0,0,1
LEGACY-INCHIKEY-PRPSDSBGNIBBRJ-UHFFFAOYSA-N,PRPSDSBGNIBBRJ-UHFFFAOYSA-N,formolecular/novo_horizonte/banco_mestre_unificado.csv,MASTER_UNIFIED,PRPSDSBGNIBBRJ-UHFFFAOYSA-N,0,0,0,0,0,1
LEGACY-INCHIKEY-PRYLJNASSITVSB-UHFFFAOYSA-N,PRYLJNASSITVSB-UHFFFAOYSA-N,formolecular/novo_horizonte/banco_mestre_unificado.csv,MASTER_UNIFIED,PRYLJNASSITVSB-UHFFFAOYSA-N,0,0,0,0,0,1
LEGACY-INCHIKEY-PSHBETPDOIOJPP-UHFFFAOYSA-N,PSHBETPDOIOJPP-UHFFFAOYSA-N,formolecular/novo_horizonte/banco_mestre_unificado.csv,MASTER_UNIFIED,PSHBETPDOIOJPP-UHFFFAOYSA-N,0,0,0,0,0,1
LEGACY-INCHIKEY-PSNBNTZXNFOODC-UHFFFAOYSA-N,PSNBNTZXNFOODC-UHFFFAOYSA-N,formolecular/novo_horizonte/banco_mestre_unificado.csv,MASTER_UNIFIED,PSNBNTZXNFOODC-UHFFFAOYSA-N,0,0,0,0,0,1
LEGACY-INCHIKEY-PSNMSKYFGHVELS-UHFFFAOYSA-N,PSNMSKYFGHVELS-UHFFFAOYSA-N,formolecular/novo_horizonte/banco_mestre_unificado.csv,MASTER_UNIFIED,PSNMSKYFGHVELS-UHFFFAOYSA-N,0,0,0,0,0,1
LEGACY-INCHIKEY-PSVGXEOSMJMUKE-UHFFFAOYSA-N,PSVGXEOSMJMUKE-UHFFFAOYSA-N,formolecular/novo_horizonte/banco_mestre_unificado.csv,MASTER_UNIFIED,PSVGXEOSMJMUKE-UHFFFAOYSA-N,0,0,0,0,0,1
LEGACY-INCHIKEY-PSWMIZISIRQODT-UHFFFAOYSA-N,PSWMIZISIRQODT-UHFFFAOYSA-N,formolecular/novo_horizonte/banco_mestre_unificado.csv,MASTER_UNIFIED,PSWMIZISIRQODT-UHFFFAOYSA-N,0,0,0,0,0,1
LEGACY-INCHIKEY-PTGCMKZDDQVOKN-UHFFFAOYSA-N,PTGCMKZDDQVOKN-UHFFFAOYSA-N,formolecular/novo_horizonte/banco_mestre_unificado.csv,MASTER_UNIFIED,PTGCMKZDDQVOKN-UHFFFAOYSA-N,0,0,0,0,0,1
LEGACY-INCHIKEY-PTHWOCYPAFXKTO-UHFFFAOYSA-N,PTHWOCYPAFXKTO-UHFFFAOYSA-N,formolecular/novo_horizonte/banco_mestre_unificado.csv,MASTER_UNIFIED,PTHWOCYPAFXKTO-UHFFFAOYSA-N,0,0,0,0,0,1
LEGACY-INCHIKEY-PTKUZBCWUUEZLB-UHFFFAOYSA-N,PTKUZBCWUUEZLB-UHFFFAOYSA-N,formolecular/novo_horizonte/banco_mestre_unificado.csv,MASTER_UNIFIED,PTKUZBCWUUEZLB-UHFFFAOYSA-N,0,0,0,0,0,1
LEGACY-INCHIKEY-PTLZOCMOPWHDFQ-UHFFFAOYSA-N,PTLZOCMOPWHDFQ-UHFFFAOYSA-N,formolecular/novo_horizonte/banco_mestre_unificado.csv,MASTER_UNIFIED,PTLZOCMOPWHDFQ-UHFFFAOYSA-N,0,0,0,0,0,1
LEGACY-INCHIKEY-PTMLPBSETKHKMP-UHFFFAOYSA-N,PTMLPBSETKHKMP-UHFFFAOYSA-N,formolecular/novo_horizonte/banco_mestre_unificado.csv,MASTER_UNIFIED,PTMLPBSETKHKMP-UHFFFAOYSA-N,0,0,0,0,0,1
LEGACY-INCHIKEY-PTNUMSWPRLKXLQ-UHFFFAOYSA-N,PTNUMSWPRLKXLQ-UHFFFAOYSA-N,formolecular/novo_horizonte/banco_mestre_unificado.csv,MASTER_UNIFIED,PTNUMSWPRLKXLQ-UHFFFAOYSA-N,0,0,0,0,0,1
LEGACY-INCHIKEY-PTOZONHLMHJMMR-UHFFFAOYSA-N,PTOZONHLMHJMMR-UHFFFAOYSA-N,formolecular/novo_horizonte/banco_mestre_unificado.csv,MASTER_UNIFIED,PTOZONHLMHJMMR-UHFFFAOYSA-N,0,0,0,0,0,1
LEGACY-INCHIKEY-PTPVMAVWFGJTNE-UHFFFAOYSA-N,PTPVMAVWFGJTNE-UHFFFAOYSA-N,formolecular/novo_horizonte/banco_mestre_unificado.csv,MASTER_UNIFIED,PTPVMAVWFGJTNE-UHFFFAOYSA-N,0,0,0,0,0,1
LEGACY-INCHIKEY-PTRBPCOAUARISE-UHFFFAOYSA-N,PTRBPCOAUARISE-UHFFFAOYSA-N,formolecular/novo_horizonte/banco_mestre_unificado.csv,MASTER_UNIFIED,PTRBPCOAUARISE-UHFFFAOYSA-N,0,0,0,0,0,1
LEGACY-INCHIKEY-PTRGHLBHWNZXIC-UHFFFAOYSA-N,PTRGHLBHWNZXIC-UHFFFAOYSA-N,formolecular/novo_horizonte/banco_mestre_unificado.csv,MASTER_UNIFIED,PTRGHLBHWNZXIC-UHFFFAOYSA-N,0,0,0,0,0,1
LEGACY-INCHIKEY-PUBSNSAOMVNFHS-UHFFFAOYSA-N,PUBSNSAOMVNFHS-UHFFFAOYSA-N,formolecular/novo_horizonte/banco_mestre_unificado.csv,MASTER_UNIFIED,PUBSNSAOMVNFHS-UHFFFAOYSA-N,0,0,0,0,0,1
LEGACY-INCHIKEY-PUGOGWSEGINIKU-UHFFFAOYSA-N,PUGOGWSEGINIKU-UHFFFAOYSA-N,formolecular/novo_horizonte/banco_mestre_unificado.csv,MASTER_UNIFIED,PUGOGWSEGINIKU-UHFFFAOYSA-N,0,0,0,0,0,1
LEGACY-INCHIKEY-PUSMORKEBWFDKH-UHFFFAOYSA-N,PUSMORKEBWFDKH-UHFFFAOYSA-N,formolecular/novo_horizonte/banco_mestre_unificado.csv,MASTER_UNIFIED,PUSMORKEBWFDKH-UHFFFAOYSA-N,0,0,0,0,0,1
LEGACY-INCHIKEY-PUTAJSHNRQYRRC-UHFFFAOYSA-N,PUTAJSHNRQYRRC-UHFFFAOYSA-N,formolecular/novo_horizonte/banco_mestre_unificado.csv,MASTER_UNIFIED,PUTAJSHNRQYRRC-UHFFFAOYSA-N,0,0,0,0,0,1
LEGACY-INCHIKEY-PUXQNBGHNUHIQN-UHFFFAOYSA-N,PUXQNBGHNUHIQN-UHFFFAOYSA-N,formolecular/novo_horizonte/banco_mestre_unificado.csv,MASTER_UNIFIED,PUXQNBGHNUHIQN-UHFFFAOYSA-N,0,0,0,0,0,1
LEGACY-INCHIKEY-PVDVVUJIYWFKIF-UHFFFAOYSA-N,PVDVVUJIYWFKIF-UHFFFAOYSA-N,formolecular/novo_horizonte/banco_mestre_unificado.csv,MASTER_UNIFIED,PVDVVUJIYWFKIF-UHFFFAOYSA-N,0,0,0,0,0,1
LEGACY-INCHIKEY-PVEMWRBOLJHYKC-UHFFFAOYSA-N,PVEMWRBOLJHYKC-UHFFFAOYSA-N,formolecular/novo_horizonte/banco_mestre_unificado.csv,MASTER_UNIFIED,PVEMWRBOLJHYKC-UHFFFAOYSA-N,0,0,0,0,0,1
LEGACY-INCHIKEY-PVHPJDKRPKDCOV-UHFFFAOYSA-N,PVHPJDKRPKDCOV-UHFFFAOYSA-N,formolecular/novo_horizonte/banco_mestre_unificado.csv,MASTER_UNIFIED,PVHPJDKRPKDCOV-UHFFFAOYSA-N,0,0,0,0,0,1
LEGACY-INCHIKEY-PVJPRYNJCODQOI-UHFFFAOYSA-N,PVJPRYNJCODQOI-UHFFFAOYSA-N,formolecular/novo_horizonte/banco_mestre_unificado.csv,MASTER_UNIFIED,PVJPRYNJCODQOI-UHFFFAOYSA-N,0,0,0,0,0,1
LEGACY-INCHIKEY-PVPZEHDQOCMBMT-UHFFFAOYSA-N,PVPZEHDQOCMBMT-UHFFFAOYSA-N,formolecular/novo_horizonte/banco_mestre_unificado.csv,MASTER_UNIFIED,PVPZEHDQOCMBMT-UHFFFAOYSA-N,0,0,0,0,0,1
LEGACY-INCHIKEY-PVYOFBPVIIYCMH-UHFFFAOYSA-N,PVYOFBPVIIYCMH-UHFFFAOYSA-N,formolecular/novo_horizonte/banco_mestre_unificado.csv,MASTER_UNIFIED,PVYOFBPVIIYCMH-UHFFFAOYSA-N,0,0,0,0,0,1
LEGACY-INCHIKEY-PWCMKYOYBXAHLZ-UHFFFAOYSA-N,PWCMKYOYBXAHLZ-UHFFFAOYSA-N,formolecular/novo_horizonte/banco_mestre_unificado.csv,MASTER_UNIFIED,PWCMKYOYBXAHLZ-UHFFFAOYSA-N,0,0,0,0,0,1
LEGACY-INCHIKEY-PWDKDDCKUDGHKT-UHFFFAOYSA-N,PWDKDDCKUDGHKT-UHFFFAOYSA-N,formolecular/novo_horizonte/banco_mestre_unificado.csv,MASTER_UNIFIED,PWDKDDCKUDGHKT-UHFFFAOYSA-N,0,0,0,0,0,1
LEGACY-INCHIKEY-PWDYXBUJZOJAIJ-UHFFFAOYSA-N,PWDYXBUJZOJAIJ-UHFFFAOYSA-N,formolecular/novo_horizonte/banco_mestre_unificado.csv,MASTER_UNIFIED,PWDYXBUJZOJAIJ-UHFFFAOYSA-N,0,0,0,0,0,1
LEGACY-INCHIKEY-PWFGWYAFXPTCIY-UHFFFAOYSA-N,PWFGWYAFXPTCIY-UHFFFAOYSA-N,formolecular/novo_horizonte/banco_mestre_unificado.csv,MASTER_UNIFIED,PWFGWYAFXPTCIY-UHFFFAOYSA-N,0,0,0,0,0,1
LEGACY-INCHIKEY-PWTQQCDFFYFOEW-UHFFFAOYSA-N,PWTQQCDFFYFOEW-UHFFFAOYSA-N,formolecular/novo_horizonte/banco_mestre_unificado.csv,MASTER_UNIFIED,PWTQQCDFFYFOEW-UHFFFAOYSA-N,0,0,0,0,0,1
LEGACY-INCHIKEY-PWXAMXDTBLPMIE-UHFFFAOYSA-N,PWXAMXDTBLPMIE-UHFFFAOYSA-N,formolecular/novo_horizonte/banco_mestre_unificado.csv,MASTER_UNIFIED,PWXAMXDTBLPMIE-UHFFFAOYSA-N,0,0,0,0,0,1
LEGACY-INCHIKEY-PXBPDSZVCAVLKG-UHFFFAOYSA-N,PXBPDSZVCAVLKG-UHFFFAOYSA-N,formolecular/novo_horizonte/banco_mestre_unificado.csv,MASTER_UNIFIED,PXBPDSZVCAVLKG-UHFFFAOYSA-N,0,0,0,0,0,1
LEGACY-INCHIKEY-PXDPAGOJGZNYSH-UHFFFAOYSA-N,PXDPAGOJGZNYSH-UHFFFAOYSA-N,formolecular/novo_horizonte/banco_mestre_unificado.csv,MASTER_UNIFIED,PXDPAGOJGZNYSH-UHFFFAOYSA-N,0,0,0,0,0,1
LEGACY-INCHIKEY-PXKKYPFKQHSEEL-UHFFFAOYSA-N,PXKKYPFKQHSEEL-UHFFFAOYSA-N,formolecular/novo_horizonte/banco_mestre_unificado.csv,MASTER_UNIFIED,PXKKYPFKQHSEEL-UHFFFAOYSA-N,0,0,0,0,0,1
LEGACY-INCHIKEY-PXPAKVDJLDCDGG-UHFFFAOYSA-N,PXPAKVDJLDCDGG-UHFFFAOYSA-N,formolecular/novo_horizonte/banco_mestre_unificado.csv,MASTER_UNIFIED,PXPAKVDJLDCDGG-UHFFFAOYSA-N,0,0,0,0,0,1
LEGACY-INCHIKEY-PXPUKBAIGKFVEE-UHFFFAOYSA-N,PXPUKBAIGKFVEE-UHFFFAOYSA-N,formolecular/novo_horizonte/banco_mestre_unificado.csv,MASTER_UNIFIED,PXPUKBAIGKFVEE-UHFFFAOYSA-N,0,0,0,0,0,1
LEGACY-INCHIKEY-PXSGEPPVQPJRAU-UHFFFAOYSA-N,PXSGEPPVQPJRAU-UHFFFAOYSA-N,formolecular/novo_horizonte/banco_mestre_unificado.csv,MASTER_UNIFIED,PXSGEPPVQPJRAU-UHFFFAOYSA-N,0,0,0,0,0,1
LEGACY-INCHIKEY-PXSSYQIBYUERPO-UHFFFAOYSA-N,PXSSYQIBYUERPO-UHFFFAOYSA-N,formolecular/novo_horizonte/banco_mestre_unificado.csv,MASTER_UNIFIED,PXSSYQIBYUERPO-UHFFFAOYSA-N,0,0,0,0,0,1
LEGACY-INCHIKEY-PXYKZKVOLFXCDP-UHFFFAOYSA-N,PXYKZKVOLFXCDP-UHFFFAOYSA-N,formolecular/novo_horizonte/banco_mestre_unificado.csv,MASTER_UNIFIED,PXYKZKVOLFXCDP-UHFFFAOYSA-N,0,0,0,0,0,1
LEGACY-INCHIKEY-PYDXFCMEXKWDMB-UHFFFAOYSA-N,PYDXFCMEXKWDMB-UHFFFAOYSA-N,formolecular/novo_horizonte/banco_mestre_unificado.csv,MASTER_UNIFIED,PYDXFCMEXKWDMB-UHFFFAOYSA-N,0,0,0,0,0,1
LEGACY-INCHIKEY-PYJMKYJWQXQHLQ-UHFFFAOYSA-N,PYJMKYJWQXQHLQ-UHFFFAOYSA-N,formolecular/novo_horizonte/banco_mestre_unificado.csv,MASTER_UNIFIED,PYJMKYJWQXQHLQ-UHFFFAOYSA-N,0,0,0,0,0,1
LEGACY-INCHIKEY-PYKGSZGZZXNFOW-UHFFFAOYSA-N,PYKGSZGZZXNFOW-UHFFFAOYSA-N,formolecular/novo_horizonte/banco_mestre_unificado.csv,MASTER_UNIFIED,PYKGSZGZZXNFOW-UHFFFAOYSA-N,0,0,0,0,0,1
LEGACY-INCHIKEY-PYUXCCUCBBPEBC-UHFFFAOYSA-N,PYUXCCUCBBPEBC-UHFFFAOYSA-N,formolecular/novo_horizonte/banco_mestre_unificado.csv,MASTER_UNIFIED,PYUXCCUCBBPEBC-UHFFFAOYSA-N,0,0,0,0,0,1
LEGACY-INCHIKEY-PZBAXWSUWSPOHH-UHFFFAOYSA-N,PZBAXWSUWSPOHH-UHFFFAOYSA-N,formolecular/novo_horizonte/banco_mestre_unificado.csv,MASTER_UNIFIED,PZBAXWSUWSPOHH-UHFFFAOYSA-N,0,0,0,0,0,1
LEGACY-INCHIKEY-PZCFNOBQNHNKPX-UHFFFAOYSA-N,PZCFNOBQNHNKPX-UHFFFAOYSA-N,formolecular/novo_horizonte/banco_mestre_unificado.csv,MASTER_UNIFIED,PZCFNOBQNHNKPX-UHFFFAOYSA-N,0,0,0,0,0,1
LEGACY-INCHIKEY-PZCHZQHPILMVEG-UHFFFAOYSA-N,PZCHZQHPILMVEG-UHFFFAOYSA-N,formolecular/novo_horizonte/banco_mestre_unificado.csv,MASTER_UNIFIED,PZCHZQHPILMVEG-UHFFFAOYSA-N,0,0,0,0,0,1
LEGACY-INCHIKEY-PZEAWFCLRRQXNI-UHFFFAOYSA-N,PZEAWFCLRRQXNI-UHFFFAOYSA-N,formolecular/novo_horizonte/banco_mestre_unificado.csv,MASTER_UNIFIED,PZEAWFCLRRQXNI-UHFFFAOYSA-N,0,0,0,0,0,1
LEGACY-INCHIKEY-PZRJJQXKIYWULR-UHFFFAOYSA-N,PZRJJQXKIYWULR-UHFFFAOYSA-N,formolecular/novo_horizonte/banco_mestre_unificado.csv,MASTER_UNIFIED,PZRJJQXKIYWULR-UHFFFAOYSA-N,0,0,0,0,0,1
LEGACY-INCHIKEY-PZRVMENOMAABMZ-UHFFFAOYSA-N,PZRVMENOMAABMZ-UHFFFAOYSA-N,formolecular/novo_horizonte/banco_mestre_unificado.csv,MASTER_UNIFIED,PZRVMENOMAABMZ-UHFFFAOYSA-N,0,0,0,0,0,1
LEGACY-INCHIKEY-QALHYEGKBAZXOC-UHFFFAOYSA-N,QALHYEGKBAZXOC-UHFFFAOYSA-N,formolecular/novo_horizonte/banco_mestre_unificado.csv,MASTER_UNIFIED,QALHYEGKBAZXOC-UHFFFAOYSA-N,0,0,0,0,0,1
LEGACY-INCHIKEY-QAMVAROGARROIW-UHFFFAOYSA-N,QAMVAROGARROIW-UHFFFAOYSA-N,formolecular/novo_horizonte/banco_mestre_unificado.csv,MASTER_UNIFIED,QAMVAROGARROIW-UHFFFAOYSA-N,0,0,0,0,0,1
LEGACY-INCHIKEY-QAOOTZCTTKJORK-UHFFFAOYSA-N,QAOOTZCTTKJORK-UHFFFAOYSA-N,formolecular/novo_horizonte/banco_mestre_unificado.csv,MASTER_UNIFIED,QAOOTZCTTKJORK-UHFFFAOYSA-N,0,0,0,0,0,1
LEGACY-INCHIKEY-QAOXBKBGASKSAB-UHFFFAOYSA-N,QAOXBKBGASKSAB-UHFFFAOYSA-N,formolecular/novo_horizonte/banco_mestre_unificado.csv,MASTER_UNIFIED,QAOXBKBGASKSAB-UHFFFAOYSA-N,0,0,0,0,0,1
LEGACY-INCHIKEY-QAQQWNLMKOBUMV-UHFFFAOYSA-N,QAQQWNLMKOBUMV-UHFFFAOYSA-N,formolecular/novo_horizonte/banco_mestre_unificado.csv,MASTER_UNIFIED,QAQQWNLMKOBUMV-UHFFFAOYSA-N,0,0,0,0,0,1
LEGACY-INCHIKEY-QAUVXMQBKZFIBM-UHFFFAOYSA-N,QAUVXMQBKZFIBM-UHFFFAOYSA-N,formolecular/novo_horizonte/banco_mestre_unificado.csv,MASTER_UNIFIED,QAUVXMQBKZFIBM-UHFFFAOYSA-N,0,0,0,0,0,1
LEGACY-INCHIKEY-QAXBTLQPCXUXNV-UHFFFAOYSA-N,QAXBTLQPCXUXNV-UHFFFAOYSA-N,formolecular/novo_horizonte/banco_mestre_unificado.csv,MASTER_UNIFIED,QAXBTLQPCXUXNV-UHFFFAOYSA-N,0,0,0,0,0,1
LEGACY-INCHIKEY-QAXGVFXZZDJVEH-UHFFFAOYSA-N,QAXGVFXZZDJVEH-UHFFFAOYSA-N,formolecular/novo_horizonte/banco_mestre_unificado.csv,MASTER_UNIFIED,QAXGVFXZZDJVEH-UHFFFAOYSA-N,0,0,0,0,0,1
LEGACY-INCHIKEY-QAYXCGCQUCADTH-UHFFFAOYSA-N,QAYXCGCQUCADTH-UHFFFAOYSA-N,formolecular/csv_elite_farma/RANKING_FARMACOS_ELITE_ADMET.csv,FARMA_ELITE,QAYXCGCQUCADTH-UHFFFAOYSA-N,0,1,0,0,0,0
LEGACY-INCHIKEY-QBEAGDUXUIIHIW-UHFFFAOYSA-N,QBEAGDUXUIIHIW-UHFFFAOYSA-N,formolecular/novo_horizonte/banco_mestre_unificado.csv,MASTER_UNIFIED,QBEAGDUXUIIHIW-UHFFFAOYSA-N,0,0,0,0,0,1
LEGACY-INCHIKEY-QBEVPWGERFTRAX-UHFFFAOYSA-N,QBEVPWGERFTRAX-UHFFFAOYSA-N,formolecular/novo_horizonte/banco_mestre_unificado.csv,MASTER_UNIFIED,QBEVPWGERFTRAX-UHFFFAOYSA-N,0,0,0,0,0,1
LEGACY-INCHIKEY-QBHBHKNNKVISEY-UHFFFAOYSA-N,QBHBHKNNKVISEY-UHFFFAOYSA-N,formolecular/novo_horizonte/banco_mestre_unificado.csv,MASTER_UNIFIED,QBHBHKNNKVISEY-UHFFFAOYSA-N,0,0,0,0,0,1
LEGACY-INCHIKEY-QBJUECYLXBLWBY-UHFFFAOYSA-N,QBJUECYLXBLWBY-UHFFFAOYSA-N,formolecular/novo_horizonte/banco_mestre_unificado.csv,MASTER_UNIFIED,QBJUECYLXBLWBY-UHFFFAOYSA-N,0,0,0,0,0,1
LEGACY-INCHIKEY-QBPHXGIGYUTIRK-UHFFFAOYSA-N,QBPHXGIGYUTIRK-UHFFFAOYSA-N,formolecular/novo_horizonte/banco_mestre_unificado.csv,MASTER_UNIFIED,QBPHXGIGYUTIRK-UHFFFAOYSA-N,0,0,0,0,0,1
LEGACY-INCHIKEY-QCEUXUSBNWARQU-UHFFFAOYSA-N,QCEUXUSBNWARQU-UHFFFAOYSA-N,formolecular/novo_horizonte/banco_mestre_unificado.csv,MASTER_UNIFIED,QCEUXUSBNWARQU-UHFFFAOYSA-N,0,0,0,0,0,1
LEGACY-INCHIKEY-QCHZGLDFAVLWGT-UHFFFAOYSA-N,QCHZGLDFAVLWGT-UHFFFAOYSA-N,formolecular/novo_horizonte/banco_mestre_unificado.csv,MASTER_UNIFIED,QCHZGLDFAVLWGT-UHFFFAOYSA-N,0,0,0,0,0,1
LEGACY-INCHIKEY-QCJMUXKKTBQYFU-UHFFFAOYSA-N,QCJMUXKKTBQYFU-UHFFFAOYSA-N,formolecular/novo_horizonte/banco_mestre_unificado.csv,MASTER_UNIFIED,QCJMUXKKTBQYFU-UHFFFAOYSA-N,0,0,0,0,0,1
LEGACY-INCHIKEY-QCPCBEBBBNUEEC-UHFFFAOYSA-N,QCPCBEBBBNUEEC-UHFFFAOYSA-N,formolecular/novo_horizonte/banco_mestre_unificado.csv,MASTER_UNIFIED,QCPCBEBBBNUEEC-UHFFFAOYSA-N,0,0,0,0,0,1
LEGACY-INCHIKEY-QCPDURVFRMCBLC-UHFFFAOYSA-N,QCPDURVFRMCBLC-UHFFFAOYSA-N,formolecular/novo_horizonte/banco_mestre_unificado.csv,MASTER_UNIFIED,QCPDURVFRMCBLC-UHFFFAOYSA-N,0,0,0,0,0,1
LEGACY-INCHIKEY-QCPIPSGRXQGFCV-UHFFFAOYSA-N,QCPIPSGRXQGFCV-UHFFFAOYSA-N,formolecular/novo_horizonte/banco_mestre_unificado.csv,MASTER_UNIFIED,QCPIPSGRXQGFCV-UHFFFAOYSA-N,0,0,0,0,0,1
LEGACY-INCHIKEY-QCSGPYMFDVXZCB-UHFFFAOYSA-N,QCSGPYMFDVXZCB-UHFFFAOYSA-N,formolecular/novo_horizonte/banco_mestre_unificado.csv,MASTER_UNIFIED,QCSGPYMFDVXZCB-UHFFFAOYSA-N,0,0,0,0,0,1
LEGACY-INCHIKEY-QCSXQLHWGUWKQY-UHFFFAOYSA-N,QCSXQLHWGUWKQY-UHFFFAOYSA-N,formolecular/novo_horizonte/banco_mestre_unificado.csv,MASTER_UNIFIED,QCSXQLHWGUWKQY-UHFFFAOYSA-N,0,0,0,0,0,1
LEGACY-INCHIKEY-QCXYEQNDTRMIOS-UHFFFAOYSA-N,QCXYEQNDTRMIOS-UHFFFAOYSA-N,formolecular/novo_horizonte/banco_mestre_unificado.csv,MASTER_UNIFIED,QCXYEQNDTRMIOS-UHFFFAOYSA-N,0,0,0,0,0,1
LEGACY-INCHIKEY-QCYNVNHQMYYIRF-UHFFFAOYSA-N,QCYNVNHQMYYIRF-UHFFFAOYSA-N,formolecular/novo_horizonte/banco_mestre_unificado.csv,MASTER_UNIFIED,QCYNVNHQMYYIRF-UHFFFAOYSA-N,0,0,0,0,0,1
LEGACY-INCHIKEY-QDGXAOPKALRNKN-UHFFFAOYSA-N,QDGXAOPKALRNKN-UHFFFAOYSA-N,formolecular/novo_horizonte/banco_mestre_unificado.csv,MASTER_UNIFIED,QDGXAOPKALRNKN-UHFFFAOYSA-N,0,0,0,0,0,1
LEGACY-INCHIKEY-QDKKQUHJSXPGPX-UHFFFAOYSA-N,QDKKQUHJSXPGPX-UHFFFAOYSA-N,formolecular/novo_horizonte/banco_mestre_unificado.csv,MASTER_UNIFIED,QDKKQUHJSXPGPX-UHFFFAOYSA-N,0,0,0,0,0,1
LEGACY-INCHIKEY-QDLUNGONLMFBNN-UHFFFAOYSA-N,QDLUNGONLMFBNN-UHFFFAOYSA-N,formolecular/novo_horizonte/banco_mestre_unificado.csv,MASTER_UNIFIED,QDLUNGONLMFBNN-UHFFFAOYSA-N,0,0,0,0,0,1
LEGACY-INCHIKEY-QDNQVCIPVMYQOP-UHFFFAOYSA-N,QDNQVCIPVMYQOP-UHFFFAOYSA-N,formolecular/novo_horizonte/banco_mestre_unificado.csv,MASTER_UNIFIED,QDNQVCIPVMYQOP-UHFFFAOYSA-N,0,0,0,0,0,1
LEGACY-INCHIKEY-QDUVWAWGXOKVRS-UHFFFAOYSA-N,QDUVWAWGXOKVRS-UHFFFAOYSA-N,formolecular/novo_horizonte/banco_mestre_unificado.csv,MASTER_UNIFIED,QDUVWAWGXOKVRS-UHFFFAOYSA-N,0,0,0,0,0,1
LEGACY-INCHIKEY-QEBYOCINTZAVIJ-UHFFFAOYSA-N,QEBYOCINTZAVIJ-UHFFFAOYSA-N,formolecular/novo_horizonte/banco_mestre_unificado.csv,MASTER_UNIFIED,QEBYOCINTZAVIJ-UHFFFAOYSA-N,0,0,0,0,0,1
LEGACY-INCHIKEY-QEFXUIHJKFULCV-UHFFFAOYSA-N,QEFXUIHJKFULCV-UHFFFAOYSA-N,formolecular/novo_horizonte/banco_mestre_unificado.csv,MASTER_UNIFIED,QEFXUIHJKFULCV-UHFFFAOYSA-N,0,0,0,0,0,1
LEGACY-INCHIKEY-QEISJFFYEHYNCR-UHFFFAOYSA-N,QEISJFFYEHYNCR-UHFFFAOYSA-N,formolecular/novo_horizonte/banco_mestre_unificado.csv,MASTER_UNIFIED,QEISJFFYEHYNCR-UHFFFAOYSA-N,0,0,0,0,0,1
LEGACY-INCHIKEY-QELHKNRWABEXEE-UHFFFAOYSA-N,QELHKNRWABEXEE-UHFFFAOYSA-N,formolecular/novo_horizonte/banco_mestre_unificado.csv,MASTER_UNIFIED,QELHKNRWABEXEE-UHFFFAOYSA-N,0,0,0,0,0,1
LEGACY-INCHIKEY-QEMFOQBDLHEMOW-UHFFFAOYSA-N,QEMFOQBDLHEMOW-UHFFFAOYSA-N,formolecular/novo_horizonte/banco_mestre_unificado.csv,MASTER_UNIFIED,QEMFOQBDLHEMOW-UHFFFAOYSA-N,0,0,0,0,0,1
LEGACY-INCHIKEY-QENNKADBONBIJO-UHFFFAOYSA-N,QENNKADBONBIJO-UHFFFAOYSA-N,formolecular/novo_horizonte/banco_mestre_unificado.csv,MASTER_UNIFIED,QENNKADBONBIJO-UHFFFAOYSA-N,0,0,0,0,0,1
LEGACY-INCHIKEY-QENQJZYYKYOKEB-UHFFFAOYSA-N,QENQJZYYKYOKEB-UHFFFAOYSA-N,formolecular/novo_horizonte/banco_mestre_unificado.csv,MASTER_UNIFIED,QENQJZYYKYOKEB-UHFFFAOYSA-N,0,0,0,0,0,1
LEGACY-INCHIKEY-QEQVCHRFDKQBGR-UHFFFAOYSA-N,QEQVCHRFDKQBGR-UHFFFAOYSA-N,formolecular/novo_horizonte/banco_mestre_unificado.csv,MASTER_UNIFIED,QEQVCHRFDKQBGR-UHFFFAOYSA-N,0,0,0,0,0,1
LEGACY-INCHIKEY-QEQVJCCLMYVYLO-UHFFFAOYSA-N,QEQVJCCLMYVYLO-UHFFFAOYSA-N,formolecular/novo_horizonte/banco_mestre_unificado.csv,MASTER_UNIFIED,QEQVJCCLMYVYLO-UHFFFAOYSA-N,0,0,0,0,0,1
LEGACY-INCHIKEY-QETBREWKORLXMO-UHFFFAOYSA-N,QETBREWKORLXMO-UHFFFAOYSA-N,formolecular/novo_horizonte/banco_mestre_unificado.csv,MASTER_UNIFIED,QETBREWKORLXMO-UHFFFAOYSA-N,0,0,0,0,0,1
LEGACY-INCHIKEY-QETNPIJPBKGBJV-UHFFFAOYSA-N,QETNPIJPBKGBJV-UHFFFAOYSA-N,formolecular/novo_horizonte/banco_mestre_unificado.csv,MASTER_UNIFIED,QETNPIJPBKGBJV-UHFFFAOYSA-N,0,0,0,0,0,1
LEGACY-INCHIKEY-QFAPXCPANQANMH-UHFFFAOYSA-N,QFAPXCPANQANMH-UHFFFAOYSA-N,formolecular/novo_horizonte/banco_mestre_unificado.csv,MASTER_UNIFIED,QFAPXCPANQANMH-UHFFFAOYSA-N,0,0,0,0,0,1
LEGACY-INCHIKEY-QFJUVHIRIYWWSE-UHFFFAOYSA-N,QFJUVHIRIYWWSE-UHFFFAOYSA-N,formolecular/novo_horizonte/banco_mestre_unificado.csv,MASTER_UNIFIED,QFJUVHIRIYWWSE-UHFFFAOYSA-N,0,0,0,0,0,1
LEGACY-INCHIKEY-QFMODRIEYGEZJY-UHFFFAOYSA-N,QFMODRIEYGEZJY-UHFFFAOYSA-N,formolecular/novo_horizonte/banco_mestre_unificado.csv,MASTER_UNIFIED,QFMODRIEYGEZJY-UHFFFAOYSA-N,0,0,0,0,0,1
LEGACY-INCHIKEY-QFNGACTUCHZVNO-UHFFFAOYSA-N,QFNGACTUCHZVNO-UHFFFAOYSA-N,formolecular/novo_horizonte/banco_mestre_unificado.csv,MASTER_UNIFIED,QFNGACTUCHZVNO-UHFFFAOYSA-N,0,0,0,0,0,1
LEGACY-INCHIKEY-QFOKZDGQRGZHKC-UHFFFAOYSA-N,QFOKZDGQRGZHKC-UHFFFAOYSA-N,formolecular/novo_horizonte/banco_mestre_unificado.csv,MASTER_UNIFIED,QFOKZDGQRGZHKC-UHFFFAOYSA-N,0,0,0,0,0,1
LEGACY-INCHIKEY-QFUCLUYMGWGUBY-UHFFFAOYSA-N,QFUCLUYMGWGUBY-UHFFFAOYSA-N,formolecular/novo_horizonte/banco_mestre_unificado.csv,MASTER_UNIFIED,QFUCLUYMGWGUBY-UHFFFAOYSA-N,0,0,0,0,0,1
LEGACY-INCHIKEY-QFWZQQOWUAQFRE-UHFFFAOYSA-N,QFWZQQOWUAQFRE-UHFFFAOYSA-N,formolecular/novo_horizonte/banco_mestre_unificado.csv,MASTER_UNIFIED,QFWZQQOWUAQFRE-UHFFFAOYSA-N,0,0,0,0,0,1
LEGACY-INCHIKEY-QFZORESOZFTRJS-UHFFFAOYSA-N,QFZORESOZFTRJS-UHFFFAOYSA-N,formolecular/novo_horizonte/banco_mestre_unificado.csv,MASTER_UNIFIED,QFZORESOZFTRJS-UHFFFAOYSA-N,0,0,0,0,0,1
LEGACY-INCHIKEY-QGBQRKABOQWWNR-UHFFFAOYSA-N,QGBQRKABOQWWNR-UHFFFAOYSA-N,formolecular/novo_horizonte/banco_mestre_unificado.csv,MASTER_UNIFIED,QGBQRKABOQWWNR-UHFFFAOYSA-N,0,0,0,0,0,1
LEGACY-INCHIKEY-QGOBBQKESCQOSY-UHFFFAOYSA-N,QGOBBQKESCQOSY-UHFFFAOYSA-N,formolecular/novo_horizonte/banco_mestre_unificado.csv,MASTER_UNIFIED,QGOBBQKESCQOSY-UHFFFAOYSA-N,0,0,0,0,0,1
LEGACY-INCHIKEY-QGOFQSKGBFIBHP-UHFFFAOYSA-N,QGOFQSKGBFIBHP-UHFFFAOYSA-N,formolecular/novo_horizonte/banco_mestre_unificado.csv,MASTER_UNIFIED,QGOFQSKGBFIBHP-UHFFFAOYSA-N,0,0,0,0,0,1
LEGACY-INCHIKEY-QGQBWBAOJGIVKK-UHFFFAOYSA-N,QGQBWBAOJGIVKK-UHFFFAOYSA-N,formolecular/novo_horizonte/banco_mestre_unificado.csv,MASTER_UNIFIED,QGQBWBAOJGIVKK-UHFFFAOYSA-N,0,0,0,0,0,1
LEGACY-INCHIKEY-QGUVYQXIYNQFBN-UHFFFAOYSA-N,QGUVYQXIYNQFBN-UHFFFAOYSA-N,formolecular/novo_horizonte/banco_mestre_unificado.csv,MASTER_UNIFIED,QGUVYQXIYNQFBN-UHFFFAOYSA-N,0,0,0,0,0,1
LEGACY-INCHIKEY-QHDIMVGAPSTWSH-UHFFFAOYSA-N,QHDIMVGAPSTWSH-UHFFFAOYSA-N,formolecular/novo_horizonte/banco_mestre_unificado.csv,MASTER_UNIFIED,QHDIMVGAPSTWSH-UHFFFAOYSA-N,0,0,0,0,0,1
LEGACY-INCHIKEY-QHFQLHOOCXBEPZ-UHFFFAOYSA-N,QHFQLHOOCXBEPZ-UHFFFAOYSA-N,formolecular/novo_horizonte/banco_mestre_unificado.csv,MASTER_UNIFIED,QHFQLHOOCXBEPZ-UHFFFAOYSA-N,0,0,0,0,0,1
LEGACY-INCHIKEY-QHKGIQCQKXCLES-UHFFFAOYSA-N,QHKGIQCQKXCLES-UHFFFAOYSA-N,formolecular/novo_horizonte/banco_mestre_unificado.csv,MASTER_UNIFIED,QHKGIQCQKXCLES-UHFFFAOYSA-N,0,0,0,0,0,1
LEGACY-INCHIKEY-QHKYWLOLQKHQEG-UHFFFAOYSA-N,QHKYWLOLQKHQEG-UHFFFAOYSA-N,formolecular/novo_horizonte/banco_mestre_unificado.csv,MASTER_UNIFIED,QHKYWLOLQKHQEG-UHFFFAOYSA-N,0,0,0,0,0,1
LEGACY-INCHIKEY-QHKZZQHUDUJUHH-UHFFFAOYSA-N,QHKZZQHUDUJUHH-UHFFFAOYSA-N,formolecular/novo_horizonte/banco_mestre_unificado.csv,MASTER_UNIFIED,QHKZZQHUDUJUHH-UHFFFAOYSA-N,0,0,0,0,0,1
LEGACY-INCHIKEY-QHLZGQLKKKALBF-UHFFFAOYSA-N,QHLZGQLKKKALBF-UHFFFAOYSA-N,formolecular/novo_horizonte/banco_mestre_unificado.csv,MASTER_UNIFIED,QHLZGQLKKKALBF-UHFFFAOYSA-N,0,0,0,0,0,1
LEGACY-INCHIKEY-QHMSMHBCEVWCRG-UHFFFAOYSA-N,QHMSMHBCEVWCRG-UHFFFAOYSA-N,formolecular/novo_horizonte/banco_mestre_unificado.csv,MASTER_UNIFIED,QHMSMHBCEVWCRG-UHFFFAOYSA-N,0,0,0,0,0,1
LEGACY-INCHIKEY-QHOATOPCGFLTOY-UHFFFAOYSA-N,QHOATOPCGFLTOY-UHFFFAOYSA-N,formolecular/novo_horizonte/banco_mestre_unificado.csv,MASTER_UNIFIED,QHOATOPCGFLTOY-UHFFFAOYSA-N,0,0,0,0,0,1
LEGACY-INCHIKEY-QHPQWGJIFDFAFI-UHFFFAOYSA-N,QHPQWGJIFDFAFI-UHFFFAOYSA-N,formolecular/novo_horizonte/banco_mestre_unificado.csv,MASTER_UNIFIED,QHPQWGJIFDFAFI-UHFFFAOYSA-N,0,0,0,0,0,1
LEGACY-INCHIKEY-QHPVMXBUMOZKJG-UHFFFAOYSA-N,QHPVMXBUMOZKJG-UHFFFAOYSA-N,formolecular/novo_horizonte/banco_mestre_unificado.csv,MASTER_UNIFIED,QHPVMXBUMOZKJG-UHFFFAOYSA-N,0,0,0,0,0,1
LEGACY-INCHIKEY-QIDVDPOHGQULKC-UHFFFAOYSA-N,QIDVDPOHGQULKC-UHFFFAOYSA-N,formolecular/novo_horizonte/banco_mestre_unificado.csv,MASTER_UNIFIED,QIDVDPOHGQULKC-UHFFFAOYSA-N,0,0,0,0,0,1
LEGACY-INCHIKEY-QIUORVMKYFWDKY-UHFFFAOYSA-N,QIUORVMKYFWDKY-UHFFFAOYSA-N,formolecular/novo_horizonte/banco_mestre_unificado.csv,MASTER_UNIFIED,QIUORVMKYFWDKY-UHFFFAOYSA-N,0,0,0,0,0,1
LEGACY-INCHIKEY-QIXDLXJBWCIMIO-UHFFFAOYSA-N,QIXDLXJBWCIMIO-UHFFFAOYSA-N,formolecular/novo_horizonte/banco_mestre_unificado.csv,MASTER_UNIFIED,QIXDLXJBWCIMIO-UHFFFAOYSA-N,0,0,0,0,0,1
LEGACY-INCHIKEY-QIXFGFJSLIYTFV-UHFFFAOYSA-N,QIXFGFJSLIYTFV-UHFFFAOYSA-N,formolecular/novo_horizonte/banco_mestre_unificado.csv,MASTER_UNIFIED,QIXFGFJSLIYTFV-UHFFFAOYSA-N,0,0,0,0,0,1
LEGACY-INCHIKEY-QIYLLWZTSXOROV-UHFFFAOYSA-N,QIYLLWZTSXOROV-UHFFFAOYSA-N,formolecular/novo_horizonte/banco_mestre_unificado.csv,MASTER_UNIFIED,QIYLLWZTSXOROV-UHFFFAOYSA-N,0,0,0,0,0,1
LEGACY-INCHIKEY-QJDCXYXTAKRXHP-UHFFFAOYSA-N,QJDCXYXTAKRXHP-UHFFFAOYSA-N,formolecular/novo_horizonte/banco_mestre_unificado.csv,MASTER_UNIFIED,QJDCXYXTAKRXHP-UHFFFAOYSA-N,0,0,0,0,0,1
LEGACY-INCHIKEY-QJDJXHNMRLLVFY-UHFFFAOYSA-N,QJDJXHNMRLLVFY-UHFFFAOYSA-N,formolecular/novo_horizonte/banco_mestre_unificado.csv,MASTER_UNIFIED,QJDJXHNMRLLVFY-UHFFFAOYSA-N,0,0,0,0,0,1
LEGACY-INCHIKEY-QJHBATWIWLVYSV-UHFFFAOYSA-N,QJHBATWIWLVYSV-UHFFFAOYSA-N,formolecular/novo_horizonte/banco_mestre_unificado.csv,MASTER_UNIFIED,QJHBATWIWLVYSV-UHFFFAOYSA-N,0,0,0,0,0,1
LEGACY-INCHIKEY-QJIVEIIJGQCBBK-UHFFFAOYSA-N,QJIVEIIJGQCBBK-UHFFFAOYSA-N,formolecular/novo_horizonte/banco_mestre_unificado.csv,MASTER_UNIFIED,QJIVEIIJGQCBBK-UHFFFAOYSA-N,0,0,0,0,0,1
LEGACY-INCHIKEY-QJJUGMZOSCRION-UHFFFAOYSA-N,QJJUGMZOSCRION-UHFFFAOYSA-N,formolecular/novo_horizonte/banco_mestre_unificado.csv,MASTER_UNIFIED,QJJUGMZOSCRION-UHFFFAOYSA-N,0,0,0,0,0,1
LEGACY-INCHIKEY-QJPXAXGDNMLHQT-UHFFFAOYSA-N,QJPXAXGDNMLHQT-UHFFFAOYSA-N,formolecular/novo_horizonte/banco_mestre_unificado.csv,MASTER_UNIFIED,QJPXAXGDNMLHQT-UHFFFAOYSA-N,0,0,0,0,0,1
LEGACY-INCHIKEY-QJXVJLHYOKUITJ-UHFFFAOYSA-N,QJXVJLHYOKUITJ-UHFFFAOYSA-N,formolecular/novo_horizonte/banco_mestre_unificado.csv,MASTER_UNIFIED,QJXVJLHYOKUITJ-UHFFFAOYSA-N,0,0,0,0,0,1
LEGACY-INCHIKEY-QJYGFEACHSELHF-UHFFFAOYSA-N,QJYGFEACHSELHF-UHFFFAOYSA-N,formolecular/novo_horizonte/banco_mestre_unificado.csv,MASTER_UNIFIED,QJYGFEACHSELHF-UHFFFAOYSA-N,0,0,0,0,0,1
LEGACY-INCHIKEY-QKOUJAGQAILTED-UHFFFAOYSA-N,QKOUJAGQAILTED-UHFFFAOYSA-N,formolecular/novo_horizonte/banco_mestre_unificado.csv,MASTER_UNIFIED,QKOUJAGQAILTED-UHFFFAOYSA-N,0,0,0,0,0,1
LEGACY-INCHIKEY-QKPUPYVAMAKCRT-UHFFFAOYSA-N,QKPUPYVAMAKCRT-UHFFFAOYSA-N,formolecular/novo_horizonte/banco_mestre_unificado.csv,MASTER_UNIFIED,QKPUPYVAMAKCRT-UHFFFAOYSA-N,0,0,0,0,0,1
LEGACY-INCHIKEY-QKUGENDVKBBTBC-UHFFFAOYSA-N,QKUGENDVKBBTBC-UHFFFAOYSA-N,formolecular/novo_horizonte/banco_mestre_unificado.csv,MASTER_UNIFIED,QKUGENDVKBBTBC-UHFFFAOYSA-N,0,0,0,0,0,1
LEGACY-INCHIKEY-QKYIKOAFMFUJSI-UHFFFAOYSA-N,QKYIKOAFMFUJSI-UHFFFAOYSA-N,formolecular/novo_horizonte/banco_mestre_unificado.csv,MASTER_UNIFIED,QKYIKOAFMFUJSI-UHFFFAOYSA-N,0,0,0,0,0,1
LEGACY-INCHIKEY-QLAVQLUKKKPZHV-UHFFFAOYSA-N,QLAVQLUKKKPZHV-UHFFFAOYSA-N,formolecular/novo_horizonte/banco_mestre_unificado.csv,MASTER_UNIFIED,QLAVQLUKKKPZHV-UHFFFAOYSA-N,0,0,0,0,0,1
LEGACY-INCHIKEY-QLBCKSCGLKXIHP-UHFFFAOYSA-N,QLBCKSCGLKXIHP-UHFFFAOYSA-N,formolecular/novo_horizonte/banco_mestre_unificado.csv,MASTER_UNIFIED,QLBCKSCGLKXIHP-UHFFFAOYSA-N,0,0,0,0,0,1
LEGACY-INCHIKEY-QLCKMJCERCWFDQ-UHFFFAOYSA-N,QLCKMJCERCWFDQ-UHFFFAOYSA-N,formolecular/novo_horizonte/banco_mestre_unificado.csv,MASTER_UNIFIED,QLCKMJCERCWFDQ-UHFFFAOYSA-N,0,0,0,0,0,1
LEGACY-INCHIKEY-QLPCNLYQNWFNKU-UHFFFAOYSA-N,QLPCNLYQNWFNKU-UHFFFAOYSA-N,formolecular/novo_horizonte/banco_mestre_unificado.csv,MASTER_UNIFIED,QLPCNLYQNWFNKU-UHFFFAOYSA-N,0,0,0,0,0,1
LEGACY-INCHIKEY-QLPRBQFTCLYAFB-UHFFFAOYSA-N,QLPRBQFTCLYAFB-UHFFFAOYSA-N,formolecular/novo_horizonte/banco_mestre_unificado.csv,MASTER_UNIFIED,QLPRBQFTCLYAFB-UHFFFAOYSA-N,0,0,0,0,0,1
LEGACY-INCHIKEY-QMBHQMVDPWPLNL-UHFFFAOYSA-N,QMBHQMVDPWPLNL-UHFFFAOYSA-N,formolecular/novo_horizonte/banco_mestre_unificado.csv,MASTER_UNIFIED,QMBHQMVDPWPLNL-UHFFFAOYSA-N,0,0,0,0,0,1
LEGACY-INCHIKEY-QMBZLTGEVBZIIH-UHFFFAOYSA-N,QMBZLTGEVBZIIH-UHFFFAOYSA-N,formolecular/novo_horizonte/banco_mestre_unificado.csv,MASTER_UNIFIED,QMBZLTGEVBZIIH-UHFFFAOYSA-N,0,0,0,0,0,1
LEGACY-INCHIKEY-QMGDWQKSJZWIGM-UHFFFAOYSA-N,QMGDWQKSJZWIGM-UHFFFAOYSA-N,formolecular/novo_horizonte/banco_mestre_unificado.csv,MASTER_UNIFIED,QMGDWQKSJZWIGM-UHFFFAOYSA-N,0,0,0,0,0,1
LEGACY-INCHIKEY-QMQQLDORQNMUBO-UHFFFAOYSA-N,QMQQLDORQNMUBO-UHFFFAOYSA-N,formolecular/novo_horizonte/banco_mestre_unificado.csv,MASTER_UNIFIED,QMQQLDORQNMUBO-UHFFFAOYSA-N,0,0,0,0,0,1
LEGACY-INCHIKEY-QNDVFBXYLWHBFJ-UHFFFAOYSA-N,QNDVFBXYLWHBFJ-UHFFFAOYSA-N,formolecular/novo_horizonte/banco_mestre_unificado.csv,MASTER_UNIFIED,QNDVFBXYLWHBFJ-UHFFFAOYSA-N,0,0,0,0,0,1
LEGACY-INCHIKEY-QNHGCMPWNKWJJI-UHFFFAOYSA-N,QNHGCMPWNKWJJI-UHFFFAOYSA-N,formolecular/novo_horizonte/banco_mestre_unificado.csv,MASTER_UNIFIED,QNHGCMPWNKWJJI-UHFFFAOYSA-N,0,0,0,0,0,1
LEGACY-INCHIKEY-QNMCDAGZLMWZLN-UHFFFAOYSA-N,QNMCDAGZLMWZLN-UHFFFAOYSA-N,formolecular/novo_horizonte/banco_mestre_unificado.csv,MASTER_UNIFIED,QNMCDAGZLMWZLN-UHFFFAOYSA-N,0,0,0,0,0,1
LEGACY-INCHIKEY-QNMGRFRRIIZVPV-UHFFFAOYSA-N,QNMGRFRRIIZVPV-UHFFFAOYSA-N,formolecular/novo_horizonte/banco_mestre_unificado.csv,MASTER_UNIFIED,QNMGRFRRIIZVPV-UHFFFAOYSA-N,0,0,0,0,0,1
LEGACY-INCHIKEY-QNNNBJRUYRIWHW-UHFFFAOYSA-N,QNNNBJRUYRIWHW-UHFFFAOYSA-N,formolecular/novo_horizonte/banco_mestre_unificado.csv,MASTER_UNIFIED,QNNNBJRUYRIWHW-UHFFFAOYSA-N,0,0,0,0,0,1
LEGACY-INCHIKEY-QNPYOTVXCOJUPN-UHFFFAOYSA-N,QNPYOTVXCOJUPN-UHFFFAOYSA-N,formolecular/novo_horizonte/banco_mestre_unificado.csv,MASTER_UNIFIED,QNPYOTVXCOJUPN-UHFFFAOYSA-N,0,0,0,0,0,1
LEGACY-INCHIKEY-QNRUMXKECRATPA-UHFFFAOYSA-N,QNRUMXKECRATPA-UHFFFAOYSA-N,formolecular/novo_horizonte/banco_mestre_unificado.csv,MASTER_UNIFIED,QNRUMXKECRATPA-UHFFFAOYSA-N,0,0,0,0,0,1
LEGACY-INCHIKEY-QNSPAJFTDWATLP-UHFFFAOYSA-N,QNSPAJFTDWATLP-UHFFFAOYSA-N,formolecular/novo_horizonte/banco_mestre_unificado.csv,MASTER_UNIFIED,QNSPAJFTDWATLP-UHFFFAOYSA-N,0,0,0,0,0,1
LEGACY-INCHIKEY-QNTBIQDWFYAOCB-UHFFFAOYSA-N,QNTBIQDWFYAOCB-UHFFFAOYSA-N,formolecular/novo_horizonte/banco_mestre_unificado.csv,MASTER_UNIFIED,QNTBIQDWFYAOCB-UHFFFAOYSA-N,0,0,0,0,0,1
LEGACY-INCHIKEY-QNTJWWGUKPGPGB-UHFFFAOYSA-N,QNTJWWGUKPGPGB-UHFFFAOYSA-N,formolecular/novo_horizonte/banco_mestre_unificado.csv,MASTER_UNIFIED,QNTJWWGUKPGPGB-UHFFFAOYSA-N,0,0,0,0,0,1
LEGACY-INCHIKEY-QNVPXZQZKQWBJW-UHFFFAOYSA-N,QNVPXZQZKQWBJW-UHFFFAOYSA-N,formolecular/csv_elite_farma/RANKING_FARMACOS_ELITE_ADMET.csv,FARMA_ELITE,QNVPXZQZKQWBJW-UHFFFAOYSA-N,0,1,0,0,0,0
LEGACY-INCHIKEY-QOLCJSRGNRYVMR-UHFFFAOYSA-N,QOLCJSRGNRYVMR-UHFFFAOYSA-N,formolecular/novo_horizonte/banco_mestre_unificado.csv,MASTER_UNIFIED,QOLCJSRGNRYVMR-UHFFFAOYSA-N,0,0,0,0,0,1
LEGACY-INCHIKEY-QOOGVPXCMYBQIH-UHFFFAOYSA-N,QOOGVPXCMYBQIH-UHFFFAOYSA-N,formolecular/novo_horizonte/banco_mestre_unificado.csv,MASTER_UNIFIED,QOOGVPXCMYBQIH-UHFFFAOYSA-N,0,0,0,0,0,1
LEGACY-INCHIKEY-QOUOGNBUKYYDSQ-UHFFFAOYSA-N,QOUOGNBUKYYDSQ-UHFFFAOYSA-N,formolecular/novo_horizonte/banco_mestre_unificado.csv,MASTER_UNIFIED,QOUOGNBUKYYDSQ-UHFFFAOYSA-N,0,0,0,0,0,1
LEGACY-INCHIKEY-QOXBNGVTTDPPCC-UHFFFAOYSA-N,QOXBNGVTTDPPCC-UHFFFAOYSA-N,formolecular/novo_horizonte/banco_mestre_unificado.csv,MASTER_UNIFIED,QOXBNGVTTDPPCC-UHFFFAOYSA-N,0,0,0,0,0,1
LEGACY-INCHIKEY-QOXQSTWSKFFFKF-UHFFFAOYSA-N,QOXQSTWSKFFFKF-UHFFFAOYSA-N,formolecular/novo_horizonte/banco_mestre_unificado.csv,MASTER_UNIFIED,QOXQSTWSKFFFKF-UHFFFAOYSA-N,0,0,0,0,0,1
LEGACY-INCHIKEY-QOYNWWCDMNJQIF-UHFFFAOYSA-N,QOYNWWCDMNJQIF-UHFFFAOYSA-N,formolecular/novo_horizonte/banco_mestre_unificado.csv,MASTER_UNIFIED,QOYNWWCDMNJQIF-UHFFFAOYSA-N,0,0,0,0,0,1
LEGACY-INCHIKEY-QPFSOLHZUPIKSI-UHFFFAOYSA-N,QPFSOLHZUPIKSI-UHFFFAOYSA-N,formolecular/novo_horizonte/banco_mestre_unificado.csv,MASTER_UNIFIED,QPFSOLHZUPIKSI-UHFFFAOYSA-N,0,0,0,0,0,1
LEGACY-INCHIKEY-QPLLHLCNYSVZER-UHFFFAOYSA-N,QPLLHLCNYSVZER-UHFFFAOYSA-N,formolecular/novo_horizonte/banco_mestre_unificado.csv,MASTER_UNIFIED,QPLLHLCNYSVZER-UHFFFAOYSA-N,0,0,0,0,0,1
LEGACY-INCHIKEY-QPWJCHFWCIQNJK-UHFFFAOYSA-N,QPWJCHFWCIQNJK-UHFFFAOYSA-N,formolecular/novo_horizonte/banco_mestre_unificado.csv,MASTER_UNIFIED,QPWJCHFWCIQNJK-UHFFFAOYSA-N,0,0,0,0,0,1
LEGACY-INCHIKEY-QQJPECUHBUJIBP-UHFFFAOYSA-N,QQJPECUHBUJIBP-UHFFFAOYSA-N,formolecular/novo_horizonte/banco_mestre_unificado.csv,MASTER_UNIFIED,QQJPECUHBUJIBP-UHFFFAOYSA-N,0,0,0,0,0,1
LEGACY-INCHIKEY-QQKUHIGOEZUSNZ-UHFFFAOYSA-N,QQKUHIGOEZUSNZ-UHFFFAOYSA-N,formolecular/novo_horizonte/banco_mestre_unificado.csv,MASTER_UNIFIED,QQKUHIGOEZUSNZ-UHFFFAOYSA-N,0,0,0,0,0,1
LEGACY-INCHIKEY-QQMWISYEGBAXQZ-UHFFFAOYSA-N,QQMWISYEGBAXQZ-UHFFFAOYSA-N,formolecular/novo_horizonte/banco_mestre_unificado.csv,MASTER_UNIFIED,QQMWISYEGBAXQZ-UHFFFAOYSA-N,0,0,0,0,0,1
LEGACY-INCHIKEY-QQNVASNHOALKGI-UHFFFAOYSA-N,QQNVASNHOALKGI-UHFFFAOYSA-N,formolecular/novo_horizonte/banco_mestre_unificado.csv,MASTER_UNIFIED,QQNVASNHOALKGI-UHFFFAOYSA-N,0,0,0,0,0,1
LEGACY-INCHIKEY-QQQWJCCFRALHHO-UHFFFAOYSA-N,QQQWJCCFRALHHO-UHFFFAOYSA-N,formolecular/novo_horizonte/banco_mestre_unificado.csv,MASTER_UNIFIED,QQQWJCCFRALHHO-UHFFFAOYSA-N,0,0,0,0,0,1
LEGACY-INCHIKEY-QQWUOQDGQMFIRZ-UHFFFAOYSA-N,QQWUOQDGQMFIRZ-UHFFFAOYSA-N,formolecular/novo_horizonte/banco_mestre_unificado.csv,MASTER_UNIFIED,QQWUOQDGQMFIRZ-UHFFFAOYSA-N,0,0,0,0,0,1
LEGACY-INCHIKEY-QQWVMYXCRCFTSV-UHFFFAOYSA-N,QQWVMYXCRCFTSV-UHFFFAOYSA-N,formolecular/novo_horizonte/banco_mestre_unificado.csv,MASTER_UNIFIED,QQWVMYXCRCFTSV-UHFFFAOYSA-N,0,0,0,0,0,1
LEGACY-INCHIKEY-QQYZBQTVDFFNAG-UHFFFAOYSA-N,QQYZBQTVDFFNAG-UHFFFAOYSA-N,formolecular/novo_horizonte/banco_mestre_unificado.csv,MASTER_UNIFIED,QQYZBQTVDFFNAG-UHFFFAOYSA-N,0,0,0,0,0,1
LEGACY-INCHIKEY-QRFDGLQAFRCVHM-UHFFFAOYSA-N,QRFDGLQAFRCVHM-UHFFFAOYSA-N,formolecular/novo_horizonte/banco_mestre_unificado.csv,MASTER_UNIFIED,QRFDGLQAFRCVHM-UHFFFAOYSA-N,0,0,0,0,0,1
LEGACY-INCHIKEY-QRFYLCIDNZCCRK-UHFFFAOYSA-N,QRFYLCIDNZCCRK-UHFFFAOYSA-N,formolecular/novo_horizonte/banco_mestre_unificado.csv,MASTER_UNIFIED,QRFYLCIDNZCCRK-UHFFFAOYSA-N,0,0,0,0,0,1
LEGACY-INCHIKEY-QRZNQFNCWCLQIK-UHFFFAOYSA-N,QRZNQFNCWCLQIK-UHFFFAOYSA-N,formolecular/novo_horizonte/banco_mestre_unificado.csv,MASTER_UNIFIED,QRZNQFNCWCLQIK-UHFFFAOYSA-N,0,0,0,0,0,1
LEGACY-INCHIKEY-QSCBAOMKPOXXMM-UHFFFAOYSA-N,QSCBAOMKPOXXMM-UHFFFAOYSA-N,formolecular/novo_horizonte/banco_mestre_unificado.csv,MASTER_UNIFIED,QSCBAOMKPOXXMM-UHFFFAOYSA-N,0,0,0,0,0,1
LEGACY-INCHIKEY-QSJBBBOGBDMFMP-UHFFFAOYSA-N,QSJBBBOGBDMFMP-UHFFFAOYSA-N,formolecular/novo_horizonte/banco_mestre_unificado.csv,MASTER_UNIFIED,QSJBBBOGBDMFMP-UHFFFAOYSA-N,0,0,0,0,0,1
LEGACY-INCHIKEY-QSMSPYOWFQXCSS-UHFFFAOYSA-N,QSMSPYOWFQXCSS-UHFFFAOYSA-N,formolecular/novo_horizonte/banco_mestre_unificado.csv,MASTER_UNIFIED,QSMSPYOWFQXCSS-UHFFFAOYSA-N,0,0,0,0,0,1
LEGACY-INCHIKEY-QSOIJQXENHOAJX-UHFFFAOYSA-N,QSOIJQXENHOAJX-UHFFFAOYSA-N,formolecular/novo_horizonte/banco_mestre_unificado.csv,MASTER_UNIFIED,QSOIJQXENHOAJX-UHFFFAOYSA-N,0,0,0,0,0,1
LEGACY-INCHIKEY-QSSHNJZRKXMVPR-UHFFFAOYSA-N,QSSHNJZRKXMVPR-UHFFFAOYSA-N,formolecular/novo_horizonte/banco_mestre_unificado.csv,MASTER_UNIFIED,QSSHNJZRKXMVPR-UHFFFAOYSA-N,0,0,0,0,0,1
LEGACY-INCHIKEY-QSUWIYBLDJSKLO-UHFFFAOYSA-N,QSUWIYBLDJSKLO-UHFFFAOYSA-N,formolecular/novo_horizonte/banco_mestre_unificado.csv,MASTER_UNIFIED,QSUWIYBLDJSKLO-UHFFFAOYSA-N,0,0,0,0,0,1
LEGACY-INCHIKEY-QSWFLFJMRAYNJC-UHFFFAOYSA-N,QSWFLFJMRAYNJC-UHFFFAOYSA-N,formolecular/novo_horizonte/banco_mestre_unificado.csv,MASTER_UNIFIED,QSWFLFJMRAYNJC-UHFFFAOYSA-N,0,0,0,0,0,1
LEGACY-INCHIKEY-QSWOMIGEIIYEGY-UHFFFAOYSA-N,QSWOMIGEIIYEGY-UHFFFAOYSA-N,formolecular/novo_horizonte/banco_mestre_unificado.csv,MASTER_UNIFIED,QSWOMIGEIIYEGY-UHFFFAOYSA-N,0,0,0,0,0,1
LEGACY-INCHIKEY-QSZOMPNDHMPJAG-UHFFFAOYSA-N,QSZOMPNDHMPJAG-UHFFFAOYSA-N,formolecular/novo_horizonte/banco_mestre_unificado.csv,MASTER_UNIFIED,QSZOMPNDHMPJAG-UHFFFAOYSA-N,0,0,0,0,0,1
LEGACY-INCHIKEY-QTATZXHKXPAVPV-UHFFFAOYSA-N,QTATZXHKXPAVPV-UHFFFAOYSA-N,formolecular/novo_horizonte/banco_mestre_unificado.csv,MASTER_UNIFIED,QTATZXHKXPAVPV-UHFFFAOYSA-N,0,0,0,0,0,1
LEGACY-INCHIKEY-QTBPCTRGYRAGEH-UHFFFAOYSA-N,QTBPCTRGYRAGEH-UHFFFAOYSA-N,formolecular/novo_horizonte/banco_mestre_unificado.csv,MASTER_UNIFIED,QTBPCTRGYRAGEH-UHFFFAOYSA-N,0,0,0,0,0,1
LEGACY-INCHIKEY-QTDBHUZSVUSHAZ-UHFFFAOYSA-N,QTDBHUZSVUSHAZ-UHFFFAOYSA-N,formolecular/novo_horizonte/banco_mestre_unificado.csv,MASTER_UNIFIED,QTDBHUZSVUSHAZ-UHFFFAOYSA-N,0,0,0,0,0,1
LEGACY-INCHIKEY-QTRMXCJSPJSEPZ-UHFFFAOYSA-N,QTRMXCJSPJSEPZ-UHFFFAOYSA-N,formolecular/novo_horizonte/banco_mestre_unificado.csv,MASTER_UNIFIED,QTRMXCJSPJSEPZ-UHFFFAOYSA-N,0,0,0,0,0,1
LEGACY-INCHIKEY-QTSVTXCIYTWLHK-UHFFFAOYSA-N,QTSVTXCIYTWLHK-UHFFFAOYSA-N,formolecular/novo_horizonte/banco_mestre_unificado.csv,MASTER_UNIFIED,QTSVTXCIYTWLHK-UHFFFAOYSA-N,0,0,0,0,0,1
LEGACY-INCHIKEY-QTTMIBOLCWNRRL-UHFFFAOYSA-N,QTTMIBOLCWNRRL-UHFFFAOYSA-N,formolecular/novo_horizonte/banco_mestre_unificado.csv,MASTER_UNIFIED,QTTMIBOLCWNRRL-UHFFFAOYSA-N,0,0,0,0,0,1
LEGACY-INCHIKEY-QTZZEWDPXQKCNK-UHFFFAOYSA-N,QTZZEWDPXQKCNK-UHFFFAOYSA-N,formolecular/novo_horizonte/banco_mestre_unificado.csv,MASTER_UNIFIED,QTZZEWDPXQKCNK-UHFFFAOYSA-N,0,0,0,0,0,1
LEGACY-INCHIKEY-QUDBVZLBYBVNBH-UHFFFAOYSA-N,QUDBVZLBYBVNBH-UHFFFAOYSA-N,formolecular/novo_horizonte/banco_mestre_unificado.csv,MASTER_UNIFIED,QUDBVZLBYBVNBH-UHFFFAOYSA-N,0,0,0,0,0,1
LEGACY-INCHIKEY-QUGSMIRCCAIACB-UHFFFAOYSA-N,QUGSMIRCCAIACB-UHFFFAOYSA-N,formolecular/novo_horizonte/banco_mestre_unificado.csv,MASTER_UNIFIED,QUGSMIRCCAIACB-UHFFFAOYSA-N,0,0,0,0,0,1
LEGACY-INCHIKEY-QULBAYYGVDCGGZ-UHFFFAOYSA-N,QULBAYYGVDCGGZ-UHFFFAOYSA-N,formolecular/novo_horizonte/banco_mestre_unificado.csv,MASTER_UNIFIED,QULBAYYGVDCGGZ-UHFFFAOYSA-N,0,0,0,0,0,1
LEGACY-INCHIKEY-QUOWLOGIAUVART-UHFFFAOYSA-N,QUOWLOGIAUVART-UHFFFAOYSA-N,formolecular/novo_horizonte/banco_mestre_unificado.csv,MASTER_UNIFIED,QUOWLOGIAUVART-UHFFFAOYSA-N,0,0,0,0,0,1
LEGACY-INCHIKEY-QUQYSIBCTMNRFA-UHFFFAOYSA-N,QUQYSIBCTMNRFA-UHFFFAOYSA-N,formolecular/novo_horizonte/banco_mestre_unificado.csv,MASTER_UNIFIED,QUQYSIBCTMNRFA-UHFFFAOYSA-N,0,0,0,0,0,1
LEGACY-INCHIKEY-QUXHHXPROBGGCC-UHFFFAOYSA-N,QUXHHXPROBGGCC-UHFFFAOYSA-N,formolecular/novo_horizonte/banco_mestre_unificado.csv,MASTER_UNIFIED,QUXHHXPROBGGCC-UHFFFAOYSA-N,0,0,0,0,0,1
LEGACY-INCHIKEY-QVQUEIUFOSCJBH-UHFFFAOYSA-N,QVQUEIUFOSCJBH-UHFFFAOYSA-N,formolecular/novo_horizonte/banco_mestre_unificado.csv,MASTER_UNIFIED,QVQUEIUFOSCJBH-UHFFFAOYSA-N,0,0,0,0,0,1
LEGACY-INCHIKEY-QVZJOWYRTIEJFP-UHFFFAOYSA-N,QVZJOWYRTIEJFP-UHFFFAOYSA-N,formolecular/novo_horizonte/banco_mestre_unificado.csv,MASTER_UNIFIED,QVZJOWYRTIEJFP-UHFFFAOYSA-N,0,0,0,0,0,1
LEGACY-INCHIKEY-QWKJAJGXEWBEED-UHFFFAOYSA-N,QWKJAJGXEWBEED-UHFFFAOYSA-N,formolecular/novo_horizonte/banco_mestre_unificado.csv,MASTER_UNIFIED,QWKJAJGXEWBEED-UHFFFAOYSA-N,0,0,0,0,0,1
LEGACY-INCHIKEY-QWKJOAJQROJASB-UHFFFAOYSA-N,QWKJOAJQROJASB-UHFFFAOYSA-N,formolecular/novo_horizonte/banco_mestre_unificado.csv,MASTER_UNIFIED,QWKJOAJQROJASB-UHFFFAOYSA-N,0,0,0,0,0,1
LEGACY-INCHIKEY-QWLLJWRCCJZKIQ-UHFFFAOYSA-N,QWLLJWRCCJZKIQ-UHFFFAOYSA-N,formolecular/novo_horizonte/banco_mestre_unificado.csv,MASTER_UNIFIED,QWLLJWRCCJZKIQ-UHFFFAOYSA-N,0,0,0,0,0,1
LEGACY-INCHIKEY-QWWCLBHWYPIIOU-UHFFFAOYSA-N,QWWCLBHWYPIIOU-UHFFFAOYSA-N,formolecular/novo_horizonte/banco_mestre_unificado.csv,MASTER_UNIFIED,QWWCLBHWYPIIOU-UHFFFAOYSA-N,0,0,0,0,0,1
LEGACY-INCHIKEY-QWZREPCZNNUWSW-UHFFFAOYSA-N,QWZREPCZNNUWSW-UHFFFAOYSA-N,formolecular/novo_horizonte/top10_validado_4EY7.csv,NH_VALIDATED_4EY7;NH_ISOLATED;MASTER_UNIFIED,QWZREPCZNNUWSW-UHFFFAOYSA-N,0,0,0,1,1,1
LEGACY-INCHIKEY-QXBUUFITJSFBJZ-UHFFFAOYSA-N,QXBUUFITJSFBJZ-UHFFFAOYSA-N,formolecular/novo_horizonte/banco_mestre_unificado.csv,MASTER_UNIFIED,QXBUUFITJSFBJZ-UHFFFAOYSA-N,0,0,0,0,0,1
LEGACY-INCHIKEY-QXYFXEOQPKUAFN-UHFFFAOYSA-N,QXYFXEOQPKUAFN-UHFFFAOYSA-N,formolecular/novo_horizonte/banco_mestre_unificado.csv,MASTER_UNIFIED,QXYFXEOQPKUAFN-UHFFFAOYSA-N,0,0,0,0,0,1
LEGACY-INCHIKEY-QYBVETHAVLOQKC-UHFFFAOYSA-N,QYBVETHAVLOQKC-UHFFFAOYSA-N,formolecular/novo_horizonte/banco_mestre_unificado.csv,MASTER_UNIFIED,QYBVETHAVLOQKC-UHFFFAOYSA-N,0,0,0,0,0,1
LEGACY-INCHIKEY-QYCMNIHTRBJJAJ-UHFFFAOYSA-N,QYCMNIHTRBJJAJ-UHFFFAOYSA-N,formolecular/novo_horizonte/banco_mestre_unificado.csv,MASTER_UNIFIED,QYCMNIHTRBJJAJ-UHFFFAOYSA-N,0,0,0,0,0,1
LEGACY-INCHIKEY-QYCWKYDSFCTXKS-UHFFFAOYSA-N,QYCWKYDSFCTXKS-UHFFFAOYSA-N,formolecular/novo_horizonte/banco_mestre_unificado.csv,MASTER_UNIFIED,QYCWKYDSFCTXKS-UHFFFAOYSA-N,0,0,0,0,0,1
LEGACY-INCHIKEY-QYKAMCAOBIITBA-UHFFFAOYSA-N,QYKAMCAOBIITBA-UHFFFAOYSA-N,formolecular/novo_horizonte/banco_mestre_unificado.csv,MASTER_UNIFIED,QYKAMCAOBIITBA-UHFFFAOYSA-N,0,0,0,0,0,1
LEGACY-INCHIKEY-QYSPLQLAKJAUJT-UHFFFAOYSA-N,QYSPLQLAKJAUJT-UHFFFAOYSA-N,Biolab/matriz_compostos_filtrados.csv,BIOLAB_FILTERED,QYSPLQLAKJAUJT-UHFFFAOYSA-N,1,0,0,0,0,0
LEGACY-INCHIKEY-QYXUNXVSRZJVPM-UHFFFAOYSA-N,QYXUNXVSRZJVPM-UHFFFAOYSA-N,formolecular/novo_horizonte/banco_mestre_unificado.csv,MASTER_UNIFIED,QYXUNXVSRZJVPM-UHFFFAOYSA-N,0,0,0,0,0,1
LEGACY-INCHIKEY-QYZPOKCPSLLJSR-UHFFFAOYSA-N,QYZPOKCPSLLJSR-UHFFFAOYSA-N,formolecular/novo_horizonte/banco_mestre_unificado.csv,MASTER_UNIFIED,QYZPOKCPSLLJSR-UHFFFAOYSA-N,0,0,0,0,0,1
LEGACY-INCHIKEY-QZBNFXLSUQAKFR-UHFFFAOYSA-N,QZBNFXLSUQAKFR-UHFFFAOYSA-N,formolecular/novo_horizonte/banco_mestre_unificado.csv,MASTER_UNIFIED,QZBNFXLSUQAKFR-UHFFFAOYSA-N,0,0,0,0,0,1
LEGACY-INCHIKEY-QZIINFQSEDKREY-UHFFFAOYSA-N,QZIINFQSEDKREY-UHFFFAOYSA-N,formolecular/novo_horizonte/banco_mestre_unificado.csv,MASTER_UNIFIED,QZIINFQSEDKREY-UHFFFAOYSA-N,0,0,0,0,0,1
LEGACY-INCHIKEY-QZIVAIAJNJSHQR-UHFFFAOYSA-N,QZIVAIAJNJSHQR-UHFFFAOYSA-N,formolecular/novo_horizonte/banco_mestre_unificado.csv,MASTER_UNIFIED,QZIVAIAJNJSHQR-UHFFFAOYSA-N,0,0,0,0,0,1
LEGACY-INCHIKEY-QZYWNPVSXACYRV-UHFFFAOYSA-N,QZYWNPVSXACYRV-UHFFFAOYSA-N,formolecular/novo_horizonte/banco_mestre_unificado.csv,MASTER_UNIFIED,QZYWNPVSXACYRV-UHFFFAOYSA-N,0,0,0,0,0,1
LEGACY-INCHIKEY-QZZHQNKETOFREW-UHFFFAOYSA-N,QZZHQNKETOFREW-UHFFFAOYSA-N,formolecular/novo_horizonte/banco_mestre_unificado.csv,MASTER_UNIFIED,QZZHQNKETOFREW-UHFFFAOYSA-N,0,0,0,0,0,1
LEGACY-INCHIKEY-RALXQCNLBIFWLQ-UHFFFAOYSA-N,RALXQCNLBIFWLQ-UHFFFAOYSA-N,formolecular/novo_horizonte/banco_mestre_unificado.csv,MASTER_UNIFIED,RALXQCNLBIFWLQ-UHFFFAOYSA-N,0,0,0,0,0,1
LEGACY-INCHIKEY-RAQHQCDNTQVLLG-UHFFFAOYSA-N,RAQHQCDNTQVLLG-UHFFFAOYSA-N,formolecular/novo_horizonte/banco_mestre_unificado.csv,MASTER_UNIFIED,RAQHQCDNTQVLLG-UHFFFAOYSA-N,0,0,0,0,0,1
LEGACY-INCHIKEY-RARJPPJXEZJISV-UHFFFAOYSA-N,RARJPPJXEZJISV-UHFFFAOYSA-N,formolecular/novo_horizonte/banco_mestre_unificado.csv,MASTER_UNIFIED,RARJPPJXEZJISV-UHFFFAOYSA-N,0,0,0,0,0,1
LEGACY-INCHIKEY-RARUHJBFQQHLQC-UHFFFAOYSA-N,RARUHJBFQQHLQC-UHFFFAOYSA-N,formolecular/novo_horizonte/banco_mestre_unificado.csv,MASTER_UNIFIED,RARUHJBFQQHLQC-UHFFFAOYSA-N,0,0,0,0,0,1
LEGACY-INCHIKEY-RAUYUMUENGJSJF-UHFFFAOYSA-N,RAUYUMUENGJSJF-UHFFFAOYSA-N,formolecular/novo_horizonte/banco_mestre_unificado.csv,MASTER_UNIFIED,RAUYUMUENGJSJF-UHFFFAOYSA-N,0,0,0,0,0,1
LEGACY-INCHIKEY-RBBXFSOOPHTESO-UHFFFAOYSA-N,RBBXFSOOPHTESO-UHFFFAOYSA-N,formolecular/novo_horizonte/banco_mestre_unificado.csv,MASTER_UNIFIED,RBBXFSOOPHTESO-UHFFFAOYSA-N,0,0,0,0,0,1
LEGACY-INCHIKEY-RBLAYZUPZMSPDE-UHFFFAOYSA-N,RBLAYZUPZMSPDE-UHFFFAOYSA-N,formolecular/novo_horizonte/banco_mestre_unificado.csv,MASTER_UNIFIED,RBLAYZUPZMSPDE-UHFFFAOYSA-N,0,0,0,0,0,1
LEGACY-INCHIKEY-RBMFTZHYDMQCRH-UHFFFAOYSA-N,RBMFTZHYDMQCRH-UHFFFAOYSA-N,formolecular/novo_horizonte/banco_mestre_unificado.csv,MASTER_UNIFIED,RBMFTZHYDMQCRH-UHFFFAOYSA-N,0,0,0,0,0,1
LEGACY-INCHIKEY-RBNIQCFBHVMTIX-UHFFFAOYSA-N,RBNIQCFBHVMTIX-UHFFFAOYSA-N,formolecular/novo_horizonte/banco_mestre_unificado.csv,MASTER_UNIFIED,RBNIQCFBHVMTIX-UHFFFAOYSA-N,0,0,0,0,0,1
LEGACY-INCHIKEY-RBVPKZFPOPLLQE-UHFFFAOYSA-N,RBVPKZFPOPLLQE-UHFFFAOYSA-N,formolecular/novo_horizonte/banco_mestre_unificado.csv,MASTER_UNIFIED,RBVPKZFPOPLLQE-UHFFFAOYSA-N,0,0,0,0,0,1
LEGACY-INCHIKEY-RBXBXULSQOQDRC-UHFFFAOYSA-N,RBXBXULSQOQDRC-UHFFFAOYSA-N,formolecular/novo_horizonte/banco_mestre_unificado.csv,MASTER_UNIFIED,RBXBXULSQOQDRC-UHFFFAOYSA-N,0,0,0,0,0,1
LEGACY-INCHIKEY-RBZITIUWHKUUKV-UHFFFAOYSA-N,RBZITIUWHKUUKV-UHFFFAOYSA-N,formolecular/novo_horizonte/banco_mestre_unificado.csv,MASTER_UNIFIED,RBZITIUWHKUUKV-UHFFFAOYSA-N,0,0,0,0,0,1
LEGACY-INCHIKEY-RCECEQRMHRGQRL-UHFFFAOYSA-N,RCECEQRMHRGQRL-UHFFFAOYSA-N,formolecular/novo_horizonte/banco_mestre_unificado.csv,MASTER_UNIFIED,RCECEQRMHRGQRL-UHFFFAOYSA-N,0,0,0,0,0,1
LEGACY-INCHIKEY-RCICJHNUFFUUFE-UHFFFAOYSA-N,RCICJHNUFFUUFE-UHFFFAOYSA-N,formolecular/novo_horizonte/banco_mestre_unificado.csv,MASTER_UNIFIED,RCICJHNUFFUUFE-UHFFFAOYSA-N,0,0,0,0,0,1
LEGACY-INCHIKEY-RCISNFZMENHZJV-UHFFFAOYSA-N,RCISNFZMENHZJV-UHFFFAOYSA-N,formolecular/novo_horizonte/banco_mestre_unificado.csv,MASTER_UNIFIED,RCISNFZMENHZJV-UHFFFAOYSA-N,0,0,0,0,0,1
LEGACY-INCHIKEY-RCMNCOIGGGMUPT-UHFFFAOYSA-N,RCMNCOIGGGMUPT-UHFFFAOYSA-N,formolecular/novo_horizonte/banco_mestre_unificado.csv,MASTER_UNIFIED,RCMNCOIGGGMUPT-UHFFFAOYSA-N,0,0,0,0,0,1
LEGACY-INCHIKEY-RCRYVBMDTZPIKZ-UHFFFAOYSA-N,RCRYVBMDTZPIKZ-UHFFFAOYSA-N,formolecular/novo_horizonte/banco_mestre_unificado.csv,MASTER_UNIFIED,RCRYVBMDTZPIKZ-UHFFFAOYSA-N,0,0,0,0,0,1
LEGACY-INCHIKEY-RCTUURLWNDRJSD-UHFFFAOYSA-N,RCTUURLWNDRJSD-UHFFFAOYSA-N,formolecular/novo_horizonte/banco_mestre_unificado.csv,MASTER_UNIFIED,RCTUURLWNDRJSD-UHFFFAOYSA-N,0,0,0,0,0,1
LEGACY-INCHIKEY-RDAQFEYXNPJJMR-UHFFFAOYSA-N,RDAQFEYXNPJJMR-UHFFFAOYSA-N,formolecular/novo_horizonte/banco_mestre_unificado.csv,MASTER_UNIFIED,RDAQFEYXNPJJMR-UHFFFAOYSA-N,0,0,0,0,0,1
LEGACY-INCHIKEY-RDBHFZQSNWYJMK-UHFFFAOYSA-N,RDBHFZQSNWYJMK-UHFFFAOYSA-N,formolecular/novo_horizonte/banco_mestre_unificado.csv,MASTER_UNIFIED,RDBHFZQSNWYJMK-UHFFFAOYSA-N,0,0,0,0,0,1
LEGACY-INCHIKEY-RDGPNWJKNIEFJE-UHFFFAOYSA-N,RDGPNWJKNIEFJE-UHFFFAOYSA-N,formolecular/novo_horizonte/banco_mestre_unificado.csv,MASTER_UNIFIED,RDGPNWJKNIEFJE-UHFFFAOYSA-N,0,0,0,0,0,1
LEGACY-INCHIKEY-RDMIYPUFSUSGGN-UHFFFAOYSA-N,RDMIYPUFSUSGGN-UHFFFAOYSA-N,formolecular/novo_horizonte/banco_mestre_unificado.csv,MASTER_UNIFIED,RDMIYPUFSUSGGN-UHFFFAOYSA-N,0,0,0,0,0,1
LEGACY-INCHIKEY-RDNQXSWNAVFIEP-UHFFFAOYSA-N,RDNQXSWNAVFIEP-UHFFFAOYSA-N,formolecular/novo_horizonte/banco_mestre_unificado.csv,MASTER_UNIFIED,RDNQXSWNAVFIEP-UHFFFAOYSA-N,0,0,0,0,0,1
LEGACY-INCHIKEY-RDQRLUPNBCWYMR-UHFFFAOYSA-N,RDQRLUPNBCWYMR-UHFFFAOYSA-N,formolecular/novo_horizonte/banco_mestre_unificado.csv,MASTER_UNIFIED,RDQRLUPNBCWYMR-UHFFFAOYSA-N,0,0,0,0,0,1
LEGACY-INCHIKEY-RDXMIXHQELEFDV-UHFFFAOYSA-N,RDXMIXHQELEFDV-UHFFFAOYSA-N,formolecular/novo_horizonte/banco_mestre_unificado.csv,MASTER_UNIFIED,RDXMIXHQELEFDV-UHFFFAOYSA-N,0,0,0,0,0,1
LEGACY-INCHIKEY-REAIEGLRRLAGKP-UHFFFAOYSA-N,REAIEGLRRLAGKP-UHFFFAOYSA-N,formolecular/novo_horizonte/banco_mestre_unificado.csv,MASTER_UNIFIED,REAIEGLRRLAGKP-UHFFFAOYSA-N,0,0,0,0,0,1
LEGACY-INCHIKEY-RECUKUPTGUEGMW-UHFFFAOYSA-N,RECUKUPTGUEGMW-UHFFFAOYSA-N,Biolab/matriz_compostos_filtrados.csv,BIOLAB_FILTERED,RECUKUPTGUEGMW-UHFFFAOYSA-N,1,0,0,0,0,0
LEGACY-INCHIKEY-REFJWTPEDVJJIY-UHFFFAOYSA-N,REFJWTPEDVJJIY-UHFFFAOYSA-N,Biolab/matriz_compostos_filtrados.csv,BIOLAB_FILTERED,REFJWTPEDVJJIY-UHFFFAOYSA-N,1,0,0,0,0,0
LEGACY-INCHIKEY-REIUMCOEWQWWRE-UHFFFAOYSA-N,REIUMCOEWQWWRE-UHFFFAOYSA-N,formolecular/novo_horizonte/banco_mestre_unificado.csv,MASTER_UNIFIED,REIUMCOEWQWWRE-UHFFFAOYSA-N,0,0,0,0,0,1
LEGACY-INCHIKEY-RELOUVXOVBKFIX-UHFFFAOYSA-N,RELOUVXOVBKFIX-UHFFFAOYSA-N,formolecular/novo_horizonte/banco_mestre_unificado.csv,MASTER_UNIFIED,RELOUVXOVBKFIX-UHFFFAOYSA-N,0,0,0,0,0,1
LEGACY-INCHIKEY-REPNXIPDJPGTCO-UHFFFAOYSA-N,REPNXIPDJPGTCO-UHFFFAOYSA-N,formolecular/novo_horizonte/banco_mestre_unificado.csv,MASTER_UNIFIED,REPNXIPDJPGTCO-UHFFFAOYSA-N,0,0,0,0,0,1
LEGACY-INCHIKEY-REROOEATZZMMCW-UHFFFAOYSA-N,REROOEATZZMMCW-UHFFFAOYSA-N,formolecular/novo_horizonte/banco_mestre_unificado.csv,MASTER_UNIFIED,REROOEATZZMMCW-UHFFFAOYSA-N,0,0,0,0,0,1
LEGACY-INCHIKEY-REWQDUOQZQDYSY-UHFFFAOYSA-N,REWQDUOQZQDYSY-UHFFFAOYSA-N,formolecular/novo_horizonte/banco_mestre_unificado.csv,MASTER_UNIFIED,REWQDUOQZQDYSY-UHFFFAOYSA-N,0,0,0,0,0,1
LEGACY-INCHIKEY-REZQMCNKOROEQV-UHFFFAOYSA-N,REZQMCNKOROEQV-UHFFFAOYSA-N,formolecular/novo_horizonte/banco_mestre_unificado.csv,MASTER_UNIFIED,REZQMCNKOROEQV-UHFFFAOYSA-N,0,0,0,0,0,1
LEGACY-INCHIKEY-RFDLMGRBEPPMHW-UHFFFAOYSA-N,RFDLMGRBEPPMHW-UHFFFAOYSA-N,formolecular/novo_horizonte/banco_mestre_unificado.csv,MASTER_UNIFIED,RFDLMGRBEPPMHW-UHFFFAOYSA-N,0,0,0,0,0,1
LEGACY-INCHIKEY-RFIGCABKQHYWDR-UHFFFAOYSA-N,RFIGCABKQHYWDR-UHFFFAOYSA-N,formolecular/novo_horizonte/banco_mestre_unificado.csv,MASTER_UNIFIED,RFIGCABKQHYWDR-UHFFFAOYSA-N,0,0,0,0,0,1
LEGACY-INCHIKEY-RFLWDZMHBYIENX-UHFFFAOYSA-N,RFLWDZMHBYIENX-UHFFFAOYSA-N,formolecular/novo_horizonte/banco_mestre_unificado.csv,MASTER_UNIFIED,RFLWDZMHBYIENX-UHFFFAOYSA-N,0,0,0,0,0,1
LEGACY-INCHIKEY-RFNKQVZWWFLHDH-UHFFFAOYSA-N,RFNKQVZWWFLHDH-UHFFFAOYSA-N,formolecular/csv_elite_farma/RANKING_FARMACOS_ELITE_ADMET.csv,FARMA_ELITE,RFNKQVZWWFLHDH-UHFFFAOYSA-N,0,1,0,0,0,0
LEGACY-INCHIKEY-RFROZGDKTMFJKB-UHFFFAOYSA-N,RFROZGDKTMFJKB-UHFFFAOYSA-N,formolecular/novo_horizonte/banco_mestre_unificado.csv,MASTER_UNIFIED,RFROZGDKTMFJKB-UHFFFAOYSA-N,0,0,0,0,0,1
LEGACY-INCHIKEY-RFSWREMPZDTILU-UHFFFAOYSA-N,RFSWREMPZDTILU-UHFFFAOYSA-N,formolecular/novo_horizonte/banco_mestre_unificado.csv,MASTER_UNIFIED,RFSWREMPZDTILU-UHFFFAOYSA-N,0,0,0,0,0,1
LEGACY-INCHIKEY-RFYDCGAWNYVKSQ-UHFFFAOYSA-N,RFYDCGAWNYVKSQ-UHFFFAOYSA-N,formolecular/novo_horizonte/banco_mestre_unificado.csv,MASTER_UNIFIED,RFYDCGAWNYVKSQ-UHFFFAOYSA-N,0,0,0,0,0,1
LEGACY-INCHIKEY-RFYWLVSDJZNQTK-UHFFFAOYSA-N,RFYWLVSDJZNQTK-UHFFFAOYSA-N,formolecular/novo_horizonte/banco_mestre_unificado.csv,MASTER_UNIFIED,RFYWLVSDJZNQTK-UHFFFAOYSA-N,0,0,0,0,0,1
LEGACY-INCHIKEY-RGEBCPMADXASPE-UHFFFAOYSA-N,RGEBCPMADXASPE-UHFFFAOYSA-N,formolecular/novo_horizonte/banco_mestre_unificado.csv,MASTER_UNIFIED,RGEBCPMADXASPE-UHFFFAOYSA-N,0,0,0,0,0,1
LEGACY-INCHIKEY-RGOKGSPZNVMLPF-UHFFFAOYSA-N,RGOKGSPZNVMLPF-UHFFFAOYSA-N,formolecular/novo_horizonte/banco_mestre_unificado.csv,MASTER_UNIFIED,RGOKGSPZNVMLPF-UHFFFAOYSA-N,0,0,0,0,0,1
LEGACY-INCHIKEY-RGRJEEZJQQTCRI-UHFFFAOYSA-N,RGRJEEZJQQTCRI-UHFFFAOYSA-N,formolecular/novo_horizonte/banco_mestre_unificado.csv,MASTER_UNIFIED,RGRJEEZJQQTCRI-UHFFFAOYSA-N,0,0,0,0,0,1
LEGACY-INCHIKEY-RGRLHQINHCYDNA-UHFFFAOYSA-N,RGRLHQINHCYDNA-UHFFFAOYSA-N,formolecular/novo_horizonte/banco_mestre_unificado.csv,MASTER_UNIFIED,RGRLHQINHCYDNA-UHFFFAOYSA-N,0,0,0,0,0,1
LEGACY-INCHIKEY-RGYPDMDJEDVIIO-UHFFFAOYSA-N,RGYPDMDJEDVIIO-UHFFFAOYSA-N,formolecular/novo_horizonte/banco_mestre_unificado.csv,MASTER_UNIFIED,RGYPDMDJEDVIIO-UHFFFAOYSA-N,0,0,0,0,0,1
LEGACY-INCHIKEY-RGZYDPBYWBSMEO-UHFFFAOYSA-N,RGZYDPBYWBSMEO-UHFFFAOYSA-N,formolecular/novo_horizonte/banco_mestre_unificado.csv,MASTER_UNIFIED,RGZYDPBYWBSMEO-UHFFFAOYSA-N,0,0,0,0,0,1
LEGACY-INCHIKEY-RHAVYMUIQOTWEN-UHFFFAOYSA-N,RHAVYMUIQOTWEN-UHFFFAOYSA-N,formolecular/novo_horizonte/banco_mestre_unificado.csv,MASTER_UNIFIED,RHAVYMUIQOTWEN-UHFFFAOYSA-N,0,0,0,0,0,1
LEGACY-INCHIKEY-RHOCBPRXZRSTHM-UHFFFAOYSA-N,RHOCBPRXZRSTHM-UHFFFAOYSA-N,formolecular/novo_horizonte/banco_mestre_unificado.csv,MASTER_UNIFIED,RHOCBPRXZRSTHM-UHFFFAOYSA-N,0,0,0,0,0,1
LEGACY-INCHIKEY-RHXQUONOWOBTGI-UHFFFAOYSA-N,RHXQUONOWOBTGI-UHFFFAOYSA-N,formolecular/novo_horizonte/banco_mestre_unificado.csv,MASTER_UNIFIED,RHXQUONOWOBTGI-UHFFFAOYSA-N,0,0,0,0,0,1
LEGACY-INCHIKEY-RIIAVVDLTBGIPX-UHFFFAOYSA-N,RIIAVVDLTBGIPX-UHFFFAOYSA-N,formolecular/novo_horizonte/banco_mestre_unificado.csv,MASTER_UNIFIED,RIIAVVDLTBGIPX-UHFFFAOYSA-N,0,0,0,0,0,1
LEGACY-INCHIKEY-RIKZZFMXKCHYTC-UHFFFAOYSA-N,RIKZZFMXKCHYTC-UHFFFAOYSA-N,formolecular/novo_horizonte/banco_mestre_unificado.csv,MASTER_UNIFIED,RIKZZFMXKCHYTC-UHFFFAOYSA-N,0,0,0,0,0,1
LEGACY-INCHIKEY-RIMWPGNBPIYOEF-UHFFFAOYSA-N,RIMWPGNBPIYOEF-UHFFFAOYSA-N,formolecular/novo_horizonte/banco_mestre_unificado.csv,MASTER_UNIFIED,RIMWPGNBPIYOEF-UHFFFAOYSA-N,0,0,0,0,0,1
LEGACY-INCHIKEY-RIRSPRKIJRCEPK-UHFFFAOYSA-N,RIRSPRKIJRCEPK-UHFFFAOYSA-N,formolecular/novo_horizonte/banco_mestre_unificado.csv,MASTER_UNIFIED,RIRSPRKIJRCEPK-UHFFFAOYSA-N,0,0,0,0,0,1
LEGACY-INCHIKEY-RIXFZYWPQPWWCS-UHFFFAOYSA-N,RIXFZYWPQPWWCS-UHFFFAOYSA-N,formolecular/novo_horizonte/banco_mestre_unificado.csv,MASTER_UNIFIED,RIXFZYWPQPWWCS-UHFFFAOYSA-N,0,0,0,0,0,1
LEGACY-INCHIKEY-RIZSUNNCQVLONN-UHFFFAOYSA-N,RIZSUNNCQVLONN-UHFFFAOYSA-N,formolecular/novo_horizonte/banco_mestre_unificado.csv,MASTER_UNIFIED,RIZSUNNCQVLONN-UHFFFAOYSA-N,0,0,0,0,0,1
LEGACY-INCHIKEY-RJFRBCKIKKCIOQ-UHFFFAOYSA-N,RJFRBCKIKKCIOQ-UHFFFAOYSA-N,formolecular/novo_horizonte/banco_mestre_unificado.csv,MASTER_UNIFIED,RJFRBCKIKKCIOQ-UHFFFAOYSA-N,0,0,0,0,0,1
LEGACY-INCHIKEY-RJLKZFKAXFIOKV-UHFFFAOYSA-N,RJLKZFKAXFIOKV-UHFFFAOYSA-N,formolecular/novo_horizonte/banco_mestre_unificado.csv,MASTER_UNIFIED,RJLKZFKAXFIOKV-UHFFFAOYSA-N,0,0,0,0,0,1
LEGACY-INCHIKEY-RJQCXXLJVUNDNW-UHFFFAOYSA-N,RJQCXXLJVUNDNW-UHFFFAOYSA-N,formolecular/novo_horizonte/banco_mestre_unificado.csv,MASTER_UNIFIED,RJQCXXLJVUNDNW-UHFFFAOYSA-N,0,0,0,0,0,1
LEGACY-INCHIKEY-RJQQWAUNRDSAGS-UHFFFAOYSA-N,RJQQWAUNRDSAGS-UHFFFAOYSA-N,formolecular/novo_horizonte/banco_mestre_unificado.csv,MASTER_UNIFIED,RJQQWAUNRDSAGS-UHFFFAOYSA-N,0,0,0,0,0,1
LEGACY-INCHIKEY-RJSNNIKBDAAXLT-UHFFFAOYSA-N,RJSNNIKBDAAXLT-UHFFFAOYSA-N,formolecular/novo_horizonte/banco_mestre_unificado.csv,MASTER_UNIFIED,RJSNNIKBDAAXLT-UHFFFAOYSA-N,0,0,0,0,0,1
LEGACY-INCHIKEY-RJVYTHHELWVVSG-UHFFFAOYSA-N,RJVYTHHELWVVSG-UHFFFAOYSA-N,formolecular/novo_horizonte/banco_mestre_unificado.csv,MASTER_UNIFIED,RJVYTHHELWVVSG-UHFFFAOYSA-N,0,0,0,0,0,1
LEGACY-INCHIKEY-RJXJBKZUQBNUNB-UHFFFAOYSA-N,RJXJBKZUQBNUNB-UHFFFAOYSA-N,formolecular/novo_horizonte/banco_mestre_unificado.csv,MASTER_UNIFIED,RJXJBKZUQBNUNB-UHFFFAOYSA-N,0,0,0,0,0,1
LEGACY-INCHIKEY-RKDQELAYZJHHAR-UHFFFAOYSA-N,RKDQELAYZJHHAR-UHFFFAOYSA-N,formolecular/novo_horizonte/banco_mestre_unificado.csv,MASTER_UNIFIED,RKDQELAYZJHHAR-UHFFFAOYSA-N,0,0,0,0,0,1
LEGACY-INCHIKEY-RKGBLBZCXVHBAS-UHFFFAOYSA-N,RKGBLBZCXVHBAS-UHFFFAOYSA-N,formolecular/novo_horizonte/banco_mestre_unificado.csv,MASTER_UNIFIED,RKGBLBZCXVHBAS-UHFFFAOYSA-N,0,0,0,0,0,1
LEGACY-INCHIKEY-RKLBFTYSNHNLTD-UHFFFAOYSA-N,RKLBFTYSNHNLTD-UHFFFAOYSA-N,formolecular/novo_horizonte/banco_mestre_unificado.csv,MASTER_UNIFIED,RKLBFTYSNHNLTD-UHFFFAOYSA-N,0,0,0,0,0,1
LEGACY-INCHIKEY-RKMURRVALROMTP-UHFFFAOYSA-N,RKMURRVALROMTP-UHFFFAOYSA-N,formolecular/novo_horizonte/banco_mestre_unificado.csv,MASTER_UNIFIED,RKMURRVALROMTP-UHFFFAOYSA-N,0,0,0,0,0,1
LEGACY-INCHIKEY-RKOZGCNZSSVIOO-UHFFFAOYSA-N,RKOZGCNZSSVIOO-UHFFFAOYSA-N,formolecular/novo_horizonte/banco_mestre_unificado.csv,MASTER_UNIFIED,RKOZGCNZSSVIOO-UHFFFAOYSA-N,0,0,0,0,0,1
LEGACY-INCHIKEY-RKRIGGWNFZIYSE-UHFFFAOYSA-N,RKRIGGWNFZIYSE-UHFFFAOYSA-N,formolecular/csv_elite_farma/RANKING_FARMACOS_ELITE_ADMET.csv,FARMA_ELITE,RKRIGGWNFZIYSE-UHFFFAOYSA-N,0,1,0,0,0,0
LEGACY-INCHIKEY-RKTITHDBBZCEBF-UHFFFAOYSA-N,RKTITHDBBZCEBF-UHFFFAOYSA-N,formolecular/novo_horizonte/banco_mestre_unificado.csv,MASTER_UNIFIED,RKTITHDBBZCEBF-UHFFFAOYSA-N,0,0,0,0,0,1
LEGACY-INCHIKEY-RKUKSVJFNAJNQG-UHFFFAOYSA-N,RKUKSVJFNAJNQG-UHFFFAOYSA-N,formolecular/novo_horizonte/banco_mestre_unificado.csv,MASTER_UNIFIED,RKUKSVJFNAJNQG-UHFFFAOYSA-N,0,0,0,0,0,1
LEGACY-INCHIKEY-RLFPBFYZPPAWQY-UHFFFAOYSA-N,RLFPBFYZPPAWQY-UHFFFAOYSA-N,formolecular/novo_horizonte/banco_mestre_unificado.csv,MASTER_UNIFIED,RLFPBFYZPPAWQY-UHFFFAOYSA-N,0,0,0,0,0,1
LEGACY-INCHIKEY-RLIKISSJYJXBRV-UHFFFAOYSA-N,RLIKISSJYJXBRV-UHFFFAOYSA-N,formolecular/novo_horizonte/banco_mestre_unificado.csv,MASTER_UNIFIED,RLIKISSJYJXBRV-UHFFFAOYSA-N,0,0,0,0,0,1
LEGACY-INCHIKEY-RLNWHYLYHOTSHQ-UHFFFAOYSA-N,RLNWHYLYHOTSHQ-UHFFFAOYSA-N,formolecular/novo_horizonte/banco_mestre_unificado.csv,MASTER_UNIFIED,RLNWHYLYHOTSHQ-UHFFFAOYSA-N,0,0,0,0,0,1
LEGACY-INCHIKEY-RLPGNXNTWNTARY-UHFFFAOYSA-N,RLPGNXNTWNTARY-UHFFFAOYSA-N,formolecular/novo_horizonte/banco_mestre_unificado.csv,MASTER_UNIFIED,RLPGNXNTWNTARY-UHFFFAOYSA-N,0,0,0,0,0,1
LEGACY-INCHIKEY-RLSCRWBVNYWXCO-UHFFFAOYSA-N,RLSCRWBVNYWXCO-UHFFFAOYSA-N,formolecular/novo_horizonte/banco_mestre_unificado.csv,MASTER_UNIFIED,RLSCRWBVNYWXCO-UHFFFAOYSA-N,0,0,0,0,0,1
LEGACY-INCHIKEY-RLUVBLRUCCIPIE-UHFFFAOYSA-N,RLUVBLRUCCIPIE-UHFFFAOYSA-N,formolecular/novo_horizonte/banco_mestre_unificado.csv,MASTER_UNIFIED,RLUVBLRUCCIPIE-UHFFFAOYSA-N,0,0,0,0,0,1
LEGACY-INCHIKEY-RMEPWKGAVACCHT-UHFFFAOYSA-N,RMEPWKGAVACCHT-UHFFFAOYSA-N,formolecular/novo_horizonte/banco_mestre_unificado.csv,MASTER_UNIFIED,RMEPWKGAVACCHT-UHFFFAOYSA-N,0,0,0,0,0,1
LEGACY-INCHIKEY-RMHPBCNACWOZGE-UHFFFAOYSA-N,RMHPBCNACWOZGE-UHFFFAOYSA-N,formolecular/novo_horizonte/banco_mestre_unificado.csv,MASTER_UNIFIED,RMHPBCNACWOZGE-UHFFFAOYSA-N,0,0,0,0,0,1
LEGACY-INCHIKEY-RMHXAMKNLGHABP-UHFFFAOYSA-N,RMHXAMKNLGHABP-UHFFFAOYSA-N,formolecular/novo_horizonte/banco_mestre_unificado.csv,MASTER_UNIFIED,RMHXAMKNLGHABP-UHFFFAOYSA-N,0,0,0,0,0,1
LEGACY-INCHIKEY-RMNMJXRCZXVLRK-UHFFFAOYSA-N,RMNMJXRCZXVLRK-UHFFFAOYSA-N,formolecular/novo_horizonte/banco_mestre_unificado.csv,MASTER_UNIFIED,RMNMJXRCZXVLRK-UHFFFAOYSA-N,0,0,0,0,0,1
LEGACY-INCHIKEY-RMOCRPBHLVZMCA-UHFFFAOYSA-N,RMOCRPBHLVZMCA-UHFFFAOYSA-N,formolecular/novo_horizonte/banco_mestre_unificado.csv,MASTER_UNIFIED,RMOCRPBHLVZMCA-UHFFFAOYSA-N,0,0,0,0,0,1
LEGACY-INCHIKEY-RMQGZIBZQWQWPU-UHFFFAOYSA-N,RMQGZIBZQWQWPU-UHFFFAOYSA-N,formolecular/novo_horizonte/banco_mestre_unificado.csv,MASTER_UNIFIED,RMQGZIBZQWQWPU-UHFFFAOYSA-N,0,0,0,0,0,1
LEGACY-INCHIKEY-RMWIKNMHGRDIAZ-UHFFFAOYSA-N,RMWIKNMHGRDIAZ-UHFFFAOYSA-N,formolecular/novo_horizonte/banco_mestre_unificado.csv,MASTER_UNIFIED,RMWIKNMHGRDIAZ-UHFFFAOYSA-N,0,0,0,0,0,1
LEGACY-INCHIKEY-RMWSEMRFMIXSKF-UHFFFAOYSA-N,RMWSEMRFMIXSKF-UHFFFAOYSA-N,formolecular/novo_horizonte/banco_mestre_unificado.csv,MASTER_UNIFIED,RMWSEMRFMIXSKF-UHFFFAOYSA-N,0,0,0,0,0,1
LEGACY-INCHIKEY-RNBTVGKMRHXQCJ-UHFFFAOYSA-N,RNBTVGKMRHXQCJ-UHFFFAOYSA-N,formolecular/novo_horizonte/banco_mestre_unificado.csv,MASTER_UNIFIED,RNBTVGKMRHXQCJ-UHFFFAOYSA-N,0,0,0,0,0,1
LEGACY-INCHIKEY-RNDNKPKNSJAWHQ-UHFFFAOYSA-N,RNDNKPKNSJAWHQ-UHFFFAOYSA-N,formolecular/novo_horizonte/banco_mestre_unificado.csv,MASTER_UNIFIED,RNDNKPKNSJAWHQ-UHFFFAOYSA-N,0,0,0,0,0,1
LEGACY-INCHIKEY-RNJLKHZGXJJVLY-UHFFFAOYSA-N,RNJLKHZGXJJVLY-UHFFFAOYSA-N,formolecular/novo_horizonte/banco_mestre_unificado.csv,MASTER_UNIFIED,RNJLKHZGXJJVLY-UHFFFAOYSA-N,0,0,0,0,0,1
LEGACY-INCHIKEY-RNOJTAHVUZPLFM-UHFFFAOYSA-N,RNOJTAHVUZPLFM-UHFFFAOYSA-N,formolecular/novo_horizonte/banco_mestre_unificado.csv,MASTER_UNIFIED,RNOJTAHVUZPLFM-UHFFFAOYSA-N,0,0,0,0,0,1
LEGACY-INCHIKEY-RNOVISZWMZRGTM-UHFFFAOYSA-N,RNOVISZWMZRGTM-UHFFFAOYSA-N,formolecular/novo_horizonte/banco_mestre_unificado.csv,MASTER_UNIFIED,RNOVISZWMZRGTM-UHFFFAOYSA-N,0,0,0,0,0,1
LEGACY-INCHIKEY-RNSUUVVQYJEUGO-UHFFFAOYSA-N,RNSUUVVQYJEUGO-UHFFFAOYSA-N,formolecular/novo_horizonte/banco_mestre_unificado.csv,MASTER_UNIFIED,RNSUUVVQYJEUGO-UHFFFAOYSA-N,0,0,0,0,0,1
LEGACY-INCHIKEY-RNYQZSKVGIRMNN-UHFFFAOYSA-N,RNYQZSKVGIRMNN-UHFFFAOYSA-N,formolecular/novo_horizonte/banco_mestre_unificado.csv,MASTER_UNIFIED,RNYQZSKVGIRMNN-UHFFFAOYSA-N,0,0,0,0,0,1
LEGACY-INCHIKEY-ROHIYDAUAOJQHB-UHFFFAOYSA-N,ROHIYDAUAOJQHB-UHFFFAOYSA-N,formolecular/novo_horizonte/banco_mestre_unificado.csv,MASTER_UNIFIED,ROHIYDAUAOJQHB-UHFFFAOYSA-N,0,0,0,0,0,1
LEGACY-INCHIKEY-ROJXNFRYUNDTKJ-UHFFFAOYSA-N,ROJXNFRYUNDTKJ-UHFFFAOYSA-N,formolecular/novo_horizonte/banco_mestre_unificado.csv,MASTER_UNIFIED,ROJXNFRYUNDTKJ-UHFFFAOYSA-N,0,0,0,0,0,1
LEGACY-INCHIKEY-ROPXRFYLUOKGHX-UHFFFAOYSA-N,ROPXRFYLUOKGHX-UHFFFAOYSA-N,formolecular/novo_horizonte/banco_mestre_unificado.csv,MASTER_UNIFIED,ROPXRFYLUOKGHX-UHFFFAOYSA-N,0,0,0,0,0,1
LEGACY-INCHIKEY-RPKZQAOFLFPEPB-UHFFFAOYSA-N,RPKZQAOFLFPEPB-UHFFFAOYSA-N,formolecular/novo_horizonte/banco_mestre_unificado.csv,MASTER_UNIFIED,RPKZQAOFLFPEPB-UHFFFAOYSA-N,0,0,0,0,0,1
LEGACY-INCHIKEY-RPQVDNQVMXFJGK-UHFFFAOYSA-N,RPQVDNQVMXFJGK-UHFFFAOYSA-N,formolecular/novo_horizonte/banco_mestre_unificado.csv,MASTER_UNIFIED,RPQVDNQVMXFJGK-UHFFFAOYSA-N,0,0,0,0,0,1
LEGACY-INCHIKEY-RPSXEMZLGKSDMU-UHFFFAOYSA-N,RPSXEMZLGKSDMU-UHFFFAOYSA-N,formolecular/novo_horizonte/banco_mestre_unificado.csv,MASTER_UNIFIED,RPSXEMZLGKSDMU-UHFFFAOYSA-N,0,0,0,0,0,1
LEGACY-INCHIKEY-RPUBSYPUCOAGEV-UHFFFAOYSA-N,RPUBSYPUCOAGEV-UHFFFAOYSA-N,formolecular/novo_horizonte/banco_mestre_unificado.csv,MASTER_UNIFIED,RPUBSYPUCOAGEV-UHFFFAOYSA-N,0,0,0,0,0,1
LEGACY-INCHIKEY-RPUXVRJCPBEMPF-UHFFFAOYSA-N,RPUXVRJCPBEMPF-UHFFFAOYSA-N,formolecular/novo_horizonte/banco_mestre_unificado.csv,MASTER_UNIFIED,RPUXVRJCPBEMPF-UHFFFAOYSA-N,0,0,0,0,0,1
LEGACY-INCHIKEY-RPVBWKPPJLCCAH-UHFFFAOYSA-N,RPVBWKPPJLCCAH-UHFFFAOYSA-N,formolecular/novo_horizonte/banco_mestre_unificado.csv,MASTER_UNIFIED,RPVBWKPPJLCCAH-UHFFFAOYSA-N,0,0,0,0,0,1
LEGACY-INCHIKEY-RPXUSEKLBZRBKP-UHFFFAOYSA-N,RPXUSEKLBZRBKP-UHFFFAOYSA-N,formolecular/novo_horizonte/banco_mestre_unificado.csv,MASTER_UNIFIED,RPXUSEKLBZRBKP-UHFFFAOYSA-N,0,0,0,0,0,1
LEGACY-INCHIKEY-RPYAVPMLEHMYCR-UHFFFAOYSA-N,RPYAVPMLEHMYCR-UHFFFAOYSA-N,formolecular/novo_horizonte/banco_mestre_unificado.csv,MASTER_UNIFIED,RPYAVPMLEHMYCR-UHFFFAOYSA-N,0,0,0,0,0,1
LEGACY-INCHIKEY-RPZMXEFOBWWQAD-UHFFFAOYSA-N,RPZMXEFOBWWQAD-UHFFFAOYSA-N,formolecular/novo_horizonte/banco_mestre_unificado.csv,MASTER_UNIFIED,RPZMXEFOBWWQAD-UHFFFAOYSA-N,0,0,0,0,0,1
LEGACY-INCHIKEY-RPZQRZCGSFGKKI-UHFFFAOYSA-N,RPZQRZCGSFGKKI-UHFFFAOYSA-N,formolecular/novo_horizonte/banco_mestre_unificado.csv,MASTER_UNIFIED,RPZQRZCGSFGKKI-UHFFFAOYSA-N,0,0,0,0,0,1
LEGACY-INCHIKEY-RQGKUWQQKORZAJ-UHFFFAOYSA-N,RQGKUWQQKORZAJ-UHFFFAOYSA-N,formolecular/novo_horizonte/banco_mestre_unificado.csv,MASTER_UNIFIED,RQGKUWQQKORZAJ-UHFFFAOYSA-N,0,0,0,0,0,1
LEGACY-INCHIKEY-RQGYKTMGAONFDY-UHFFFAOYSA-N,RQGYKTMGAONFDY-UHFFFAOYSA-N,formolecular/novo_horizonte/banco_mestre_unificado.csv,MASTER_UNIFIED,RQGYKTMGAONFDY-UHFFFAOYSA-N,0,0,0,0,0,1
LEGACY-INCHIKEY-RQXLDWLPVXJHPB-UHFFFAOYSA-N,RQXLDWLPVXJHPB-UHFFFAOYSA-N,formolecular/novo_horizonte/banco_mestre_unificado.csv,MASTER_UNIFIED,RQXLDWLPVXJHPB-UHFFFAOYSA-N,0,0,0,0,0,1
LEGACY-INCHIKEY-RRAFCDWBNXTKKO-UHFFFAOYSA-N,RRAFCDWBNXTKKO-UHFFFAOYSA-N,Biolab/matriz_compostos_filtrados.csv,BIOLAB_FILTERED,RRAFCDWBNXTKKO-UHFFFAOYSA-N,1,0,0,0,0,0
LEGACY-INCHIKEY-RRGUGQKGNUPQED-UHFFFAOYSA-N,RRGUGQKGNUPQED-UHFFFAOYSA-N,formolecular/novo_horizonte/banco_mestre_unificado.csv,MASTER_UNIFIED,RRGUGQKGNUPQED-UHFFFAOYSA-N,0,0,0,0,0,1
LEGACY-INCHIKEY-RRHQJOXGHJCABC-UHFFFAOYSA-N,RRHQJOXGHJCABC-UHFFFAOYSA-N,formolecular/novo_horizonte/banco_mestre_unificado.csv,MASTER_UNIFIED,RRHQJOXGHJCABC-UHFFFAOYSA-N,0,0,0,0,0,1
LEGACY-INCHIKEY-RRWMYNJYROAXEU-UHFFFAOYSA-N,RRWMYNJYROAXEU-UHFFFAOYSA-N,formolecular/novo_horizonte/banco_mestre_unificado.csv,MASTER_UNIFIED,RRWMYNJYROAXEU-UHFFFAOYSA-N,0,0,0,0,0,1
LEGACY-INCHIKEY-RRWNWCNOVMHKJP-UHFFFAOYSA-N,RRWNWCNOVMHKJP-UHFFFAOYSA-N,formolecular/novo_horizonte/banco_mestre_unificado.csv,MASTER_UNIFIED,RRWNWCNOVMHKJP-UHFFFAOYSA-N,0,0,0,0,0,1
LEGACY-INCHIKEY-RSDDVFZCMIPFLF-UHFFFAOYSA-N,RSDDVFZCMIPFLF-UHFFFAOYSA-N,formolecular/novo_horizonte/banco_mestre_unificado.csv,MASTER_UNIFIED,RSDDVFZCMIPFLF-UHFFFAOYSA-N,0,0,0,0,0,1
LEGACY-INCHIKEY-RSHXHEPVGCNTGU-UHFFFAOYSA-N,RSHXHEPVGCNTGU-UHFFFAOYSA-N,formolecular/novo_horizonte/banco_mestre_unificado.csv,MASTER_UNIFIED,RSHXHEPVGCNTGU-UHFFFAOYSA-N,0,0,0,0,0,1
LEGACY-INCHIKEY-RSILJIPVDAFTJU-UHFFFAOYSA-N,RSILJIPVDAFTJU-UHFFFAOYSA-N,formolecular/novo_horizonte/banco_mestre_unificado.csv,MASTER_UNIFIED,RSILJIPVDAFTJU-UHFFFAOYSA-N,0,0,0,0,0,1
LEGACY-INCHIKEY-RSILSJHXORZXCK-UHFFFAOYSA-N,RSILSJHXORZXCK-UHFFFAOYSA-N,formolecular/novo_horizonte/banco_mestre_unificado.csv,MASTER_UNIFIED,RSILSJHXORZXCK-UHFFFAOYSA-N,0,0,0,0,0,1
LEGACY-INCHIKEY-RSPOCELIUJJRJJ-UHFFFAOYSA-N,RSPOCELIUJJRJJ-UHFFFAOYSA-N,formolecular/novo_horizonte/banco_mestre_unificado.csv,MASTER_UNIFIED,RSPOCELIUJJRJJ-UHFFFAOYSA-N,0,0,0,0,0,1
LEGACY-INCHIKEY-RSWBSDVNSXIADQ-UHFFFAOYSA-N,RSWBSDVNSXIADQ-UHFFFAOYSA-N,formolecular/novo_horizonte/banco_mestre_unificado.csv,MASTER_UNIFIED,RSWBSDVNSXIADQ-UHFFFAOYSA-N,0,0,0,0,0,1
LEGACY-INCHIKEY-RSYSLHKHPWROSQ-UHFFFAOYSA-N,RSYSLHKHPWROSQ-UHFFFAOYSA-N,formolecular/novo_horizonte/banco_mestre_unificado.csv,MASTER_UNIFIED,RSYSLHKHPWROSQ-UHFFFAOYSA-N,0,0,0,0,0,1
LEGACY-INCHIKEY-RTCCMNAXGLEEQP-UHFFFAOYSA-N,RTCCMNAXGLEEQP-UHFFFAOYSA-N,formolecular/novo_horizonte/banco_mestre_unificado.csv,MASTER_UNIFIED,RTCCMNAXGLEEQP-UHFFFAOYSA-N,0,0,0,0,0,1
LEGACY-INCHIKEY-RTDHAPDCWNGKHD-UHFFFAOYSA-N,RTDHAPDCWNGKHD-UHFFFAOYSA-N,formolecular/novo_horizonte/banco_mestre_unificado.csv,MASTER_UNIFIED,RTDHAPDCWNGKHD-UHFFFAOYSA-N,0,0,0,0,0,1
LEGACY-INCHIKEY-RTFLZYOHKXMVDC-UHFFFAOYSA-N,RTFLZYOHKXMVDC-UHFFFAOYSA-N,formolecular/novo_horizonte/banco_mestre_unificado.csv,MASTER_UNIFIED,RTFLZYOHKXMVDC-UHFFFAOYSA-N,0,0,0,0,0,1
LEGACY-INCHIKEY-RTIPXQRQJVIBEU-UHFFFAOYSA-N,RTIPXQRQJVIBEU-UHFFFAOYSA-N,formolecular/novo_horizonte/banco_mestre_unificado.csv,MASTER_UNIFIED,RTIPXQRQJVIBEU-UHFFFAOYSA-N,0,0,0,0,0,1
LEGACY-INCHIKEY-RTIWWUVJPYCREH-UHFFFAOYSA-N,RTIWWUVJPYCREH-UHFFFAOYSA-N,formolecular/novo_horizonte/banco_mestre_unificado.csv,MASTER_UNIFIED,RTIWWUVJPYCREH-UHFFFAOYSA-N,0,0,0,0,0,1
LEGACY-INCHIKEY-RTJAXXUQGWFGGE-UHFFFAOYSA-N,RTJAXXUQGWFGGE-UHFFFAOYSA-N,formolecular/novo_horizonte/banco_mestre_unificado.csv,MASTER_UNIFIED,RTJAXXUQGWFGGE-UHFFFAOYSA-N,0,0,0,0,0,1
LEGACY-INCHIKEY-RTPGTRKGNNKYFE-UHFFFAOYSA-N,RTPGTRKGNNKYFE-UHFFFAOYSA-N,formolecular/novo_horizonte/banco_mestre_unificado.csv,MASTER_UNIFIED,RTPGTRKGNNKYFE-UHFFFAOYSA-N,0,0,0,0,0,1
LEGACY-INCHIKEY-RTQKPSYOKGECTM-UHFFFAOYSA-N,RTQKPSYOKGECTM-UHFFFAOYSA-N,formolecular/novo_horizonte/banco_mestre_unificado.csv,MASTER_UNIFIED,RTQKPSYOKGECTM-UHFFFAOYSA-N,0,0,0,0,0,1
LEGACY-INCHIKEY-RTQZMPWGZYXNIG-UHFFFAOYSA-N,RTQZMPWGZYXNIG-UHFFFAOYSA-N,formolecular/novo_horizonte/banco_mestre_unificado.csv,MASTER_UNIFIED,RTQZMPWGZYXNIG-UHFFFAOYSA-N,0,0,0,0,0,1
LEGACY-INCHIKEY-RTVQPVGXRRUEME-UHFFFAOYSA-N,RTVQPVGXRRUEME-UHFFFAOYSA-N,formolecular/novo_horizonte/banco_mestre_unificado.csv,MASTER_UNIFIED,RTVQPVGXRRUEME-UHFFFAOYSA-N,0,0,0,0,0,1
LEGACY-INCHIKEY-RTYMTGSNMCRHEI-UHFFFAOYSA-N,RTYMTGSNMCRHEI-UHFFFAOYSA-N,formolecular/novo_horizonte/banco_mestre_unificado.csv,MASTER_UNIFIED,RTYMTGSNMCRHEI-UHFFFAOYSA-N,0,0,0,0,0,1
LEGACY-INCHIKEY-RUCLTNHHNNBZFM-UHFFFAOYSA-N,RUCLTNHHNNBZFM-UHFFFAOYSA-N,formolecular/novo_horizonte/banco_mestre_unificado.csv,MASTER_UNIFIED,RUCLTNHHNNBZFM-UHFFFAOYSA-N,0,0,0,0,0,1
LEGACY-INCHIKEY-RUDLIBHAZXRFAK-UHFFFAOYSA-N,RUDLIBHAZXRFAK-UHFFFAOYSA-N,formolecular/novo_horizonte/banco_mestre_unificado.csv,MASTER_UNIFIED,RUDLIBHAZXRFAK-UHFFFAOYSA-N,0,0,0,0,0,1
LEGACY-INCHIKEY-RUENONLPZQIDPG-UHFFFAOYSA-N,RUENONLPZQIDPG-UHFFFAOYSA-N,formolecular/novo_horizonte/banco_mestre_unificado.csv,MASTER_UNIFIED,RUENONLPZQIDPG-UHFFFAOYSA-N,0,0,0,0,0,1
LEGACY-INCHIKEY-RUIJNZDBRJBFGZ-UHFFFAOYSA-N,RUIJNZDBRJBFGZ-UHFFFAOYSA-N,formolecular/novo_horizonte/banco_mestre_unificado.csv,MASTER_UNIFIED,RUIJNZDBRJBFGZ-UHFFFAOYSA-N,0,0,0,0,0,1
LEGACY-INCHIKEY-RULSCQFJOVDCNB-UHFFFAOYSA-N,RULSCQFJOVDCNB-UHFFFAOYSA-N,formolecular/novo_horizonte/banco_mestre_unificado.csv,MASTER_UNIFIED,RULSCQFJOVDCNB-UHFFFAOYSA-N,0,0,0,0,0,1
LEGACY-INCHIKEY-RUOFRUNFPTZOTQ-UHFFFAOYSA-N,RUOFRUNFPTZOTQ-UHFFFAOYSA-N,formolecular/novo_horizonte/banco_mestre_unificado.csv,MASTER_UNIFIED,RUOFRUNFPTZOTQ-UHFFFAOYSA-N,0,0,0,0,0,1
LEGACY-INCHIKEY-RUOPCDPGSYEHSG-UHFFFAOYSA-N,RUOPCDPGSYEHSG-UHFFFAOYSA-N,formolecular/novo_horizonte/banco_mestre_unificado.csv,MASTER_UNIFIED,RUOPCDPGSYEHSG-UHFFFAOYSA-N,0,0,0,0,0,1
LEGACY-INCHIKEY-RVAKQXSLUSWZDM-UHFFFAOYSA-N,RVAKQXSLUSWZDM-UHFFFAOYSA-N,formolecular/novo_horizonte/banco_mestre_unificado.csv,MASTER_UNIFIED,RVAKQXSLUSWZDM-UHFFFAOYSA-N,0,0,0,0,0,1
LEGACY-INCHIKEY-RVCNZOFTMYBWJK-UHFFFAOYSA-N,RVCNZOFTMYBWJK-UHFFFAOYSA-N,formolecular/novo_horizonte/banco_mestre_unificado.csv,MASTER_UNIFIED,RVCNZOFTMYBWJK-UHFFFAOYSA-N,0,0,0,0,0,1
LEGACY-INCHIKEY-RVLVRDSUEUHRCW-UHFFFAOYSA-N,RVLVRDSUEUHRCW-UHFFFAOYSA-N,formolecular/novo_horizonte/banco_mestre_unificado.csv,MASTER_UNIFIED,RVLVRDSUEUHRCW-UHFFFAOYSA-N,0,0,0,0,0,1
LEGACY-INCHIKEY-RVPTWGGNNKEJFU-UHFFFAOYSA-N,RVPTWGGNNKEJFU-UHFFFAOYSA-N,formolecular/novo_horizonte/banco_mestre_unificado.csv,MASTER_UNIFIED,RVPTWGGNNKEJFU-UHFFFAOYSA-N,0,0,0,0,0,1
LEGACY-INCHIKEY-RVWADYPNHPKVSR-UHFFFAOYSA-N,RVWADYPNHPKVSR-UHFFFAOYSA-N,formolecular/novo_horizonte/banco_mestre_unificado.csv,MASTER_UNIFIED,RVWADYPNHPKVSR-UHFFFAOYSA-N,0,0,0,0,0,1
LEGACY-INCHIKEY-RVWRMINOOWJOEK-UHFFFAOYSA-N,RVWRMINOOWJOEK-UHFFFAOYSA-N,formolecular/novo_horizonte/banco_mestre_unificado.csv,MASTER_UNIFIED,RVWRMINOOWJOEK-UHFFFAOYSA-N,0,0,0,0,0,1
LEGACY-INCHIKEY-RWABOJQCRPNCQR-UHFFFAOYSA-N,RWABOJQCRPNCQR-UHFFFAOYSA-N,formolecular/novo_horizonte/banco_mestre_unificado.csv,MASTER_UNIFIED,RWABOJQCRPNCQR-UHFFFAOYSA-N,0,0,0,0,0,1
LEGACY-INCHIKEY-RWEVXWKIIJOSLZ-UHFFFAOYSA-N,RWEVXWKIIJOSLZ-UHFFFAOYSA-N,formolecular/novo_horizonte/banco_mestre_unificado.csv,MASTER_UNIFIED,RWEVXWKIIJOSLZ-UHFFFAOYSA-N,0,0,0,0,0,1
LEGACY-INCHIKEY-RWMTVGZQBHOQDV-UHFFFAOYSA-N,RWMTVGZQBHOQDV-UHFFFAOYSA-N,formolecular/novo_horizonte/banco_mestre_unificado.csv,MASTER_UNIFIED,RWMTVGZQBHOQDV-UHFFFAOYSA-N,0,0,0,0,0,1
LEGACY-INCHIKEY-RWSHTJDSHPGYAV-UHFFFAOYSA-N,RWSHTJDSHPGYAV-UHFFFAOYSA-N,formolecular/novo_horizonte/banco_mestre_unificado.csv,MASTER_UNIFIED,RWSHTJDSHPGYAV-UHFFFAOYSA-N,0,0,0,0,0,1
LEGACY-INCHIKEY-RWWLJHKVFUSCHN-UHFFFAOYSA-N,RWWLJHKVFUSCHN-UHFFFAOYSA-N,formolecular/novo_horizonte/banco_mestre_unificado.csv,MASTER_UNIFIED,RWWLJHKVFUSCHN-UHFFFAOYSA-N,0,0,0,0,0,1
LEGACY-INCHIKEY-RXLXMNYLKZJWDC-UHFFFAOYSA-N,RXLXMNYLKZJWDC-UHFFFAOYSA-N,formolecular/novo_horizonte/banco_mestre_unificado.csv,MASTER_UNIFIED,RXLXMNYLKZJWDC-UHFFFAOYSA-N,0,0,0,0,0,1
LEGACY-INCHIKEY-RXOOWLQEHWBKHM-UHFFFAOYSA-N,RXOOWLQEHWBKHM-UHFFFAOYSA-N,formolecular/novo_horizonte/banco_mestre_unificado.csv,MASTER_UNIFIED,RXOOWLQEHWBKHM-UHFFFAOYSA-N,0,0,0,0,0,1
LEGACY-INCHIKEY-RXRQQUMXHBFTNI-UHFFFAOYSA-N,RXRQQUMXHBFTNI-UHFFFAOYSA-N,formolecular/novo_horizonte/banco_mestre_unificado.csv,MASTER_UNIFIED,RXRQQUMXHBFTNI-UHFFFAOYSA-N,0,0,0,0,0,1
LEGACY-INCHIKEY-RXXOPKLULIXSMW-UHFFFAOYSA-N,RXXOPKLULIXSMW-UHFFFAOYSA-N,formolecular/novo_horizonte/banco_mestre_unificado.csv,MASTER_UNIFIED,RXXOPKLULIXSMW-UHFFFAOYSA-N,0,0,0,0,0,1
LEGACY-INCHIKEY-RYOHFVLKOBTCTD-UHFFFAOYSA-N,RYOHFVLKOBTCTD-UHFFFAOYSA-N,formolecular/novo_horizonte/banco_mestre_unificado.csv,MASTER_UNIFIED,RYOHFVLKOBTCTD-UHFFFAOYSA-N,0,0,0,0,0,1
LEGACY-INCHIKEY-RYPWVHUDGLRILO-UHFFFAOYSA-N,RYPWVHUDGLRILO-UHFFFAOYSA-N,formolecular/novo_horizonte/banco_mestre_unificado.csv,MASTER_UNIFIED,RYPWVHUDGLRILO-UHFFFAOYSA-N,0,0,0,0,0,1
LEGACY-INCHIKEY-RZEKVGVHFLEQIL-UHFFFAOYSA-N,RZEKVGVHFLEQIL-UHFFFAOYSA-N,Biolab/matriz_compostos_filtrados.csv,BIOLAB_FILTERED,RZEKVGVHFLEQIL-UHFFFAOYSA-N,1,0,0,0,0,0
LEGACY-INCHIKEY-RZJRHNAAXRMXBI-UHFFFAOYSA-N,RZJRHNAAXRMXBI-UHFFFAOYSA-N,formolecular/novo_horizonte/banco_mestre_unificado.csv,MASTER_UNIFIED,RZJRHNAAXRMXBI-UHFFFAOYSA-N,0,0,0,0,0,1
LEGACY-INCHIKEY-RZPAORGAMAGPNN-UHFFFAOYSA-N,RZPAORGAMAGPNN-UHFFFAOYSA-N,formolecular/novo_horizonte/banco_mestre_unificado.csv,MASTER_UNIFIED,RZPAORGAMAGPNN-UHFFFAOYSA-N,0,0,0,0,0,1
LEGACY-INCHIKEY-SAEJIFNGFNCKAA-UHFFFAOYSA-N,SAEJIFNGFNCKAA-UHFFFAOYSA-N,formolecular/novo_horizonte/banco_mestre_unificado.csv,MASTER_UNIFIED,SAEJIFNGFNCKAA-UHFFFAOYSA-N,0,0,0,0,0,1
LEGACY-INCHIKEY-SAGIDGMXHPHTAJ-UHFFFAOYSA-N,SAGIDGMXHPHTAJ-UHFFFAOYSA-N,formolecular/novo_horizonte/banco_mestre_unificado.csv,MASTER_UNIFIED,SAGIDGMXHPHTAJ-UHFFFAOYSA-N,0,0,0,0,0,1
LEGACY-INCHIKEY-SALUBXXPRBVTON-UHFFFAOYSA-N,SALUBXXPRBVTON-UHFFFAOYSA-N,formolecular/novo_horizonte/banco_mestre_unificado.csv,MASTER_UNIFIED,SALUBXXPRBVTON-UHFFFAOYSA-N,0,0,0,0,0,1
LEGACY-INCHIKEY-SAWMNDBHTWKHFA-UHFFFAOYSA-N,SAWMNDBHTWKHFA-UHFFFAOYSA-N,formolecular/novo_horizonte/banco_mestre_unificado.csv,MASTER_UNIFIED,SAWMNDBHTWKHFA-UHFFFAOYSA-N,0,0,0,0,0,1
LEGACY-INCHIKEY-SAWYUSDDPAUIPK-UHFFFAOYSA-N,SAWYUSDDPAUIPK-UHFFFAOYSA-N,formolecular/novo_horizonte/banco_mestre_unificado.csv,MASTER_UNIFIED,SAWYUSDDPAUIPK-UHFFFAOYSA-N,0,0,0,0,0,1
LEGACY-INCHIKEY-SAYDUAXDANDPFN-UHFFFAOYSA-N,SAYDUAXDANDPFN-UHFFFAOYSA-N,formolecular/novo_horizonte/banco_mestre_unificado.csv,MASTER_UNIFIED,SAYDUAXDANDPFN-UHFFFAOYSA-N,0,0,0,0,0,1
LEGACY-INCHIKEY-SAYTXEIEJWIOMD-UHFFFAOYSA-N,SAYTXEIEJWIOMD-UHFFFAOYSA-N,formolecular/novo_horizonte/banco_mestre_unificado.csv,MASTER_UNIFIED,SAYTXEIEJWIOMD-UHFFFAOYSA-N,0,0,0,0,0,1
LEGACY-INCHIKEY-SBBQIJBRFJLMBT-UHFFFAOYSA-N,SBBQIJBRFJLMBT-UHFFFAOYSA-N,formolecular/novo_horizonte/banco_mestre_unificado.csv,MASTER_UNIFIED,SBBQIJBRFJLMBT-UHFFFAOYSA-N,0,0,0,0,0,1
LEGACY-INCHIKEY-SBBSGDPUTKHLJJ-UHFFFAOYSA-N,SBBSGDPUTKHLJJ-UHFFFAOYSA-N,formolecular/novo_horizonte/banco_mestre_unificado.csv,MASTER_UNIFIED,SBBSGDPUTKHLJJ-UHFFFAOYSA-N,0,0,0,0,0,1
LEGACY-INCHIKEY-SBECVPOLTQOWGN-UHFFFAOYSA-N,SBECVPOLTQOWGN-UHFFFAOYSA-N,formolecular/novo_horizonte/banco_mestre_unificado.csv,MASTER_UNIFIED,SBECVPOLTQOWGN-UHFFFAOYSA-N,0,0,0,0,0,1
LEGACY-INCHIKEY-SBKXZPGMXGYKDR-UHFFFAOYSA-N,SBKXZPGMXGYKDR-UHFFFAOYSA-N,formolecular/novo_horizonte/banco_mestre_unificado.csv,MASTER_UNIFIED,SBKXZPGMXGYKDR-UHFFFAOYSA-N,0,0,0,0,0,1
LEGACY-INCHIKEY-SBRAUOYJULFMKT-UHFFFAOYSA-N,SBRAUOYJULFMKT-UHFFFAOYSA-N,formolecular/csv_elite_farma/RANKING_FARMACOS_ELITE_ADMET.csv,FARMA_ELITE,SBRAUOYJULFMKT-UHFFFAOYSA-N,0,1,0,0,0,0
LEGACY-INCHIKEY-SBSGCAMPYLKJKZ-UHFFFAOYSA-N,SBSGCAMPYLKJKZ-UHFFFAOYSA-N,formolecular/novo_horizonte/banco_mestre_unificado.csv,MASTER_UNIFIED,SBSGCAMPYLKJKZ-UHFFFAOYSA-N,0,0,0,0,0,1
LEGACY-INCHIKEY-SBSWZOOENLRVNQ-UHFFFAOYSA-N,SBSWZOOENLRVNQ-UHFFFAOYSA-N,formolecular/novo_horizonte/banco_mestre_unificado.csv,MASTER_UNIFIED,SBSWZOOENLRVNQ-UHFFFAOYSA-N,0,0,0,0,0,1
LEGACY-INCHIKEY-SBUCRAKCGFNMGG-UHFFFAOYSA-N,SBUCRAKCGFNMGG-UHFFFAOYSA-N,formolecular/novo_horizonte/banco_mestre_unificado.csv,MASTER_UNIFIED,SBUCRAKCGFNMGG-UHFFFAOYSA-N,0,0,0,0,0,1
LEGACY-INCHIKEY-SBVXWBJURTUAPU-UHFFFAOYSA-N,SBVXWBJURTUAPU-UHFFFAOYSA-N,formolecular/novo_horizonte/banco_mestre_unificado.csv,MASTER_UNIFIED,SBVXWBJURTUAPU-UHFFFAOYSA-N,0,0,0,0,0,1
LEGACY-INCHIKEY-SCOZRCWMINEIKV-UHFFFAOYSA-N,SCOZRCWMINEIKV-UHFFFAOYSA-N,formolecular/novo_horizonte/banco_mestre_unificado.csv,MASTER_UNIFIED,SCOZRCWMINEIKV-UHFFFAOYSA-N,0,0,0,0,0,1
LEGACY-INCHIKEY-SCQKAMLWNDNNES-UHFFFAOYSA-N,SCQKAMLWNDNNES-UHFFFAOYSA-N,formolecular/novo_horizonte/banco_mestre_unificado.csv,MASTER_UNIFIED,SCQKAMLWNDNNES-UHFFFAOYSA-N,0,0,0,0,0,1
LEGACY-INCHIKEY-SCVQKWFWFAPRIB-UHFFFAOYSA-N,SCVQKWFWFAPRIB-UHFFFAOYSA-N,formolecular/novo_horizonte/banco_mestre_unificado.csv,MASTER_UNIFIED,SCVQKWFWFAPRIB-UHFFFAOYSA-N,0,0,0,0,0,1
LEGACY-INCHIKEY-SCWSZIPESKXQRB-UHFFFAOYSA-N,SCWSZIPESKXQRB-UHFFFAOYSA-N,formolecular/novo_horizonte/banco_mestre_unificado.csv,MASTER_UNIFIED,SCWSZIPESKXQRB-UHFFFAOYSA-N,0,0,0,0,0,1
LEGACY-INCHIKEY-SDCKJCQXLFOCMF-UHFFFAOYSA-N,SDCKJCQXLFOCMF-UHFFFAOYSA-N,formolecular/novo_horizonte/banco_mestre_unificado.csv,MASTER_UNIFIED,SDCKJCQXLFOCMF-UHFFFAOYSA-N,0,0,0,0,0,1
LEGACY-INCHIKEY-SDJSJVXLTDKVAZ-UHFFFAOYSA-N,SDJSJVXLTDKVAZ-UHFFFAOYSA-N,formolecular/novo_horizonte/banco_mestre_unificado.csv,MASTER_UNIFIED,SDJSJVXLTDKVAZ-UHFFFAOYSA-N,0,0,0,0,0,1
LEGACY-INCHIKEY-SDRNEGLEDBXVHJ-UHFFFAOYSA-N,SDRNEGLEDBXVHJ-UHFFFAOYSA-N,formolecular/novo_horizonte/banco_mestre_unificado.csv,MASTER_UNIFIED,SDRNEGLEDBXVHJ-UHFFFAOYSA-N,0,0,0,0,0,1
LEGACY-INCHIKEY-SDSFCBBCXNKOLI-UHFFFAOYSA-N,SDSFCBBCXNKOLI-UHFFFAOYSA-N,formolecular/novo_horizonte/banco_mestre_unificado.csv,MASTER_UNIFIED,SDSFCBBCXNKOLI-UHFFFAOYSA-N,0,0,0,0,0,1
LEGACY-INCHIKEY-SEONLRIMKLZLIZ-UHFFFAOYSA-N,SEONLRIMKLZLIZ-UHFFFAOYSA-N,formolecular/novo_horizonte/banco_mestre_unificado.csv,MASTER_UNIFIED,SEONLRIMKLZLIZ-UHFFFAOYSA-N,0,0,0,0,0,1
LEGACY-INCHIKEY-SFJGJOFGXCVCLM-UHFFFAOYSA-N,SFJGJOFGXCVCLM-UHFFFAOYSA-N,formolecular/novo_horizonte/banco_mestre_unificado.csv,MASTER_UNIFIED,SFJGJOFGXCVCLM-UHFFFAOYSA-N,0,0,0,0,0,1
LEGACY-INCHIKEY-SFKVTNBQYXHXID-UHFFFAOYSA-N,SFKVTNBQYXHXID-UHFFFAOYSA-N,formolecular/novo_horizonte/banco_mestre_unificado.csv,MASTER_UNIFIED,SFKVTNBQYXHXID-UHFFFAOYSA-N,0,0,0,0,0,1
LEGACY-INCHIKEY-SFLKVAVDXPSCSI-UHFFFAOYSA-N,SFLKVAVDXPSCSI-UHFFFAOYSA-N,formolecular/novo_horizonte/banco_mestre_unificado.csv,MASTER_UNIFIED,SFLKVAVDXPSCSI-UHFFFAOYSA-N,0,0,0,0,0,1
LEGACY-INCHIKEY-SFOSHFGWJILIBF-UHFFFAOYSA-N,SFOSHFGWJILIBF-UHFFFAOYSA-N,formolecular/novo_horizonte/banco_mestre_unificado.csv,MASTER_UNIFIED,SFOSHFGWJILIBF-UHFFFAOYSA-N,0,0,0,0,0,1
LEGACY-INCHIKEY-SFQABENANZEXRU-UHFFFAOYSA-N,SFQABENANZEXRU-UHFFFAOYSA-N,formolecular/novo_horizonte/banco_mestre_unificado.csv,MASTER_UNIFIED,SFQABENANZEXRU-UHFFFAOYSA-N,0,0,0,0,0,1
LEGACY-INCHIKEY-SFVAWCOORWXNSJ-UHFFFAOYSA-N,SFVAWCOORWXNSJ-UHFFFAOYSA-N,formolecular/novo_horizonte/banco_mestre_unificado.csv,MASTER_UNIFIED,SFVAWCOORWXNSJ-UHFFFAOYSA-N,0,0,0,0,0,1
LEGACY-INCHIKEY-SFWBCXLJJBQGAO-UHFFFAOYSA-N,SFWBCXLJJBQGAO-UHFFFAOYSA-N,formolecular/novo_horizonte/banco_mestre_unificado.csv,MASTER_UNIFIED,SFWBCXLJJBQGAO-UHFFFAOYSA-N,0,0,0,0,0,1
LEGACY-INCHIKEY-SGBBLUVUBKHGLO-UHFFFAOYSA-N,SGBBLUVUBKHGLO-UHFFFAOYSA-N,formolecular/novo_horizonte/banco_mestre_unificado.csv,MASTER_UNIFIED,SGBBLUVUBKHGLO-UHFFFAOYSA-N,0,0,0,0,0,1
LEGACY-INCHIKEY-SGDXOCRTAGZMHV-UHFFFAOYSA-N,SGDXOCRTAGZMHV-UHFFFAOYSA-N,formolecular/novo_horizonte/banco_mestre_unificado.csv,MASTER_UNIFIED,SGDXOCRTAGZMHV-UHFFFAOYSA-N,0,0,0,0,0,1
LEGACY-INCHIKEY-SGFAIOCHFSQLJI-UHFFFAOYSA-N,SGFAIOCHFSQLJI-UHFFFAOYSA-N,formolecular/novo_horizonte/banco_mestre_unificado.csv,MASTER_UNIFIED,SGFAIOCHFSQLJI-UHFFFAOYSA-N,0,0,0,0,0,1
LEGACY-INCHIKEY-SGOREELOJQSGIU-UHFFFAOYSA-N,SGOREELOJQSGIU-UHFFFAOYSA-N,formolecular/novo_horizonte/banco_mestre_unificado.csv,MASTER_UNIFIED,SGOREELOJQSGIU-UHFFFAOYSA-N,0,0,0,0,0,1
LEGACY-INCHIKEY-SGPKGVPAPSYHFS-UHFFFAOYSA-N,SGPKGVPAPSYHFS-UHFFFAOYSA-N,formolecular/novo_horizonte/banco_mestre_unificado.csv,MASTER_UNIFIED,SGPKGVPAPSYHFS-UHFFFAOYSA-N,0,0,0,0,0,1
LEGACY-INCHIKEY-SGZACVNVZSXVIW-UHFFFAOYSA-N,SGZACVNVZSXVIW-UHFFFAOYSA-N,formolecular/novo_horizonte/banco_mestre_unificado.csv,MASTER_UNIFIED,SGZACVNVZSXVIW-UHFFFAOYSA-N,0,0,0,0,0,1
LEGACY-INCHIKEY-SHBOHFKXJZBSKF-UHFFFAOYSA-N,SHBOHFKXJZBSKF-UHFFFAOYSA-N,formolecular/novo_horizonte/banco_mestre_unificado.csv,MASTER_UNIFIED,SHBOHFKXJZBSKF-UHFFFAOYSA-N,0,0,0,0,0,1
LEGACY-INCHIKEY-SHGPWFSWUORSHY-UHFFFAOYSA-N,SHGPWFSWUORSHY-UHFFFAOYSA-N,formolecular/novo_horizonte/banco_mestre_unificado.csv,MASTER_UNIFIED,SHGPWFSWUORSHY-UHFFFAOYSA-N,0,0,0,0,0,1
LEGACY-INCHIKEY-SHKMDEJWLBPKLP-UHFFFAOYSA-N,SHKMDEJWLBPKLP-UHFFFAOYSA-N,formolecular/novo_horizonte/banco_mestre_unificado.csv,MASTER_UNIFIED,SHKMDEJWLBPKLP-UHFFFAOYSA-N,0,0,0,0,0,1
LEGACY-INCHIKEY-SHLAQEAEVOEFNS-UHFFFAOYSA-N,SHLAQEAEVOEFNS-UHFFFAOYSA-N,formolecular/novo_horizonte/banco_mestre_unificado.csv,MASTER_UNIFIED,SHLAQEAEVOEFNS-UHFFFAOYSA-N,0,0,0,0,0,1
LEGACY-INCHIKEY-SHMUTSZVTNBKQR-UHFFFAOYSA-N,SHMUTSZVTNBKQR-UHFFFAOYSA-N,formolecular/novo_horizonte/banco_mestre_unificado.csv,MASTER_UNIFIED,SHMUTSZVTNBKQR-UHFFFAOYSA-N,0,0,0,0,0,1
LEGACY-INCHIKEY-SHPMMFUORJVHMN-UHFFFAOYSA-N,SHPMMFUORJVHMN-UHFFFAOYSA-N,formolecular/novo_horizonte/banco_mestre_unificado.csv,MASTER_UNIFIED,SHPMMFUORJVHMN-UHFFFAOYSA-N,0,0,0,0,0,1
LEGACY-INCHIKEY-SHPUPTFKPBSUIN-UHFFFAOYSA-N,SHPUPTFKPBSUIN-UHFFFAOYSA-N,formolecular/novo_horizonte/banco_mestre_unificado.csv,MASTER_UNIFIED,SHPUPTFKPBSUIN-UHFFFAOYSA-N,0,0,0,0,0,1
LEGACY-INCHIKEY-SIDNYBHMMRBEDS-UHFFFAOYSA-N,SIDNYBHMMRBEDS-UHFFFAOYSA-N,formolecular/novo_horizonte/banco_mestre_unificado.csv,MASTER_UNIFIED,SIDNYBHMMRBEDS-UHFFFAOYSA-N,0,0,0,0,0,1
LEGACY-INCHIKEY-SIESBIWLDYBUOM-UHFFFAOYSA-N,SIESBIWLDYBUOM-UHFFFAOYSA-N,formolecular/novo_horizonte/banco_mestre_unificado.csv,MASTER_UNIFIED,SIESBIWLDYBUOM-UHFFFAOYSA-N,0,0,0,0,0,1
LEGACY-INCHIKEY-SIMJIIQYIHXPJG-UHFFFAOYSA-N,SIMJIIQYIHXPJG-UHFFFAOYSA-N,formolecular/novo_horizonte/banco_mestre_unificado.csv,MASTER_UNIFIED,SIMJIIQYIHXPJG-UHFFFAOYSA-N,0,0,0,0,0,1
LEGACY-INCHIKEY-SISPLXJTXIJICI-UHFFFAOYSA-N,SISPLXJTXIJICI-UHFFFAOYSA-N,formolecular/novo_horizonte/banco_mestre_unificado.csv,MASTER_UNIFIED,SISPLXJTXIJICI-UHFFFAOYSA-N,0,0,0,0,0,1
LEGACY-INCHIKEY-SIUWLAVWXANTTP-UHFFFAOYSA-N,SIUWLAVWXANTTP-UHFFFAOYSA-N,formolecular/novo_horizonte/banco_mestre_unificado.csv,MASTER_UNIFIED,SIUWLAVWXANTTP-UHFFFAOYSA-N,0,0,0,0,0,1
LEGACY-INCHIKEY-SIVBBPQHJPKDTL-UHFFFAOYSA-N,SIVBBPQHJPKDTL-UHFFFAOYSA-N,formolecular/novo_horizonte/banco_mestre_unificado.csv,MASTER_UNIFIED,SIVBBPQHJPKDTL-UHFFFAOYSA-N,0,0,0,0,0,1
LEGACY-INCHIKEY-SIVFEGNFVTYPIJ-UHFFFAOYSA-N,SIVFEGNFVTYPIJ-UHFFFAOYSA-N,formolecular/novo_horizonte/banco_mestre_unificado.csv,MASTER_UNIFIED,SIVFEGNFVTYPIJ-UHFFFAOYSA-N,0,0,0,0,0,1
LEGACY-INCHIKEY-SJGHFXKYSZHNNH-UHFFFAOYSA-N,SJGHFXKYSZHNNH-UHFFFAOYSA-N,formolecular/novo_horizonte/banco_mestre_unificado.csv,MASTER_UNIFIED,SJGHFXKYSZHNNH-UHFFFAOYSA-N,0,0,0,0,0,1
LEGACY-INCHIKEY-SJGWECXFLIQUOO-UHFFFAOYSA-N,SJGWECXFLIQUOO-UHFFFAOYSA-N,formolecular/novo_horizonte/banco_mestre_unificado.csv,MASTER_UNIFIED,SJGWECXFLIQUOO-UHFFFAOYSA-N,0,0,0,0,0,1
LEGACY-INCHIKEY-SJJUGNLOENIRLL-UHFFFAOYSA-N,SJJUGNLOENIRLL-UHFFFAOYSA-N,formolecular/novo_horizonte/banco_mestre_unificado.csv,MASTER_UNIFIED,SJJUGNLOENIRLL-UHFFFAOYSA-N,0,0,0,0,0,1
LEGACY-INCHIKEY-SJMPMAHDQXGCNL-UHFFFAOYSA-N,SJMPMAHDQXGCNL-UHFFFAOYSA-N,formolecular/novo_horizonte/banco_mestre_unificado.csv,MASTER_UNIFIED,SJMPMAHDQXGCNL-UHFFFAOYSA-N,0,0,0,0,0,1
LEGACY-INCHIKEY-SJOLRMIWTAUBOT-UHFFFAOYSA-N,SJOLRMIWTAUBOT-UHFFFAOYSA-N,formolecular/novo_horizonte/banco_mestre_unificado.csv,MASTER_UNIFIED,SJOLRMIWTAUBOT-UHFFFAOYSA-N,0,0,0,0,0,1
LEGACY-INCHIKEY-SJWZJSUMHIWEJQ-UHFFFAOYSA-N,SJWZJSUMHIWEJQ-UHFFFAOYSA-N,formolecular/novo_horizonte/banco_mestre_unificado.csv,MASTER_UNIFIED,SJWZJSUMHIWEJQ-UHFFFAOYSA-N,0,0,0,0,0,1
LEGACY-INCHIKEY-SJYFMJXSCQGLDW-UHFFFAOYSA-N,SJYFMJXSCQGLDW-UHFFFAOYSA-N,formolecular/novo_horizonte/banco_mestre_unificado.csv,MASTER_UNIFIED,SJYFMJXSCQGLDW-UHFFFAOYSA-N,0,0,0,0,0,1
LEGACY-INCHIKEY-SKABOYPXHFNTFP-UHFFFAOYSA-N,SKABOYPXHFNTFP-UHFFFAOYSA-N,formolecular/novo_horizonte/banco_mestre_unificado.csv,MASTER_UNIFIED,SKABOYPXHFNTFP-UHFFFAOYSA-N,0,0,0,0,0,1
LEGACY-INCHIKEY-SKCYOGUEVGMKIX-UHFFFAOYSA-N,SKCYOGUEVGMKIX-UHFFFAOYSA-N,formolecular/novo_horizonte/banco_mestre_unificado.csv,MASTER_UNIFIED,SKCYOGUEVGMKIX-UHFFFAOYSA-N,0,0,0,0,0,1
LEGACY-INCHIKEY-SKDPMILBSVSEOC-UHFFFAOYSA-N,SKDPMILBSVSEOC-UHFFFAOYSA-N,formolecular/novo_horizonte/banco_mestre_unificado.csv,MASTER_UNIFIED,SKDPMILBSVSEOC-UHFFFAOYSA-N,0,0,0,0,0,1
LEGACY-INCHIKEY-SKENGKUOASHDTL-UHFFFAOYSA-N,SKENGKUOASHDTL-UHFFFAOYSA-N,formolecular/novo_horizonte/banco_mestre_unificado.csv,MASTER_UNIFIED,SKENGKUOASHDTL-UHFFFAOYSA-N,0,0,0,0,0,1
LEGACY-INCHIKEY-SKJVRAHTMYKYPM-UHFFFAOYSA-N,SKJVRAHTMYKYPM-UHFFFAOYSA-N,formolecular/novo_horizonte/banco_mestre_unificado.csv,MASTER_UNIFIED,SKJVRAHTMYKYPM-UHFFFAOYSA-N,0,0,0,0,0,1
LEGACY-INCHIKEY-SKOLNZLLFOUODK-UHFFFAOYSA-N,SKOLNZLLFOUODK-UHFFFAOYSA-N,formolecular/novo_horizonte/banco_mestre_unificado.csv,MASTER_UNIFIED,SKOLNZLLFOUODK-UHFFFAOYSA-N,0,0,0,0,0,1
LEGACY-INCHIKEY-SKUQGBABHAUVSV-UHFFFAOYSA-N,SKUQGBABHAUVSV-UHFFFAOYSA-N,formolecular/novo_horizonte/banco_mestre_unificado.csv,MASTER_UNIFIED,SKUQGBABHAUVSV-UHFFFAOYSA-N,0,0,0,0,0,1
LEGACY-INCHIKEY-SKVNGXMPYWHBKI-UHFFFAOYSA-N,SKVNGXMPYWHBKI-UHFFFAOYSA-N,formolecular/novo_horizonte/banco_mestre_unificado.csv,MASTER_UNIFIED,SKVNGXMPYWHBKI-UHFFFAOYSA-N,0,0,0,0,0,1
LEGACY-INCHIKEY-SKWCLLODWFUNHB-UHFFFAOYSA-N,SKWCLLODWFUNHB-UHFFFAOYSA-N,formolecular/novo_horizonte/banco_mestre_unificado.csv,MASTER_UNIFIED,SKWCLLODWFUNHB-UHFFFAOYSA-N,0,0,0,0,0,1
LEGACY-INCHIKEY-SLJAHFPFFMCLHL-UHFFFAOYSA-N,SLJAHFPFFMCLHL-UHFFFAOYSA-N,formolecular/novo_horizonte/banco_mestre_unificado.csv,MASTER_UNIFIED,SLJAHFPFFMCLHL-UHFFFAOYSA-N,0,0,0,0,0,1
LEGACY-INCHIKEY-SLKDEGJLCUMCOH-UHFFFAOYSA-N,SLKDEGJLCUMCOH-UHFFFAOYSA-N,formolecular/novo_horizonte/banco_mestre_unificado.csv,MASTER_UNIFIED,SLKDEGJLCUMCOH-UHFFFAOYSA-N,0,0,0,0,0,1
LEGACY-INCHIKEY-SLKSWXVFSNRNMO-UHFFFAOYSA-N,SLKSWXVFSNRNMO-UHFFFAOYSA-N,formolecular/novo_horizonte/banco_mestre_unificado.csv,MASTER_UNIFIED,SLKSWXVFSNRNMO-UHFFFAOYSA-N,0,0,0,0,0,1
LEGACY-INCHIKEY-SLOPVDYBZPJKOA-UHFFFAOYSA-N,SLOPVDYBZPJKOA-UHFFFAOYSA-N,formolecular/novo_horizonte/banco_mestre_unificado.csv,MASTER_UNIFIED,SLOPVDYBZPJKOA-UHFFFAOYSA-N,0,0,0,0,0,1
LEGACY-INCHIKEY-SLSWEAFZTGFNNQ-UHFFFAOYSA-N,SLSWEAFZTGFNNQ-UHFFFAOYSA-N,formolecular/novo_horizonte/banco_mestre_unificado.csv,MASTER_UNIFIED,SLSWEAFZTGFNNQ-UHFFFAOYSA-N,0,0,0,0,0,1
LEGACY-INCHIKEY-SMCWUGVBBADJNA-UHFFFAOYSA-N,SMCWUGVBBADJNA-UHFFFAOYSA-N,formolecular/novo_horizonte/banco_mestre_unificado.csv,MASTER_UNIFIED,SMCWUGVBBADJNA-UHFFFAOYSA-N,0,0,0,0,0,1
LEGACY-INCHIKEY-SMHMQZSEXNCWDK-UHFFFAOYSA-N,SMHMQZSEXNCWDK-UHFFFAOYSA-N,formolecular/novo_horizonte/banco_mestre_unificado.csv,MASTER_UNIFIED,SMHMQZSEXNCWDK-UHFFFAOYSA-N,0,0,0,0,0,1
LEGACY-INCHIKEY-SMIGCSQPWCTSQM-UHFFFAOYSA-N,SMIGCSQPWCTSQM-UHFFFAOYSA-N,formolecular/novo_horizonte/banco_mestre_unificado.csv,MASTER_UNIFIED,SMIGCSQPWCTSQM-UHFFFAOYSA-N,0,0,0,0,0,1
LEGACY-INCHIKEY-SMIHWIWMAVKIBE-UHFFFAOYSA-N,SMIHWIWMAVKIBE-UHFFFAOYSA-N,formolecular/novo_horizonte/banco_mestre_unificado.csv,MASTER_UNIFIED,SMIHWIWMAVKIBE-UHFFFAOYSA-N,0,0,0,0,0,1
LEGACY-INCHIKEY-SMKHDIYGUIFAOC-UHFFFAOYSA-N,SMKHDIYGUIFAOC-UHFFFAOYSA-N,formolecular/novo_horizonte/banco_mestre_unificado.csv,MASTER_UNIFIED,SMKHDIYGUIFAOC-UHFFFAOYSA-N,0,0,0,0,0,1
LEGACY-INCHIKEY-SMOQDZQVQZKHIV-UHFFFAOYSA-N,SMOQDZQVQZKHIV-UHFFFAOYSA-N,formolecular/novo_horizonte/banco_mestre_unificado.csv,MASTER_UNIFIED,SMOQDZQVQZKHIV-UHFFFAOYSA-N,0,0,0,0,0,1
LEGACY-INCHIKEY-SMRLDCUSMHFHIX-UHFFFAOYSA-N,SMRLDCUSMHFHIX-UHFFFAOYSA-N,formolecular/novo_horizonte/banco_mestre_unificado.csv,MASTER_UNIFIED,SMRLDCUSMHFHIX-UHFFFAOYSA-N,0,0,0,0,0,1
LEGACY-INCHIKEY-SMVZOTALAZGZGZ-UHFFFAOYSA-N,SMVZOTALAZGZGZ-UHFFFAOYSA-N,formolecular/novo_horizonte/banco_mestre_unificado.csv,MASTER_UNIFIED,SMVZOTALAZGZGZ-UHFFFAOYSA-N,0,0,0,0,0,1
LEGACY-INCHIKEY-SNAYXZKXESMTKK-UHFFFAOYSA-N,SNAYXZKXESMTKK-UHFFFAOYSA-N,formolecular/novo_horizonte/banco_mestre_unificado.csv,MASTER_UNIFIED,SNAYXZKXESMTKK-UHFFFAOYSA-N,0,0,0,0,0,1
LEGACY-INCHIKEY-SNDVIDRRWWHZKW-UHFFFAOYSA-N,SNDVIDRRWWHZKW-UHFFFAOYSA-N,formolecular/novo_horizonte/banco_mestre_unificado.csv,MASTER_UNIFIED,SNDVIDRRWWHZKW-UHFFFAOYSA-N,0,0,0,0,0,1
LEGACY-INCHIKEY-SNHQLDRIHNUUTP-UHFFFAOYSA-N,SNHQLDRIHNUUTP-UHFFFAOYSA-N,formolecular/novo_horizonte/banco_mestre_unificado.csv,MASTER_UNIFIED,SNHQLDRIHNUUTP-UHFFFAOYSA-N,0,0,0,0,0,1
LEGACY-INCHIKEY-SNJSJXHHWXQZCA-UHFFFAOYSA-N,SNJSJXHHWXQZCA-UHFFFAOYSA-N,formolecular/novo_horizonte/banco_mestre_unificado.csv,MASTER_UNIFIED,SNJSJXHHWXQZCA-UHFFFAOYSA-N,0,0,0,0,0,1
LEGACY-INCHIKEY-SNKCNVLVLIXYBU-UHFFFAOYSA-N,SNKCNVLVLIXYBU-UHFFFAOYSA-N,formolecular/novo_horizonte/banco_mestre_unificado.csv,MASTER_UNIFIED,SNKCNVLVLIXYBU-UHFFFAOYSA-N,0,0,0,0,0,1
LEGACY-INCHIKEY-SNQZUSLDBGMVHO-UHFFFAOYSA-N,SNQZUSLDBGMVHO-UHFFFAOYSA-N,formolecular/novo_horizonte/banco_mestre_unificado.csv,MASTER_UNIFIED,SNQZUSLDBGMVHO-UHFFFAOYSA-N,0,0,0,0,0,1
LEGACY-INCHIKEY-SNWCDRHTKHELRO-UHFFFAOYSA-N,SNWCDRHTKHELRO-UHFFFAOYSA-N,formolecular/novo_horizonte/banco_mestre_unificado.csv,MASTER_UNIFIED,SNWCDRHTKHELRO-UHFFFAOYSA-N,0,0,0,0,0,1
LEGACY-INCHIKEY-SNXGBWPAQVIXIU-UHFFFAOYSA-N,SNXGBWPAQVIXIU-UHFFFAOYSA-N,formolecular/novo_horizonte/banco_mestre_unificado.csv,MASTER_UNIFIED,SNXGBWPAQVIXIU-UHFFFAOYSA-N,0,0,0,0,0,1
LEGACY-INCHIKEY-SOIAFZCMJAXKHU-UHFFFAOYSA-N,SOIAFZCMJAXKHU-UHFFFAOYSA-N,formolecular/novo_horizonte/banco_mestre_unificado.csv,MASTER_UNIFIED,SOIAFZCMJAXKHU-UHFFFAOYSA-N,0,0,0,0,0,1
LEGACY-INCHIKEY-SONMXJLNMKXJJO-UHFFFAOYSA-N,SONMXJLNMKXJJO-UHFFFAOYSA-N,formolecular/novo_horizonte/banco_mestre_unificado.csv,MASTER_UNIFIED,SONMXJLNMKXJJO-UHFFFAOYSA-N,0,0,0,0,0,1
LEGACY-INCHIKEY-SOPALIYEDCUJGK-UHFFFAOYSA-N,SOPALIYEDCUJGK-UHFFFAOYSA-N,formolecular/novo_horizonte/banco_mestre_unificado.csv,MASTER_UNIFIED,SOPALIYEDCUJGK-UHFFFAOYSA-N,0,0,0,0,0,1
LEGACY-INCHIKEY-SOSSMCMDZFMJJS-UHFFFAOYSA-N,SOSSMCMDZFMJJS-UHFFFAOYSA-N,formolecular/novo_horizonte/banco_mestre_unificado.csv,MASTER_UNIFIED,SOSSMCMDZFMJJS-UHFFFAOYSA-N,0,0,0,0,0,1
LEGACY-INCHIKEY-SPBQSTIGQKXSOM-UHFFFAOYSA-N,SPBQSTIGQKXSOM-UHFFFAOYSA-N,formolecular/novo_horizonte/banco_mestre_unificado.csv,MASTER_UNIFIED,SPBQSTIGQKXSOM-UHFFFAOYSA-N,0,0,0,0,0,1
LEGACY-INCHIKEY-SPIIRMWWMDTCJR-UHFFFAOYSA-N,SPIIRMWWMDTCJR-UHFFFAOYSA-N,formolecular/novo_horizonte/banco_mestre_unificado.csv,MASTER_UNIFIED,SPIIRMWWMDTCJR-UHFFFAOYSA-N,0,0,0,0,0,1
LEGACY-INCHIKEY-SPLXUIPLXAWIFS-UHFFFAOYSA-N,SPLXUIPLXAWIFS-UHFFFAOYSA-N,formolecular/novo_horizonte/banco_mestre_unificado.csv,MASTER_UNIFIED,SPLXUIPLXAWIFS-UHFFFAOYSA-N,0,0,0,0,0,1
LEGACY-INCHIKEY-SPMDFLOJZJPPEE-UHFFFAOYSA-N,SPMDFLOJZJPPEE-UHFFFAOYSA-N,formolecular/novo_horizonte/banco_mestre_unificado.csv,MASTER_UNIFIED,SPMDFLOJZJPPEE-UHFFFAOYSA-N,0,0,0,0,0,1
LEGACY-INCHIKEY-SPMNTBMECSLQLG-UHFFFAOYSA-N,SPMNTBMECSLQLG-UHFFFAOYSA-N,formolecular/novo_horizonte/banco_mestre_unificado.csv,MASTER_UNIFIED,SPMNTBMECSLQLG-UHFFFAOYSA-N,0,0,0,0,0,1
LEGACY-INCHIKEY-SPOYXTFZISFHJJ-UHFFFAOYSA-N,SPOYXTFZISFHJJ-UHFFFAOYSA-N,formolecular/novo_horizonte/banco_mestre_unificado.csv,MASTER_UNIFIED,SPOYXTFZISFHJJ-UHFFFAOYSA-N,0,0,0,0,0,1
LEGACY-INCHIKEY-SPPYSPBYXQIMTB-UHFFFAOYSA-N,SPPYSPBYXQIMTB-UHFFFAOYSA-N,formolecular/novo_horizonte/banco_mestre_unificado.csv,MASTER_UNIFIED,SPPYSPBYXQIMTB-UHFFFAOYSA-N,0,0,0,0,0,1
LEGACY-INCHIKEY-SPQOGTINVJXBQU-UHFFFAOYSA-N,SPQOGTINVJXBQU-UHFFFAOYSA-N,formolecular/novo_horizonte/banco_mestre_unificado.csv,MASTER_UNIFIED,SPQOGTINVJXBQU-UHFFFAOYSA-N,0,0,0,0,0,1
LEGACY-INCHIKEY-SPSDOFSDHIRJJN-UHFFFAOYSA-N,SPSDOFSDHIRJJN-UHFFFAOYSA-N,formolecular/novo_horizonte/banco_mestre_unificado.csv,MASTER_UNIFIED,SPSDOFSDHIRJJN-UHFFFAOYSA-N,0,0,0,0,0,1
LEGACY-INCHIKEY-SPSXRVMXIHISCY-UHFFFAOYSA-N,SPSXRVMXIHISCY-UHFFFAOYSA-N,formolecular/novo_horizonte/banco_mestre_unificado.csv,MASTER_UNIFIED,SPSXRVMXIHISCY-UHFFFAOYSA-N,0,0,0,0,0,1
LEGACY-INCHIKEY-SQGVODNEDGOPND-UHFFFAOYSA-N,SQGVODNEDGOPND-UHFFFAOYSA-N,formolecular/novo_horizonte/banco_mestre_unificado.csv,MASTER_UNIFIED,SQGVODNEDGOPND-UHFFFAOYSA-N,0,0,0,0,0,1
LEGACY-INCHIKEY-SQNHKTMSLBZTKC-UHFFFAOYSA-N,SQNHKTMSLBZTKC-UHFFFAOYSA-N,formolecular/novo_horizonte/banco_mestre_unificado.csv,MASTER_UNIFIED,SQNHKTMSLBZTKC-UHFFFAOYSA-N,0,0,0,0,0,1
LEGACY-INCHIKEY-SQPWDRDGEKQZHE-UHFFFAOYSA-N,SQPWDRDGEKQZHE-UHFFFAOYSA-N,formolecular/novo_horizonte/banco_mestre_unificado.csv,MASTER_UNIFIED,SQPWDRDGEKQZHE-UHFFFAOYSA-N,0,0,0,0,0,1
LEGACY-INCHIKEY-SQPYTUICVGUVDI-UHFFFAOYSA-N,SQPYTUICVGUVDI-UHFFFAOYSA-N,formolecular/novo_horizonte/banco_mestre_unificado.csv,MASTER_UNIFIED,SQPYTUICVGUVDI-UHFFFAOYSA-N,0,0,0,0,0,1
LEGACY-INCHIKEY-SQTNLFRQKKRRTL-UHFFFAOYSA-N,SQTNLFRQKKRRTL-UHFFFAOYSA-N,formolecular/novo_horizonte/banco_mestre_unificado.csv,MASTER_UNIFIED,SQTNLFRQKKRRTL-UHFFFAOYSA-N,0,0,0,0,0,1
LEGACY-INCHIKEY-SRKYBQTWVLHBDH-UHFFFAOYSA-N,SRKYBQTWVLHBDH-UHFFFAOYSA-N,formolecular/novo_horizonte/banco_mestre_unificado.csv,MASTER_UNIFIED,SRKYBQTWVLHBDH-UHFFFAOYSA-N,0,0,0,0,0,1
LEGACY-INCHIKEY-SRSUUPUFZHCHDS-UHFFFAOYSA-N,SRSUUPUFZHCHDS-UHFFFAOYSA-N,formolecular/novo_horizonte/banco_mestre_unificado.csv,MASTER_UNIFIED,SRSUUPUFZHCHDS-UHFFFAOYSA-N,0,0,0,0,0,1
LEGACY-INCHIKEY-SRUKAVYXNCGDSW-UHFFFAOYSA-N,SRUKAVYXNCGDSW-UHFFFAOYSA-N,formolecular/novo_horizonte/banco_mestre_unificado.csv,MASTER_UNIFIED,SRUKAVYXNCGDSW-UHFFFAOYSA-N,0,0,0,0,0,1
LEGACY-INCHIKEY-SRWXIRSXNXVNTP-UHFFFAOYSA-N,SRWXIRSXNXVNTP-UHFFFAOYSA-N,formolecular/novo_horizonte/banco_mestre_unificado.csv,MASTER_UNIFIED,SRWXIRSXNXVNTP-UHFFFAOYSA-N,0,0,0,0,0,1
LEGACY-INCHIKEY-SRZROEWBDATKSP-UHFFFAOYSA-N,SRZROEWBDATKSP-UHFFFAOYSA-N,formolecular/novo_horizonte/banco_mestre_unificado.csv,MASTER_UNIFIED,SRZROEWBDATKSP-UHFFFAOYSA-N,0,0,0,0,0,1
LEGACY-INCHIKEY-SSCKXUWQGPGIEN-UHFFFAOYSA-N,SSCKXUWQGPGIEN-UHFFFAOYSA-N,formolecular/novo_horizonte/banco_mestre_unificado.csv,MASTER_UNIFIED,SSCKXUWQGPGIEN-UHFFFAOYSA-N,0,0,0,0,0,1
LEGACY-INCHIKEY-SSKLRGINCNHENA-UHFFFAOYSA-N,SSKLRGINCNHENA-UHFFFAOYSA-N,formolecular/novo_horizonte/banco_mestre_unificado.csv,MASTER_UNIFIED,SSKLRGINCNHENA-UHFFFAOYSA-N,0,0,0,0,0,1
LEGACY-INCHIKEY-SSPULVRMLYMSRW-UHFFFAOYSA-N,SSPULVRMLYMSRW-UHFFFAOYSA-N,formolecular/novo_horizonte/banco_mestre_unificado.csv,MASTER_UNIFIED,SSPULVRMLYMSRW-UHFFFAOYSA-N,0,0,0,0,0,1
LEGACY-INCHIKEY-SSQUQOXFEUIERC-UHFFFAOYSA-N,SSQUQOXFEUIERC-UHFFFAOYSA-N,formolecular/novo_horizonte/banco_mestre_unificado.csv,MASTER_UNIFIED,SSQUQOXFEUIERC-UHFFFAOYSA-N,0,0,0,0,0,1
LEGACY-INCHIKEY-SSRCXENFUODKMQ-UHFFFAOYSA-N,SSRCXENFUODKMQ-UHFFFAOYSA-N,formolecular/novo_horizonte/banco_mestre_unificado.csv,MASTER_UNIFIED,SSRCXENFUODKMQ-UHFFFAOYSA-N,0,0,0,0,0,1
LEGACY-INCHIKEY-SSSIUBDTAGSSDQ-UHFFFAOYSA-N,SSSIUBDTAGSSDQ-UHFFFAOYSA-N,formolecular/novo_horizonte/banco_mestre_unificado.csv,MASTER_UNIFIED,SSSIUBDTAGSSDQ-UHFFFAOYSA-N,0,0,0,0,0,1
LEGACY-INCHIKEY-SSUAINJTZCTVSD-UHFFFAOYSA-N,SSUAINJTZCTVSD-UHFFFAOYSA-N,formolecular/novo_horizonte/banco_mestre_unificado.csv,MASTER_UNIFIED,SSUAINJTZCTVSD-UHFFFAOYSA-N,0,0,0,0,0,1
LEGACY-INCHIKEY-SSWSWNWFZWOOAG-UHFFFAOYSA-N,SSWSWNWFZWOOAG-UHFFFAOYSA-N,formolecular/novo_horizonte/banco_mestre_unificado.csv,MASTER_UNIFIED,SSWSWNWFZWOOAG-UHFFFAOYSA-N,0,0,0,0,0,1
LEGACY-INCHIKEY-SSXSCXYWJMUMOO-UHFFFAOYSA-N,SSXSCXYWJMUMOO-UHFFFAOYSA-N,formolecular/novo_horizonte/banco_mestre_unificado.csv,MASTER_UNIFIED,SSXSCXYWJMUMOO-UHFFFAOYSA-N,0,0,0,0,0,1
LEGACY-INCHIKEY-SSZMGWGTNWVCFG-UHFFFAOYSA-N,SSZMGWGTNWVCFG-UHFFFAOYSA-N,formolecular/novo_horizonte/banco_mestre_unificado.csv,MASTER_UNIFIED,SSZMGWGTNWVCFG-UHFFFAOYSA-N,0,0,0,0,0,1
LEGACY-INCHIKEY-STAMULRQWZBXPL-UHFFFAOYSA-N,STAMULRQWZBXPL-UHFFFAOYSA-N,formolecular/novo_horizonte/banco_mestre_unificado.csv,MASTER_UNIFIED,STAMULRQWZBXPL-UHFFFAOYSA-N,0,0,0,0,0,1
LEGACY-INCHIKEY-STBWEFRAFZFUDD-UHFFFAOYSA-N,STBWEFRAFZFUDD-UHFFFAOYSA-N,formolecular/novo_horizonte/banco_mestre_unificado.csv,MASTER_UNIFIED,STBWEFRAFZFUDD-UHFFFAOYSA-N,0,0,0,0,0,1
LEGACY-INCHIKEY-STNPAXBWXKFMEY-UHFFFAOYSA-N,STNPAXBWXKFMEY-UHFFFAOYSA-N,formolecular/novo_horizonte/banco_mestre_unificado.csv,MASTER_UNIFIED,STNPAXBWXKFMEY-UHFFFAOYSA-N,0,0,0,0,0,1
LEGACY-INCHIKEY-STQSBSZOTKAKBJ-UHFFFAOYSA-N,STQSBSZOTKAKBJ-UHFFFAOYSA-N,formolecular/novo_horizonte/banco_mestre_unificado.csv,MASTER_UNIFIED,STQSBSZOTKAKBJ-UHFFFAOYSA-N,0,0,0,0,0,1
LEGACY-INCHIKEY-SUCKVJBRLZPBFQ-UHFFFAOYSA-N,SUCKVJBRLZPBFQ-UHFFFAOYSA-N,formolecular/novo_horizonte/banco_mestre_unificado.csv,MASTER_UNIFIED,SUCKVJBRLZPBFQ-UHFFFAOYSA-N,0,0,0,0,0,1
LEGACY-INCHIKEY-SUMCNFRMBOKPRV-UHFFFAOYSA-N,SUMCNFRMBOKPRV-UHFFFAOYSA-N,formolecular/novo_horizonte/banco_mestre_unificado.csv,MASTER_UNIFIED,SUMCNFRMBOKPRV-UHFFFAOYSA-N,0,0,0,0,0,1
LEGACY-INCHIKEY-SUVMJBTUFCVSAD-UHFFFAOYSA-N,SUVMJBTUFCVSAD-UHFFFAOYSA-N,Biolab/matriz_compostos_filtrados.csv,BIOLAB_FILTERED,SUVMJBTUFCVSAD-UHFFFAOYSA-N,1,0,0,0,0,0
LEGACY-INCHIKEY-SUVSONQDACGTRO-UHFFFAOYSA-N,SUVSONQDACGTRO-UHFFFAOYSA-N,formolecular/novo_horizonte/banco_mestre_unificado.csv,MASTER_UNIFIED,SUVSONQDACGTRO-UHFFFAOYSA-N,0,0,0,0,0,1
LEGACY-INCHIKEY-SUVZNYCKEWFPQU-UHFFFAOYSA-N,SUVZNYCKEWFPQU-UHFFFAOYSA-N,formolecular/novo_horizonte/banco_mestre_unificado.csv,MASTER_UNIFIED,SUVZNYCKEWFPQU-UHFFFAOYSA-N,0,0,0,0,0,1
LEGACY-INCHIKEY-SUWXNOQVVJMCAD-UHFFFAOYSA-N,SUWXNOQVVJMCAD-UHFFFAOYSA-N,formolecular/novo_horizonte/banco_mestre_unificado.csv,MASTER_UNIFIED,SUWXNOQVVJMCAD-UHFFFAOYSA-N,0,0,0,0,0,1
LEGACY-INCHIKEY-SVCLSRPSEPFLNB-UHFFFAOYSA-N,SVCLSRPSEPFLNB-UHFFFAOYSA-N,formolecular/novo_horizonte/banco_mestre_unificado.csv,MASTER_UNIFIED,SVCLSRPSEPFLNB-UHFFFAOYSA-N,0,0,0,0,0,1
LEGACY-INCHIKEY-SVDLOMZOMJIHRQ-UHFFFAOYSA-N,SVDLOMZOMJIHRQ-UHFFFAOYSA-N,formolecular/novo_horizonte/banco_mestre_unificado.csv,MASTER_UNIFIED,SVDLOMZOMJIHRQ-UHFFFAOYSA-N,0,0,0,0,0,1
LEGACY-INCHIKEY-SVKXBMQPMLLBDV-UHFFFAOYSA-N,SVKXBMQPMLLBDV-UHFFFAOYSA-N,formolecular/novo_horizonte/banco_mestre_unificado.csv,MASTER_UNIFIED,SVKXBMQPMLLBDV-UHFFFAOYSA-N,0,0,0,0,0,1
LEGACY-INCHIKEY-SVMAXMRCEOVDOT-UHFFFAOYSA-N,SVMAXMRCEOVDOT-UHFFFAOYSA-N,formolecular/novo_horizonte/banco_mestre_unificado.csv,MASTER_UNIFIED,SVMAXMRCEOVDOT-UHFFFAOYSA-N,0,0,0,0,0,1
LEGACY-INCHIKEY-SVQFLHZPBJHSQP-UHFFFAOYSA-N,SVQFLHZPBJHSQP-UHFFFAOYSA-N,formolecular/novo_horizonte/banco_mestre_unificado.csv,MASTER_UNIFIED,SVQFLHZPBJHSQP-UHFFFAOYSA-N,0,0,0,0,0,1
LEGACY-INCHIKEY-SWBAJAPRSIVJQA-UHFFFAOYSA-N,SWBAJAPRSIVJQA-UHFFFAOYSA-N,formolecular/novo_horizonte/banco_mestre_unificado.csv,MASTER_UNIFIED,SWBAJAPRSIVJQA-UHFFFAOYSA-N,0,0,0,0,0,1
LEGACY-INCHIKEY-SWIQCUQYVDZMBM-UHFFFAOYSA-N,SWIQCUQYVDZMBM-UHFFFAOYSA-N,formolecular/novo_horizonte/banco_mestre_unificado.csv,MASTER_UNIFIED,SWIQCUQYVDZMBM-UHFFFAOYSA-N,0,0,0,0,0,1
LEGACY-INCHIKEY-SWLYVHGFXAESEY-UHFFFAOYSA-N,SWLYVHGFXAESEY-UHFFFAOYSA-N,formolecular/novo_horizonte/banco_mestre_unificado.csv,MASTER_UNIFIED,SWLYVHGFXAESEY-UHFFFAOYSA-N,0,0,0,0,0,1
LEGACY-INCHIKEY-SWNADEDLOYYBMD-UHFFFAOYSA-N,SWNADEDLOYYBMD-UHFFFAOYSA-N,formolecular/novo_horizonte/banco_mestre_unificado.csv,MASTER_UNIFIED,SWNADEDLOYYBMD-UHFFFAOYSA-N,0,0,0,0,0,1
LEGACY-INCHIKEY-SWOAXNZSNWMVAA-UHFFFAOYSA-N,SWOAXNZSNWMVAA-UHFFFAOYSA-N,formolecular/novo_horizonte/banco_mestre_unificado.csv,MASTER_UNIFIED,SWOAXNZSNWMVAA-UHFFFAOYSA-N,0,0,0,0,0,1
LEGACY-INCHIKEY-SWONCJTUMVWGGS-UHFFFAOYSA-N,SWONCJTUMVWGGS-UHFFFAOYSA-N,formolecular/novo_horizonte/banco_mestre_unificado.csv,MASTER_UNIFIED,SWONCJTUMVWGGS-UHFFFAOYSA-N,0,0,0,0,0,1
LEGACY-INCHIKEY-SWVFDRJZDIVNMB-UHFFFAOYSA-N,SWVFDRJZDIVNMB-UHFFFAOYSA-N,formolecular/novo_horizonte/banco_mestre_unificado.csv,MASTER_UNIFIED,SWVFDRJZDIVNMB-UHFFFAOYSA-N,0,0,0,0,0,1
LEGACY-INCHIKEY-SWWOQQVAWAPNQY-UHFFFAOYSA-N,SWWOQQVAWAPNQY-UHFFFAOYSA-N,formolecular/novo_horizonte/banco_mestre_unificado.csv,MASTER_UNIFIED,SWWOQQVAWAPNQY-UHFFFAOYSA-N,0,0,0,0,0,1
LEGACY-INCHIKEY-SXDJEVYXMVIOJX-UHFFFAOYSA-N,SXDJEVYXMVIOJX-UHFFFAOYSA-N,formolecular/novo_horizonte/banco_mestre_unificado.csv,MASTER_UNIFIED,SXDJEVYXMVIOJX-UHFFFAOYSA-N,0,0,0,0,0,1
LEGACY-INCHIKEY-SXGGWQPCBGFPTP-UHFFFAOYSA-N,SXGGWQPCBGFPTP-UHFFFAOYSA-N,formolecular/novo_horizonte/banco_mestre_unificado.csv,MASTER_UNIFIED,SXGGWQPCBGFPTP-UHFFFAOYSA-N,0,0,0,0,0,1
LEGACY-INCHIKEY-SXKULDVENWWKIK-UHFFFAOYSA-N,SXKULDVENWWKIK-UHFFFAOYSA-N,formolecular/novo_horizonte/banco_mestre_unificado.csv,MASTER_UNIFIED,SXKULDVENWWKIK-UHFFFAOYSA-N,0,0,0,0,0,1
LEGACY-INCHIKEY-SXLXURKYSOMUAG-UHFFFAOYSA-N,SXLXURKYSOMUAG-UHFFFAOYSA-N,formolecular/novo_horizonte/banco_mestre_unificado.csv,MASTER_UNIFIED,SXLXURKYSOMUAG-UHFFFAOYSA-N,0,0,0,0,0,1
LEGACY-INCHIKEY-SXTCSEBNJLUOSI-UHFFFAOYSA-N,SXTCSEBNJLUOSI-UHFFFAOYSA-N,formolecular/novo_horizonte/banco_mestre_unificado.csv,MASTER_UNIFIED,SXTCSEBNJLUOSI-UHFFFAOYSA-N,0,0,0,0,0,1
LEGACY-INCHIKEY-SXUDTXNFUSINNZ-UHFFFAOYSA-N,SXUDTXNFUSINNZ-UHFFFAOYSA-N,formolecular/novo_horizonte/banco_mestre_unificado.csv,MASTER_UNIFIED,SXUDTXNFUSINNZ-UHFFFAOYSA-N,0,0,0,0,0,1
LEGACY-INCHIKEY-SYEFDWPULIWCMV-UHFFFAOYSA-N,SYEFDWPULIWCMV-UHFFFAOYSA-N,formolecular/novo_horizonte/banco_mestre_unificado.csv,MASTER_UNIFIED,SYEFDWPULIWCMV-UHFFFAOYSA-N,0,0,0,0,0,1
LEGACY-INCHIKEY-SYGJEZUQFKRXKK-UHFFFAOYSA-N,SYGJEZUQFKRXKK-UHFFFAOYSA-N,formolecular/novo_horizonte/banco_mestre_unificado.csv,MASTER_UNIFIED,SYGJEZUQFKRXKK-UHFFFAOYSA-N,0,0,0,0,0,1
LEGACY-INCHIKEY-SYHUHKWRRHTZLQ-UHFFFAOYSA-N,SYHUHKWRRHTZLQ-UHFFFAOYSA-N,formolecular/novo_horizonte/banco_mestre_unificado.csv,MASTER_UNIFIED,SYHUHKWRRHTZLQ-UHFFFAOYSA-N,0,0,0,0,0,1
LEGACY-INCHIKEY-SYOLLXRLFULOKQ-UHFFFAOYSA-N,SYOLLXRLFULOKQ-UHFFFAOYSA-N,formolecular/novo_horizonte/banco_mestre_unificado.csv,MASTER_UNIFIED,SYOLLXRLFULOKQ-UHFFFAOYSA-N,0,0,0,0,0,1
LEGACY-INCHIKEY-SYPCJFZLNUWZQE-UHFFFAOYSA-N,SYPCJFZLNUWZQE-UHFFFAOYSA-N,formolecular/novo_horizonte/banco_mestre_unificado.csv,MASTER_UNIFIED,SYPCJFZLNUWZQE-UHFFFAOYSA-N,0,0,0,0,0,1
LEGACY-INCHIKEY-SYQVQLAGBFYZPX-UHFFFAOYSA-N,SYQVQLAGBFYZPX-UHFFFAOYSA-N,formolecular/novo_horizonte/banco_mestre_unificado.csv,MASTER_UNIFIED,SYQVQLAGBFYZPX-UHFFFAOYSA-N,0,0,0,0,0,1
LEGACY-INCHIKEY-SYRSPJJNJCGALY-UHFFFAOYSA-N,SYRSPJJNJCGALY-UHFFFAOYSA-N,formolecular/novo_horizonte/banco_mestre_unificado.csv,MASTER_UNIFIED,SYRSPJJNJCGALY-UHFFFAOYSA-N,0,0,0,0,0,1
LEGACY-INCHIKEY-SYVAOGFMGZUDHS-UHFFFAOYSA-N,SYVAOGFMGZUDHS-UHFFFAOYSA-N,formolecular/novo_horizonte/banco_mestre_unificado.csv,MASTER_UNIFIED,SYVAOGFMGZUDHS-UHFFFAOYSA-N,0,0,0,0,0,1
LEGACY-INCHIKEY-SYVKAJBTYANUTH-UHFFFAOYSA-N,SYVKAJBTYANUTH-UHFFFAOYSA-N,formolecular/novo_horizonte/banco_mestre_unificado.csv,MASTER_UNIFIED,SYVKAJBTYANUTH-UHFFFAOYSA-N,0,0,0,0,0,1
LEGACY-INCHIKEY-SYVZVEFEZSSLTG-UHFFFAOYSA-N,SYVZVEFEZSSLTG-UHFFFAOYSA-N,formolecular/novo_horizonte/banco_mestre_unificado.csv,MASTER_UNIFIED,SYVZVEFEZSSLTG-UHFFFAOYSA-N,0,0,0,0,0,1
LEGACY-INCHIKEY-SYXUHEWLRQOCKF-UHFFFAOYSA-N,SYXUHEWLRQOCKF-UHFFFAOYSA-N,formolecular/novo_horizonte/banco_mestre_unificado.csv,MASTER_UNIFIED,SYXUHEWLRQOCKF-UHFFFAOYSA-N,0,0,0,0,0,1
LEGACY-INCHIKEY-SZOQQZXARCIMBC-UHFFFAOYSA-N,SZOQQZXARCIMBC-UHFFFAOYSA-N,formolecular/novo_horizonte/banco_mestre_unificado.csv,MASTER_UNIFIED,SZOQQZXARCIMBC-UHFFFAOYSA-N,0,0,0,0,0,1
LEGACY-INCHIKEY-SZQZFODIOFOQFN-UHFFFAOYSA-N,SZQZFODIOFOQFN-UHFFFAOYSA-N,formolecular/novo_horizonte/banco_mestre_unificado.csv,MASTER_UNIFIED,SZQZFODIOFOQFN-UHFFFAOYSA-N,0,0,0,0,0,1
LEGACY-INCHIKEY-SZWCGYSUJLHXEQ-UHFFFAOYSA-N,SZWCGYSUJLHXEQ-UHFFFAOYSA-N,formolecular/novo_horizonte/banco_mestre_unificado.csv,MASTER_UNIFIED,SZWCGYSUJLHXEQ-UHFFFAOYSA-N,0,0,0,0,0,1
LEGACY-INCHIKEY-SZYNAXSBPVGCOE-UHFFFAOYSA-N,SZYNAXSBPVGCOE-UHFFFAOYSA-N,formolecular/novo_horizonte/banco_mestre_unificado.csv,MASTER_UNIFIED,SZYNAXSBPVGCOE-UHFFFAOYSA-N,0,0,0,0,0,1
LEGACY-INCHIKEY-TTXNCNWAYFCZIY-UHFFFAOYSA-N,TTXNCNWAYFCZIY-UHFFFAOYSA-N,formolecular/novo_horizonte/banco_mestre_unificado.csv,MASTER_UNIFIED,TTXNCNWAYFCZIY-UHFFFAOYSA-N,0,0,0,0,0,1
LEGACY-INCHIKEY-TUHYEDXCLKXBPT-UHFFFAOYSA-N,TUHYEDXCLKXBPT-UHFFFAOYSA-N,formolecular/novo_horizonte/banco_mestre_unificado.csv,MASTER_UNIFIED,TUHYEDXCLKXBPT-UHFFFAOYSA-N,0,0,0,0,0,1
LEGACY-INCHIKEY-TUTZFCWMIGTLKI-UHFFFAOYSA-N,TUTZFCWMIGTLKI-UHFFFAOYSA-N,formolecular/novo_horizonte/banco_mestre_unificado.csv,MASTER_UNIFIED,TUTZFCWMIGTLKI-UHFFFAOYSA-N,0,0,0,0,0,1
LEGACY-INCHIKEY-TUUXCHRWWTXTOM-UHFFFAOYSA-N,TUUXCHRWWTXTOM-UHFFFAOYSA-N,formolecular/novo_horizonte/banco_mestre_unificado.csv,MASTER_UNIFIED,TUUXCHRWWTXTOM-UHFFFAOYSA-N,0,0,0,0,0,1
LEGACY-INCHIKEY-TUWRPUUABFOCDM-UHFFFAOYSA-N,TUWRPUUABFOCDM-UHFFFAOYSA-N,formolecular/novo_horizonte/banco_mestre_unificado.csv,MASTER_UNIFIED,TUWRPUUABFOCDM-UHFFFAOYSA-N,0,0,0,0,0,1
LEGACY-INCHIKEY-TUXHNUJXULPASW-UHFFFAOYSA-N,TUXHNUJXULPASW-UHFFFAOYSA-N,formolecular/novo_horizonte/banco_mestre_unificado.csv,MASTER_UNIFIED,TUXHNUJXULPASW-UHFFFAOYSA-N,0,0,0,0,0,1
LEGACY-INCHIKEY-TVESCTKEEPLDHW-UHFFFAOYSA-N,TVESCTKEEPLDHW-UHFFFAOYSA-N,formolecular/novo_horizonte/banco_mestre_unificado.csv,MASTER_UNIFIED,TVESCTKEEPLDHW-UHFFFAOYSA-N,0,0,0,0,0,1
LEGACY-INCHIKEY-TVJYXFWFVXUTOF-UHFFFAOYSA-N,TVJYXFWFVXUTOF-UHFFFAOYSA-N,formolecular/novo_horizonte/banco_mestre_unificado.csv,MASTER_UNIFIED,TVJYXFWFVXUTOF-UHFFFAOYSA-N,0,0,0,0,0,1
LEGACY-INCHIKEY-TVNUGXFTHIJHHP-UHFFFAOYSA-N,TVNUGXFTHIJHHP-UHFFFAOYSA-N,formolecular/csv_elite_farma/RANKING_FARMACOS_ELITE_ADMET.csv,FARMA_ELITE,TVNUGXFTHIJHHP-UHFFFAOYSA-N,0,1,0,0,0,0
LEGACY-INCHIKEY-TVPAFFHUQICNHX-UHFFFAOYSA-N,TVPAFFHUQICNHX-UHFFFAOYSA-N,formolecular/novo_horizonte/banco_mestre_unificado.csv,MASTER_UNIFIED,TVPAFFHUQICNHX-UHFFFAOYSA-N,0,0,0,0,0,1
LEGACY-INCHIKEY-TVPSCUGWRZQUJT-UHFFFAOYSA-N,TVPSCUGWRZQUJT-UHFFFAOYSA-N,formolecular/novo_horizonte/banco_mestre_unificado.csv,MASTER_UNIFIED,TVPSCUGWRZQUJT-UHFFFAOYSA-N,0,0,0,0,0,1
LEGACY-INCHIKEY-TVPXHQGNBOHZDL-UHFFFAOYSA-N,TVPXHQGNBOHZDL-UHFFFAOYSA-N,formolecular/novo_horizonte/banco_mestre_unificado.csv,MASTER_UNIFIED,TVPXHQGNBOHZDL-UHFFFAOYSA-N,0,0,0,0,0,1
LEGACY-INCHIKEY-TVVFCBCVQUJLBC-UHFFFAOYSA-N,TVVFCBCVQUJLBC-UHFFFAOYSA-N,formolecular/novo_horizonte/banco_mestre_unificado.csv,MASTER_UNIFIED,TVVFCBCVQUJLBC-UHFFFAOYSA-N,0,0,0,0,0,1
LEGACY-INCHIKEY-TVVNSXXAIBNHQY-UHFFFAOYSA-N,TVVNSXXAIBNHQY-UHFFFAOYSA-N,formolecular/novo_horizonte/banco_mestre_unificado.csv,MASTER_UNIFIED,TVVNSXXAIBNHQY-UHFFFAOYSA-N,0,0,0,0,0,1
LEGACY-INCHIKEY-TWHBAYSPVBXTHG-UHFFFAOYSA-N,TWHBAYSPVBXTHG-UHFFFAOYSA-N,formolecular/novo_horizonte/banco_mestre_unificado.csv,MASTER_UNIFIED,TWHBAYSPVBXTHG-UHFFFAOYSA-N,0,0,0,0,0,1
LEGACY-INCHIKEY-TWHYKNXSTJEZPJ-UHFFFAOYSA-N,TWHYKNXSTJEZPJ-UHFFFAOYSA-N,formolecular/novo_horizonte/banco_mestre_unificado.csv,MASTER_UNIFIED,TWHYKNXSTJEZPJ-UHFFFAOYSA-N,0,0,0,0,0,1
LEGACY-INCHIKEY-TWJXNBLCDNBGSJ-UHFFFAOYSA-N,TWJXNBLCDNBGSJ-UHFFFAOYSA-N,formolecular/novo_horizonte/banco_mestre_unificado.csv,MASTER_UNIFIED,TWJXNBLCDNBGSJ-UHFFFAOYSA-N,0,0,0,0,0,1
LEGACY-INCHIKEY-TWKNJVAPMWTDSD-UHFFFAOYSA-N,TWKNJVAPMWTDSD-UHFFFAOYSA-N,formolecular/csv_elite_farma/RANKING_FARMACOS_ELITE_ADMET.csv,FARMA_ELITE,TWKNJVAPMWTDSD-UHFFFAOYSA-N,0,1,0,0,0,0
LEGACY-INCHIKEY-TWWXJYJHQQOERM-UHFFFAOYSA-N,TWWXJYJHQQOERM-UHFFFAOYSA-N,formolecular/novo_horizonte/banco_mestre_unificado.csv,MASTER_UNIFIED,TWWXJYJHQQOERM-UHFFFAOYSA-N,0,0,0,0,0,1
LEGACY-INCHIKEY-TXIMQIAQLKJVKQ-UHFFFAOYSA-N,TXIMQIAQLKJVKQ-UHFFFAOYSA-N,formolecular/novo_horizonte/banco_mestre_unificado.csv,MASTER_UNIFIED,TXIMQIAQLKJVKQ-UHFFFAOYSA-N,0,0,0,0,0,1
LEGACY-INCHIKEY-TXIUEOOLRZZKNO-UHFFFAOYSA-N,TXIUEOOLRZZKNO-UHFFFAOYSA-N,formolecular/novo_horizonte/banco_mestre_unificado.csv,MASTER_UNIFIED,TXIUEOOLRZZKNO-UHFFFAOYSA-N,0,0,0,0,0,1
LEGACY-INCHIKEY-TXOCOHYPWYRFEF-UHFFFAOYSA-N,TXOCOHYPWYRFEF-UHFFFAOYSA-N,formolecular/novo_horizonte/banco_mestre_unificado.csv,MASTER_UNIFIED,TXOCOHYPWYRFEF-UHFFFAOYSA-N,0,0,0,0,0,1
LEGACY-INCHIKEY-TXORERFWPCIZPD-UHFFFAOYSA-N,TXORERFWPCIZPD-UHFFFAOYSA-N,formolecular/novo_horizonte/banco_mestre_unificado.csv,MASTER_UNIFIED,TXORERFWPCIZPD-UHFFFAOYSA-N,0,0,0,0,0,1
LEGACY-INCHIKEY-TXPIHXVAMSIDBO-UHFFFAOYSA-N,TXPIHXVAMSIDBO-UHFFFAOYSA-N,formolecular/novo_horizonte/banco_mestre_unificado.csv,MASTER_UNIFIED,TXPIHXVAMSIDBO-UHFFFAOYSA-N,0,0,0,0,0,1
LEGACY-INCHIKEY-TXSLTPIEOXTWMX-UHFFFAOYSA-N,TXSLTPIEOXTWMX-UHFFFAOYSA-N,formolecular/novo_horizonte/banco_mestre_unificado.csv,MASTER_UNIFIED,TXSLTPIEOXTWMX-UHFFFAOYSA-N,0,0,0,0,0,1
LEGACY-INCHIKEY-TXTHRNSSRDAOPI-UHFFFAOYSA-N,TXTHRNSSRDAOPI-UHFFFAOYSA-N,formolecular/novo_horizonte/banco_mestre_unificado.csv,MASTER_UNIFIED,TXTHRNSSRDAOPI-UHFFFAOYSA-N,0,0,0,0,0,1
LEGACY-INCHIKEY-TYAQGMQTADNDSB-UHFFFAOYSA-N,TYAQGMQTADNDSB-UHFFFAOYSA-N,formolecular/novo_horizonte/banco_mestre_unificado.csv,MASTER_UNIFIED,TYAQGMQTADNDSB-UHFFFAOYSA-N,0,0,0,0,0,1
LEGACY-INCHIKEY-TYDKFHAMKYGBBE-UHFFFAOYSA-N,TYDKFHAMKYGBBE-UHFFFAOYSA-N,formolecular/novo_horizonte/banco_mestre_unificado.csv,MASTER_UNIFIED,TYDKFHAMKYGBBE-UHFFFAOYSA-N,0,0,0,0,0,1
LEGACY-INCHIKEY-TYRRSXNCQRTFBX-UHFFFAOYSA-N,TYRRSXNCQRTFBX-UHFFFAOYSA-N,formolecular/novo_horizonte/banco_mestre_unificado.csv,MASTER_UNIFIED,TYRRSXNCQRTFBX-UHFFFAOYSA-N,0,0,0,0,0,1
LEGACY-INCHIKEY-TYYGHYRZPMBPQA-UHFFFAOYSA-N,TYYGHYRZPMBPQA-UHFFFAOYSA-N,formolecular/novo_horizonte/banco_mestre_unificado.csv,MASTER_UNIFIED,TYYGHYRZPMBPQA-UHFFFAOYSA-N,0,0,0,0,0,1
LEGACY-INCHIKEY-TZBJGXHYKVUXJN-UHFFFAOYSA-N,TZBJGXHYKVUXJN-UHFFFAOYSA-N,Biolab/matriz_compostos_filtrados.csv,BIOLAB_FILTERED,TZBJGXHYKVUXJN-UHFFFAOYSA-N,1,0,0,0,0,0
LEGACY-INCHIKEY-TZFGRLRXNSTYSH-UHFFFAOYSA-N,TZFGRLRXNSTYSH-UHFFFAOYSA-N,formolecular/novo_horizonte/banco_mestre_unificado.csv,MASTER_UNIFIED,TZFGRLRXNSTYSH-UHFFFAOYSA-N,0,0,0,0,0,1
LEGACY-INCHIKEY-TZGBRVSOXPBBOT-UHFFFAOYSA-N,TZGBRVSOXPBBOT-UHFFFAOYSA-N,formolecular/novo_horizonte/banco_mestre_unificado.csv,MASTER_UNIFIED,TZGBRVSOXPBBOT-UHFFFAOYSA-N,0,0,0,0,0,1
LEGACY-INCHIKEY-TZIOGHZYRVSAOX-UHFFFAOYSA-N,TZIOGHZYRVSAOX-UHFFFAOYSA-N,formolecular/novo_horizonte/banco_mestre_unificado.csv,MASTER_UNIFIED,TZIOGHZYRVSAOX-UHFFFAOYSA-N,0,0,0,0,0,1
LEGACY-INCHIKEY-TZRSNEAYHOVOGL-UHFFFAOYSA-N,TZRSNEAYHOVOGL-UHFFFAOYSA-N,formolecular/novo_horizonte/banco_mestre_unificado.csv,MASTER_UNIFIED,TZRSNEAYHOVOGL-UHFFFAOYSA-N,0,0,0,0,0,1
LEGACY-INCHIKEY-TZSSXGGVNBJWPV-UHFFFAOYSA-N,TZSSXGGVNBJWPV-UHFFFAOYSA-N,formolecular/novo_horizonte/banco_mestre_unificado.csv,MASTER_UNIFIED,TZSSXGGVNBJWPV-UHFFFAOYSA-N,0,0,0,0,0,1
LEGACY-INCHIKEY-TZUFGODJUVGJGD-UHFFFAOYSA-N,TZUFGODJUVGJGD-UHFFFAOYSA-N,formolecular/csv_elite_farma/RANKING_FARMACOS_ELITE_ADMET.csv,FARMA_ELITE,TZUFGODJUVGJGD-UHFFFAOYSA-N,0,1,0,0,0,0
LEGACY-INCHIKEY-TZVAZLDPKVLUBT-UHFFFAOYSA-N,TZVAZLDPKVLUBT-UHFFFAOYSA-N,formolecular/novo_horizonte/banco_mestre_unificado.csv,MASTER_UNIFIED,TZVAZLDPKVLUBT-UHFFFAOYSA-N,0,0,0,0,0,1
LEGACY-INCHIKEY-UADLHBXAJIWFNQ-UHFFFAOYSA-N,UADLHBXAJIWFNQ-UHFFFAOYSA-N,formolecular/novo_horizonte/banco_mestre_unificado.csv,MASTER_UNIFIED,UADLHBXAJIWFNQ-UHFFFAOYSA-N,0,0,0,0,0,1
LEGACY-INCHIKEY-UAHSZYQLLRQELR-UHFFFAOYSA-N,UAHSZYQLLRQELR-UHFFFAOYSA-N,formolecular/novo_horizonte/banco_mestre_unificado.csv,MASTER_UNIFIED,UAHSZYQLLRQELR-UHFFFAOYSA-N,0,0,0,0,0,1
LEGACY-INCHIKEY-UAIABMVKNLNHHC-UHFFFAOYSA-N,UAIABMVKNLNHHC-UHFFFAOYSA-N,formolecular/novo_horizonte/banco_mestre_unificado.csv,MASTER_UNIFIED,UAIABMVKNLNHHC-UHFFFAOYSA-N,0,0,0,0,0,1
LEGACY-INCHIKEY-UAZYSOUROWJMER-UHFFFAOYSA-N,UAZYSOUROWJMER-UHFFFAOYSA-N,formolecular/novo_horizonte/banco_mestre_unificado.csv,MASTER_UNIFIED,UAZYSOUROWJMER-UHFFFAOYSA-N,0,0,0,0,0,1
LEGACY-INCHIKEY-UBBLMYDAPAAYIV-UHFFFAOYSA-N,UBBLMYDAPAAYIV-UHFFFAOYSA-N,formolecular/novo_horizonte/banco_mestre_unificado.csv,MASTER_UNIFIED,UBBLMYDAPAAYIV-UHFFFAOYSA-N,0,0,0,0,0,1
LEGACY-INCHIKEY-UBPYKPNLGMATRU-UHFFFAOYSA-N,UBPYKPNLGMATRU-UHFFFAOYSA-N,formolecular/novo_horizonte/banco_mestre_unificado.csv,MASTER_UNIFIED,UBPYKPNLGMATRU-UHFFFAOYSA-N,0,0,0,0,0,1
LEGACY-INCHIKEY-UBSWEPDVUOGIKA-UHFFFAOYSA-N,UBSWEPDVUOGIKA-UHFFFAOYSA-N,formolecular/novo_horizonte/banco_mestre_unificado.csv,MASTER_UNIFIED,UBSWEPDVUOGIKA-UHFFFAOYSA-N,0,0,0,0,0,1
LEGACY-INCHIKEY-UBZKVZSMOXTPOQ-UHFFFAOYSA-N,UBZKVZSMOXTPOQ-UHFFFAOYSA-N,formolecular/novo_horizonte/banco_mestre_unificado.csv,MASTER_UNIFIED,UBZKVZSMOXTPOQ-UHFFFAOYSA-N,0,0,0,0,0,1
LEGACY-INCHIKEY-UCAXTGNUAQUIMH-UHFFFAOYSA-N,UCAXTGNUAQUIMH-UHFFFAOYSA-N,formolecular/novo_horizonte/banco_mestre_unificado.csv,MASTER_UNIFIED,UCAXTGNUAQUIMH-UHFFFAOYSA-N,0,0,0,0,0,1
LEGACY-INCHIKEY-UCHHOHSKFOPFIO-UHFFFAOYSA-N,UCHHOHSKFOPFIO-UHFFFAOYSA-N,formolecular/novo_horizonte/banco_mestre_unificado.csv,MASTER_UNIFIED,UCHHOHSKFOPFIO-UHFFFAOYSA-N,0,0,0,0,0,1
LEGACY-INCHIKEY-UCHQFOAFZICVOR-UHFFFAOYSA-N,UCHQFOAFZICVOR-UHFFFAOYSA-N,formolecular/novo_horizonte/banco_mestre_unificado.csv,MASTER_UNIFIED,UCHQFOAFZICVOR-UHFFFAOYSA-N,0,0,0,0,0,1
LEGACY-INCHIKEY-UCLXMVQWBPIYNO-UHFFFAOYSA-N,UCLXMVQWBPIYNO-UHFFFAOYSA-N,formolecular/novo_horizonte/banco_mestre_unificado.csv,MASTER_UNIFIED,UCLXMVQWBPIYNO-UHFFFAOYSA-N,0,0,0,0,0,1
LEGACY-INCHIKEY-UCTOVWFFOOYXBR-UHFFFAOYSA-N,UCTOVWFFOOYXBR-UHFFFAOYSA-N,formolecular/novo_horizonte/banco_mestre_unificado.csv,MASTER_UNIFIED,UCTOVWFFOOYXBR-UHFFFAOYSA-N,0,0,0,0,0,1
LEGACY-INCHIKEY-UCZXHOCNWOECJH-UHFFFAOYSA-N,UCZXHOCNWOECJH-UHFFFAOYSA-N,formolecular/novo_horizonte/banco_mestre_unificado.csv,MASTER_UNIFIED,UCZXHOCNWOECJH-UHFFFAOYSA-N,0,0,0,0,0,1
LEGACY-INCHIKEY-UDJGEYQMCVDSNU-UHFFFAOYSA-N,UDJGEYQMCVDSNU-UHFFFAOYSA-N,formolecular/novo_horizonte/banco_mestre_unificado.csv,MASTER_UNIFIED,UDJGEYQMCVDSNU-UHFFFAOYSA-N,0,0,0,0,0,1
LEGACY-INCHIKEY-UDKSKTUGTNERTM-UHFFFAOYSA-N,UDKSKTUGTNERTM-UHFFFAOYSA-N,formolecular/novo_horizonte/banco_mestre_unificado.csv,MASTER_UNIFIED,UDKSKTUGTNERTM-UHFFFAOYSA-N,0,0,0,0,0,1
LEGACY-INCHIKEY-UDLBTYFLPGXLDK-UHFFFAOYSA-N,UDLBTYFLPGXLDK-UHFFFAOYSA-N,formolecular/novo_horizonte/banco_mestre_unificado.csv,MASTER_UNIFIED,UDLBTYFLPGXLDK-UHFFFAOYSA-N,0,0,0,0,0,1
LEGACY-INCHIKEY-UDMMTJILBLHDKQ-UHFFFAOYSA-N,UDMMTJILBLHDKQ-UHFFFAOYSA-N,formolecular/novo_horizonte/banco_mestre_unificado.csv,MASTER_UNIFIED,UDMMTJILBLHDKQ-UHFFFAOYSA-N,0,0,0,0,0,1
LEGACY-INCHIKEY-UDMPREMMGCPVEK-UHFFFAOYSA-N,UDMPREMMGCPVEK-UHFFFAOYSA-N,formolecular/novo_horizonte/banco_mestre_unificado.csv,MASTER_UNIFIED,UDMPREMMGCPVEK-UHFFFAOYSA-N,0,0,0,0,0,1
LEGACY-INCHIKEY-UDPAVACMCKXQES-UHFFFAOYSA-N,UDPAVACMCKXQES-UHFFFAOYSA-N,formolecular/novo_horizonte/banco_mestre_unificado.csv,MASTER_UNIFIED,UDPAVACMCKXQES-UHFFFAOYSA-N,0,0,0,0,0,1
LEGACY-INCHIKEY-UDQQMCNSABXLKI-UHFFFAOYSA-N,UDQQMCNSABXLKI-UHFFFAOYSA-N,formolecular/novo_horizonte/banco_mestre_unificado.csv,MASTER_UNIFIED,UDQQMCNSABXLKI-UHFFFAOYSA-N,0,0,0,0,0,1
LEGACY-INCHIKEY-UDTSCTPZVLSLDP-UHFFFAOYSA-N,UDTSCTPZVLSLDP-UHFFFAOYSA-N,formolecular/novo_horizonte/banco_mestre_unificado.csv,MASTER_UNIFIED,UDTSCTPZVLSLDP-UHFFFAOYSA-N,0,0,0,0,0,1
LEGACY-INCHIKEY-UDVHWUOCTLWZGI-UHFFFAOYSA-N,UDVHWUOCTLWZGI-UHFFFAOYSA-N,formolecular/novo_horizonte/banco_mestre_unificado.csv,MASTER_UNIFIED,UDVHWUOCTLWZGI-UHFFFAOYSA-N,0,0,0,0,0,1
LEGACY-INCHIKEY-UDXHYCFSAUJCAP-UHFFFAOYSA-N,UDXHYCFSAUJCAP-UHFFFAOYSA-N,formolecular/novo_horizonte/banco_mestre_unificado.csv,MASTER_UNIFIED,UDXHYCFSAUJCAP-UHFFFAOYSA-N,0,0,0,0,0,1
LEGACY-INCHIKEY-UDXJSHBEXFMQSO-UHFFFAOYSA-N,UDXJSHBEXFMQSO-UHFFFAOYSA-N,formolecular/novo_horizonte/banco_mestre_unificado.csv,MASTER_UNIFIED,UDXJSHBEXFMQSO-UHFFFAOYSA-N,0,0,0,0,0,1
LEGACY-INCHIKEY-UEFGOBHUPZEGHS-UHFFFAOYSA-N,UEFGOBHUPZEGHS-UHFFFAOYSA-N,formolecular/novo_horizonte/banco_mestre_unificado.csv,MASTER_UNIFIED,UEFGOBHUPZEGHS-UHFFFAOYSA-N,0,0,0,0,0,1
LEGACY-INCHIKEY-UEGIOCMNFUXBMQ-UHFFFAOYSA-N,UEGIOCMNFUXBMQ-UHFFFAOYSA-N,formolecular/novo_horizonte/banco_mestre_unificado.csv,MASTER_UNIFIED,UEGIOCMNFUXBMQ-UHFFFAOYSA-N,0,0,0,0,0,1
LEGACY-INCHIKEY-UEIOKAYBXAEQET-UHFFFAOYSA-N,UEIOKAYBXAEQET-UHFFFAOYSA-N,formolecular/novo_horizonte/banco_mestre_unificado.csv,MASTER_UNIFIED,UEIOKAYBXAEQET-UHFFFAOYSA-N,0,0,0,0,0,1
LEGACY-INCHIKEY-UENLABUEHRKRJJ-UHFFFAOYSA-N,UENLABUEHRKRJJ-UHFFFAOYSA-N,formolecular/novo_horizonte/banco_mestre_unificado.csv,MASTER_UNIFIED,UENLABUEHRKRJJ-UHFFFAOYSA-N,0,0,0,0,0,1
LEGACY-INCHIKEY-UENRGUHVZQZYFF-UHFFFAOYSA-N,UENRGUHVZQZYFF-UHFFFAOYSA-N,formolecular/novo_horizonte/banco_mestre_unificado.csv,MASTER_UNIFIED,UENRGUHVZQZYFF-UHFFFAOYSA-N,0,0,0,0,0,1
LEGACY-INCHIKEY-UESMLMFATFHXMG-UHFFFAOYSA-N,UESMLMFATFHXMG-UHFFFAOYSA-N,formolecular/novo_horizonte/banco_mestre_unificado.csv,MASTER_UNIFIED,UESMLMFATFHXMG-UHFFFAOYSA-N,0,0,0,0,0,1
LEGACY-INCHIKEY-UFPUQUMNOUPXTN-UHFFFAOYSA-N,UFPUQUMNOUPXTN-UHFFFAOYSA-N,formolecular/novo_horizonte/banco_mestre_unificado.csv,MASTER_UNIFIED,UFPUQUMNOUPXTN-UHFFFAOYSA-N,0,0,0,0,0,1
LEGACY-INCHIKEY-UFTGMTTWOITLMB-UHFFFAOYSA-N,UFTGMTTWOITLMB-UHFFFAOYSA-N,formolecular/novo_horizonte/banco_mestre_unificado.csv,MASTER_UNIFIED,UFTGMTTWOITLMB-UHFFFAOYSA-N,0,0,0,0,0,1
LEGACY-INCHIKEY-UFWAXQUGPJNTIX-UHFFFAOYSA-N,UFWAXQUGPJNTIX-UHFFFAOYSA-N,formolecular/novo_horizonte/banco_mestre_unificado.csv,MASTER_UNIFIED,UFWAXQUGPJNTIX-UHFFFAOYSA-N,0,0,0,0,0,1
LEGACY-INCHIKEY-UGARYKCMRGSJBP-UHFFFAOYSA-N,UGARYKCMRGSJBP-UHFFFAOYSA-N,formolecular/novo_horizonte/banco_mestre_unificado.csv,MASTER_UNIFIED,UGARYKCMRGSJBP-UHFFFAOYSA-N,0,0,0,0,0,1
LEGACY-INCHIKEY-UGBGSPNUIHAHQI-UHFFFAOYSA-N,UGBGSPNUIHAHQI-UHFFFAOYSA-N,formolecular/novo_horizonte/banco_mestre_unificado.csv,MASTER_UNIFIED,UGBGSPNUIHAHQI-UHFFFAOYSA-N,0,0,0,0,0,1
LEGACY-INCHIKEY-UGCDZCPSMZNBAK-UHFFFAOYSA-N,UGCDZCPSMZNBAK-UHFFFAOYSA-N,formolecular/novo_horizonte/banco_mestre_unificado.csv,MASTER_UNIFIED,UGCDZCPSMZNBAK-UHFFFAOYSA-N,0,0,0,0,0,1
LEGACY-INCHIKEY-UGGBUCWQAVLEAI-UHFFFAOYSA-N,UGGBUCWQAVLEAI-UHFFFAOYSA-N,formolecular/novo_horizonte/banco_mestre_unificado.csv,MASTER_UNIFIED,UGGBUCWQAVLEAI-UHFFFAOYSA-N,0,0,0,0,0,1
LEGACY-INCHIKEY-UGGUUHUMEWYKKC-UHFFFAOYSA-N,UGGUUHUMEWYKKC-UHFFFAOYSA-N,formolecular/novo_horizonte/banco_mestre_unificado.csv,MASTER_UNIFIED,UGGUUHUMEWYKKC-UHFFFAOYSA-N,0,0,0,0,0,1
LEGACY-INCHIKEY-UGJCRWXRWAYUQJ-UHFFFAOYSA-N,UGJCRWXRWAYUQJ-UHFFFAOYSA-N,formolecular/novo_horizonte/banco_mestre_unificado.csv,MASTER_UNIFIED,UGJCRWXRWAYUQJ-UHFFFAOYSA-N,0,0,0,0,0,1
LEGACY-INCHIKEY-UGMTXPCYYCSFTQ-UHFFFAOYSA-N,UGMTXPCYYCSFTQ-UHFFFAOYSA-N,formolecular/novo_horizonte/banco_mestre_unificado.csv,MASTER_UNIFIED,UGMTXPCYYCSFTQ-UHFFFAOYSA-N,0,0,0,0,0,1
LEGACY-INCHIKEY-UGQXBLXYRFJVCI-UHFFFAOYSA-N,UGQXBLXYRFJVCI-UHFFFAOYSA-N,formolecular/novo_horizonte/banco_mestre_unificado.csv,MASTER_UNIFIED,UGQXBLXYRFJVCI-UHFFFAOYSA-N,0,0,0,0,0,1
LEGACY-INCHIKEY-UGTBKSHEYFARNR-UHFFFAOYSA-N,UGTBKSHEYFARNR-UHFFFAOYSA-N,formolecular/novo_horizonte/banco_mestre_unificado.csv,MASTER_UNIFIED,UGTBKSHEYFARNR-UHFFFAOYSA-N,0,0,0,0,0,1
LEGACY-INCHIKEY-UGUKDODIJRVBRS-UHFFFAOYSA-N,UGUKDODIJRVBRS-UHFFFAOYSA-N,formolecular/novo_horizonte/banco_mestre_unificado.csv,MASTER_UNIFIED,UGUKDODIJRVBRS-UHFFFAOYSA-N,0,0,0,0,0,1
LEGACY-INCHIKEY-UGYZYBPSEAFKCA-UHFFFAOYSA-N,UGYZYBPSEAFKCA-UHFFFAOYSA-N,formolecular/novo_horizonte/banco_mestre_unificado.csv,MASTER_UNIFIED,UGYZYBPSEAFKCA-UHFFFAOYSA-N,0,0,0,0,0,1
LEGACY-INCHIKEY-UHCCKFKYHLDVFW-UHFFFAOYSA-N,UHCCKFKYHLDVFW-UHFFFAOYSA-N,formolecular/novo_horizonte/banco_mestre_unificado.csv,MASTER_UNIFIED,UHCCKFKYHLDVFW-UHFFFAOYSA-N,0,0,0,0,0,1
LEGACY-INCHIKEY-UHEFRFQMIFNUHE-UHFFFAOYSA-N,UHEFRFQMIFNUHE-UHFFFAOYSA-N,formolecular/novo_horizonte/banco_mestre_unificado.csv,MASTER_UNIFIED,UHEFRFQMIFNUHE-UHFFFAOYSA-N,0,0,0,0,0,1
LEGACY-INCHIKEY-UHKCDDIYQIAWKY-UHFFFAOYSA-N,UHKCDDIYQIAWKY-UHFFFAOYSA-N,formolecular/novo_horizonte/banco_mestre_unificado.csv,MASTER_UNIFIED,UHKCDDIYQIAWKY-UHFFFAOYSA-N,0,0,0,0,0,1
LEGACY-INCHIKEY-UHMMSQCLVKHTCO-UHFFFAOYSA-N,UHMMSQCLVKHTCO-UHFFFAOYSA-N,formolecular/novo_horizonte/banco_mestre_unificado.csv,MASTER_UNIFIED,UHMMSQCLVKHTCO-UHFFFAOYSA-N,0,0,0,0,0,1
LEGACY-INCHIKEY-UHOAITNNQHPHKK-UHFFFAOYSA-N,UHOAITNNQHPHKK-UHFFFAOYSA-N,formolecular/novo_horizonte/banco_mestre_unificado.csv,MASTER_UNIFIED,UHOAITNNQHPHKK-UHFFFAOYSA-N,0,0,0,0,0,1
LEGACY-INCHIKEY-UIAKPQTZPIMEGD-UHFFFAOYSA-N,UIAKPQTZPIMEGD-UHFFFAOYSA-N,formolecular/novo_horizonte/banco_mestre_unificado.csv,MASTER_UNIFIED,UIAKPQTZPIMEGD-UHFFFAOYSA-N,0,0,0,0,0,1
LEGACY-INCHIKEY-UIKJVBMMNJQUNJ-UHFFFAOYSA-N,UIKJVBMMNJQUNJ-UHFFFAOYSA-N,formolecular/novo_horizonte/banco_mestre_unificado.csv,MASTER_UNIFIED,UIKJVBMMNJQUNJ-UHFFFAOYSA-N,0,0,0,0,0,1
LEGACY-INCHIKEY-UIUGLCNPVLUUIV-UHFFFAOYSA-N,UIUGLCNPVLUUIV-UHFFFAOYSA-N,formolecular/novo_horizonte/banco_mestre_unificado.csv,MASTER_UNIFIED,UIUGLCNPVLUUIV-UHFFFAOYSA-N,0,0,0,0,0,1
LEGACY-INCHIKEY-UIVGXJMPBJLDEV-UHFFFAOYSA-N,UIVGXJMPBJLDEV-UHFFFAOYSA-N,formolecular/novo_horizonte/banco_mestre_unificado.csv,MASTER_UNIFIED,UIVGXJMPBJLDEV-UHFFFAOYSA-N,0,0,0,0,0,1
LEGACY-INCHIKEY-UJFVGPFAUZFEBL-UHFFFAOYSA-N,UJFVGPFAUZFEBL-UHFFFAOYSA-N,formolecular/novo_horizonte/banco_mestre_unificado.csv,MASTER_UNIFIED,UJFVGPFAUZFEBL-UHFFFAOYSA-N,0,0,0,0,0,1
LEGACY-INCHIKEY-UJKSDZPWHYRBDA-UHFFFAOYSA-N,UJKSDZPWHYRBDA-UHFFFAOYSA-N,formolecular/novo_horizonte/banco_mestre_unificado.csv,MASTER_UNIFIED,UJKSDZPWHYRBDA-UHFFFAOYSA-N,0,0,0,0,0,1
LEGACY-INCHIKEY-UJMCTBOJUDRPEG-UHFFFAOYSA-N,UJMCTBOJUDRPEG-UHFFFAOYSA-N,formolecular/novo_horizonte/banco_mestre_unificado.csv,MASTER_UNIFIED,UJMCTBOJUDRPEG-UHFFFAOYSA-N,0,0,0,0,0,1
LEGACY-INCHIKEY-UJTJKXDGQVUYRZ-UHFFFAOYSA-N,UJTJKXDGQVUYRZ-UHFFFAOYSA-N,formolecular/novo_horizonte/banco_mestre_unificado.csv,MASTER_UNIFIED,UJTJKXDGQVUYRZ-UHFFFAOYSA-N,0,0,0,0,0,1
LEGACY-INCHIKEY-UJUAEXKZYWNQCF-UHFFFAOYSA-N,UJUAEXKZYWNQCF-UHFFFAOYSA-N,formolecular/novo_horizonte/banco_mestre_unificado.csv,MASTER_UNIFIED,UJUAEXKZYWNQCF-UHFFFAOYSA-N,0,0,0,0,0,1
LEGACY-INCHIKEY-UKMATMLKHVSJOM-UHFFFAOYSA-N,UKMATMLKHVSJOM-UHFFFAOYSA-N,formolecular/novo_horizonte/banco_mestre_unificado.csv,MASTER_UNIFIED,UKMATMLKHVSJOM-UHFFFAOYSA-N,0,0,0,0,0,1
LEGACY-INCHIKEY-UKSDKLDVRRZZRL-UHFFFAOYSA-N,UKSDKLDVRRZZRL-UHFFFAOYSA-N,formolecular/novo_horizonte/banco_mestre_unificado.csv,MASTER_UNIFIED,UKSDKLDVRRZZRL-UHFFFAOYSA-N,0,0,0,0,0,1
LEGACY-INCHIKEY-UKXAXYFZICXVCX-UHFFFAOYSA-N,UKXAXYFZICXVCX-UHFFFAOYSA-N,formolecular/novo_horizonte/banco_mestre_unificado.csv,MASTER_UNIFIED,UKXAXYFZICXVCX-UHFFFAOYSA-N,0,0,0,0,0,1
LEGACY-INCHIKEY-ULCHYTLBOCNCJH-UHFFFAOYSA-N,ULCHYTLBOCNCJH-UHFFFAOYSA-N,formolecular/novo_horizonte/banco_mestre_unificado.csv,MASTER_UNIFIED,ULCHYTLBOCNCJH-UHFFFAOYSA-N,0,0,0,0,0,1
LEGACY-INCHIKEY-ULEGFIAAKMTDCV-UHFFFAOYSA-N,ULEGFIAAKMTDCV-UHFFFAOYSA-N,formolecular/novo_horizonte/banco_mestre_unificado.csv,MASTER_UNIFIED,ULEGFIAAKMTDCV-UHFFFAOYSA-N,0,0,0,0,0,1
LEGACY-INCHIKEY-ULZQNBWQZFIVBO-UHFFFAOYSA-N,ULZQNBWQZFIVBO-UHFFFAOYSA-N,formolecular/novo_horizonte/banco_mestre_unificado.csv,MASTER_UNIFIED,ULZQNBWQZFIVBO-UHFFFAOYSA-N,0,0,0,0,0,1
LEGACY-INCHIKEY-UMFFJNLRAONOGK-UHFFFAOYSA-N,UMFFJNLRAONOGK-UHFFFAOYSA-N,formolecular/novo_horizonte/banco_mestre_unificado.csv,MASTER_UNIFIED,UMFFJNLRAONOGK-UHFFFAOYSA-N,0,0,0,0,0,1
LEGACY-INCHIKEY-UMFFXOKANRBLJF-UHFFFAOYSA-N,UMFFXOKANRBLJF-UHFFFAOYSA-N,formolecular/novo_horizonte/banco_mestre_unificado.csv,MASTER_UNIFIED,UMFFXOKANRBLJF-UHFFFAOYSA-N,0,0,0,0,0,1
LEGACY-INCHIKEY-UMOPPXNUGNTVLC-UHFFFAOYSA-N,UMOPPXNUGNTVLC-UHFFFAOYSA-N,formolecular/novo_horizonte/banco_mestre_unificado.csv,MASTER_UNIFIED,UMOPPXNUGNTVLC-UHFFFAOYSA-N,0,0,0,0,0,1
LEGACY-INCHIKEY-UMSCCJINZYZWRS-UHFFFAOYSA-N,UMSCCJINZYZWRS-UHFFFAOYSA-N,formolecular/novo_horizonte/banco_mestre_unificado.csv,MASTER_UNIFIED,UMSCCJINZYZWRS-UHFFFAOYSA-N,0,0,0,0,0,1
LEGACY-INCHIKEY-UMZOMYSTBXGXCP-UHFFFAOYSA-N,UMZOMYSTBXGXCP-UHFFFAOYSA-N,formolecular/novo_horizonte/banco_mestre_unificado.csv,MASTER_UNIFIED,UMZOMYSTBXGXCP-UHFFFAOYSA-N,0,0,0,0,0,1
LEGACY-INCHIKEY-UNCBZAWBOUANBS-UHFFFAOYSA-N,UNCBZAWBOUANBS-UHFFFAOYSA-N,formolecular/novo_horizonte/banco_mestre_unificado.csv,MASTER_UNIFIED,UNCBZAWBOUANBS-UHFFFAOYSA-N,0,0,0,0,0,1
LEGACY-INCHIKEY-UNGVSHMTKAHNKU-UHFFFAOYSA-N,UNGVSHMTKAHNKU-UHFFFAOYSA-N,formolecular/novo_horizonte/banco_mestre_unificado.csv,MASTER_UNIFIED,UNGVSHMTKAHNKU-UHFFFAOYSA-N,0,0,0,0,0,1
LEGACY-INCHIKEY-UOGBLWMHKLIPIW-UHFFFAOYSA-N,UOGBLWMHKLIPIW-UHFFFAOYSA-N,formolecular/novo_horizonte/banco_mestre_unificado.csv,MASTER_UNIFIED,UOGBLWMHKLIPIW-UHFFFAOYSA-N,0,0,0,0,0,1
LEGACY-INCHIKEY-UOJFXHYMEBFPJU-UHFFFAOYSA-N,UOJFXHYMEBFPJU-UHFFFAOYSA-N,formolecular/novo_horizonte/banco_mestre_unificado.csv,MASTER_UNIFIED,UOJFXHYMEBFPJU-UHFFFAOYSA-N,0,0,0,0,0,1
LEGACY-INCHIKEY-UOLORFSUDRLVNL-UHFFFAOYSA-N,UOLORFSUDRLVNL-UHFFFAOYSA-N,formolecular/novo_horizonte/banco_mestre_unificado.csv,MASTER_UNIFIED,UOLORFSUDRLVNL-UHFFFAOYSA-N,0,0,0,0,0,1
LEGACY-INCHIKEY-UOQTYNJCSUITGG-UHFFFAOYSA-N,UOQTYNJCSUITGG-UHFFFAOYSA-N,formolecular/novo_horizonte/banco_mestre_unificado.csv,MASTER_UNIFIED,UOQTYNJCSUITGG-UHFFFAOYSA-N,0,0,0,0,0,1
LEGACY-INCHIKEY-UORVRNNKBJPVSH-UHFFFAOYSA-N,UORVRNNKBJPVSH-UHFFFAOYSA-N,formolecular/novo_horizonte/banco_mestre_unificado.csv,MASTER_UNIFIED,UORVRNNKBJPVSH-UHFFFAOYSA-N,0,0,0,0,0,1
LEGACY-INCHIKEY-UPBCIGQMSSIXNT-UHFFFAOYSA-N,UPBCIGQMSSIXNT-UHFFFAOYSA-N,formolecular/novo_horizonte/banco_mestre_unificado.csv,MASTER_UNIFIED,UPBCIGQMSSIXNT-UHFFFAOYSA-N,0,0,0,0,0,1
LEGACY-INCHIKEY-UPBWHAFUZZGOQP-UHFFFAOYSA-N,UPBWHAFUZZGOQP-UHFFFAOYSA-N,formolecular/novo_horizonte/banco_mestre_unificado.csv,MASTER_UNIFIED,UPBWHAFUZZGOQP-UHFFFAOYSA-N,0,0,0,0,0,1
LEGACY-INCHIKEY-UPDFDVUPWJDALC-UHFFFAOYSA-N,UPDFDVUPWJDALC-UHFFFAOYSA-N,formolecular/novo_horizonte/banco_mestre_unificado.csv,MASTER_UNIFIED,UPDFDVUPWJDALC-UHFFFAOYSA-N,0,0,0,0,0,1
LEGACY-INCHIKEY-UPIFPAQGXUJDFZ-UHFFFAOYSA-N,UPIFPAQGXUJDFZ-UHFFFAOYSA-N,formolecular/novo_horizonte/banco_mestre_unificado.csv,MASTER_UNIFIED,UPIFPAQGXUJDFZ-UHFFFAOYSA-N,0,0,0,0,0,1
LEGACY-INCHIKEY-UPNRXIXUZXYSCE-UHFFFAOYSA-N,UPNRXIXUZXYSCE-UHFFFAOYSA-N,formolecular/novo_horizonte/banco_mestre_unificado.csv,MASTER_UNIFIED,UPNRXIXUZXYSCE-UHFFFAOYSA-N,0,0,0,0,0,1
LEGACY-INCHIKEY-UPWLASXFTPNAFO-UHFFFAOYSA-N,UPWLASXFTPNAFO-UHFFFAOYSA-N,formolecular/novo_horizonte/banco_mestre_unificado.csv,MASTER_UNIFIED,UPWLASXFTPNAFO-UHFFFAOYSA-N,0,0,0,0,0,1
LEGACY-INCHIKEY-UPXZNYBBTUMZNS-UHFFFAOYSA-N,UPXZNYBBTUMZNS-UHFFFAOYSA-N,formolecular/novo_horizonte/banco_mestre_unificado.csv,MASTER_UNIFIED,UPXZNYBBTUMZNS-UHFFFAOYSA-N,0,0,0,0,0,1
LEGACY-INCHIKEY-UQAGCGOEKUAVIY-UHFFFAOYSA-N,UQAGCGOEKUAVIY-UHFFFAOYSA-N,formolecular/novo_horizonte/banco_mestre_unificado.csv,MASTER_UNIFIED,UQAGCGOEKUAVIY-UHFFFAOYSA-N,0,0,0,0,0,1
LEGACY-INCHIKEY-UQAWWVUBBHBJDG-UHFFFAOYSA-N,UQAWWVUBBHBJDG-UHFFFAOYSA-N,formolecular/novo_horizonte/banco_mestre_unificado.csv,MASTER_UNIFIED,UQAWWVUBBHBJDG-UHFFFAOYSA-N,0,0,0,0,0,1
LEGACY-INCHIKEY-UQBWCEMGYYQCBH-UHFFFAOYSA-N,UQBWCEMGYYQCBH-UHFFFAOYSA-N,formolecular/novo_horizonte/banco_mestre_unificado.csv,MASTER_UNIFIED,UQBWCEMGYYQCBH-UHFFFAOYSA-N,0,0,0,0,0,1
LEGACY-INCHIKEY-UQBYOCBOASNQAW-UHFFFAOYSA-N,UQBYOCBOASNQAW-UHFFFAOYSA-N,formolecular/novo_horizonte/banco_mestre_unificado.csv,MASTER_UNIFIED,UQBYOCBOASNQAW-UHFFFAOYSA-N,0,0,0,0,0,1
LEGACY-INCHIKEY-UQKWZFHMVVISAP-UHFFFAOYSA-N,UQKWZFHMVVISAP-UHFFFAOYSA-N,formolecular/novo_horizonte/banco_mestre_unificado.csv,MASTER_UNIFIED,UQKWZFHMVVISAP-UHFFFAOYSA-N,0,0,0,0,0,1
LEGACY-INCHIKEY-UQTMDWIXVDRSNJ-UHFFFAOYSA-N,UQTMDWIXVDRSNJ-UHFFFAOYSA-N,formolecular/novo_horizonte/banco_mestre_unificado.csv,MASTER_UNIFIED,UQTMDWIXVDRSNJ-UHFFFAOYSA-N,0,0,0,0,0,1
LEGACY-INCHIKEY-UQXNSLCMHFCILN-UHFFFAOYSA-N,UQXNSLCMHFCILN-UHFFFAOYSA-N,formolecular/novo_horizonte/banco_mestre_unificado.csv,MASTER_UNIFIED,UQXNSLCMHFCILN-UHFFFAOYSA-N,0,0,0,0,0,1
LEGACY-INCHIKEY-URDGBNGJGRBDOU-UHFFFAOYSA-N,URDGBNGJGRBDOU-UHFFFAOYSA-N,formolecular/novo_horizonte/banco_mestre_unificado.csv,MASTER_UNIFIED,URDGBNGJGRBDOU-UHFFFAOYSA-N,0,0,0,0,0,1
LEGACY-INCHIKEY-URDWUDLJZSSNIH-UHFFFAOYSA-N,URDWUDLJZSSNIH-UHFFFAOYSA-N,formolecular/novo_horizonte/banco_mestre_unificado.csv,MASTER_UNIFIED,URDWUDLJZSSNIH-UHFFFAOYSA-N,0,0,0,0,0,1
LEGACY-INCHIKEY-URVBJDHHRZMPRX-UHFFFAOYSA-N,URVBJDHHRZMPRX-UHFFFAOYSA-N,formolecular/novo_horizonte/banco_mestre_unificado.csv,MASTER_UNIFIED,URVBJDHHRZMPRX-UHFFFAOYSA-N,0,0,0,0,0,1
LEGACY-INCHIKEY-URWACZNBFGNEJE-UHFFFAOYSA-N,URWACZNBFGNEJE-UHFFFAOYSA-N,formolecular/novo_horizonte/banco_mestre_unificado.csv,MASTER_UNIFIED,URWACZNBFGNEJE-UHFFFAOYSA-N,0,0,0,0,0,1
LEGACY-INCHIKEY-URWINSVJKYJHJO-UHFFFAOYSA-N,URWINSVJKYJHJO-UHFFFAOYSA-N,formolecular/novo_horizonte/banco_mestre_unificado.csv,MASTER_UNIFIED,URWINSVJKYJHJO-UHFFFAOYSA-N,0,0,0,0,0,1
LEGACY-INCHIKEY-USCLRXVPBQHIBW-UHFFFAOYSA-N,USCLRXVPBQHIBW-UHFFFAOYSA-N,formolecular/novo_horizonte/banco_mestre_unificado.csv,MASTER_UNIFIED,USCLRXVPBQHIBW-UHFFFAOYSA-N,0,0,0,0,0,1
LEGACY-INCHIKEY-USDYEPAXQIHMPF-UHFFFAOYSA-N,USDYEPAXQIHMPF-UHFFFAOYSA-N,formolecular/novo_horizonte/banco_mestre_unificado.csv,MASTER_UNIFIED,USDYEPAXQIHMPF-UHFFFAOYSA-N,0,0,0,0,0,1
LEGACY-INCHIKEY-USESFVAUZNZNMJ-UHFFFAOYSA-N,USESFVAUZNZNMJ-UHFFFAOYSA-N,formolecular/novo_horizonte/banco_mestre_unificado.csv,MASTER_UNIFIED,USESFVAUZNZNMJ-UHFFFAOYSA-N,0,0,0,0,0,1
LEGACY-INCHIKEY-USGFHRNSTVJNBF-UHFFFAOYSA-N,USGFHRNSTVJNBF-UHFFFAOYSA-N,formolecular/novo_horizonte/banco_mestre_unificado.csv,MASTER_UNIFIED,USGFHRNSTVJNBF-UHFFFAOYSA-N,0,0,0,0,0,1
LEGACY-INCHIKEY-USQVAAKASLKOOM-UHFFFAOYSA-N,USQVAAKASLKOOM-UHFFFAOYSA-N,formolecular/novo_horizonte/banco_mestre_unificado.csv,MASTER_UNIFIED,USQVAAKASLKOOM-UHFFFAOYSA-N,0,0,0,0,0,1
LEGACY-INCHIKEY-UTEGUMRHPSSCML-UHFFFAOYSA-N,UTEGUMRHPSSCML-UHFFFAOYSA-N,formolecular/novo_horizonte/banco_mestre_unificado.csv,MASTER_UNIFIED,UTEGUMRHPSSCML-UHFFFAOYSA-N,0,0,0,0,0,1
LEGACY-INCHIKEY-UTPJYPNXKXIPHN-UHFFFAOYSA-N,UTPJYPNXKXIPHN-UHFFFAOYSA-N,formolecular/novo_horizonte/banco_mestre_unificado.csv,MASTER_UNIFIED,UTPJYPNXKXIPHN-UHFFFAOYSA-N,0,0,0,0,0,1
LEGACY-INCHIKEY-UTRKQCSHUIBVHQ-UHFFFAOYSA-N,UTRKQCSHUIBVHQ-UHFFFAOYSA-N,formolecular/novo_horizonte/banco_mestre_unificado.csv,MASTER_UNIFIED,UTRKQCSHUIBVHQ-UHFFFAOYSA-N,0,0,0,0,0,1
LEGACY-INCHIKEY-UTWOAELOLMCUSQ-UHFFFAOYSA-N,UTWOAELOLMCUSQ-UHFFFAOYSA-N,formolecular/novo_horizonte/banco_mestre_unificado.csv,MASTER_UNIFIED,UTWOAELOLMCUSQ-UHFFFAOYSA-N,0,0,0,0,0,1
LEGACY-INCHIKEY-UUDUWWCTRHGFBJ-UHFFFAOYSA-N,UUDUWWCTRHGFBJ-UHFFFAOYSA-N,formolecular/novo_horizonte/banco_mestre_unificado.csv,MASTER_UNIFIED,UUDUWWCTRHGFBJ-UHFFFAOYSA-N,0,0,0,0,0,1
LEGACY-INCHIKEY-UUDYHVGSIRDAOB-UHFFFAOYSA-N,UUDYHVGSIRDAOB-UHFFFAOYSA-N,formolecular/novo_horizonte/banco_mestre_unificado.csv,MASTER_UNIFIED,UUDYHVGSIRDAOB-UHFFFAOYSA-N,0,0,0,0,0,1
LEGACY-INCHIKEY-UUEGYDUOPBPXEF-UHFFFAOYSA-N,UUEGYDUOPBPXEF-UHFFFAOYSA-N,formolecular/novo_horizonte/banco_mestre_unificado.csv,MASTER_UNIFIED,UUEGYDUOPBPXEF-UHFFFAOYSA-N,0,0,0,0,0,1
LEGACY-INCHIKEY-UUHRRZCJSSPFHG-UHFFFAOYSA-N,UUHRRZCJSSPFHG-UHFFFAOYSA-N,formolecular/novo_horizonte/banco_mestre_unificado.csv,MASTER_UNIFIED,UUHRRZCJSSPFHG-UHFFFAOYSA-N,0,0,0,0,0,1
LEGACY-INCHIKEY-UUIXENTVXPMHJN-UHFFFAOYSA-N,UUIXENTVXPMHJN-UHFFFAOYSA-N,formolecular/novo_horizonte/banco_mestre_unificado.csv,MASTER_UNIFIED,UUIXENTVXPMHJN-UHFFFAOYSA-N,0,0,0,0,0,1
LEGACY-INCHIKEY-UULXGDBNJHNLIB-UHFFFAOYSA-N,UULXGDBNJHNLIB-UHFFFAOYSA-N,formolecular/novo_horizonte/banco_mestre_unificado.csv,MASTER_UNIFIED,UULXGDBNJHNLIB-UHFFFAOYSA-N,0,0,0,0,0,1
LEGACY-INCHIKEY-UUMBVTHLGNSCHB-UHFFFAOYSA-N,UUMBVTHLGNSCHB-UHFFFAOYSA-N,formolecular/novo_horizonte/banco_mestre_unificado.csv,MASTER_UNIFIED,UUMBVTHLGNSCHB-UHFFFAOYSA-N,0,0,0,0,0,1
LEGACY-INCHIKEY-UUVJGSMIHRWAKG-UHFFFAOYSA-N,UUVJGSMIHRWAKG-UHFFFAOYSA-N,formolecular/novo_horizonte/banco_mestre_unificado.csv,MASTER_UNIFIED,UUVJGSMIHRWAKG-UHFFFAOYSA-N,0,0,0,0,0,1
LEGACY-INCHIKEY-UVHMQDHCVVIYAX-UHFFFAOYSA-N,UVHMQDHCVVIYAX-UHFFFAOYSA-N,formolecular/novo_horizonte/banco_mestre_unificado.csv,MASTER_UNIFIED,UVHMQDHCVVIYAX-UHFFFAOYSA-N,0,0,0,0,0,1
LEGACY-INCHIKEY-UVYFBAMGFVUVJL-UHFFFAOYSA-N,UVYFBAMGFVUVJL-UHFFFAOYSA-N,formolecular/novo_horizonte/banco_mestre_unificado.csv,MASTER_UNIFIED,UVYFBAMGFVUVJL-UHFFFAOYSA-N,0,0,0,0,0,1
LEGACY-INCHIKEY-UVYIICRCYUMRBS-UHFFFAOYSA-N,UVYIICRCYUMRBS-UHFFFAOYSA-N,formolecular/novo_horizonte/banco_mestre_unificado.csv,MASTER_UNIFIED,UVYIICRCYUMRBS-UHFFFAOYSA-N,0,0,0,0,0,1
LEGACY-INCHIKEY-UWCWICVCJLAJIW-UHFFFAOYSA-N,UWCWICVCJLAJIW-UHFFFAOYSA-N,formolecular/novo_horizonte/banco_mestre_unificado.csv,MASTER_UNIFIED,UWCWICVCJLAJIW-UHFFFAOYSA-N,0,0,0,0,0,1
LEGACY-INCHIKEY-UWLYPKQERKUJMJ-UHFFFAOYSA-N,UWLYPKQERKUJMJ-UHFFFAOYSA-N,formolecular/novo_horizonte/banco_mestre_unificado.csv,MASTER_UNIFIED,UWLYPKQERKUJMJ-UHFFFAOYSA-N,0,0,0,0,0,1
LEGACY-INCHIKEY-UWXJEXPZJOMHKS-UHFFFAOYSA-N,UWXJEXPZJOMHKS-UHFFFAOYSA-N,formolecular/novo_horizonte/banco_mestre_unificado.csv,MASTER_UNIFIED,UWXJEXPZJOMHKS-UHFFFAOYSA-N,0,0,0,0,0,1
LEGACY-INCHIKEY-UWZTWXHYPNYELU-UHFFFAOYSA-N,UWZTWXHYPNYELU-UHFFFAOYSA-N,formolecular/novo_horizonte/banco_mestre_unificado.csv,MASTER_UNIFIED,UWZTWXHYPNYELU-UHFFFAOYSA-N,0,0,0,0,0,1
LEGACY-INCHIKEY-UWZZGTPDGUWHDA-UHFFFAOYSA-N,UWZZGTPDGUWHDA-UHFFFAOYSA-N,formolecular/novo_horizonte/banco_mestre_unificado.csv,MASTER_UNIFIED,UWZZGTPDGUWHDA-UHFFFAOYSA-N,0,0,0,0,0,1
LEGACY-INCHIKEY-UXCOFQKNUSXCBW-UHFFFAOYSA-N,UXCOFQKNUSXCBW-UHFFFAOYSA-N,formolecular/novo_horizonte/banco_mestre_unificado.csv,MASTER_UNIFIED,UXCOFQKNUSXCBW-UHFFFAOYSA-N,0,0,0,0,0,1
LEGACY-INCHIKEY-UXFGJBSOMKLJQY-UHFFFAOYSA-N,UXFGJBSOMKLJQY-UHFFFAOYSA-N,formolecular/novo_horizonte/banco_mestre_unificado.csv,MASTER_UNIFIED,UXFGJBSOMKLJQY-UHFFFAOYSA-N,0,0,0,0,0,1
LEGACY-INCHIKEY-UXLYKMIMEKVSMH-UHFFFAOYSA-N,UXLYKMIMEKVSMH-UHFFFAOYSA-N,formolecular/novo_horizonte/banco_mestre_unificado.csv,MASTER_UNIFIED,UXLYKMIMEKVSMH-UHFFFAOYSA-N,0,0,0,0,0,1
LEGACY-INCHIKEY-UXMLIPBMUCGUAC-UHFFFAOYSA-N,UXMLIPBMUCGUAC-UHFFFAOYSA-N,formolecular/novo_horizonte/banco_mestre_unificado.csv,MASTER_UNIFIED,UXMLIPBMUCGUAC-UHFFFAOYSA-N,0,0,0,0,0,1
LEGACY-INCHIKEY-UXUKCDKSNSTUTN-UHFFFAOYSA-N,UXUKCDKSNSTUTN-UHFFFAOYSA-N,formolecular/novo_horizonte/banco_mestre_unificado.csv,MASTER_UNIFIED,UXUKCDKSNSTUTN-UHFFFAOYSA-N,0,0,0,0,0,1
LEGACY-INCHIKEY-UXZMWTNCCOGWOD-UHFFFAOYSA-N,UXZMWTNCCOGWOD-UHFFFAOYSA-N,formolecular/novo_horizonte/banco_mestre_unificado.csv,MASTER_UNIFIED,UXZMWTNCCOGWOD-UHFFFAOYSA-N,0,0,0,0,0,1
LEGACY-INCHIKEY-UYPLLDMRKWLHSQ-UHFFFAOYSA-N,UYPLLDMRKWLHSQ-UHFFFAOYSA-N,formolecular/novo_horizonte/banco_mestre_unificado.csv,MASTER_UNIFIED,UYPLLDMRKWLHSQ-UHFFFAOYSA-N,0,0,0,0,0,1
LEGACY-INCHIKEY-UZNSYXFEISEWBK-UHFFFAOYSA-N,UZNSYXFEISEWBK-UHFFFAOYSA-N,formolecular/novo_horizonte/banco_mestre_unificado.csv,MASTER_UNIFIED,UZNSYXFEISEWBK-UHFFFAOYSA-N,0,0,0,0,0,1
LEGACY-INCHIKEY-UZSNSWTZORZLQF-UHFFFAOYSA-N,UZSNSWTZORZLQF-UHFFFAOYSA-N,formolecular/novo_horizonte/banco_mestre_unificado.csv,MASTER_UNIFIED,UZSNSWTZORZLQF-UHFFFAOYSA-N,0,0,0,0,0,1
LEGACY-INCHIKEY-UZSZINORUVMFIQ-UHFFFAOYSA-N,UZSZINORUVMFIQ-UHFFFAOYSA-N,formolecular/novo_horizonte/banco_mestre_unificado.csv,MASTER_UNIFIED,UZSZINORUVMFIQ-UHFFFAOYSA-N,0,0,0,0,0,1
LEGACY-INCHIKEY-UZTRDWJWYCAZME-UHFFFAOYSA-N,UZTRDWJWYCAZME-UHFFFAOYSA-N,formolecular/novo_horizonte/banco_mestre_unificado.csv,MASTER_UNIFIED,UZTRDWJWYCAZME-UHFFFAOYSA-N,0,0,0,0,0,1
LEGACY-INCHIKEY-VADBPVXLUNAFHK-UHFFFAOYSA-N,VADBPVXLUNAFHK-UHFFFAOYSA-N,formolecular/novo_horizonte/banco_mestre_unificado.csv,MASTER_UNIFIED,VADBPVXLUNAFHK-UHFFFAOYSA-N,0,0,0,0,0,1
LEGACY-INCHIKEY-VAPMTQQNOFKAMX-UHFFFAOYSA-N,VAPMTQQNOFKAMX-UHFFFAOYSA-N,formolecular/novo_horizonte/banco_mestre_unificado.csv,MASTER_UNIFIED,VAPMTQQNOFKAMX-UHFFFAOYSA-N,0,0,0,0,0,1
LEGACY-INCHIKEY-VBCVGMQKGNSCSY-UHFFFAOYSA-N,VBCVGMQKGNSCSY-UHFFFAOYSA-N,formolecular/novo_horizonte/banco_mestre_unificado.csv,MASTER_UNIFIED,VBCVGMQKGNSCSY-UHFFFAOYSA-N,0,0,0,0,0,1
LEGACY-INCHIKEY-VBEHLAQENZVJJQ-UHFFFAOYSA-N,VBEHLAQENZVJJQ-UHFFFAOYSA-N,formolecular/novo_horizonte/banco_mestre_unificado.csv,MASTER_UNIFIED,VBEHLAQENZVJJQ-UHFFFAOYSA-N,0,0,0,0,0,1
LEGACY-INCHIKEY-VBHKWEPKFXQCIB-UHFFFAOYSA-N,VBHKWEPKFXQCIB-UHFFFAOYSA-N,formolecular/novo_horizonte/banco_mestre_unificado.csv,MASTER_UNIFIED,VBHKWEPKFXQCIB-UHFFFAOYSA-N,0,0,0,0,0,1
LEGACY-INCHIKEY-VBJVFFSKFIJZHV-UHFFFAOYSA-N,VBJVFFSKFIJZHV-UHFFFAOYSA-N,formolecular/novo_horizonte/banco_mestre_unificado.csv,MASTER_UNIFIED,VBJVFFSKFIJZHV-UHFFFAOYSA-N,0,0,0,0,0,1
LEGACY-INCHIKEY-VBJXTOMHSWOIRX-UHFFFAOYSA-N,VBJXTOMHSWOIRX-UHFFFAOYSA-N,formolecular/novo_horizonte/banco_mestre_unificado.csv,MASTER_UNIFIED,VBJXTOMHSWOIRX-UHFFFAOYSA-N,0,0,0,0,0,1
LEGACY-INCHIKEY-VBPBEAMDXLGXNR-UHFFFAOYSA-N,VBPBEAMDXLGXNR-UHFFFAOYSA-N,formolecular/novo_horizonte/banco_mestre_unificado.csv,MASTER_UNIFIED,VBPBEAMDXLGXNR-UHFFFAOYSA-N,0,0,0,0,0,1
LEGACY-INCHIKEY-VBSGXYOSIXQUTQ-UHFFFAOYSA-N,VBSGXYOSIXQUTQ-UHFFFAOYSA-N,formolecular/novo_horizonte/banco_mestre_unificado.csv,MASTER_UNIFIED,VBSGXYOSIXQUTQ-UHFFFAOYSA-N,0,0,0,0,0,1
LEGACY-INCHIKEY-VBXGQMYFYGSBAK-UHFFFAOYSA-N,VBXGQMYFYGSBAK-UHFFFAOYSA-N,formolecular/novo_horizonte/banco_mestre_unificado.csv,MASTER_UNIFIED,VBXGQMYFYGSBAK-UHFFFAOYSA-N,0,0,0,0,0,1
LEGACY-INCHIKEY-VCGVNSHQWYSZDJ-UHFFFAOYSA-N,VCGVNSHQWYSZDJ-UHFFFAOYSA-N,formolecular/novo_horizonte/banco_mestre_unificado.csv,MASTER_UNIFIED,VCGVNSHQWYSZDJ-UHFFFAOYSA-N,0,0,0,0,0,1
LEGACY-INCHIKEY-VCIILPAGJWQINB-UHFFFAOYSA-N,VCIILPAGJWQINB-UHFFFAOYSA-N,formolecular/novo_horizonte/banco_mestre_unificado.csv,MASTER_UNIFIED,VCIILPAGJWQINB-UHFFFAOYSA-N,0,0,0,0,0,1
LEGACY-INCHIKEY-VCPRHZLDPHBZMT-UHFFFAOYSA-N,VCPRHZLDPHBZMT-UHFFFAOYSA-N,formolecular/novo_horizonte/banco_mestre_unificado.csv,MASTER_UNIFIED,VCPRHZLDPHBZMT-UHFFFAOYSA-N,0,0,0,0,0,1
LEGACY-INCHIKEY-VCROPIJKSONEHH-UHFFFAOYSA-N,VCROPIJKSONEHH-UHFFFAOYSA-N,formolecular/novo_horizonte/banco_mestre_unificado.csv,MASTER_UNIFIED,VCROPIJKSONEHH-UHFFFAOYSA-N,0,0,0,0,0,1
LEGACY-INCHIKEY-VCWIKVTUCOOEBE-UHFFFAOYSA-N,VCWIKVTUCOOEBE-UHFFFAOYSA-N,formolecular/novo_horizonte/banco_mestre_unificado.csv,MASTER_UNIFIED,VCWIKVTUCOOEBE-UHFFFAOYSA-N,0,0,0,0,0,1
LEGACY-INCHIKEY-VCZFTRRMLDPONF-UHFFFAOYSA-N,VCZFTRRMLDPONF-UHFFFAOYSA-N,formolecular/novo_horizonte/banco_mestre_unificado.csv,MASTER_UNIFIED,VCZFTRRMLDPONF-UHFFFAOYSA-N,0,0,0,0,0,1
LEGACY-INCHIKEY-VDOSGLRXSWTZRG-UHFFFAOYSA-N,VDOSGLRXSWTZRG-UHFFFAOYSA-N,formolecular/novo_horizonte/banco_mestre_unificado.csv,MASTER_UNIFIED,VDOSGLRXSWTZRG-UHFFFAOYSA-N,0,0,0,0,0,1
LEGACY-INCHIKEY-VDVAVRYKAUGICX-UHFFFAOYSA-N,VDVAVRYKAUGICX-UHFFFAOYSA-N,formolecular/novo_horizonte/banco_mestre_unificado.csv,MASTER_UNIFIED,VDVAVRYKAUGICX-UHFFFAOYSA-N,0,0,0,0,0,1
LEGACY-INCHIKEY-VEFHAMLMFNVQAJ-UHFFFAOYSA-N,VEFHAMLMFNVQAJ-UHFFFAOYSA-N,formolecular/csv_elite_farma/RANKING_FARMACOS_ELITE_ADMET.csv,FARMA_ELITE,VEFHAMLMFNVQAJ-UHFFFAOYSA-N,0,1,0,0,0,0
LEGACY-INCHIKEY-VEGNSPOEYBKDNW-UHFFFAOYSA-N,VEGNSPOEYBKDNW-UHFFFAOYSA-N,formolecular/novo_horizonte/banco_mestre_unificado.csv,MASTER_UNIFIED,VEGNSPOEYBKDNW-UHFFFAOYSA-N,0,0,0,0,0,1
LEGACY-INCHIKEY-VEHYDVLNPADXQT-UHFFFAOYSA-N,VEHYDVLNPADXQT-UHFFFAOYSA-N,formolecular/novo_horizonte/banco_mestre_unificado.csv,MASTER_UNIFIED,VEHYDVLNPADXQT-UHFFFAOYSA-N,0,0,0,0,0,1
LEGACY-INCHIKEY-VENISHWWQXFNTC-UHFFFAOYSA-N,VENISHWWQXFNTC-UHFFFAOYSA-N,formolecular/novo_horizonte/banco_mestre_unificado.csv,MASTER_UNIFIED,VENISHWWQXFNTC-UHFFFAOYSA-N,0,0,0,0,0,1
LEGACY-INCHIKEY-VEOFTPSHAHOYLM-UHFFFAOYSA-N,VEOFTPSHAHOYLM-UHFFFAOYSA-N,formolecular/novo_horizonte/banco_mestre_unificado.csv,MASTER_UNIFIED,VEOFTPSHAHOYLM-UHFFFAOYSA-N,0,0,0,0,0,1
LEGACY-INCHIKEY-VEOUIOHQWRLKSW-UHFFFAOYSA-N,VEOUIOHQWRLKSW-UHFFFAOYSA-N,formolecular/novo_horizonte/banco_mestre_unificado.csv,MASTER_UNIFIED,VEOUIOHQWRLKSW-UHFFFAOYSA-N,0,0,0,0,0,1
LEGACY-INCHIKEY-VEUYAIWMFXWVOY-UHFFFAOYSA-N,VEUYAIWMFXWVOY-UHFFFAOYSA-N,formolecular/novo_horizonte/banco_mestre_unificado.csv,MASTER_UNIFIED,VEUYAIWMFXWVOY-UHFFFAOYSA-N,0,0,0,0,0,1
LEGACY-INCHIKEY-VEZXMUHWWSERHR-UHFFFAOYSA-N,VEZXMUHWWSERHR-UHFFFAOYSA-N,formolecular/novo_horizonte/banco_mestre_unificado.csv,MASTER_UNIFIED,VEZXMUHWWSERHR-UHFFFAOYSA-N,0,0,0,0,0,1
LEGACY-INCHIKEY-VFABXOATSOXMBM-UHFFFAOYSA-N,VFABXOATSOXMBM-UHFFFAOYSA-N,formolecular/novo_horizonte/banco_mestre_unificado.csv,MASTER_UNIFIED,VFABXOATSOXMBM-UHFFFAOYSA-N,0,0,0,0,0,1
LEGACY-INCHIKEY-VFBWLYSQOLHXCY-UHFFFAOYSA-N,VFBWLYSQOLHXCY-UHFFFAOYSA-N,formolecular/novo_horizonte/banco_mestre_unificado.csv,MASTER_UNIFIED,VFBWLYSQOLHXCY-UHFFFAOYSA-N,0,0,0,0,0,1
LEGACY-INCHIKEY-VFLDPWHFBUODDF-UHFFFAOYSA-N,VFLDPWHFBUODDF-UHFFFAOYSA-N,Biolab/matriz_compostos_filtrados.csv,BIOLAB_FILTERED,VFLDPWHFBUODDF-UHFFFAOYSA-N,1,0,0,0,0,0
LEGACY-INCHIKEY-VGDIPFNSXQDMLC-UHFFFAOYSA-N,VGDIPFNSXQDMLC-UHFFFAOYSA-N,formolecular/novo_horizonte/banco_mestre_unificado.csv,MASTER_UNIFIED,VGDIPFNSXQDMLC-UHFFFAOYSA-N,0,0,0,0,0,1
LEGACY-INCHIKEY-VGMPFPUMNNIBSV-UHFFFAOYSA-N,VGMPFPUMNNIBSV-UHFFFAOYSA-N,formolecular/novo_horizonte/banco_mestre_unificado.csv,MASTER_UNIFIED,VGMPFPUMNNIBSV-UHFFFAOYSA-N,0,0,0,0,0,1
LEGACY-INCHIKEY-VGUHCRDMNWEEDO-UHFFFAOYSA-N,VGUHCRDMNWEEDO-UHFFFAOYSA-N,formolecular/novo_horizonte/banco_mestre_unificado.csv,MASTER_UNIFIED,VGUHCRDMNWEEDO-UHFFFAOYSA-N,0,0,0,0,0,1
LEGACY-INCHIKEY-VGXXFPGNDIYVHR-UHFFFAOYSA-N,VGXXFPGNDIYVHR-UHFFFAOYSA-N,formolecular/novo_horizonte/banco_mestre_unificado.csv,MASTER_UNIFIED,VGXXFPGNDIYVHR-UHFFFAOYSA-N,0,0,0,0,0,1
LEGACY-INCHIKEY-VHAHCYIZOGISLP-UHFFFAOYSA-N,VHAHCYIZOGISLP-UHFFFAOYSA-N,formolecular/novo_horizonte/banco_mestre_unificado.csv,MASTER_UNIFIED,VHAHCYIZOGISLP-UHFFFAOYSA-N,0,0,0,0,0,1
LEGACY-INCHIKEY-VHJGDVCIOMVQDT-UHFFFAOYSA-N,VHJGDVCIOMVQDT-UHFFFAOYSA-N,formolecular/novo_horizonte/banco_mestre_unificado.csv,MASTER_UNIFIED,VHJGDVCIOMVQDT-UHFFFAOYSA-N,0,0,0,0,0,1
LEGACY-INCHIKEY-VHKFQQPKHZRDSQ-UHFFFAOYSA-N,VHKFQQPKHZRDSQ-UHFFFAOYSA-N,formolecular/novo_horizonte/banco_mestre_unificado.csv,MASTER_UNIFIED,VHKFQQPKHZRDSQ-UHFFFAOYSA-N,0,0,0,0,0,1
LEGACY-INCHIKEY-VHNLATBERWXEGS-UHFFFAOYSA-N,VHNLATBERWXEGS-UHFFFAOYSA-N,formolecular/novo_horizonte/banco_mestre_unificado.csv,MASTER_UNIFIED,VHNLATBERWXEGS-UHFFFAOYSA-N,0,0,0,0,0,1
LEGACY-INCHIKEY-VHXHFFCKMJJALO-UHFFFAOYSA-N,VHXHFFCKMJJALO-UHFFFAOYSA-N,formolecular/novo_horizonte/banco_mestre_unificado.csv,MASTER_UNIFIED,VHXHFFCKMJJALO-UHFFFAOYSA-N,0,0,0,0,0,1
LEGACY-INCHIKEY-VHYLCQKLSBBJLT-UHFFFAOYSA-N,VHYLCQKLSBBJLT-UHFFFAOYSA-N,formolecular/novo_horizonte/banco_mestre_unificado.csv,MASTER_UNIFIED,VHYLCQKLSBBJLT-UHFFFAOYSA-N,0,0,0,0,0,1
LEGACY-INCHIKEY-VIDGZXWNCORLDZ-UHFFFAOYSA-N,VIDGZXWNCORLDZ-UHFFFAOYSA-N,formolecular/novo_horizonte/banco_mestre_unificado.csv,MASTER_UNIFIED,VIDGZXWNCORLDZ-UHFFFAOYSA-N,0,0,0,0,0,1
LEGACY-INCHIKEY-VIEMBEFDCJUYFS-UHFFFAOYSA-N,VIEMBEFDCJUYFS-UHFFFAOYSA-N,formolecular/novo_horizonte/banco_mestre_unificado.csv,MASTER_UNIFIED,VIEMBEFDCJUYFS-UHFFFAOYSA-N,0,0,0,0,0,1
LEGACY-INCHIKEY-VIFBFJCAEULUKG-UHFFFAOYSA-N,VIFBFJCAEULUKG-UHFFFAOYSA-N,formolecular/novo_horizonte/banco_mestre_unificado.csv,MASTER_UNIFIED,VIFBFJCAEULUKG-UHFFFAOYSA-N,0,0,0,0,0,1
LEGACY-INCHIKEY-VIKHAAGDCCKAIT-UHFFFAOYSA-N,VIKHAAGDCCKAIT-UHFFFAOYSA-N,formolecular/novo_horizonte/banco_mestre_unificado.csv,MASTER_UNIFIED,VIKHAAGDCCKAIT-UHFFFAOYSA-N,0,0,0,0,0,1
LEGACY-INCHIKEY-VILRCJXZQQZINE-UHFFFAOYSA-N,VILRCJXZQQZINE-UHFFFAOYSA-N,formolecular/novo_horizonte/banco_mestre_unificado.csv,MASTER_UNIFIED,VILRCJXZQQZINE-UHFFFAOYSA-N,0,0,0,0,0,1
LEGACY-INCHIKEY-VISMPGIISWODKB-UHFFFAOYSA-N,VISMPGIISWODKB-UHFFFAOYSA-N,formolecular/novo_horizonte/banco_mestre_unificado.csv,MASTER_UNIFIED,VISMPGIISWODKB-UHFFFAOYSA-N,0,0,0,0,0,1
LEGACY-INCHIKEY-VIWGODDAFMBVQQ-UHFFFAOYSA-N,VIWGODDAFMBVQQ-UHFFFAOYSA-N,formolecular/novo_horizonte/banco_mestre_unificado.csv,MASTER_UNIFIED,VIWGODDAFMBVQQ-UHFFFAOYSA-N,0,0,0,0,0,1
LEGACY-INCHIKEY-VJGDIHQRRQQEPC-UHFFFAOYSA-N,VJGDIHQRRQQEPC-UHFFFAOYSA-N,formolecular/novo_horizonte/banco_mestre_unificado.csv,MASTER_UNIFIED,VJGDIHQRRQQEPC-UHFFFAOYSA-N,0,0,0,0,0,1
LEGACY-INCHIKEY-VJHTZCLDBHSUAU-UHFFFAOYSA-N,VJHTZCLDBHSUAU-UHFFFAOYSA-N,formolecular/novo_horizonte/banco_mestre_unificado.csv,MASTER_UNIFIED,VJHTZCLDBHSUAU-UHFFFAOYSA-N,0,0,0,0,0,1
LEGACY-INCHIKEY-VJILTTHGYLRLLE-UHFFFAOYSA-N,VJILTTHGYLRLLE-UHFFFAOYSA-N,formolecular/novo_horizonte/banco_mestre_unificado.csv,MASTER_UNIFIED,VJILTTHGYLRLLE-UHFFFAOYSA-N,0,0,0,0,0,1
LEGACY-INCHIKEY-VJJLZRCBHMLWJI-UHFFFAOYSA-N,VJJLZRCBHMLWJI-UHFFFAOYSA-N,formolecular/novo_horizonte/banco_mestre_unificado.csv,MASTER_UNIFIED,VJJLZRCBHMLWJI-UHFFFAOYSA-N,0,0,0,0,0,1
LEGACY-INCHIKEY-VJKAZWBCTMJLPU-UHFFFAOYSA-N,VJKAZWBCTMJLPU-UHFFFAOYSA-N,formolecular/novo_horizonte/banco_mestre_unificado.csv,MASTER_UNIFIED,VJKAZWBCTMJLPU-UHFFFAOYSA-N,0,0,0,0,0,1
LEGACY-INCHIKEY-VJKCDFHHANPFDR-UHFFFAOYSA-N,VJKCDFHHANPFDR-UHFFFAOYSA-N,formolecular/novo_horizonte/banco_mestre_unificado.csv,MASTER_UNIFIED,VJKCDFHHANPFDR-UHFFFAOYSA-N,0,0,0,0,0,1
LEGACY-INCHIKEY-VJOOZGVGTWKBRS-UHFFFAOYSA-N,VJOOZGVGTWKBRS-UHFFFAOYSA-N,formolecular/novo_horizonte/banco_mestre_unificado.csv,MASTER_UNIFIED,VJOOZGVGTWKBRS-UHFFFAOYSA-N,0,0,0,0,0,1
LEGACY-INCHIKEY-VJRFRXMJLPSHIN-UHFFFAOYSA-N,VJRFRXMJLPSHIN-UHFFFAOYSA-N,formolecular/novo_horizonte/banco_mestre_unificado.csv,MASTER_UNIFIED,VJRFRXMJLPSHIN-UHFFFAOYSA-N,0,0,0,0,0,1
LEGACY-INCHIKEY-VJVRIXUZAUOXOR-UHFFFAOYSA-N,VJVRIXUZAUOXOR-UHFFFAOYSA-N,formolecular/novo_horizonte/banco_mestre_unificado.csv,MASTER_UNIFIED,VJVRIXUZAUOXOR-UHFFFAOYSA-N,0,0,0,0,0,1
LEGACY-INCHIKEY-VJWQQSMSPSLDDB-UHFFFAOYSA-N,VJWQQSMSPSLDDB-UHFFFAOYSA-N,formolecular/novo_horizonte/banco_mestre_unificado.csv,MASTER_UNIFIED,VJWQQSMSPSLDDB-UHFFFAOYSA-N,0,0,0,0,0,1
LEGACY-INCHIKEY-VJXUMYDCUQQGHT-UHFFFAOYSA-N,VJXUMYDCUQQGHT-UHFFFAOYSA-N,formolecular/novo_horizonte/banco_mestre_unificado.csv,MASTER_UNIFIED,VJXUMYDCUQQGHT-UHFFFAOYSA-N,0,0,0,0,0,1
LEGACY-INCHIKEY-VKEAYOFANDXSGW-UHFFFAOYSA-N,VKEAYOFANDXSGW-UHFFFAOYSA-N,formolecular/novo_horizonte/banco_mestre_unificado.csv,MASTER_UNIFIED,VKEAYOFANDXSGW-UHFFFAOYSA-N,0,0,0,0,0,1
LEGACY-INCHIKEY-VKGBUFOAMGZFQQ-UHFFFAOYSA-N,VKGBUFOAMGZFQQ-UHFFFAOYSA-N,formolecular/novo_horizonte/banco_mestre_unificado.csv,MASTER_UNIFIED,VKGBUFOAMGZFQQ-UHFFFAOYSA-N,0,0,0,0,0,1
LEGACY-INCHIKEY-VKHWQWJTSVQOBH-UHFFFAOYSA-N,VKHWQWJTSVQOBH-UHFFFAOYSA-N,formolecular/novo_horizonte/banco_mestre_unificado.csv,MASTER_UNIFIED,VKHWQWJTSVQOBH-UHFFFAOYSA-N,0,0,0,0,0,1
LEGACY-INCHIKEY-VKLOZXFDKYYJJT-UHFFFAOYSA-N,VKLOZXFDKYYJJT-UHFFFAOYSA-N,formolecular/novo_horizonte/banco_mestre_unificado.csv,MASTER_UNIFIED,VKLOZXFDKYYJJT-UHFFFAOYSA-N,0,0,0,0,0,1
LEGACY-INCHIKEY-VKYWPEWQIQVKHG-UHFFFAOYSA-N,VKYWPEWQIQVKHG-UHFFFAOYSA-N,formolecular/novo_horizonte/banco_mestre_unificado.csv,MASTER_UNIFIED,VKYWPEWQIQVKHG-UHFFFAOYSA-N,0,0,0,0,0,1
LEGACY-INCHIKEY-VLHPDBKDXLXDFG-UHFFFAOYSA-N,VLHPDBKDXLXDFG-UHFFFAOYSA-N,formolecular/novo_horizonte/banco_mestre_unificado.csv,MASTER_UNIFIED,VLHPDBKDXLXDFG-UHFFFAOYSA-N,0,0,0,0,0,1
LEGACY-INCHIKEY-VLNDEIMGMDCIOG-UHFFFAOYSA-N,VLNDEIMGMDCIOG-UHFFFAOYSA-N,formolecular/novo_horizonte/banco_mestre_unificado.csv,MASTER_UNIFIED,VLNDEIMGMDCIOG-UHFFFAOYSA-N,0,0,0,0,0,1
LEGACY-INCHIKEY-VLNIMLOTQLTRGX-UHFFFAOYSA-N,VLNIMLOTQLTRGX-UHFFFAOYSA-N,formolecular/novo_horizonte/banco_mestre_unificado.csv,MASTER_UNIFIED,VLNIMLOTQLTRGX-UHFFFAOYSA-N,0,0,0,0,0,1
LEGACY-INCHIKEY-VLPQQKBQKDQNDY-UHFFFAOYSA-N,VLPQQKBQKDQNDY-UHFFFAOYSA-N,formolecular/novo_horizonte/banco_mestre_unificado.csv,MASTER_UNIFIED,VLPQQKBQKDQNDY-UHFFFAOYSA-N,0,0,0,0,0,1
LEGACY-INCHIKEY-VLTYKNCMGNKPGQ-UHFFFAOYSA-N,VLTYKNCMGNKPGQ-UHFFFAOYSA-N,formolecular/novo_horizonte/banco_mestre_unificado.csv,MASTER_UNIFIED,VLTYKNCMGNKPGQ-UHFFFAOYSA-N,0,0,0,0,0,1
LEGACY-INCHIKEY-VLVNYZFKDXFGAI-UHFFFAOYSA-N,VLVNYZFKDXFGAI-UHFFFAOYSA-N,formolecular/novo_horizonte/banco_mestre_unificado.csv,MASTER_UNIFIED,VLVNYZFKDXFGAI-UHFFFAOYSA-N,0,0,0,0,0,1
LEGACY-INCHIKEY-VLWIFLPZQKSQDQ-UHFFFAOYSA-N,VLWIFLPZQKSQDQ-UHFFFAOYSA-N,formolecular/novo_horizonte/banco_mestre_unificado.csv,MASTER_UNIFIED,VLWIFLPZQKSQDQ-UHFFFAOYSA-N,0,0,0,0,0,1
LEGACY-INCHIKEY-VLYUHQNMLGGBBE-UHFFFAOYSA-N,VLYUHQNMLGGBBE-UHFFFAOYSA-N,formolecular/novo_horizonte/banco_mestre_unificado.csv,MASTER_UNIFIED,VLYUHQNMLGGBBE-UHFFFAOYSA-N,0,0,0,0,0,1
LEGACY-INCHIKEY-VMEGDGNZGKHAKG-UHFFFAOYSA-N,VMEGDGNZGKHAKG-UHFFFAOYSA-N,formolecular/novo_horizonte/banco_mestre_unificado.csv,MASTER_UNIFIED,VMEGDGNZGKHAKG-UHFFFAOYSA-N,0,0,0,0,0,1
LEGACY-INCHIKEY-VMIROCDORJUKLU-UHFFFAOYSA-N,VMIROCDORJUKLU-UHFFFAOYSA-N,formolecular/novo_horizonte/banco_mestre_unificado.csv,MASTER_UNIFIED,VMIROCDORJUKLU-UHFFFAOYSA-N,0,0,0,0,0,1
LEGACY-INCHIKEY-VMMCWDLFSFIFCN-UHFFFAOYSA-N,VMMCWDLFSFIFCN-UHFFFAOYSA-N,formolecular/novo_horizonte/banco_mestre_unificado.csv,MASTER_UNIFIED,VMMCWDLFSFIFCN-UHFFFAOYSA-N,0,0,0,0,0,1
LEGACY-INCHIKEY-VMRCOTFSUFXSNX-UHFFFAOYSA-N,VMRCOTFSUFXSNX-UHFFFAOYSA-N,formolecular/novo_horizonte/banco_mestre_unificado.csv,MASTER_UNIFIED,VMRCOTFSUFXSNX-UHFFFAOYSA-N,0,0,0,0,0,1
LEGACY-INCHIKEY-VMRTWZJXCFGMOX-UHFFFAOYSA-N,VMRTWZJXCFGMOX-UHFFFAOYSA-N,formolecular/novo_horizonte/banco_mestre_unificado.csv,MASTER_UNIFIED,VMRTWZJXCFGMOX-UHFFFAOYSA-N,0,0,0,0,0,1
LEGACY-INCHIKEY-VMUCBFNFCWTHHA-UHFFFAOYSA-N,VMUCBFNFCWTHHA-UHFFFAOYSA-N,formolecular/novo_horizonte/banco_mestre_unificado.csv,MASTER_UNIFIED,VMUCBFNFCWTHHA-UHFFFAOYSA-N,0,0,0,0,0,1
LEGACY-INCHIKEY-VMURMMCWMIHNOY-UHFFFAOYSA-N,VMURMMCWMIHNOY-UHFFFAOYSA-N,formolecular/novo_horizonte/banco_mestre_unificado.csv,MASTER_UNIFIED,VMURMMCWMIHNOY-UHFFFAOYSA-N,0,0,0,0,0,1
LEGACY-INCHIKEY-VMUWPRIHIBTKSY-UHFFFAOYSA-N,VMUWPRIHIBTKSY-UHFFFAOYSA-N,formolecular/novo_horizonte/banco_mestre_unificado.csv,MASTER_UNIFIED,VMUWPRIHIBTKSY-UHFFFAOYSA-N,0,0,0,0,0,1
LEGACY-INCHIKEY-VMYSJVUWDSJIPF-UHFFFAOYSA-N,VMYSJVUWDSJIPF-UHFFFAOYSA-N,formolecular/novo_horizonte/banco_mestre_unificado.csv,MASTER_UNIFIED,VMYSJVUWDSJIPF-UHFFFAOYSA-N,0,0,0,0,0,1
LEGACY-INCHIKEY-VNJKGOJLSKQLAQ-UHFFFAOYSA-N,VNJKGOJLSKQLAQ-UHFFFAOYSA-N,formolecular/novo_horizonte/banco_mestre_unificado.csv,MASTER_UNIFIED,VNJKGOJLSKQLAQ-UHFFFAOYSA-N,0,0,0,0,0,1
LEGACY-INCHIKEY-VNWBPUHIXWKIKZ-UHFFFAOYSA-N,VNWBPUHIXWKIKZ-UHFFFAOYSA-N,formolecular/novo_horizonte/banco_mestre_unificado.csv,MASTER_UNIFIED,VNWBPUHIXWKIKZ-UHFFFAOYSA-N,0,0,0,0,0,1
LEGACY-INCHIKEY-VNXPSGHTYNEJJS-UHFFFAOYSA-N,VNXPSGHTYNEJJS-UHFFFAOYSA-N,formolecular/novo_horizonte/banco_mestre_unificado.csv,MASTER_UNIFIED,VNXPSGHTYNEJJS-UHFFFAOYSA-N,0,0,0,0,0,1
LEGACY-INCHIKEY-VOAXKLJIFAMHSE-UHFFFAOYSA-N,VOAXKLJIFAMHSE-UHFFFAOYSA-N,formolecular/novo_horizonte/banco_mestre_unificado.csv,MASTER_UNIFIED,VOAXKLJIFAMHSE-UHFFFAOYSA-N,0,0,0,0,0,1
LEGACY-INCHIKEY-VOFLKXASUMBAPQ-UHFFFAOYSA-N,VOFLKXASUMBAPQ-UHFFFAOYSA-N,formolecular/novo_horizonte/banco_mestre_unificado.csv,MASTER_UNIFIED,VOFLKXASUMBAPQ-UHFFFAOYSA-N,0,0,0,0,0,1
LEGACY-INCHIKEY-VOIIINTYGIEOJE-UHFFFAOYSA-N,VOIIINTYGIEOJE-UHFFFAOYSA-N,formolecular/novo_horizonte/banco_mestre_unificado.csv,MASTER_UNIFIED,VOIIINTYGIEOJE-UHFFFAOYSA-N,0,0,0,0,0,1
LEGACY-INCHIKEY-VOJUAPHCJRDUBY-UHFFFAOYSA-N,VOJUAPHCJRDUBY-UHFFFAOYSA-N,formolecular/novo_horizonte/banco_mestre_unificado.csv,MASTER_UNIFIED,VOJUAPHCJRDUBY-UHFFFAOYSA-N,0,0,0,0,0,1
LEGACY-INCHIKEY-VOTMEGUTOMRBSZ-UHFFFAOYSA-N,VOTMEGUTOMRBSZ-UHFFFAOYSA-N,formolecular/novo_horizonte/banco_mestre_unificado.csv,MASTER_UNIFIED,VOTMEGUTOMRBSZ-UHFFFAOYSA-N,0,0,0,0,0,1
LEGACY-INCHIKEY-VOUGQQBFIQGKKW-UHFFFAOYSA-N,VOUGQQBFIQGKKW-UHFFFAOYSA-N,formolecular/novo_horizonte/banco_mestre_unificado.csv,MASTER_UNIFIED,VOUGQQBFIQGKKW-UHFFFAOYSA-N,0,0,0,0,0,1
LEGACY-INCHIKEY-VOZSQXTZPRCVQT-UHFFFAOYSA-N,VOZSQXTZPRCVQT-UHFFFAOYSA-N,formolecular/novo_horizonte/banco_mestre_unificado.csv,MASTER_UNIFIED,VOZSQXTZPRCVQT-UHFFFAOYSA-N,0,0,0,0,0,1
LEGACY-INCHIKEY-VOZWFFRKKRKWMR-UHFFFAOYSA-N,VOZWFFRKKRKWMR-UHFFFAOYSA-N,formolecular/novo_horizonte/banco_mestre_unificado.csv,MASTER_UNIFIED,VOZWFFRKKRKWMR-UHFFFAOYSA-N,0,0,0,0,0,1
LEGACY-INCHIKEY-VPCSOTBQOJZYRN-UHFFFAOYSA-N,VPCSOTBQOJZYRN-UHFFFAOYSA-N,formolecular/novo_horizonte/banco_mestre_unificado.csv,MASTER_UNIFIED,VPCSOTBQOJZYRN-UHFFFAOYSA-N,0,0,0,0,0,1
LEGACY-INCHIKEY-VPFTZQDEROWBKO-UHFFFAOYSA-N,VPFTZQDEROWBKO-UHFFFAOYSA-N,formolecular/novo_horizonte/banco_mestre_unificado.csv,MASTER_UNIFIED,VPFTZQDEROWBKO-UHFFFAOYSA-N,0,0,0,0,0,1
LEGACY-INCHIKEY-VPJJQQMJVMOMFX-UHFFFAOYSA-N,VPJJQQMJVMOMFX-UHFFFAOYSA-N,formolecular/novo_horizonte/banco_mestre_unificado.csv,MASTER_UNIFIED,VPJJQQMJVMOMFX-UHFFFAOYSA-N,0,0,0,0,0,1
LEGACY-INCHIKEY-VPLGQJJWJXBXOF-UHFFFAOYSA-N,VPLGQJJWJXBXOF-UHFFFAOYSA-N,formolecular/novo_horizonte/banco_mestre_unificado.csv,MASTER_UNIFIED,VPLGQJJWJXBXOF-UHFFFAOYSA-N,0,0,0,0,0,1
LEGACY-INCHIKEY-VQEQVCLZCIVOCG-UHFFFAOYSA-N,VQEQVCLZCIVOCG-UHFFFAOYSA-N,formolecular/novo_horizonte/banco_mestre_unificado.csv,MASTER_UNIFIED,VQEQVCLZCIVOCG-UHFFFAOYSA-N,0,0,0,0,0,1
LEGACY-INCHIKEY-VQIOVNOTPJXUQR-UHFFFAOYSA-N,VQIOVNOTPJXUQR-UHFFFAOYSA-N,formolecular/novo_horizonte/banco_mestre_unificado.csv,MASTER_UNIFIED,VQIOVNOTPJXUQR-UHFFFAOYSA-N,0,0,0,0,0,1
LEGACY-INCHIKEY-VQSZVKWLDGPIOG-UHFFFAOYSA-N,VQSZVKWLDGPIOG-UHFFFAOYSA-N,formolecular/novo_horizonte/banco_mestre_unificado.csv,MASTER_UNIFIED,VQSZVKWLDGPIOG-UHFFFAOYSA-N,0,0,0,0,0,1
LEGACY-INCHIKEY-VQUMSABMZCPVMK-UHFFFAOYSA-N,VQUMSABMZCPVMK-UHFFFAOYSA-N,formolecular/novo_horizonte/banco_mestre_unificado.csv,MASTER_UNIFIED,VQUMSABMZCPVMK-UHFFFAOYSA-N,0,0,0,0,0,1
LEGACY-INCHIKEY-VQVYDYKGCLGWID-UHFFFAOYSA-N,VQVYDYKGCLGWID-UHFFFAOYSA-N,formolecular/novo_horizonte/banco_mestre_unificado.csv,MASTER_UNIFIED,VQVYDYKGCLGWID-UHFFFAOYSA-N,0,0,0,0,0,1
LEGACY-INCHIKEY-VRDOIFJIUZNDJK-UHFFFAOYSA-N,VRDOIFJIUZNDJK-UHFFFAOYSA-N,formolecular/novo_horizonte/banco_mestre_unificado.csv,MASTER_UNIFIED,VRDOIFJIUZNDJK-UHFFFAOYSA-N,0,0,0,0,0,1
LEGACY-INCHIKEY-VRIRBFCFNXMTRS-UHFFFAOYSA-N,VRIRBFCFNXMTRS-UHFFFAOYSA-N,formolecular/novo_horizonte/banco_mestre_unificado.csv,MASTER_UNIFIED,VRIRBFCFNXMTRS-UHFFFAOYSA-N,0,0,0,0,0,1
LEGACY-INCHIKEY-VRLJRRQRONLYHC-UHFFFAOYSA-N,VRLJRRQRONLYHC-UHFFFAOYSA-N,formolecular/novo_horizonte/banco_mestre_unificado.csv,MASTER_UNIFIED,VRLJRRQRONLYHC-UHFFFAOYSA-N,0,0,0,0,0,1
LEGACY-INCHIKEY-VRNRQIDVEDHCSG-UHFFFAOYSA-N,VRNRQIDVEDHCSG-UHFFFAOYSA-N,formolecular/novo_horizonte/banco_mestre_unificado.csv,MASTER_UNIFIED,VRNRQIDVEDHCSG-UHFFFAOYSA-N,0,0,0,0,0,1
LEGACY-INCHIKEY-VRUCAQBYKXLNJE-UHFFFAOYSA-N,VRUCAQBYKXLNJE-UHFFFAOYSA-N,formolecular/novo_horizonte/banco_mestre_unificado.csv,MASTER_UNIFIED,VRUCAQBYKXLNJE-UHFFFAOYSA-N,0,0,0,0,0,1
LEGACY-INCHIKEY-VSBGMJJSHVDWKS-UHFFFAOYSA-N,VSBGMJJSHVDWKS-UHFFFAOYSA-N,formolecular/novo_horizonte/banco_mestre_unificado.csv,MASTER_UNIFIED,VSBGMJJSHVDWKS-UHFFFAOYSA-N,0,0,0,0,0,1
LEGACY-INCHIKEY-VTACRBUQRTZLLC-UHFFFAOYSA-N,VTACRBUQRTZLLC-UHFFFAOYSA-N,formolecular/novo_horizonte/banco_mestre_unificado.csv,MASTER_UNIFIED,VTACRBUQRTZLLC-UHFFFAOYSA-N,0,0,0,0,0,1
LEGACY-INCHIKEY-VTCIGOQWQDZYEZ-UHFFFAOYSA-N,VTCIGOQWQDZYEZ-UHFFFAOYSA-N,formolecular/novo_horizonte/banco_mestre_unificado.csv,MASTER_UNIFIED,VTCIGOQWQDZYEZ-UHFFFAOYSA-N,0,0,0,0,0,1
LEGACY-INCHIKEY-VTCZRFYADLQPMM-UHFFFAOYSA-N,VTCZRFYADLQPMM-UHFFFAOYSA-N,formolecular/novo_horizonte/banco_mestre_unificado.csv,MASTER_UNIFIED,VTCZRFYADLQPMM-UHFFFAOYSA-N,0,0,0,0,0,1
LEGACY-INCHIKEY-VTEJFOCHVCRYTN-UHFFFAOYSA-N,VTEJFOCHVCRYTN-UHFFFAOYSA-N,formolecular/novo_horizonte/banco_mestre_unificado.csv,MASTER_UNIFIED,VTEJFOCHVCRYTN-UHFFFAOYSA-N,0,0,0,0,0,1
LEGACY-INCHIKEY-VTGQPVBGOATMPA-UHFFFAOYSA-N,VTGQPVBGOATMPA-UHFFFAOYSA-N,formolecular/novo_horizonte/banco_mestre_unificado.csv,MASTER_UNIFIED,VTGQPVBGOATMPA-UHFFFAOYSA-N,0,0,0,0,0,1
LEGACY-INCHIKEY-VTJGSAOBBHIBNC-UHFFFAOYSA-N,VTJGSAOBBHIBNC-UHFFFAOYSA-N,formolecular/novo_horizonte/banco_mestre_unificado.csv,MASTER_UNIFIED,VTJGSAOBBHIBNC-UHFFFAOYSA-N,0,0,0,0,0,1
LEGACY-INCHIKEY-VTJPMYRTKQUFFH-UHFFFAOYSA-N,VTJPMYRTKQUFFH-UHFFFAOYSA-N,formolecular/novo_horizonte/banco_mestre_unificado.csv,MASTER_UNIFIED,VTJPMYRTKQUFFH-UHFFFAOYSA-N,0,0,0,0,0,1
LEGACY-INCHIKEY-VTUFNONXJRLDEG-UHFFFAOYSA-N,VTUFNONXJRLDEG-UHFFFAOYSA-N,formolecular/novo_horizonte/banco_mestre_unificado.csv,MASTER_UNIFIED,VTUFNONXJRLDEG-UHFFFAOYSA-N,0,0,0,0,0,1
LEGACY-INCHIKEY-VTVJCWFZEXVHHX-UHFFFAOYSA-N,VTVJCWFZEXVHHX-UHFFFAOYSA-N,formolecular/novo_horizonte/banco_mestre_unificado.csv,MASTER_UNIFIED,VTVJCWFZEXVHHX-UHFFFAOYSA-N,0,0,0,0,0,1
LEGACY-INCHIKEY-VUBNMWITJRVUQB-UHFFFAOYSA-N,VUBNMWITJRVUQB-UHFFFAOYSA-N,formolecular/novo_horizonte/banco_mestre_unificado.csv,MASTER_UNIFIED,VUBNMWITJRVUQB-UHFFFAOYSA-N,0,0,0,0,0,1
LEGACY-INCHIKEY-VUJRJZRKLOHAJL-UHFFFAOYSA-N,VUJRJZRKLOHAJL-UHFFFAOYSA-N,formolecular/novo_horizonte/banco_mestre_unificado.csv,MASTER_UNIFIED,VUJRJZRKLOHAJL-UHFFFAOYSA-N,0,0,0,0,0,1
LEGACY-INCHIKEY-VUKZEGSPTFXGQE-UHFFFAOYSA-N,VUKZEGSPTFXGQE-UHFFFAOYSA-N,formolecular/novo_horizonte/banco_mestre_unificado.csv,MASTER_UNIFIED,VUKZEGSPTFXGQE-UHFFFAOYSA-N,0,0,0,0,0,1
LEGACY-INCHIKEY-VUVQBSQTUAXSQU-UHFFFAOYSA-N,VUVQBSQTUAXSQU-UHFFFAOYSA-N,formolecular/novo_horizonte/banco_mestre_unificado.csv,MASTER_UNIFIED,VUVQBSQTUAXSQU-UHFFFAOYSA-N,0,0,0,0,0,1
LEGACY-INCHIKEY-VUYDCENTZBGTHI-UHFFFAOYSA-N,VUYDCENTZBGTHI-UHFFFAOYSA-N,formolecular/novo_horizonte/banco_mestre_unificado.csv,MASTER_UNIFIED,VUYDCENTZBGTHI-UHFFFAOYSA-N,0,0,0,0,0,1
LEGACY-INCHIKEY-VUYSGTJQNSNUOG-UHFFFAOYSA-N,VUYSGTJQNSNUOG-UHFFFAOYSA-N,formolecular/novo_horizonte/banco_mestre_unificado.csv,MASTER_UNIFIED,VUYSGTJQNSNUOG-UHFFFAOYSA-N,0,0,0,0,0,1
LEGACY-INCHIKEY-VUZKPWZIDCBIMX-UHFFFAOYSA-N,VUZKPWZIDCBIMX-UHFFFAOYSA-N,formolecular/novo_horizonte/banco_mestre_unificado.csv,MASTER_UNIFIED,VUZKPWZIDCBIMX-UHFFFAOYSA-N,0,0,0,0,0,1
LEGACY-INCHIKEY-VVDNPXLKINDWBU-UHFFFAOYSA-N,VVDNPXLKINDWBU-UHFFFAOYSA-N,formolecular/novo_horizonte/banco_mestre_unificado.csv,MASTER_UNIFIED,VVDNPXLKINDWBU-UHFFFAOYSA-N,0,0,0,0,0,1
LEGACY-INCHIKEY-VVVCBCGFJUADIX-UHFFFAOYSA-N,VVVCBCGFJUADIX-UHFFFAOYSA-N,formolecular/novo_horizonte/banco_mestre_unificado.csv,MASTER_UNIFIED,VVVCBCGFJUADIX-UHFFFAOYSA-N,0,0,0,0,0,1
LEGACY-INCHIKEY-VWCCLCFXAJBEIJ-UHFFFAOYSA-N,VWCCLCFXAJBEIJ-UHFFFAOYSA-N,formolecular/novo_horizonte/banco_mestre_unificado.csv,MASTER_UNIFIED,VWCCLCFXAJBEIJ-UHFFFAOYSA-N,0,0,0,0,0,1
LEGACY-INCHIKEY-VWHZUEYDBPYVDW-UHFFFAOYSA-N,VWHZUEYDBPYVDW-UHFFFAOYSA-N,formolecular/novo_horizonte/banco_mestre_unificado.csv,MASTER_UNIFIED,VWHZUEYDBPYVDW-UHFFFAOYSA-N,0,0,0,0,0,1
LEGACY-INCHIKEY-VWIZIHXJCYLYOP-UHFFFAOYSA-N,VWIZIHXJCYLYOP-UHFFFAOYSA-N,formolecular/novo_horizonte/banco_mestre_unificado.csv,MASTER_UNIFIED,VWIZIHXJCYLYOP-UHFFFAOYSA-N,0,0,0,0,0,1
LEGACY-INCHIKEY-VWPBQKWUSNWQHX-UHFFFAOYSA-N,VWPBQKWUSNWQHX-UHFFFAOYSA-N,formolecular/novo_horizonte/banco_mestre_unificado.csv,MASTER_UNIFIED,VWPBQKWUSNWQHX-UHFFFAOYSA-N,0,0,0,0,0,1
LEGACY-INCHIKEY-VWQDZYBSHYSZHN-UHFFFAOYSA-N,VWQDZYBSHYSZHN-UHFFFAOYSA-N,formolecular/novo_horizonte/banco_mestre_unificado.csv,MASTER_UNIFIED,VWQDZYBSHYSZHN-UHFFFAOYSA-N,0,0,0,0,0,1
LEGACY-INCHIKEY-VWRYGBRYRRFJGI-UHFFFAOYSA-N,VWRYGBRYRRFJGI-UHFFFAOYSA-N,formolecular/novo_horizonte/banco_mestre_unificado.csv,MASTER_UNIFIED,VWRYGBRYRRFJGI-UHFFFAOYSA-N,0,0,0,0,0,1
LEGACY-INCHIKEY-VWTLBBSNUXCCCA-UHFFFAOYSA-N,VWTLBBSNUXCCCA-UHFFFAOYSA-N,formolecular/novo_horizonte/banco_mestre_unificado.csv,MASTER_UNIFIED,VWTLBBSNUXCCCA-UHFFFAOYSA-N,0,0,0,0,0,1
LEGACY-INCHIKEY-VWZSWYHMWBWNKY-UHFFFAOYSA-N,VWZSWYHMWBWNKY-UHFFFAOYSA-N,formolecular/novo_horizonte/banco_mestre_unificado.csv,MASTER_UNIFIED,VWZSWYHMWBWNKY-UHFFFAOYSA-N,0,0,0,0,0,1
LEGACY-INCHIKEY-VXIZNLWNHWNHDN-UHFFFAOYSA-N,VXIZNLWNHWNHDN-UHFFFAOYSA-N,formolecular/novo_horizonte/banco_mestre_unificado.csv,MASTER_UNIFIED,VXIZNLWNHWNHDN-UHFFFAOYSA-N,0,0,0,0,0,1
LEGACY-INCHIKEY-VXJYYVRSFTYGPA-UHFFFAOYSA-N,VXJYYVRSFTYGPA-UHFFFAOYSA-N,formolecular/novo_horizonte/banco_mestre_unificado.csv,MASTER_UNIFIED,VXJYYVRSFTYGPA-UHFFFAOYSA-N,0,0,0,0,0,1
LEGACY-INCHIKEY-VYAFMQUODGEBLO-UHFFFAOYSA-N,VYAFMQUODGEBLO-UHFFFAOYSA-N,formolecular/novo_horizonte/banco_mestre_unificado.csv,MASTER_UNIFIED,VYAFMQUODGEBLO-UHFFFAOYSA-N,0,0,0,0,0,1
LEGACY-INCHIKEY-VYCGKTCARQEQJI-UHFFFAOYSA-N,VYCGKTCARQEQJI-UHFFFAOYSA-N,formolecular/novo_horizonte/banco_mestre_unificado.csv,MASTER_UNIFIED,VYCGKTCARQEQJI-UHFFFAOYSA-N,0,0,0,0,0,1
LEGACY-INCHIKEY-VYKIGHQTSJMDSJ-UHFFFAOYSA-N,VYKIGHQTSJMDSJ-UHFFFAOYSA-N,formolecular/novo_horizonte/banco_mestre_unificado.csv,MASTER_UNIFIED,VYKIGHQTSJMDSJ-UHFFFAOYSA-N,0,0,0,0,0,1
LEGACY-INCHIKEY-VYNFOUYLEKDQAW-UHFFFAOYSA-N,VYNFOUYLEKDQAW-UHFFFAOYSA-N,formolecular/novo_horizonte/banco_mestre_unificado.csv,MASTER_UNIFIED,VYNFOUYLEKDQAW-UHFFFAOYSA-N,0,0,0,0,0,1
LEGACY-INCHIKEY-VYTCJTVKVJBGKV-UHFFFAOYSA-N,VYTCJTVKVJBGKV-UHFFFAOYSA-N,formolecular/novo_horizonte/banco_mestre_unificado.csv,MASTER_UNIFIED,VYTCJTVKVJBGKV-UHFFFAOYSA-N,0,0,0,0,0,1
LEGACY-INCHIKEY-VYUYSJASKYPECK-UHFFFAOYSA-N,VYUYSJASKYPECK-UHFFFAOYSA-N,formolecular/novo_horizonte/banco_mestre_unificado.csv,MASTER_UNIFIED,VYUYSJASKYPECK-UHFFFAOYSA-N,0,0,0,0,0,1
LEGACY-INCHIKEY-VYXHMNWIDBQLLV-UHFFFAOYSA-N,VYXHMNWIDBQLLV-UHFFFAOYSA-N,formolecular/novo_horizonte/banco_mestre_unificado.csv,MASTER_UNIFIED,VYXHMNWIDBQLLV-UHFFFAOYSA-N,0,0,0,0,0,1
LEGACY-INCHIKEY-VZDVLKMALDNZSW-UHFFFAOYSA-N,VZDVLKMALDNZSW-UHFFFAOYSA-N,formolecular/novo_horizonte/banco_mestre_unificado.csv,MASTER_UNIFIED,VZDVLKMALDNZSW-UHFFFAOYSA-N,0,0,0,0,0,1
LEGACY-INCHIKEY-VZXXCROOILHTGG-UHFFFAOYSA-N,VZXXCROOILHTGG-UHFFFAOYSA-N,formolecular/novo_horizonte/banco_mestre_unificado.csv,MASTER_UNIFIED,VZXXCROOILHTGG-UHFFFAOYSA-N,0,0,0,0,0,1
LEGACY-INCHIKEY-WAEZNJCGIGOXHS-UHFFFAOYSA-N,WAEZNJCGIGOXHS-UHFFFAOYSA-N,formolecular/novo_horizonte/banco_mestre_unificado.csv,MASTER_UNIFIED,WAEZNJCGIGOXHS-UHFFFAOYSA-N,0,0,0,0,0,1
LEGACY-INCHIKEY-WAMPHRNFWPZDBT-UHFFFAOYSA-N,WAMPHRNFWPZDBT-UHFFFAOYSA-N,formolecular/novo_horizonte/banco_mestre_unificado.csv,MASTER_UNIFIED,WAMPHRNFWPZDBT-UHFFFAOYSA-N,0,0,0,0,0,1
LEGACY-INCHIKEY-WAOMADVMJCRJSD-UHFFFAOYSA-N,WAOMADVMJCRJSD-UHFFFAOYSA-N,formolecular/novo_horizonte/banco_mestre_unificado.csv,MASTER_UNIFIED,WAOMADVMJCRJSD-UHFFFAOYSA-N,0,0,0,0,0,1
LEGACY-INCHIKEY-WBTQWONSIKUGFV-UHFFFAOYSA-N,WBTQWONSIKUGFV-UHFFFAOYSA-N,formolecular/novo_horizonte/banco_mestre_unificado.csv,MASTER_UNIFIED,WBTQWONSIKUGFV-UHFFFAOYSA-N,0,0,0,0,0,1
LEGACY-INCHIKEY-WBWPORVGLFUFQI-UHFFFAOYSA-N,WBWPORVGLFUFQI-UHFFFAOYSA-N,formolecular/novo_horizonte/banco_mestre_unificado.csv,MASTER_UNIFIED,WBWPORVGLFUFQI-UHFFFAOYSA-N,0,0,0,0,0,1
LEGACY-INCHIKEY-WBXIAXGALVRRAA-UHFFFAOYSA-N,WBXIAXGALVRRAA-UHFFFAOYSA-N,formolecular/novo_horizonte/banco_mestre_unificado.csv,MASTER_UNIFIED,WBXIAXGALVRRAA-UHFFFAOYSA-N,0,0,0,0,0,1
LEGACY-INCHIKEY-WCANUICGAIYIRL-UHFFFAOYSA-N,WCANUICGAIYIRL-UHFFFAOYSA-N,formolecular/novo_horizonte/banco_mestre_unificado.csv,MASTER_UNIFIED,WCANUICGAIYIRL-UHFFFAOYSA-N,0,0,0,0,0,1
LEGACY-INCHIKEY-WCFHFLQLDCRORA-UHFFFAOYSA-N,WCFHFLQLDCRORA-UHFFFAOYSA-N,formolecular/novo_horizonte/banco_mestre_unificado.csv,MASTER_UNIFIED,WCFHFLQLDCRORA-UHFFFAOYSA-N,0,0,0,0,0,1
LEGACY-INCHIKEY-WCGGZNKAGAJDFR-UHFFFAOYSA-N,WCGGZNKAGAJDFR-UHFFFAOYSA-N,formolecular/novo_horizonte/banco_mestre_unificado.csv,MASTER_UNIFIED,WCGGZNKAGAJDFR-UHFFFAOYSA-N,0,0,0,0,0,1
LEGACY-INCHIKEY-WCGRYNOYGMXBAI-UHFFFAOYSA-N,WCGRYNOYGMXBAI-UHFFFAOYSA-N,formolecular/novo_horizonte/banco_mestre_unificado.csv,MASTER_UNIFIED,WCGRYNOYGMXBAI-UHFFFAOYSA-N,0,0,0,0,0,1
LEGACY-INCHIKEY-WCNBHXXVWJXIJC-UHFFFAOYSA-N,WCNBHXXVWJXIJC-UHFFFAOYSA-N,formolecular/novo_horizonte/banco_mestre_unificado.csv,MASTER_UNIFIED,WCNBHXXVWJXIJC-UHFFFAOYSA-N,0,0,0,0,0,1
LEGACY-INCHIKEY-WCUNDMYNNNHOPC-UHFFFAOYSA-N,WCUNDMYNNNHOPC-UHFFFAOYSA-N,formolecular/novo_horizonte/banco_mestre_unificado.csv,MASTER_UNIFIED,WCUNDMYNNNHOPC-UHFFFAOYSA-N,0,0,0,0,0,1
LEGACY-INCHIKEY-WCVUDYLOEXSUKJ-UHFFFAOYSA-N,WCVUDYLOEXSUKJ-UHFFFAOYSA-N,formolecular/novo_horizonte/banco_mestre_unificado.csv,MASTER_UNIFIED,WCVUDYLOEXSUKJ-UHFFFAOYSA-N,0,0,0,0,0,1
LEGACY-INCHIKEY-WCZYOIGEHKCAAG-UHFFFAOYSA-N,WCZYOIGEHKCAAG-UHFFFAOYSA-N,formolecular/novo_horizonte/banco_mestre_unificado.csv,MASTER_UNIFIED,WCZYOIGEHKCAAG-UHFFFAOYSA-N,0,0,0,0,0,1
LEGACY-INCHIKEY-WDIRJIQNWJNBFE-UHFFFAOYSA-N,WDIRJIQNWJNBFE-UHFFFAOYSA-N,formolecular/novo_horizonte/banco_mestre_unificado.csv,MASTER_UNIFIED,WDIRJIQNWJNBFE-UHFFFAOYSA-N,0,0,0,0,0,1
LEGACY-INCHIKEY-WDJGMJBYLGYXEY-UHFFFAOYSA-N,WDJGMJBYLGYXEY-UHFFFAOYSA-N,formolecular/novo_horizonte/banco_mestre_unificado.csv,MASTER_UNIFIED,WDJGMJBYLGYXEY-UHFFFAOYSA-N,0,0,0,0,0,1
LEGACY-INCHIKEY-WDMAHYDIZOWCAL-UHFFFAOYSA-N,WDMAHYDIZOWCAL-UHFFFAOYSA-N,formolecular/novo_horizonte/banco_mestre_unificado.csv,MASTER_UNIFIED,WDMAHYDIZOWCAL-UHFFFAOYSA-N,0,0,0,0,0,1
LEGACY-INCHIKEY-WDMXMKYTFIXPQA-UHFFFAOYSA-N,WDMXMKYTFIXPQA-UHFFFAOYSA-N,formolecular/novo_horizonte/banco_mestre_unificado.csv,MASTER_UNIFIED,WDMXMKYTFIXPQA-UHFFFAOYSA-N,0,0,0,0,0,1
LEGACY-INCHIKEY-WDNDKIUUOFLDTM-UHFFFAOYSA-N,WDNDKIUUOFLDTM-UHFFFAOYSA-N,formolecular/novo_horizonte/banco_mestre_unificado.csv,MASTER_UNIFIED,WDNDKIUUOFLDTM-UHFFFAOYSA-N,0,0,0,0,0,1
LEGACY-INCHIKEY-WDUTXRRIPXDJKT-UHFFFAOYSA-N,WDUTXRRIPXDJKT-UHFFFAOYSA-N,formolecular/novo_horizonte/banco_mestre_unificado.csv,MASTER_UNIFIED,WDUTXRRIPXDJKT-UHFFFAOYSA-N,0,0,0,0,0,1
LEGACY-INCHIKEY-WEDUEHZEVMPGJP-UHFFFAOYSA-N,WEDUEHZEVMPGJP-UHFFFAOYSA-N,formolecular/novo_horizonte/banco_mestre_unificado.csv,MASTER_UNIFIED,WEDUEHZEVMPGJP-UHFFFAOYSA-N,0,0,0,0,0,1
LEGACY-INCHIKEY-WEHLODWXQFSBPE-UHFFFAOYSA-N,WEHLODWXQFSBPE-UHFFFAOYSA-N,formolecular/novo_horizonte/banco_mestre_unificado.csv,MASTER_UNIFIED,WEHLODWXQFSBPE-UHFFFAOYSA-N,0,0,0,0,0,1
LEGACY-INCHIKEY-WEOYWRMJXYWCSJ-UHFFFAOYSA-N,WEOYWRMJXYWCSJ-UHFFFAOYSA-N,formolecular/novo_horizonte/banco_mestre_unificado.csv,MASTER_UNIFIED,WEOYWRMJXYWCSJ-UHFFFAOYSA-N,0,0,0,0,0,1
LEGACY-INCHIKEY-WESOOTRVJPHSKL-UHFFFAOYSA-N,WESOOTRVJPHSKL-UHFFFAOYSA-N,formolecular/csv_elite_farma/RANKING_FARMACOS_ELITE_ADMET.csv,FARMA_ELITE,WESOOTRVJPHSKL-UHFFFAOYSA-N,0,1,0,0,0,0
LEGACY-INCHIKEY-WESZIJCYESDZTA-UHFFFAOYSA-N,WESZIJCYESDZTA-UHFFFAOYSA-N,formolecular/novo_horizonte/banco_mestre_unificado.csv,MASTER_UNIFIED,WESZIJCYESDZTA-UHFFFAOYSA-N,0,0,0,0,0,1
LEGACY-INCHIKEY-WEUOFIFATRKISC-UHFFFAOYSA-N,WEUOFIFATRKISC-UHFFFAOYSA-N,formolecular/novo_horizonte/banco_mestre_unificado.csv,MASTER_UNIFIED,WEUOFIFATRKISC-UHFFFAOYSA-N,0,0,0,0,0,1
LEGACY-INCHIKEY-WEVNBCYALSDWJV-UHFFFAOYSA-N,WEVNBCYALSDWJV-UHFFFAOYSA-N,formolecular/novo_horizonte/banco_mestre_unificado.csv,MASTER_UNIFIED,WEVNBCYALSDWJV-UHFFFAOYSA-N,0,0,0,0,0,1
LEGACY-INCHIKEY-WFBDPIKWLQJWNF-UHFFFAOYSA-N,WFBDPIKWLQJWNF-UHFFFAOYSA-N,formolecular/novo_horizonte/banco_mestre_unificado.csv,MASTER_UNIFIED,WFBDPIKWLQJWNF-UHFFFAOYSA-N,0,0,0,0,0,1
LEGACY-INCHIKEY-WFBIRXXSPWOFNE-UHFFFAOYSA-N,WFBIRXXSPWOFNE-UHFFFAOYSA-N,formolecular/novo_horizonte/banco_mestre_unificado.csv,MASTER_UNIFIED,WFBIRXXSPWOFNE-UHFFFAOYSA-N,0,0,0,0,0,1
LEGACY-INCHIKEY-WFHBRHBIPCPCCX-UHFFFAOYSA-N,WFHBRHBIPCPCCX-UHFFFAOYSA-N,formolecular/novo_horizonte/banco_mestre_unificado.csv,MASTER_UNIFIED,WFHBRHBIPCPCCX-UHFFFAOYSA-N,0,0,0,0,0,1
LEGACY-INCHIKEY-WFLIGPLYIPFSGW-UHFFFAOYSA-N,WFLIGPLYIPFSGW-UHFFFAOYSA-N,formolecular/novo_horizonte/banco_mestre_unificado.csv,MASTER_UNIFIED,WFLIGPLYIPFSGW-UHFFFAOYSA-N,0,0,0,0,0,1
LEGACY-INCHIKEY-WFOPJMPYWBGIHK-UHFFFAOYSA-N,WFOPJMPYWBGIHK-UHFFFAOYSA-N,formolecular/novo_horizonte/banco_mestre_unificado.csv,MASTER_UNIFIED,WFOPJMPYWBGIHK-UHFFFAOYSA-N,0,0,0,0,0,1
LEGACY-INCHIKEY-WFUGWMKCLKZQQC-UHFFFAOYSA-N,WFUGWMKCLKZQQC-UHFFFAOYSA-N,formolecular/novo_horizonte/banco_mestre_unificado.csv,MASTER_UNIFIED,WFUGWMKCLKZQQC-UHFFFAOYSA-N,0,0,0,0,0,1
LEGACY-INCHIKEY-WFUGWWUHGPPYAZ-UHFFFAOYSA-N,WFUGWWUHGPPYAZ-UHFFFAOYSA-N,formolecular/novo_horizonte/banco_mestre_unificado.csv,MASTER_UNIFIED,WFUGWWUHGPPYAZ-UHFFFAOYSA-N,0,0,0,0,0,1
LEGACY-INCHIKEY-WGEFZQWPYYLRRZ-UHFFFAOYSA-N,WGEFZQWPYYLRRZ-UHFFFAOYSA-N,formolecular/novo_horizonte/banco_mestre_unificado.csv,MASTER_UNIFIED,WGEFZQWPYYLRRZ-UHFFFAOYSA-N,0,0,0,0,0,1
LEGACY-INCHIKEY-WGLWOKHIZCKBHG-UHFFFAOYSA-N,WGLWOKHIZCKBHG-UHFFFAOYSA-N,formolecular/novo_horizonte/banco_mestre_unificado.csv,MASTER_UNIFIED,WGLWOKHIZCKBHG-UHFFFAOYSA-N,0,0,0,0,0,1
LEGACY-INCHIKEY-WGTMBLZMMHUXHX-UHFFFAOYSA-N,WGTMBLZMMHUXHX-UHFFFAOYSA-N,formolecular/novo_horizonte/banco_mestre_unificado.csv,MASTER_UNIFIED,WGTMBLZMMHUXHX-UHFFFAOYSA-N,0,0,0,0,0,1
LEGACY-INCHIKEY-WGTNDXNSGOAVGK-UHFFFAOYSA-N,WGTNDXNSGOAVGK-UHFFFAOYSA-N,formolecular/novo_horizonte/banco_mestre_unificado.csv,MASTER_UNIFIED,WGTNDXNSGOAVGK-UHFFFAOYSA-N,0,0,0,0,0,1
LEGACY-INCHIKEY-WGUPPLUUNITZCH-UHFFFAOYSA-N,WGUPPLUUNITZCH-UHFFFAOYSA-N,formolecular/novo_horizonte/banco_mestre_unificado.csv,MASTER_UNIFIED,WGUPPLUUNITZCH-UHFFFAOYSA-N,0,0,0,0,0,1
LEGACY-INCHIKEY-WHCRCXDJPJMDCD-UHFFFAOYSA-N,WHCRCXDJPJMDCD-UHFFFAOYSA-N,formolecular/novo_horizonte/banco_mestre_unificado.csv,MASTER_UNIFIED,WHCRCXDJPJMDCD-UHFFFAOYSA-N,0,0,0,0,0,1
LEGACY-INCHIKEY-WHLCNHXAACXZKK-UHFFFAOYSA-N,WHLCNHXAACXZKK-UHFFFAOYSA-N,formolecular/novo_horizonte/banco_mestre_unificado.csv,MASTER_UNIFIED,WHLCNHXAACXZKK-UHFFFAOYSA-N,0,0,0,0,0,1
LEGACY-INCHIKEY-WHVAQUDYSMZKAE-UHFFFAOYSA-N,WHVAQUDYSMZKAE-UHFFFAOYSA-N,formolecular/novo_horizonte/banco_mestre_unificado.csv,MASTER_UNIFIED,WHVAQUDYSMZKAE-UHFFFAOYSA-N,0,0,0,0,0,1
LEGACY-INCHIKEY-WHWRPQWXPZWOBR-UHFFFAOYSA-N,WHWRPQWXPZWOBR-UHFFFAOYSA-N,formolecular/novo_horizonte/banco_mestre_unificado.csv,MASTER_UNIFIED,WHWRPQWXPZWOBR-UHFFFAOYSA-N,0,0,0,0,0,1
LEGACY-INCHIKEY-WIBMSSLDOFLDFP-UHFFFAOYSA-N,WIBMSSLDOFLDFP-UHFFFAOYSA-N,formolecular/novo_horizonte/banco_mestre_unificado.csv,MASTER_UNIFIED,WIBMSSLDOFLDFP-UHFFFAOYSA-N,0,0,0,0,0,1
LEGACY-INCHIKEY-WIGDEPJKWOWZRB-UHFFFAOYSA-N,WIGDEPJKWOWZRB-UHFFFAOYSA-N,formolecular/novo_horizonte/banco_mestre_unificado.csv,MASTER_UNIFIED,WIGDEPJKWOWZRB-UHFFFAOYSA-N,0,0,0,0,0,1
LEGACY-INCHIKEY-WIIGQUYGKVMMBH-UHFFFAOYSA-N,WIIGQUYGKVMMBH-UHFFFAOYSA-N,formolecular/novo_horizonte/banco_mestre_unificado.csv,MASTER_UNIFIED,WIIGQUYGKVMMBH-UHFFFAOYSA-N,0,0,0,0,0,1
LEGACY-INCHIKEY-WISHFNAXMDYYMM-UHFFFAOYSA-N,WISHFNAXMDYYMM-UHFFFAOYSA-N,formolecular/novo_horizonte/banco_mestre_unificado.csv,MASTER_UNIFIED,WISHFNAXMDYYMM-UHFFFAOYSA-N,0,0,0,0,0,1
LEGACY-INCHIKEY-WJISFQNPAMFOKA-UHFFFAOYSA-N,WJISFQNPAMFOKA-UHFFFAOYSA-N,formolecular/novo_horizonte/banco_mestre_unificado.csv,MASTER_UNIFIED,WJISFQNPAMFOKA-UHFFFAOYSA-N,0,0,0,0,0,1
LEGACY-INCHIKEY-WJIXALMQYFOFAC-UHFFFAOYSA-N,WJIXALMQYFOFAC-UHFFFAOYSA-N,formolecular/novo_horizonte/banco_mestre_unificado.csv,MASTER_UNIFIED,WJIXALMQYFOFAC-UHFFFAOYSA-N,0,0,0,0,0,1
LEGACY-INCHIKEY-WKBALHBIKOMNNL-UHFFFAOYSA-N,WKBALHBIKOMNNL-UHFFFAOYSA-N,formolecular/csv_elite_farma/RANKING_FARMACOS_ELITE_ADMET.csv,FARMA_ELITE,WKBALHBIKOMNNL-UHFFFAOYSA-N,0,1,0,0,0,0
LEGACY-INCHIKEY-WKCLZPAXFXCTLY-UHFFFAOYSA-N,WKCLZPAXFXCTLY-UHFFFAOYSA-N,formolecular/novo_horizonte/banco_mestre_unificado.csv,MASTER_UNIFIED,WKCLZPAXFXCTLY-UHFFFAOYSA-N,0,0,0,0,0,1
LEGACY-INCHIKEY-WKCOOMNTROEPQW-UHFFFAOYSA-N,WKCOOMNTROEPQW-UHFFFAOYSA-N,formolecular/novo_horizonte/banco_mestre_unificado.csv,MASTER_UNIFIED,WKCOOMNTROEPQW-UHFFFAOYSA-N,0,0,0,0,0,1
LEGACY-INCHIKEY-WKKNUZVJWOXLHV-UHFFFAOYSA-N,WKKNUZVJWOXLHV-UHFFFAOYSA-N,formolecular/novo_horizonte/banco_mestre_unificado.csv,MASTER_UNIFIED,WKKNUZVJWOXLHV-UHFFFAOYSA-N,0,0,0,0,0,1
LEGACY-INCHIKEY-WKQRRBSCRYFKMG-UHFFFAOYSA-N,WKQRRBSCRYFKMG-UHFFFAOYSA-N,formolecular/novo_horizonte/banco_mestre_unificado.csv,MASTER_UNIFIED,WKQRRBSCRYFKMG-UHFFFAOYSA-N,0,0,0,0,0,1
LEGACY-INCHIKEY-WKUBTAAGSUWFOU-UHFFFAOYSA-N,WKUBTAAGSUWFOU-UHFFFAOYSA-N,formolecular/novo_horizonte/banco_mestre_unificado.csv,MASTER_UNIFIED,WKUBTAAGSUWFOU-UHFFFAOYSA-N,0,0,0,0,0,1
LEGACY-INCHIKEY-WLGLTJXGECIKFP-UHFFFAOYSA-N,WLGLTJXGECIKFP-UHFFFAOYSA-N,formolecular/novo_horizonte/banco_mestre_unificado.csv,MASTER_UNIFIED,WLGLTJXGECIKFP-UHFFFAOYSA-N,0,0,0,0,0,1
LEGACY-INCHIKEY-WLHGRINZRYTLJW-UHFFFAOYSA-N,WLHGRINZRYTLJW-UHFFFAOYSA-N,formolecular/novo_horizonte/banco_mestre_unificado.csv,MASTER_UNIFIED,WLHGRINZRYTLJW-UHFFFAOYSA-N,0,0,0,0,0,1
LEGACY-INCHIKEY-WLIDKKMXYQLJEM-UHFFFAOYSA-N,WLIDKKMXYQLJEM-UHFFFAOYSA-N,formolecular/novo_horizonte/banco_mestre_unificado.csv,MASTER_UNIFIED,WLIDKKMXYQLJEM-UHFFFAOYSA-N,0,0,0,0,0,1
LEGACY-INCHIKEY-WLKXDTZVGLSKIA-UHFFFAOYSA-N,WLKXDTZVGLSKIA-UHFFFAOYSA-N,formolecular/novo_horizonte/banco_mestre_unificado.csv,MASTER_UNIFIED,WLKXDTZVGLSKIA-UHFFFAOYSA-N,0,0,0,0,0,1
LEGACY-INCHIKEY-WLOMSEZVVKWRIO-UHFFFAOYSA-N,WLOMSEZVVKWRIO-UHFFFAOYSA-N,formolecular/novo_horizonte/banco_mestre_unificado.csv,MASTER_UNIFIED,WLOMSEZVVKWRIO-UHFFFAOYSA-N,0,0,0,0,0,1
LEGACY-INCHIKEY-WLUCYFIWKIEDSI-UHFFFAOYSA-N,WLUCYFIWKIEDSI-UHFFFAOYSA-N,formolecular/novo_horizonte/banco_mestre_unificado.csv,MASTER_UNIFIED,WLUCYFIWKIEDSI-UHFFFAOYSA-N,0,0,0,0,0,1
LEGACY-INCHIKEY-WLVFDPJSXCRCFD-UHFFFAOYSA-N,WLVFDPJSXCRCFD-UHFFFAOYSA-N,formolecular/novo_horizonte/banco_mestre_unificado.csv,MASTER_UNIFIED,WLVFDPJSXCRCFD-UHFFFAOYSA-N,0,0,0,0,0,1
LEGACY-INCHIKEY-WLYHVYSQSXVZIJ-UHFFFAOYSA-N,WLYHVYSQSXVZIJ-UHFFFAOYSA-N,formolecular/novo_horizonte/banco_mestre_unificado.csv,MASTER_UNIFIED,WLYHVYSQSXVZIJ-UHFFFAOYSA-N,0,0,0,0,0,1
LEGACY-INCHIKEY-WLZHKUDIGXQSMU-UHFFFAOYSA-N,WLZHKUDIGXQSMU-UHFFFAOYSA-N,formolecular/novo_horizonte/banco_mestre_unificado.csv,MASTER_UNIFIED,WLZHKUDIGXQSMU-UHFFFAOYSA-N,0,0,0,0,0,1
LEGACY-INCHIKEY-WMBHUVJXPJWSNK-UHFFFAOYSA-N,WMBHUVJXPJWSNK-UHFFFAOYSA-N,formolecular/novo_horizonte/banco_mestre_unificado.csv,MASTER_UNIFIED,WMBHUVJXPJWSNK-UHFFFAOYSA-N,0,0,0,0,0,1
LEGACY-INCHIKEY-WMIPOPRJTNRHPA-UHFFFAOYSA-N,WMIPOPRJTNRHPA-UHFFFAOYSA-N,formolecular/novo_horizonte/banco_mestre_unificado.csv,MASTER_UNIFIED,WMIPOPRJTNRHPA-UHFFFAOYSA-N,0,0,0,0,0,1
LEGACY-INCHIKEY-WMKMFVQQSUMVDG-UHFFFAOYSA-N,WMKMFVQQSUMVDG-UHFFFAOYSA-N,formolecular/novo_horizonte/banco_mestre_unificado.csv,MASTER_UNIFIED,WMKMFVQQSUMVDG-UHFFFAOYSA-N,0,0,0,0,0,1
LEGACY-INCHIKEY-WMWLMZKXRCEDBW-UHFFFAOYSA-N,WMWLMZKXRCEDBW-UHFFFAOYSA-N,formolecular/novo_horizonte/banco_mestre_unificado.csv,MASTER_UNIFIED,WMWLMZKXRCEDBW-UHFFFAOYSA-N,0,0,0,0,0,1
LEGACY-INCHIKEY-WNDJRBHTINICNP-UHFFFAOYSA-N,WNDJRBHTINICNP-UHFFFAOYSA-N,formolecular/novo_horizonte/banco_mestre_unificado.csv,MASTER_UNIFIED,WNDJRBHTINICNP-UHFFFAOYSA-N,0,0,0,0,0,1
LEGACY-INCHIKEY-WNDNSRKSEVSNBD-UHFFFAOYSA-N,WNDNSRKSEVSNBD-UHFFFAOYSA-N,formolecular/novo_horizonte/banco_mestre_unificado.csv,MASTER_UNIFIED,WNDNSRKSEVSNBD-UHFFFAOYSA-N,0,0,0,0,0,1
LEGACY-INCHIKEY-WNJWJYUAQJTCGQ-UHFFFAOYSA-N,WNJWJYUAQJTCGQ-UHFFFAOYSA-N,formolecular/novo_horizonte/banco_mestre_unificado.csv,MASTER_UNIFIED,WNJWJYUAQJTCGQ-UHFFFAOYSA-N,0,0,0,0,0,1
LEGACY-INCHIKEY-WNLMHMGCABPNEP-UHFFFAOYSA-N,WNLMHMGCABPNEP-UHFFFAOYSA-N,formolecular/novo_horizonte/banco_mestre_unificado.csv,MASTER_UNIFIED,WNLMHMGCABPNEP-UHFFFAOYSA-N,0,0,0,0,0,1
LEGACY-INCHIKEY-WNMJEXVVHULWTB-UHFFFAOYSA-N,WNMJEXVVHULWTB-UHFFFAOYSA-N,formolecular/novo_horizonte/banco_mestre_unificado.csv,MASTER_UNIFIED,WNMJEXVVHULWTB-UHFFFAOYSA-N,0,0,0,0,0,1
LEGACY-INCHIKEY-WOBHKBRGECCIMQ-UHFFFAOYSA-N,WOBHKBRGECCIMQ-UHFFFAOYSA-N,formolecular/novo_horizonte/banco_mestre_unificado.csv,MASTER_UNIFIED,WOBHKBRGECCIMQ-UHFFFAOYSA-N,0,0,0,0,0,1
LEGACY-INCHIKEY-WOCWEGQAVQJUKC-UHFFFAOYSA-N,WOCWEGQAVQJUKC-UHFFFAOYSA-N,formolecular/novo_horizonte/banco_mestre_unificado.csv,MASTER_UNIFIED,WOCWEGQAVQJUKC-UHFFFAOYSA-N,0,0,0,0,0,1
LEGACY-INCHIKEY-WOFHVEKCDUJANM-UHFFFAOYSA-N,WOFHVEKCDUJANM-UHFFFAOYSA-N,formolecular/novo_horizonte/banco_mestre_unificado.csv,MASTER_UNIFIED,WOFHVEKCDUJANM-UHFFFAOYSA-N,0,0,0,0,0,1
LEGACY-INCHIKEY-WOMOXIYHYOYAHO-UHFFFAOYSA-N,WOMOXIYHYOYAHO-UHFFFAOYSA-N,formolecular/novo_horizonte/banco_mestre_unificado.csv,MASTER_UNIFIED,WOMOXIYHYOYAHO-UHFFFAOYSA-N,0,0,0,0,0,1
LEGACY-INCHIKEY-WOQJHCNWJHNALJ-UHFFFAOYSA-N,WOQJHCNWJHNALJ-UHFFFAOYSA-N,formolecular/novo_horizonte/banco_mestre_unificado.csv,MASTER_UNIFIED,WOQJHCNWJHNALJ-UHFFFAOYSA-N,0,0,0,0,0,1
LEGACY-INCHIKEY-WORVZXQCCMTTSR-UHFFFAOYSA-N,WORVZXQCCMTTSR-UHFFFAOYSA-N,formolecular/novo_horizonte/banco_mestre_unificado.csv,MASTER_UNIFIED,WORVZXQCCMTTSR-UHFFFAOYSA-N,0,0,0,0,0,1
LEGACY-INCHIKEY-WOSPDYJGFAVSAW-UHFFFAOYSA-N,WOSPDYJGFAVSAW-UHFFFAOYSA-N,formolecular/novo_horizonte/banco_mestre_unificado.csv,MASTER_UNIFIED,WOSPDYJGFAVSAW-UHFFFAOYSA-N,0,0,0,0,0,1
LEGACY-INCHIKEY-WOSYBHPSSPHBDG-UHFFFAOYSA-N,WOSYBHPSSPHBDG-UHFFFAOYSA-N,formolecular/novo_horizonte/banco_mestre_unificado.csv,MASTER_UNIFIED,WOSYBHPSSPHBDG-UHFFFAOYSA-N,0,0,0,0,0,1
LEGACY-INCHIKEY-WOTDCWZNGMFVNE-UHFFFAOYSA-N,WOTDCWZNGMFVNE-UHFFFAOYSA-N,formolecular/novo_horizonte/banco_mestre_unificado.csv,MASTER_UNIFIED,WOTDCWZNGMFVNE-UHFFFAOYSA-N,0,0,0,0,0,1
LEGACY-INCHIKEY-WOUWYUFFELFIGS-UHFFFAOYSA-N,WOUWYUFFELFIGS-UHFFFAOYSA-N,formolecular/novo_horizonte/banco_mestre_unificado.csv,MASTER_UNIFIED,WOUWYUFFELFIGS-UHFFFAOYSA-N,0,0,0,0,0,1
LEGACY-INCHIKEY-WOUYLDPKKBVIGT-UHFFFAOYSA-N,WOUYLDPKKBVIGT-UHFFFAOYSA-N,formolecular/novo_horizonte/banco_mestre_unificado.csv,MASTER_UNIFIED,WOUYLDPKKBVIGT-UHFFFAOYSA-N,0,0,0,0,0,1
LEGACY-INCHIKEY-WPCPSJOACJSKBO-UHFFFAOYSA-N,WPCPSJOACJSKBO-UHFFFAOYSA-N,formolecular/novo_horizonte/banco_mestre_unificado.csv,MASTER_UNIFIED,WPCPSJOACJSKBO-UHFFFAOYSA-N,0,0,0,0,0,1
LEGACY-INCHIKEY-WPDIRBWVVGUUEQ-UHFFFAOYSA-N,WPDIRBWVVGUUEQ-UHFFFAOYSA-N,formolecular/novo_horizonte/banco_mestre_unificado.csv,MASTER_UNIFIED,WPDIRBWVVGUUEQ-UHFFFAOYSA-N,0,0,0,0,0,1
LEGACY-INCHIKEY-WPIDSJQWAXCFPQ-UHFFFAOYSA-N,WPIDSJQWAXCFPQ-UHFFFAOYSA-N,formolecular/novo_horizonte/banco_mestre_unificado.csv,MASTER_UNIFIED,WPIDSJQWAXCFPQ-UHFFFAOYSA-N,0,0,0,0,0,1
LEGACY-INCHIKEY-WPPLWRWUQUHPSK-UHFFFAOYSA-N,WPPLWRWUQUHPSK-UHFFFAOYSA-N,formolecular/novo_horizonte/banco_mestre_unificado.csv,MASTER_UNIFIED,WPPLWRWUQUHPSK-UHFFFAOYSA-N,0,0,0,0,0,1
LEGACY-INCHIKEY-WPUBTKLETPDZED-UHFFFAOYSA-N,WPUBTKLETPDZED-UHFFFAOYSA-N,formolecular/novo_horizonte/top10_validado_4EY7.csv,NH_VALIDATED_4EY7;NH_ISOLATED;MASTER_UNIFIED,WPUBTKLETPDZED-UHFFFAOYSA-N,0,0,0,1,1,1
LEGACY-INCHIKEY-WPXVVXOYDASCAF-UHFFFAOYSA-N,WPXVVXOYDASCAF-UHFFFAOYSA-N,formolecular/novo_horizonte/banco_mestre_unificado.csv,MASTER_UNIFIED,WPXVVXOYDASCAF-UHFFFAOYSA-N,0,0,0,0,0,1
LEGACY-INCHIKEY-WQAICLIWXZYDED-UHFFFAOYSA-N,WQAICLIWXZYDED-UHFFFAOYSA-N,formolecular/novo_horizonte/banco_mestre_unificado.csv,MASTER_UNIFIED,WQAICLIWXZYDED-UHFFFAOYSA-N,0,0,0,0,0,1
LEGACY-INCHIKEY-WQBCZTUSIWRNDW-UHFFFAOYSA-N,WQBCZTUSIWRNDW-UHFFFAOYSA-N,formolecular/novo_horizonte/banco_mestre_unificado.csv,MASTER_UNIFIED,WQBCZTUSIWRNDW-UHFFFAOYSA-N,0,0,0,0,0,1
LEGACY-INCHIKEY-WQIMJHXKKWIXAB-UHFFFAOYSA-N,WQIMJHXKKWIXAB-UHFFFAOYSA-N,formolecular/novo_horizonte/banco_mestre_unificado.csv,MASTER_UNIFIED,WQIMJHXKKWIXAB-UHFFFAOYSA-N,0,0,0,0,0,1
LEGACY-INCHIKEY-WQOMIYKQRZUICS-UHFFFAOYSA-N,WQOMIYKQRZUICS-UHFFFAOYSA-N,formolecular/novo_horizonte/banco_mestre_unificado.csv,MASTER_UNIFIED,WQOMIYKQRZUICS-UHFFFAOYSA-N,0,0,0,0,0,1
LEGACY-INCHIKEY-WQPDBGYUNIUYOR-UHFFFAOYSA-N,WQPDBGYUNIUYOR-UHFFFAOYSA-N,formolecular/novo_horizonte/banco_mestre_unificado.csv,MASTER_UNIFIED,WQPDBGYUNIUYOR-UHFFFAOYSA-N,0,0,0,0,0,1
LEGACY-INCHIKEY-WQPXGVOFALXVSI-UHFFFAOYSA-N,WQPXGVOFALXVSI-UHFFFAOYSA-N,formolecular/novo_horizonte/banco_mestre_unificado.csv,MASTER_UNIFIED,WQPXGVOFALXVSI-UHFFFAOYSA-N,0,0,0,0,0,1
LEGACY-INCHIKEY-WQRBZRBOIKOAIC-UHFFFAOYSA-N,WQRBZRBOIKOAIC-UHFFFAOYSA-N,formolecular/novo_horizonte/banco_mestre_unificado.csv,MASTER_UNIFIED,WQRBZRBOIKOAIC-UHFFFAOYSA-N,0,0,0,0,0,1
LEGACY-INCHIKEY-WQSSFXOGBBVFDO-UHFFFAOYSA-N,WQSSFXOGBBVFDO-UHFFFAOYSA-N,formolecular/novo_horizonte/banco_mestre_unificado.csv,MASTER_UNIFIED,WQSSFXOGBBVFDO-UHFFFAOYSA-N,0,0,0,0,0,1
LEGACY-INCHIKEY-WRIVOPVOSFFLHJ-UHFFFAOYSA-N,WRIVOPVOSFFLHJ-UHFFFAOYSA-N,formolecular/novo_horizonte/banco_mestre_unificado.csv,MASTER_UNIFIED,WRIVOPVOSFFLHJ-UHFFFAOYSA-N,0,0,0,0,0,1
LEGACY-INCHIKEY-WRNGJDJYTIFTSG-UHFFFAOYSA-N,WRNGJDJYTIFTSG-UHFFFAOYSA-N,formolecular/novo_horizonte/banco_mestre_unificado.csv,MASTER_UNIFIED,WRNGJDJYTIFTSG-UHFFFAOYSA-N,0,0,0,0,0,1
LEGACY-INCHIKEY-WRSGPXJZQATOGE-UHFFFAOYSA-N,WRSGPXJZQATOGE-UHFFFAOYSA-N,formolecular/novo_horizonte/banco_mestre_unificado.csv,MASTER_UNIFIED,WRSGPXJZQATOGE-UHFFFAOYSA-N,0,0,0,0,0,1
LEGACY-INCHIKEY-WRVQDCXXQQXSOO-UHFFFAOYSA-N,WRVQDCXXQQXSOO-UHFFFAOYSA-N,formolecular/novo_horizonte/banco_mestre_unificado.csv,MASTER_UNIFIED,WRVQDCXXQQXSOO-UHFFFAOYSA-N,0,0,0,0,0,1
LEGACY-INCHIKEY-WSKDIIDOKLHWAJ-UHFFFAOYSA-N,WSKDIIDOKLHWAJ-UHFFFAOYSA-N,formolecular/novo_horizonte/banco_mestre_unificado.csv,MASTER_UNIFIED,WSKDIIDOKLHWAJ-UHFFFAOYSA-N,0,0,0,0,0,1
LEGACY-INCHIKEY-WSLNXCQAPANOOV-UHFFFAOYSA-N,WSLNXCQAPANOOV-UHFFFAOYSA-N,formolecular/novo_horizonte/banco_mestre_unificado.csv,MASTER_UNIFIED,WSLNXCQAPANOOV-UHFFFAOYSA-N,0,0,0,0,0,1
LEGACY-INCHIKEY-WTDFRLLOTOSVJG-UHFFFAOYSA-N,WTDFRLLOTOSVJG-UHFFFAOYSA-N,formolecular/novo_horizonte/banco_mestre_unificado.csv,MASTER_UNIFIED,WTDFRLLOTOSVJG-UHFFFAOYSA-N,0,0,0,0,0,1
LEGACY-INCHIKEY-WTFBKHDKVDBINC-UHFFFAOYSA-N,WTFBKHDKVDBINC-UHFFFAOYSA-N,formolecular/novo_horizonte/banco_mestre_unificado.csv,MASTER_UNIFIED,WTFBKHDKVDBINC-UHFFFAOYSA-N,0,0,0,0,0,1
LEGACY-INCHIKEY-WTHWFINURFVGFP-UHFFFAOYSA-N,WTHWFINURFVGFP-UHFFFAOYSA-N,formolecular/novo_horizonte/banco_mestre_unificado.csv,MASTER_UNIFIED,WTHWFINURFVGFP-UHFFFAOYSA-N,0,0,0,0,0,1
LEGACY-INCHIKEY-WTMMKGPZRBFHTL-UHFFFAOYSA-N,WTMMKGPZRBFHTL-UHFFFAOYSA-N,formolecular/novo_horizonte/banco_mestre_unificado.csv,MASTER_UNIFIED,WTMMKGPZRBFHTL-UHFFFAOYSA-N,0,0,0,0,0,1
LEGACY-INCHIKEY-WTPHELDBKIPKPW-UHFFFAOYSA-N,WTPHELDBKIPKPW-UHFFFAOYSA-N,formolecular/novo_horizonte/banco_mestre_unificado.csv,MASTER_UNIFIED,WTPHELDBKIPKPW-UHFFFAOYSA-N,0,0,0,0,0,1
LEGACY-INCHIKEY-WTWLKAKCCJDWDG-UHFFFAOYSA-N,WTWLKAKCCJDWDG-UHFFFAOYSA-N,formolecular/novo_horizonte/banco_mestre_unificado.csv,MASTER_UNIFIED,WTWLKAKCCJDWDG-UHFFFAOYSA-N,0,0,0,0,0,1
LEGACY-INCHIKEY-WUGGQTBIVONFGT-UHFFFAOYSA-N,WUGGQTBIVONFGT-UHFFFAOYSA-N,formolecular/novo_horizonte/banco_mestre_unificado.csv,MASTER_UNIFIED,WUGGQTBIVONFGT-UHFFFAOYSA-N,0,0,0,0,0,1
LEGACY-INCHIKEY-WUKQZXVLVLSIAB-UHFFFAOYSA-N,WUKQZXVLVLSIAB-UHFFFAOYSA-N,formolecular/novo_horizonte/banco_mestre_unificado.csv,MASTER_UNIFIED,WUKQZXVLVLSIAB-UHFFFAOYSA-N,0,0,0,0,0,1
LEGACY-INCHIKEY-WULMIHNADMPVOH-UHFFFAOYSA-N,WULMIHNADMPVOH-UHFFFAOYSA-N,formolecular/novo_horizonte/banco_mestre_unificado.csv,MASTER_UNIFIED,WULMIHNADMPVOH-UHFFFAOYSA-N,0,0,0,0,0,1
LEGACY-INCHIKEY-WUNLDFVPEHIESH-UHFFFAOYSA-N,WUNLDFVPEHIESH-UHFFFAOYSA-N,formolecular/novo_horizonte/banco_mestre_unificado.csv,MASTER_UNIFIED,WUNLDFVPEHIESH-UHFFFAOYSA-N,0,0,0,0,0,1
LEGACY-INCHIKEY-WUPSPMZYHIUJSS-UHFFFAOYSA-N,WUPSPMZYHIUJSS-UHFFFAOYSA-N,formolecular/novo_horizonte/banco_mestre_unificado.csv,MASTER_UNIFIED,WUPSPMZYHIUJSS-UHFFFAOYSA-N,0,0,0,0,0,1
LEGACY-INCHIKEY-WUUVQSBISXDNFT-UHFFFAOYSA-N,WUUVQSBISXDNFT-UHFFFAOYSA-N,formolecular/novo_horizonte/banco_mestre_unificado.csv,MASTER_UNIFIED,WUUVQSBISXDNFT-UHFFFAOYSA-N,0,0,0,0,0,1
LEGACY-INCHIKEY-WVEVIQILZHNIPP-UHFFFAOYSA-N,WVEVIQILZHNIPP-UHFFFAOYSA-N,formolecular/novo_horizonte/banco_mestre_unificado.csv,MASTER_UNIFIED,WVEVIQILZHNIPP-UHFFFAOYSA-N,0,0,0,0,0,1
LEGACY-INCHIKEY-WVEWTSRXBJLTRE-UHFFFAOYSA-N,WVEWTSRXBJLTRE-UHFFFAOYSA-N,formolecular/novo_horizonte/banco_mestre_unificado.csv,MASTER_UNIFIED,WVEWTSRXBJLTRE-UHFFFAOYSA-N,0,0,0,0,0,1
LEGACY-INCHIKEY-WVMKYRSNHXRYPF-UHFFFAOYSA-N,WVMKYRSNHXRYPF-UHFFFAOYSA-N,formolecular/novo_horizonte/banco_mestre_unificado.csv,MASTER_UNIFIED,WVMKYRSNHXRYPF-UHFFFAOYSA-N,0,0,0,0,0,1
LEGACY-INCHIKEY-WVOKIJXAWNCYCS-UHFFFAOYSA-N,WVOKIJXAWNCYCS-UHFFFAOYSA-N,formolecular/novo_horizonte/banco_mestre_unificado.csv,MASTER_UNIFIED,WVOKIJXAWNCYCS-UHFFFAOYSA-N,0,0,0,0,0,1
LEGACY-INCHIKEY-WVPVPXYLFIMOLU-UHFFFAOYSA-N,WVPVPXYLFIMOLU-UHFFFAOYSA-N,formolecular/novo_horizonte/banco_mestre_unificado.csv,MASTER_UNIFIED,WVPVPXYLFIMOLU-UHFFFAOYSA-N,0,0,0,0,0,1
LEGACY-INCHIKEY-WWAIZISACBAWJV-UHFFFAOYSA-N,WWAIZISACBAWJV-UHFFFAOYSA-N,formolecular/novo_horizonte/banco_mestre_unificado.csv,MASTER_UNIFIED,WWAIZISACBAWJV-UHFFFAOYSA-N,0,0,0,0,0,1
LEGACY-INCHIKEY-WWAMWNABQADLKY-UHFFFAOYSA-N,WWAMWNABQADLKY-UHFFFAOYSA-N,formolecular/novo_horizonte/banco_mestre_unificado.csv,MASTER_UNIFIED,WWAMWNABQADLKY-UHFFFAOYSA-N,0,0,0,0,0,1
LEGACY-INCHIKEY-WWASEHZFIZRUSB-UHFFFAOYSA-N,WWASEHZFIZRUSB-UHFFFAOYSA-N,formolecular/novo_horizonte/banco_mestre_unificado.csv,MASTER_UNIFIED,WWASEHZFIZRUSB-UHFFFAOYSA-N,0,0,0,0,0,1
LEGACY-INCHIKEY-WWGOQAGLESLDGQ-UHFFFAOYSA-N,WWGOQAGLESLDGQ-UHFFFAOYSA-N,formolecular/novo_horizonte/banco_mestre_unificado.csv,MASTER_UNIFIED,WWGOQAGLESLDGQ-UHFFFAOYSA-N,0,0,0,0,0,1
LEGACY-INCHIKEY-WWHFWXUGBUNAMP-UHFFFAOYSA-N,WWHFWXUGBUNAMP-UHFFFAOYSA-N,formolecular/novo_horizonte/banco_mestre_unificado.csv,MASTER_UNIFIED,WWHFWXUGBUNAMP-UHFFFAOYSA-N,0,0,0,0,0,1
LEGACY-INCHIKEY-WWSRUAVCZLQMPP-UHFFFAOYSA-N,WWSRUAVCZLQMPP-UHFFFAOYSA-N,formolecular/novo_horizonte/banco_mestre_unificado.csv,MASTER_UNIFIED,WWSRUAVCZLQMPP-UHFFFAOYSA-N,0,0,0,0,0,1
LEGACY-INCHIKEY-WWWUMUJIYKQHAM-UHFFFAOYSA-N,WWWUMUJIYKQHAM-UHFFFAOYSA-N,formolecular/novo_horizonte/banco_mestre_unificado.csv,MASTER_UNIFIED,WWWUMUJIYKQHAM-UHFFFAOYSA-N,0,0,0,0,0,1
LEGACY-INCHIKEY-WWZTXZYMFWCBKS-UHFFFAOYSA-N,WWZTXZYMFWCBKS-UHFFFAOYSA-N,formolecular/novo_horizonte/banco_mestre_unificado.csv,MASTER_UNIFIED,WWZTXZYMFWCBKS-UHFFFAOYSA-N,0,0,0,0,0,1
LEGACY-INCHIKEY-WXBDILWTRNJDIW-UHFFFAOYSA-N,WXBDILWTRNJDIW-UHFFFAOYSA-N,formolecular/novo_horizonte/banco_mestre_unificado.csv,MASTER_UNIFIED,WXBDILWTRNJDIW-UHFFFAOYSA-N,0,0,0,0,0,1
LEGACY-INCHIKEY-WXKMAITVUBZPOB-UHFFFAOYSA-N,WXKMAITVUBZPOB-UHFFFAOYSA-N,formolecular/novo_horizonte/banco_mestre_unificado.csv,MASTER_UNIFIED,WXKMAITVUBZPOB-UHFFFAOYSA-N,0,0,0,0,0,1
LEGACY-INCHIKEY-WXNMOIIBIBRTPB-UHFFFAOYSA-N,WXNMOIIBIBRTPB-UHFFFAOYSA-N,formolecular/novo_horizonte/banco_mestre_unificado.csv,MASTER_UNIFIED,WXNMOIIBIBRTPB-UHFFFAOYSA-N,0,0,0,0,0,1
LEGACY-INCHIKEY-WXPXIITUJIPKFV-UHFFFAOYSA-N,WXPXIITUJIPKFV-UHFFFAOYSA-N,formolecular/novo_horizonte/banco_mestre_unificado.csv,MASTER_UNIFIED,WXPXIITUJIPKFV-UHFFFAOYSA-N,0,0,0,0,0,1
LEGACY-INCHIKEY-WXUNJBKZUCCVRQ-UHFFFAOYSA-N,WXUNJBKZUCCVRQ-UHFFFAOYSA-N,formolecular/novo_horizonte/banco_mestre_unificado.csv,MASTER_UNIFIED,WXUNJBKZUCCVRQ-UHFFFAOYSA-N,0,0,0,0,0,1
LEGACY-INCHIKEY-WYAYWRBVTNWESF-UHFFFAOYSA-N,WYAYWRBVTNWESF-UHFFFAOYSA-N,formolecular/novo_horizonte/banco_mestre_unificado.csv,MASTER_UNIFIED,WYAYWRBVTNWESF-UHFFFAOYSA-N,0,0,0,0,0,1
LEGACY-INCHIKEY-WYCIRQYYWYQMRJ-UHFFFAOYSA-N,WYCIRQYYWYQMRJ-UHFFFAOYSA-N,formolecular/novo_horizonte/banco_mestre_unificado.csv,MASTER_UNIFIED,WYCIRQYYWYQMRJ-UHFFFAOYSA-N,0,0,0,0,0,1
LEGACY-INCHIKEY-WYELSDUTYZRLSU-UHFFFAOYSA-N,WYELSDUTYZRLSU-UHFFFAOYSA-N,formolecular/novo_horizonte/banco_mestre_unificado.csv,MASTER_UNIFIED,WYELSDUTYZRLSU-UHFFFAOYSA-N,0,0,0,0,0,1
LEGACY-INCHIKEY-WYEZGLFZLJUNFT-UHFFFAOYSA-N,WYEZGLFZLJUNFT-UHFFFAOYSA-N,formolecular/novo_horizonte/banco_mestre_unificado.csv,MASTER_UNIFIED,WYEZGLFZLJUNFT-UHFFFAOYSA-N,0,0,0,0,0,1
LEGACY-INCHIKEY-WYLCMMWYZUQMEF-UHFFFAOYSA-N,WYLCMMWYZUQMEF-UHFFFAOYSA-N,formolecular/novo_horizonte/banco_mestre_unificado.csv,MASTER_UNIFIED,WYLCMMWYZUQMEF-UHFFFAOYSA-N,0,0,0,0,0,1
LEGACY-INCHIKEY-WYTCFZBBKSMPDO-UHFFFAOYSA-N,WYTCFZBBKSMPDO-UHFFFAOYSA-N,formolecular/novo_horizonte/banco_mestre_unificado.csv,MASTER_UNIFIED,WYTCFZBBKSMPDO-UHFFFAOYSA-N,0,0,0,0,0,1
LEGACY-INCHIKEY-WYUHSMBYPGUAGW-UHFFFAOYSA-N,WYUHSMBYPGUAGW-UHFFFAOYSA-N,formolecular/novo_horizonte/banco_mestre_unificado.csv,MASTER_UNIFIED,WYUHSMBYPGUAGW-UHFFFAOYSA-N,0,0,0,0,0,1
LEGACY-INCHIKEY-WYXONFRNZUFHLH-UHFFFAOYSA-N,WYXONFRNZUFHLH-UHFFFAOYSA-N,formolecular/novo_horizonte/banco_mestre_unificado.csv,MASTER_UNIFIED,WYXONFRNZUFHLH-UHFFFAOYSA-N,0,0,0,0,0,1
LEGACY-INCHIKEY-WYYIENRSBDTVEH-UHFFFAOYSA-N,WYYIENRSBDTVEH-UHFFFAOYSA-N,formolecular/novo_horizonte/banco_mestre_unificado.csv,MASTER_UNIFIED,WYYIENRSBDTVEH-UHFFFAOYSA-N,0,0,0,0,0,1
LEGACY-INCHIKEY-WZANYEGHYUWFDA-UHFFFAOYSA-N,WZANYEGHYUWFDA-UHFFFAOYSA-N,formolecular/csv_elite_farma/RANKING_FARMACOS_ELITE_ADMET.csv,FARMA_ELITE,WZANYEGHYUWFDA-UHFFFAOYSA-N,0,1,0,0,0,0
LEGACY-INCHIKEY-WZCZQMOTEQQHIN-UHFFFAOYSA-N,WZCZQMOTEQQHIN-UHFFFAOYSA-N,formolecular/novo_horizonte/banco_mestre_unificado.csv,MASTER_UNIFIED,WZCZQMOTEQQHIN-UHFFFAOYSA-N,0,0,0,0,0,1
LEGACY-INCHIKEY-WZFVTQBAVLRRPO-UHFFFAOYSA-N,WZFVTQBAVLRRPO-UHFFFAOYSA-N,formolecular/novo_horizonte/banco_mestre_unificado.csv,MASTER_UNIFIED,WZFVTQBAVLRRPO-UHFFFAOYSA-N,0,0,0,0,0,1
LEGACY-INCHIKEY-WZGFJNZPJJEKAV-UHFFFAOYSA-N,WZGFJNZPJJEKAV-UHFFFAOYSA-N,formolecular/novo_horizonte/banco_mestre_unificado.csv,MASTER_UNIFIED,WZGFJNZPJJEKAV-UHFFFAOYSA-N,0,0,0,0,0,1
LEGACY-INCHIKEY-WZLBVMJZJXUHIH-UHFFFAOYSA-N,WZLBVMJZJXUHIH-UHFFFAOYSA-N,formolecular/novo_horizonte/banco_mestre_unificado.csv,MASTER_UNIFIED,WZLBVMJZJXUHIH-UHFFFAOYSA-N,0,0,0,0,0,1
LEGACY-INCHIKEY-WZOBXWTVFYMPHM-UHFFFAOYSA-N,WZOBXWTVFYMPHM-UHFFFAOYSA-N,formolecular/novo_horizonte/banco_mestre_unificado.csv,MASTER_UNIFIED,WZOBXWTVFYMPHM-UHFFFAOYSA-N,0,0,0,0,0,1
LEGACY-INCHIKEY-WZQJOSRDTVXJFT-UHFFFAOYSA-N,WZQJOSRDTVXJFT-UHFFFAOYSA-N,formolecular/novo_horizonte/banco_mestre_unificado.csv,MASTER_UNIFIED,WZQJOSRDTVXJFT-UHFFFAOYSA-N,0,0,0,0,0,1
LEGACY-INCHIKEY-WZRUQSRAGUNIAB-UHFFFAOYSA-N,WZRUQSRAGUNIAB-UHFFFAOYSA-N,formolecular/novo_horizonte/banco_mestre_unificado.csv,MASTER_UNIFIED,WZRUQSRAGUNIAB-UHFFFAOYSA-N,0,0,0,0,0,1
LEGACY-INCHIKEY-WZTDHRJBQYMMIH-UHFFFAOYSA-N,WZTDHRJBQYMMIH-UHFFFAOYSA-N,formolecular/novo_horizonte/banco_mestre_unificado.csv,MASTER_UNIFIED,WZTDHRJBQYMMIH-UHFFFAOYSA-N,0,0,0,0,0,1
LEGACY-INCHIKEY-WZVGVYWIUIWQRG-UHFFFAOYSA-N,WZVGVYWIUIWQRG-UHFFFAOYSA-N,formolecular/novo_horizonte/banco_mestre_unificado.csv,MASTER_UNIFIED,WZVGVYWIUIWQRG-UHFFFAOYSA-N,0,0,0,0,0,1
LEGACY-INCHIKEY-XAAROBWGEJHURJ-UHFFFAOYSA-N,XAAROBWGEJHURJ-UHFFFAOYSA-N,formolecular/novo_horizonte/banco_mestre_unificado.csv,MASTER_UNIFIED,XAAROBWGEJHURJ-UHFFFAOYSA-N,0,0,0,0,0,1
LEGACY-INCHIKEY-XABHYGDWBMMWBU-UHFFFAOYSA-N,XABHYGDWBMMWBU-UHFFFAOYSA-N,formolecular/novo_horizonte/banco_mestre_unificado.csv,MASTER_UNIFIED,XABHYGDWBMMWBU-UHFFFAOYSA-N,0,0,0,0,0,1
LEGACY-INCHIKEY-XACFLWYKHBVBQR-UHFFFAOYSA-N,XACFLWYKHBVBQR-UHFFFAOYSA-N,formolecular/novo_horizonte/banco_mestre_unificado.csv,MASTER_UNIFIED,XACFLWYKHBVBQR-UHFFFAOYSA-N,0,0,0,0,0,1
LEGACY-INCHIKEY-XALCOJRGGOVHCF-UHFFFAOYSA-N,XALCOJRGGOVHCF-UHFFFAOYSA-N,formolecular/novo_horizonte/banco_mestre_unificado.csv,MASTER_UNIFIED,XALCOJRGGOVHCF-UHFFFAOYSA-N,0,0,0,0,0,1
LEGACY-INCHIKEY-XANHHPAVHNSQFJ-UHFFFAOYSA-N,XANHHPAVHNSQFJ-UHFFFAOYSA-N,formolecular/novo_horizonte/banco_mestre_unificado.csv,MASTER_UNIFIED,XANHHPAVHNSQFJ-UHFFFAOYSA-N,0,0,0,0,0,1
LEGACY-INCHIKEY-XAVDZFNJHPXJOI-UHFFFAOYSA-N,XAVDZFNJHPXJOI-UHFFFAOYSA-N,formolecular/novo_horizonte/banco_mestre_unificado.csv,MASTER_UNIFIED,XAVDZFNJHPXJOI-UHFFFAOYSA-N,0,0,0,0,0,1
LEGACY-INCHIKEY-XAXPRJNQHQWAFT-UHFFFAOYSA-N,XAXPRJNQHQWAFT-UHFFFAOYSA-N,formolecular/novo_horizonte/banco_mestre_unificado.csv,MASTER_UNIFIED,XAXPRJNQHQWAFT-UHFFFAOYSA-N,0,0,0,0,0,1
LEGACY-INCHIKEY-XAYRMTZGTOYLQH-UHFFFAOYSA-N,XAYRMTZGTOYLQH-UHFFFAOYSA-N,formolecular/novo_horizonte/banco_mestre_unificado.csv,MASTER_UNIFIED,XAYRMTZGTOYLQH-UHFFFAOYSA-N,0,0,0,0,0,1
LEGACY-INCHIKEY-XAYZZNHOLIZDAV-UHFFFAOYSA-N,XAYZZNHOLIZDAV-UHFFFAOYSA-N,formolecular/novo_horizonte/banco_mestre_unificado.csv,MASTER_UNIFIED,XAYZZNHOLIZDAV-UHFFFAOYSA-N,0,0,0,0,0,1
LEGACY-INCHIKEY-XAZSIHLVIGPOBZ-UHFFFAOYSA-N,XAZSIHLVIGPOBZ-UHFFFAOYSA-N,formolecular/novo_horizonte/banco_mestre_unificado.csv,MASTER_UNIFIED,XAZSIHLVIGPOBZ-UHFFFAOYSA-N,0,0,0,0,0,1
LEGACY-INCHIKEY-XBBYWPCHYSJUHY-UHFFFAOYSA-N,XBBYWPCHYSJUHY-UHFFFAOYSA-N,formolecular/novo_horizonte/banco_mestre_unificado.csv,MASTER_UNIFIED,XBBYWPCHYSJUHY-UHFFFAOYSA-N,0,0,0,0,0,1
LEGACY-INCHIKEY-XBIOLVBKEUOWMD-UHFFFAOYSA-N,XBIOLVBKEUOWMD-UHFFFAOYSA-N,formolecular/novo_horizonte/banco_mestre_unificado.csv,MASTER_UNIFIED,XBIOLVBKEUOWMD-UHFFFAOYSA-N,0,0,0,0,0,1
LEGACY-INCHIKEY-XBQPLUWZYAADSE-UHFFFAOYSA-N,XBQPLUWZYAADSE-UHFFFAOYSA-N,formolecular/novo_horizonte/banco_mestre_unificado.csv,MASTER_UNIFIED,XBQPLUWZYAADSE-UHFFFAOYSA-N,0,0,0,0,0,1
LEGACY-INCHIKEY-XBTAGVXHHLQJOH-UHFFFAOYSA-N,XBTAGVXHHLQJOH-UHFFFAOYSA-N,formolecular/novo_horizonte/banco_mestre_unificado.csv,MASTER_UNIFIED,XBTAGVXHHLQJOH-UHFFFAOYSA-N,0,0,0,0,0,1
LEGACY-INCHIKEY-XCCNLUNQAFSCFW-UHFFFAOYSA-N,XCCNLUNQAFSCFW-UHFFFAOYSA-N,formolecular/novo_horizonte/banco_mestre_unificado.csv,MASTER_UNIFIED,XCCNLUNQAFSCFW-UHFFFAOYSA-N,0,0,0,0,0,1
LEGACY-INCHIKEY-XCLFAEPSPCAXCN-UHFFFAOYSA-N,XCLFAEPSPCAXCN-UHFFFAOYSA-N,formolecular/novo_horizonte/banco_mestre_unificado.csv,MASTER_UNIFIED,XCLFAEPSPCAXCN-UHFFFAOYSA-N,0,0,0,0,0,1
LEGACY-INCHIKEY-XCOHORZETPPWRA-UHFFFAOYSA-N,XCOHORZETPPWRA-UHFFFAOYSA-N,formolecular/novo_horizonte/banco_mestre_unificado.csv,MASTER_UNIFIED,XCOHORZETPPWRA-UHFFFAOYSA-N,0,0,0,0,0,1
LEGACY-INCHIKEY-XCPOISZIDHLDGC-UHFFFAOYSA-N,XCPOISZIDHLDGC-UHFFFAOYSA-N,formolecular/novo_horizonte/banco_mestre_unificado.csv,MASTER_UNIFIED,XCPOISZIDHLDGC-UHFFFAOYSA-N,0,0,0,0,0,1
LEGACY-INCHIKEY-XCXBGQAYXTYHEO-UHFFFAOYSA-N,XCXBGQAYXTYHEO-UHFFFAOYSA-N,formolecular/novo_horizonte/banco_mestre_unificado.csv,MASTER_UNIFIED,XCXBGQAYXTYHEO-UHFFFAOYSA-N,0,0,0,0,0,1
LEGACY-INCHIKEY-XDEGRBLSNDSIAH-UHFFFAOYSA-N,XDEGRBLSNDSIAH-UHFFFAOYSA-N,formolecular/novo_horizonte/banco_mestre_unificado.csv,MASTER_UNIFIED,XDEGRBLSNDSIAH-UHFFFAOYSA-N,0,0,0,0,0,1
LEGACY-INCHIKEY-XDKXHQKEPNRTPV-UHFFFAOYSA-N,XDKXHQKEPNRTPV-UHFFFAOYSA-N,formolecular/novo_horizonte/banco_mestre_unificado.csv,MASTER_UNIFIED,XDKXHQKEPNRTPV-UHFFFAOYSA-N,0,0,0,0,0,1
LEGACY-INCHIKEY-XDNMHBUXTAIQHO-UHFFFAOYSA-N,XDNMHBUXTAIQHO-UHFFFAOYSA-N,formolecular/novo_horizonte/banco_mestre_unificado.csv,MASTER_UNIFIED,XDNMHBUXTAIQHO-UHFFFAOYSA-N,0,0,0,0,0,1
LEGACY-INCHIKEY-XDXYDDBUHGHCQG-UHFFFAOYSA-N,XDXYDDBUHGHCQG-UHFFFAOYSA-N,formolecular/csv_elite_farma/RANKING_FARMACOS_ELITE_ADMET.csv,FARMA_ELITE,XDXYDDBUHGHCQG-UHFFFAOYSA-N,0,1,0,0,0,0
LEGACY-INCHIKEY-XDYXWYGJOCWTIW-UHFFFAOYSA-N,XDYXWYGJOCWTIW-UHFFFAOYSA-N,formolecular/novo_horizonte/banco_mestre_unificado.csv,MASTER_UNIFIED,XDYXWYGJOCWTIW-UHFFFAOYSA-N,0,0,0,0,0,1
LEGACY-INCHIKEY-XEHSSNBHMHNQGP-UHFFFAOYSA-N,XEHSSNBHMHNQGP-UHFFFAOYSA-N,formolecular/novo_horizonte/banco_mestre_unificado.csv,MASTER_UNIFIED,XEHSSNBHMHNQGP-UHFFFAOYSA-N,0,0,0,0,0,1
LEGACY-INCHIKEY-XEMRSUVCEMYTED-UHFFFAOYSA-N,XEMRSUVCEMYTED-UHFFFAOYSA-N,formolecular/novo_horizonte/banco_mestre_unificado.csv,MASTER_UNIFIED,XEMRSUVCEMYTED-UHFFFAOYSA-N,0,0,0,0,0,1
LEGACY-INCHIKEY-XEOANRIFDDZKEE-UHFFFAOYSA-N,XEOANRIFDDZKEE-UHFFFAOYSA-N,formolecular/novo_horizonte/banco_mestre_unificado.csv,MASTER_UNIFIED,XEOANRIFDDZKEE-UHFFFAOYSA-N,0,0,0,0,0,1
LEGACY-INCHIKEY-XEXOVUTXLKQJRG-UHFFFAOYSA-N,XEXOVUTXLKQJRG-UHFFFAOYSA-N,formolecular/novo_horizonte/banco_mestre_unificado.csv,MASTER_UNIFIED,XEXOVUTXLKQJRG-UHFFFAOYSA-N,0,0,0,0,0,1
LEGACY-INCHIKEY-XEYLGZGMZBRCJH-UHFFFAOYSA-N,XEYLGZGMZBRCJH-UHFFFAOYSA-N,formolecular/novo_horizonte/banco_mestre_unificado.csv,MASTER_UNIFIED,XEYLGZGMZBRCJH-UHFFFAOYSA-N,0,0,0,0,0,1
LEGACY-INCHIKEY-XFBZFUPRJCOKAJ-UHFFFAOYSA-N,XFBZFUPRJCOKAJ-UHFFFAOYSA-N,formolecular/novo_horizonte/banco_mestre_unificado.csv,MASTER_UNIFIED,XFBZFUPRJCOKAJ-UHFFFAOYSA-N,0,0,0,0,0,1
LEGACY-INCHIKEY-XFHRJQAMMUWTJX-UHFFFAOYSA-N,XFHRJQAMMUWTJX-UHFFFAOYSA-N,formolecular/novo_horizonte/banco_mestre_unificado.csv,MASTER_UNIFIED,XFHRJQAMMUWTJX-UHFFFAOYSA-N,0,0,0,0,0,1
LEGACY-INCHIKEY-XFOQBMPSWWCYNM-UHFFFAOYSA-N,XFOQBMPSWWCYNM-UHFFFAOYSA-N,formolecular/novo_horizonte/banco_mestre_unificado.csv,MASTER_UNIFIED,XFOQBMPSWWCYNM-UHFFFAOYSA-N,0,0,0,0,0,1
LEGACY-INCHIKEY-XGBQUQNNFKNCRZ-UHFFFAOYSA-N,XGBQUQNNFKNCRZ-UHFFFAOYSA-N,formolecular/novo_horizonte/banco_mestre_unificado.csv,MASTER_UNIFIED,XGBQUQNNFKNCRZ-UHFFFAOYSA-N,0,0,0,0,0,1
LEGACY-INCHIKEY-XGFBNHWFJKHFHX-UHFFFAOYSA-N,XGFBNHWFJKHFHX-UHFFFAOYSA-N,formolecular/novo_horizonte/banco_mestre_unificado.csv,MASTER_UNIFIED,XGFBNHWFJKHFHX-UHFFFAOYSA-N,0,0,0,0,0,1
LEGACY-INCHIKEY-XGHRPNDMSPIHQV-UHFFFAOYSA-N,XGHRPNDMSPIHQV-UHFFFAOYSA-N,formolecular/novo_horizonte/banco_mestre_unificado.csv,MASTER_UNIFIED,XGHRPNDMSPIHQV-UHFFFAOYSA-N,0,0,0,0,0,1
LEGACY-INCHIKEY-XGIMKIMPJMRNSP-UHFFFAOYSA-N,XGIMKIMPJMRNSP-UHFFFAOYSA-N,formolecular/novo_horizonte/banco_mestre_unificado.csv,MASTER_UNIFIED,XGIMKIMPJMRNSP-UHFFFAOYSA-N,0,0,0,0,0,1
LEGACY-INCHIKEY-XGJOKJRCKOVONF-UHFFFAOYSA-N,XGJOKJRCKOVONF-UHFFFAOYSA-N,formolecular/novo_horizonte/banco_mestre_unificado.csv,MASTER_UNIFIED,XGJOKJRCKOVONF-UHFFFAOYSA-N,0,0,0,0,0,1
LEGACY-INCHIKEY-XGLSATHYHDNAOW-UHFFFAOYSA-N,XGLSATHYHDNAOW-UHFFFAOYSA-N,formolecular/novo_horizonte/banco_mestre_unificado.csv,MASTER_UNIFIED,XGLSATHYHDNAOW-UHFFFAOYSA-N,0,0,0,0,0,1
LEGACY-INCHIKEY-XGLVKMPTGOXPJJ-UHFFFAOYSA-N,XGLVKMPTGOXPJJ-UHFFFAOYSA-N,formolecular/novo_horizonte/banco_mestre_unificado.csv,MASTER_UNIFIED,XGLVKMPTGOXPJJ-UHFFFAOYSA-N,0,0,0,0,0,1
LEGACY-INCHIKEY-XGYKOBOEDBUREL-UHFFFAOYSA-N,XGYKOBOEDBUREL-UHFFFAOYSA-N,formolecular/novo_horizonte/banco_mestre_unificado.csv,MASTER_UNIFIED,XGYKOBOEDBUREL-UHFFFAOYSA-N,0,0,0,0,0,1
LEGACY-INCHIKEY-XHDUHFWDJSKHON-UHFFFAOYSA-N,XHDUHFWDJSKHON-UHFFFAOYSA-N,formolecular/novo_horizonte/banco_mestre_unificado.csv,MASTER_UNIFIED,XHDUHFWDJSKHON-UHFFFAOYSA-N,0,0,0,0,0,1
LEGACY-INCHIKEY-XHFBGRFROGZODH-UHFFFAOYSA-N,XHFBGRFROGZODH-UHFFFAOYSA-N,formolecular/novo_horizonte/banco_mestre_unificado.csv,MASTER_UNIFIED,XHFBGRFROGZODH-UHFFFAOYSA-N,0,0,0,0,0,1
LEGACY-INCHIKEY-XHHKKBAFRHXQJH-UHFFFAOYSA-N,XHHKKBAFRHXQJH-UHFFFAOYSA-N,formolecular/novo_horizonte/banco_mestre_unificado.csv,MASTER_UNIFIED,XHHKKBAFRHXQJH-UHFFFAOYSA-N,0,0,0,0,0,1
LEGACY-INCHIKEY-XHJJCAZIWUHSRJ-UHFFFAOYSA-N,XHJJCAZIWUHSRJ-UHFFFAOYSA-N,formolecular/novo_horizonte/banco_mestre_unificado.csv,MASTER_UNIFIED,XHJJCAZIWUHSRJ-UHFFFAOYSA-N,0,0,0,0,0,1
LEGACY-INCHIKEY-XHJOKWGCSDMVQC-UHFFFAOYSA-N,XHJOKWGCSDMVQC-UHFFFAOYSA-N,formolecular/novo_horizonte/banco_mestre_unificado.csv,MASTER_UNIFIED,XHJOKWGCSDMVQC-UHFFFAOYSA-N,0,0,0,0,0,1
LEGACY-INCHIKEY-XHPJVBXEXMLMKF-UHFFFAOYSA-N,XHPJVBXEXMLMKF-UHFFFAOYSA-N,formolecular/novo_horizonte/banco_mestre_unificado.csv,MASTER_UNIFIED,XHPJVBXEXMLMKF-UHFFFAOYSA-N,0,0,0,0,0,1
LEGACY-INCHIKEY-XHQDRSXPQPADSN-UHFFFAOYSA-N,XHQDRSXPQPADSN-UHFFFAOYSA-N,formolecular/novo_horizonte/banco_mestre_unificado.csv,MASTER_UNIFIED,XHQDRSXPQPADSN-UHFFFAOYSA-N,0,0,0,0,0,1
LEGACY-INCHIKEY-XHUTVWYNEXSHFU-UHFFFAOYSA-N,XHUTVWYNEXSHFU-UHFFFAOYSA-N,formolecular/novo_horizonte/banco_mestre_unificado.csv,MASTER_UNIFIED,XHUTVWYNEXSHFU-UHFFFAOYSA-N,0,0,0,0,0,1
LEGACY-INCHIKEY-XHUZMESHLRCHQU-UHFFFAOYSA-N,XHUZMESHLRCHQU-UHFFFAOYSA-N,formolecular/novo_horizonte/banco_mestre_unificado.csv,MASTER_UNIFIED,XHUZMESHLRCHQU-UHFFFAOYSA-N,0,0,0,0,0,1
LEGACY-INCHIKEY-XHWLFXCFECYNHN-UHFFFAOYSA-N,XHWLFXCFECYNHN-UHFFFAOYSA-N,formolecular/novo_horizonte/banco_mestre_unificado.csv,MASTER_UNIFIED,XHWLFXCFECYNHN-UHFFFAOYSA-N,0,0,0,0,0,1
LEGACY-INCHIKEY-XIJMZNLFMXMWNY-UHFFFAOYSA-N,XIJMZNLFMXMWNY-UHFFFAOYSA-N,formolecular/novo_horizonte/banco_mestre_unificado.csv,MASTER_UNIFIED,XIJMZNLFMXMWNY-UHFFFAOYSA-N,0,0,0,0,0,1
LEGACY-INCHIKEY-XILJQESSOOYPGW-UHFFFAOYSA-N,XILJQESSOOYPGW-UHFFFAOYSA-N,formolecular/novo_horizonte/banco_mestre_unificado.csv,MASTER_UNIFIED,XILJQESSOOYPGW-UHFFFAOYSA-N,0,0,0,0,0,1
LEGACY-INCHIKEY-XILYABGDODYFAG-UHFFFAOYSA-N,XILYABGDODYFAG-UHFFFAOYSA-N,formolecular/novo_horizonte/banco_mestre_unificado.csv,MASTER_UNIFIED,XILYABGDODYFAG-UHFFFAOYSA-N,0,0,0,0,0,1
LEGACY-INCHIKEY-XIQDKAXANRRKRY-UHFFFAOYSA-N,XIQDKAXANRRKRY-UHFFFAOYSA-N,formolecular/novo_horizonte/banco_mestre_unificado.csv,MASTER_UNIFIED,XIQDKAXANRRKRY-UHFFFAOYSA-N,0,0,0,0,0,1
LEGACY-INCHIKEY-XJCWOGVKKOPVDB-UHFFFAOYSA-N,XJCWOGVKKOPVDB-UHFFFAOYSA-N,formolecular/novo_horizonte/banco_mestre_unificado.csv,MASTER_UNIFIED,XJCWOGVKKOPVDB-UHFFFAOYSA-N,0,0,0,0,0,1
LEGACY-INCHIKEY-XJPBGOUSSLHQNN-UHFFFAOYSA-N,XJPBGOUSSLHQNN-UHFFFAOYSA-N,formolecular/novo_horizonte/banco_mestre_unificado.csv,MASTER_UNIFIED,XJPBGOUSSLHQNN-UHFFFAOYSA-N,0,0,0,0,0,1
LEGACY-INCHIKEY-XJWCAPVMEYVWMY-UHFFFAOYSA-N,XJWCAPVMEYVWMY-UHFFFAOYSA-N,formolecular/novo_horizonte/banco_mestre_unificado.csv,MASTER_UNIFIED,XJWCAPVMEYVWMY-UHFFFAOYSA-N,0,0,0,0,0,1
LEGACY-INCHIKEY-XKBWSTYYEDPKGH-UHFFFAOYSA-N,XKBWSTYYEDPKGH-UHFFFAOYSA-N,formolecular/novo_horizonte/banco_mestre_unificado.csv,MASTER_UNIFIED,XKBWSTYYEDPKGH-UHFFFAOYSA-N,0,0,0,0,0,1
LEGACY-INCHIKEY-XKCALBBDELLERL-UHFFFAOYSA-N,XKCALBBDELLERL-UHFFFAOYSA-N,formolecular/novo_horizonte/banco_mestre_unificado.csv,MASTER_UNIFIED,XKCALBBDELLERL-UHFFFAOYSA-N,0,0,0,0,0,1
LEGACY-INCHIKEY-XKESNSZRXDFQEQ-UHFFFAOYSA-N,XKESNSZRXDFQEQ-UHFFFAOYSA-N,formolecular/novo_horizonte/banco_mestre_unificado.csv,MASTER_UNIFIED,XKESNSZRXDFQEQ-UHFFFAOYSA-N,0,0,0,0,0,1
LEGACY-INCHIKEY-XKGMJQZNROGYMM-UHFFFAOYSA-N,XKGMJQZNROGYMM-UHFFFAOYSA-N,formolecular/novo_horizonte/banco_mestre_unificado.csv,MASTER_UNIFIED,XKGMJQZNROGYMM-UHFFFAOYSA-N,0,0,0,0,0,1
LEGACY-INCHIKEY-XKHJQAZOIYEAGH-UHFFFAOYSA-N,XKHJQAZOIYEAGH-UHFFFAOYSA-N,formolecular/novo_horizonte/banco_mestre_unificado.csv,MASTER_UNIFIED,XKHJQAZOIYEAGH-UHFFFAOYSA-N,0,0,0,0,0,1
LEGACY-INCHIKEY-XKRKVDRFDYDXLU-UHFFFAOYSA-N,XKRKVDRFDYDXLU-UHFFFAOYSA-N,formolecular/novo_horizonte/banco_mestre_unificado.csv,MASTER_UNIFIED,XKRKVDRFDYDXLU-UHFFFAOYSA-N,0,0,0,0,0,1
LEGACY-INCHIKEY-XKRXNOPKPLXXKK-UHFFFAOYSA-N,XKRXNOPKPLXXKK-UHFFFAOYSA-N,formolecular/novo_horizonte/banco_mestre_unificado.csv,MASTER_UNIFIED,XKRXNOPKPLXXKK-UHFFFAOYSA-N,0,0,0,0,0,1
LEGACY-INCHIKEY-XKZVPSFLKWHEOF-UHFFFAOYSA-N,XKZVPSFLKWHEOF-UHFFFAOYSA-N,formolecular/novo_horizonte/banco_mestre_unificado.csv,MASTER_UNIFIED,XKZVPSFLKWHEOF-UHFFFAOYSA-N,0,0,0,0,0,1
LEGACY-INCHIKEY-XLGNPWIKLQCFLX-UHFFFAOYSA-N,XLGNPWIKLQCFLX-UHFFFAOYSA-N,formolecular/novo_horizonte/banco_mestre_unificado.csv,MASTER_UNIFIED,XLGNPWIKLQCFLX-UHFFFAOYSA-N,0,0,0,0,0,1
LEGACY-INCHIKEY-XLMBITFZMPFVIW-UHFFFAOYSA-N,XLMBITFZMPFVIW-UHFFFAOYSA-N,formolecular/novo_horizonte/banco_mestre_unificado.csv,MASTER_UNIFIED,XLMBITFZMPFVIW-UHFFFAOYSA-N,0,0,0,0,0,1
LEGACY-INCHIKEY-XLQQCLUISYPFOG-UHFFFAOYSA-N,XLQQCLUISYPFOG-UHFFFAOYSA-N,formolecular/novo_horizonte/banco_mestre_unificado.csv,MASTER_UNIFIED,XLQQCLUISYPFOG-UHFFFAOYSA-N,0,0,0,0,0,1
LEGACY-INCHIKEY-XLVFOWWEWMQRLF-UHFFFAOYSA-N,XLVFOWWEWMQRLF-UHFFFAOYSA-N,formolecular/novo_horizonte/banco_mestre_unificado.csv,MASTER_UNIFIED,XLVFOWWEWMQRLF-UHFFFAOYSA-N,0,0,0,0,0,1
LEGACY-INCHIKEY-XLYLXWYPRUHTBZ-UHFFFAOYSA-N,XLYLXWYPRUHTBZ-UHFFFAOYSA-N,formolecular/novo_horizonte/banco_mestre_unificado.csv,MASTER_UNIFIED,XLYLXWYPRUHTBZ-UHFFFAOYSA-N,0,0,0,0,0,1
LEGACY-INCHIKEY-XMEJPIVJOCQVEK-UHFFFAOYSA-N,XMEJPIVJOCQVEK-UHFFFAOYSA-N,formolecular/novo_horizonte/banco_mestre_unificado.csv,MASTER_UNIFIED,XMEJPIVJOCQVEK-UHFFFAOYSA-N,0,0,0,0,0,1
LEGACY-INCHIKEY-XMFKGAVCUNUUQQ-UHFFFAOYSA-N,XMFKGAVCUNUUQQ-UHFFFAOYSA-N,formolecular/novo_horizonte/banco_mestre_unificado.csv,MASTER_UNIFIED,XMFKGAVCUNUUQQ-UHFFFAOYSA-N,0,0,0,0,0,1
LEGACY-INCHIKEY-XMKDVTMFPDJIAU-UHFFFAOYSA-N,XMKDVTMFPDJIAU-UHFFFAOYSA-N,formolecular/novo_horizonte/banco_mestre_unificado.csv,MASTER_UNIFIED,XMKDVTMFPDJIAU-UHFFFAOYSA-N,0,0,0,0,0,1
LEGACY-INCHIKEY-XMTNMNPPPCRBSS-UHFFFAOYSA-N,XMTNMNPPPCRBSS-UHFFFAOYSA-N,formolecular/novo_horizonte/banco_mestre_unificado.csv,MASTER_UNIFIED,XMTNMNPPPCRBSS-UHFFFAOYSA-N,0,0,0,0,0,1
LEGACY-INCHIKEY-XMYGRTGCEIEHBO-UHFFFAOYSA-N,XMYGRTGCEIEHBO-UHFFFAOYSA-N,formolecular/novo_horizonte/banco_mestre_unificado.csv,MASTER_UNIFIED,XMYGRTGCEIEHBO-UHFFFAOYSA-N,0,0,0,0,0,1
LEGACY-INCHIKEY-XNBYIZFIFXUGSL-UHFFFAOYSA-N,XNBYIZFIFXUGSL-UHFFFAOYSA-N,formolecular/novo_horizonte/banco_mestre_unificado.csv,MASTER_UNIFIED,XNBYIZFIFXUGSL-UHFFFAOYSA-N,0,0,0,0,0,1
LEGACY-INCHIKEY-XNGJXVYVAHVWSJ-UHFFFAOYSA-N,XNGJXVYVAHVWSJ-UHFFFAOYSA-N,formolecular/novo_horizonte/banco_mestre_unificado.csv,MASTER_UNIFIED,XNGJXVYVAHVWSJ-UHFFFAOYSA-N,0,0,0,0,0,1
LEGACY-INCHIKEY-XNGSSSMCGSFDKE-UHFFFAOYSA-N,XNGSSSMCGSFDKE-UHFFFAOYSA-N,formolecular/novo_horizonte/banco_mestre_unificado.csv,MASTER_UNIFIED,XNGSSSMCGSFDKE-UHFFFAOYSA-N,0,0,0,0,0,1
LEGACY-INCHIKEY-XNHRBEGHFQENAS-UHFFFAOYSA-N,XNHRBEGHFQENAS-UHFFFAOYSA-N,formolecular/novo_horizonte/banco_mestre_unificado.csv,MASTER_UNIFIED,XNHRBEGHFQENAS-UHFFFAOYSA-N,0,0,0,0,0,1
LEGACY-INCHIKEY-XNLVCHRDJHNSHY-UHFFFAOYSA-N,XNLVCHRDJHNSHY-UHFFFAOYSA-N,formolecular/novo_horizonte/banco_mestre_unificado.csv,MASTER_UNIFIED,XNLVCHRDJHNSHY-UHFFFAOYSA-N,0,0,0,0,0,1
LEGACY-INCHIKEY-XNNAEGNVBWZTKX-UHFFFAOYSA-N,XNNAEGNVBWZTKX-UHFFFAOYSA-N,formolecular/novo_horizonte/banco_mestre_unificado.csv,MASTER_UNIFIED,XNNAEGNVBWZTKX-UHFFFAOYSA-N,0,0,0,0,0,1
LEGACY-INCHIKEY-XNYCROSWNJKGJP-UHFFFAOYSA-N,XNYCROSWNJKGJP-UHFFFAOYSA-N,formolecular/novo_horizonte/banco_mestre_unificado.csv,MASTER_UNIFIED,XNYCROSWNJKGJP-UHFFFAOYSA-N,0,0,0,0,0,1
LEGACY-INCHIKEY-XNYZGCFRTGJQPS-UHFFFAOYSA-N,XNYZGCFRTGJQPS-UHFFFAOYSA-N,formolecular/novo_horizonte/banco_mestre_unificado.csv,MASTER_UNIFIED,XNYZGCFRTGJQPS-UHFFFAOYSA-N,0,0,0,0,0,1
LEGACY-INCHIKEY-XOABOGDVDIMIIB-UHFFFAOYSA-N,XOABOGDVDIMIIB-UHFFFAOYSA-N,formolecular/novo_horizonte/banco_mestre_unificado.csv,MASTER_UNIFIED,XOABOGDVDIMIIB-UHFFFAOYSA-N,0,0,0,0,0,1
LEGACY-INCHIKEY-XOBTUSYAWGHOJT-UHFFFAOYSA-N,XOBTUSYAWGHOJT-UHFFFAOYSA-N,formolecular/novo_horizonte/banco_mestre_unificado.csv,MASTER_UNIFIED,XOBTUSYAWGHOJT-UHFFFAOYSA-N,0,0,0,0,0,1
LEGACY-INCHIKEY-XOFRKPZTXUYASX-UHFFFAOYSA-N,XOFRKPZTXUYASX-UHFFFAOYSA-N,formolecular/novo_horizonte/banco_mestre_unificado.csv,MASTER_UNIFIED,XOFRKPZTXUYASX-UHFFFAOYSA-N,0,0,0,0,0,1
LEGACY-INCHIKEY-XOFUPBGIHZJQQB-UHFFFAOYSA-N,XOFUPBGIHZJQQB-UHFFFAOYSA-N,formolecular/novo_horizonte/banco_mestre_unificado.csv,MASTER_UNIFIED,XOFUPBGIHZJQQB-UHFFFAOYSA-N,0,0,0,0,0,1
LEGACY-INCHIKEY-XOGXQFXNJJSNGJ-UHFFFAOYSA-N,XOGXQFXNJJSNGJ-UHFFFAOYSA-N,formolecular/novo_horizonte/banco_mestre_unificado.csv,MASTER_UNIFIED,XOGXQFXNJJSNGJ-UHFFFAOYSA-N,0,0,0,0,0,1
LEGACY-INCHIKEY-XOHBJQMCIJNMTR-UHFFFAOYSA-N,XOHBJQMCIJNMTR-UHFFFAOYSA-N,formolecular/novo_horizonte/banco_mestre_unificado.csv,MASTER_UNIFIED,XOHBJQMCIJNMTR-UHFFFAOYSA-N,0,0,0,0,0,1
LEGACY-INCHIKEY-XOJALUUYTSVHIQ-UHFFFAOYSA-N,XOJALUUYTSVHIQ-UHFFFAOYSA-N,formolecular/novo_horizonte/banco_mestre_unificado.csv,MASTER_UNIFIED,XOJALUUYTSVHIQ-UHFFFAOYSA-N,0,0,0,0,0,1
LEGACY-INCHIKEY-XOOLSWQGNWZWDY-UHFFFAOYSA-N,XOOLSWQGNWZWDY-UHFFFAOYSA-N,formolecular/novo_horizonte/banco_mestre_unificado.csv,MASTER_UNIFIED,XOOLSWQGNWZWDY-UHFFFAOYSA-N,0,0,0,0,0,1
LEGACY-INCHIKEY-XOPCSZILSCBRDY-UHFFFAOYSA-N,XOPCSZILSCBRDY-UHFFFAOYSA-N,formolecular/novo_horizonte/banco_mestre_unificado.csv,MASTER_UNIFIED,XOPCSZILSCBRDY-UHFFFAOYSA-N,0,0,0,0,0,1
LEGACY-INCHIKEY-XORBDYPUJCAMIJ-UHFFFAOYSA-N,XORBDYPUJCAMIJ-UHFFFAOYSA-N,formolecular/novo_horizonte/banco_mestre_unificado.csv,MASTER_UNIFIED,XORBDYPUJCAMIJ-UHFFFAOYSA-N,0,0,0,0,0,1
LEGACY-INCHIKEY-XOUWDCMQAPPPTM-UHFFFAOYSA-N,XOUWDCMQAPPPTM-UHFFFAOYSA-N,formolecular/novo_horizonte/banco_mestre_unificado.csv,MASTER_UNIFIED,XOUWDCMQAPPPTM-UHFFFAOYSA-N,0,0,0,0,0,1
LEGACY-INCHIKEY-XOVGEMFKCLLDKD-UHFFFAOYSA-N,XOVGEMFKCLLDKD-UHFFFAOYSA-N,formolecular/novo_horizonte/banco_mestre_unificado.csv,MASTER_UNIFIED,XOVGEMFKCLLDKD-UHFFFAOYSA-N,0,0,0,0,0,1
LEGACY-INCHIKEY-XPFOGUXTXJOAFQ-UHFFFAOYSA-N,XPFOGUXTXJOAFQ-UHFFFAOYSA-N,formolecular/novo_horizonte/banco_mestre_unificado.csv,MASTER_UNIFIED,XPFOGUXTXJOAFQ-UHFFFAOYSA-N,0,0,0,0,0,1
LEGACY-INCHIKEY-XPGNYTNUWMEUKZ-UHFFFAOYSA-N,XPGNYTNUWMEUKZ-UHFFFAOYSA-N,formolecular/novo_horizonte/banco_mestre_unificado.csv,MASTER_UNIFIED,XPGNYTNUWMEUKZ-UHFFFAOYSA-N,0,0,0,0,0,1
LEGACY-INCHIKEY-XPHKZPMZYOUCMV-UHFFFAOYSA-N,XPHKZPMZYOUCMV-UHFFFAOYSA-N,formolecular/novo_horizonte/banco_mestre_unificado.csv,MASTER_UNIFIED,XPHKZPMZYOUCMV-UHFFFAOYSA-N,0,0,0,0,0,1
LEGACY-INCHIKEY-XPICLMUVBAYTMY-UHFFFAOYSA-N,XPICLMUVBAYTMY-UHFFFAOYSA-N,formolecular/novo_horizonte/banco_mestre_unificado.csv,MASTER_UNIFIED,XPICLMUVBAYTMY-UHFFFAOYSA-N,0,0,0,0,0,1
LEGACY-INCHIKEY-XPINWGVMIQZKDD-UHFFFAOYSA-N,XPINWGVMIQZKDD-UHFFFAOYSA-N,formolecular/novo_horizonte/banco_mestre_unificado.csv,MASTER_UNIFIED,XPINWGVMIQZKDD-UHFFFAOYSA-N,0,0,0,0,0,1
LEGACY-INCHIKEY-XPNFXMJGWNNFGI-UHFFFAOYSA-N,XPNFXMJGWNNFGI-UHFFFAOYSA-N,formolecular/novo_horizonte/banco_mestre_unificado.csv,MASTER_UNIFIED,XPNFXMJGWNNFGI-UHFFFAOYSA-N,0,0,0,0,0,1
LEGACY-INCHIKEY-XQATZRPUDRDRQT-UHFFFAOYSA-N,XQATZRPUDRDRQT-UHFFFAOYSA-N,formolecular/novo_horizonte/banco_mestre_unificado.csv,MASTER_UNIFIED,XQATZRPUDRDRQT-UHFFFAOYSA-N,0,0,0,0,0,1
LEGACY-INCHIKEY-XQOVOQWTPZEONE-UHFFFAOYSA-N,XQOVOQWTPZEONE-UHFFFAOYSA-N,formolecular/novo_horizonte/banco_mestre_unificado.csv,MASTER_UNIFIED,XQOVOQWTPZEONE-UHFFFAOYSA-N,0,0,0,0,0,1
LEGACY-INCHIKEY-XQPONRBVPVBRLX-UHFFFAOYSA-N,XQPONRBVPVBRLX-UHFFFAOYSA-N,formolecular/novo_horizonte/banco_mestre_unificado.csv,MASTER_UNIFIED,XQPONRBVPVBRLX-UHFFFAOYSA-N,0,0,0,0,0,1
LEGACY-INCHIKEY-XQQBBSCFTKLNHW-UHFFFAOYSA-N,XQQBBSCFTKLNHW-UHFFFAOYSA-N,formolecular/novo_horizonte/banco_mestre_unificado.csv,MASTER_UNIFIED,XQQBBSCFTKLNHW-UHFFFAOYSA-N,0,0,0,0,0,1
LEGACY-INCHIKEY-XQYZMUGWOZMLQE-UHFFFAOYSA-N,XQYZMUGWOZMLQE-UHFFFAOYSA-N,formolecular/novo_horizonte/banco_mestre_unificado.csv,MASTER_UNIFIED,XQYZMUGWOZMLQE-UHFFFAOYSA-N,0,0,0,0,0,1
LEGACY-INCHIKEY-XRARQXJSMIQJCI-UHFFFAOYSA-N,XRARQXJSMIQJCI-UHFFFAOYSA-N,formolecular/novo_horizonte/banco_mestre_unificado.csv,MASTER_UNIFIED,XRARQXJSMIQJCI-UHFFFAOYSA-N,0,0,0,0,0,1
LEGACY-INCHIKEY-XRGKUFOTBKZLIQ-UHFFFAOYSA-N,XRGKUFOTBKZLIQ-UHFFFAOYSA-N,formolecular/novo_horizonte/banco_mestre_unificado.csv,MASTER_UNIFIED,XRGKUFOTBKZLIQ-UHFFFAOYSA-N,0,0,0,0,0,1
LEGACY-INCHIKEY-XRHIXGBLRAMIIP-UHFFFAOYSA-N,XRHIXGBLRAMIIP-UHFFFAOYSA-N,formolecular/novo_horizonte/banco_mestre_unificado.csv,MASTER_UNIFIED,XRHIXGBLRAMIIP-UHFFFAOYSA-N,0,0,0,0,0,1
LEGACY-INCHIKEY-XRHZAHPMWHFJEY-UHFFFAOYSA-N,XRHZAHPMWHFJEY-UHFFFAOYSA-N,formolecular/novo_horizonte/banco_mestre_unificado.csv,MASTER_UNIFIED,XRHZAHPMWHFJEY-UHFFFAOYSA-N,0,0,0,0,0,1
LEGACY-INCHIKEY-XRILPGJZFOXUGI-UHFFFAOYSA-N,XRILPGJZFOXUGI-UHFFFAOYSA-N,formolecular/novo_horizonte/banco_mestre_unificado.csv,MASTER_UNIFIED,XRILPGJZFOXUGI-UHFFFAOYSA-N,0,0,0,0,0,1
LEGACY-INCHIKEY-XRQUTOAFSPEWBC-UHFFFAOYSA-N,XRQUTOAFSPEWBC-UHFFFAOYSA-N,formolecular/novo_horizonte/banco_mestre_unificado.csv,MASTER_UNIFIED,XRQUTOAFSPEWBC-UHFFFAOYSA-N,0,0,0,0,0,1
LEGACY-INCHIKEY-XRRIINHLFHUPRG-UHFFFAOYSA-N,XRRIINHLFHUPRG-UHFFFAOYSA-N,formolecular/novo_horizonte/banco_mestre_unificado.csv,MASTER_UNIFIED,XRRIINHLFHUPRG-UHFFFAOYSA-N,0,0,0,0,0,1
LEGACY-INCHIKEY-XRTYHSYSPOFMID-UHFFFAOYSA-N,XRTYHSYSPOFMID-UHFFFAOYSA-N,formolecular/novo_horizonte/banco_mestre_unificado.csv,MASTER_UNIFIED,XRTYHSYSPOFMID-UHFFFAOYSA-N,0,0,0,0,0,1
LEGACY-INCHIKEY-XRUXGVZWDZADLA-UHFFFAOYSA-N,XRUXGVZWDZADLA-UHFFFAOYSA-N,formolecular/novo_horizonte/banco_mestre_unificado.csv,MASTER_UNIFIED,XRUXGVZWDZADLA-UHFFFAOYSA-N,0,0,0,0,0,1
LEGACY-INCHIKEY-XRWDZBCEJQFISE-UHFFFAOYSA-N,XRWDZBCEJQFISE-UHFFFAOYSA-N,formolecular/novo_horizonte/banco_mestre_unificado.csv,MASTER_UNIFIED,XRWDZBCEJQFISE-UHFFFAOYSA-N,0,0,0,0,0,1
LEGACY-INCHIKEY-XRYPFMWBEANOEK-UHFFFAOYSA-N,XRYPFMWBEANOEK-UHFFFAOYSA-N,formolecular/novo_horizonte/banco_mestre_unificado.csv,MASTER_UNIFIED,XRYPFMWBEANOEK-UHFFFAOYSA-N,0,0,0,0,0,1
LEGACY-INCHIKEY-XSBYPWBWYKGPIJ-UHFFFAOYSA-N,XSBYPWBWYKGPIJ-UHFFFAOYSA-N,formolecular/novo_horizonte/banco_mestre_unificado.csv,MASTER_UNIFIED,XSBYPWBWYKGPIJ-UHFFFAOYSA-N,0,0,0,0,0,1
LEGACY-INCHIKEY-XSDLSQLULBFBAZ-UHFFFAOYSA-N,XSDLSQLULBFBAZ-UHFFFAOYSA-N,formolecular/novo_horizonte/banco_mestre_unificado.csv,MASTER_UNIFIED,XSDLSQLULBFBAZ-UHFFFAOYSA-N,0,0,0,0,0,1
LEGACY-INCHIKEY-XSHNPYOBNWTVJQ-UHFFFAOYSA-N,XSHNPYOBNWTVJQ-UHFFFAOYSA-N,formolecular/novo_horizonte/banco_mestre_unificado.csv,MASTER_UNIFIED,XSHNPYOBNWTVJQ-UHFFFAOYSA-N,0,0,0,0,0,1
LEGACY-INCHIKEY-XSHQPOOOPCUDNI-UHFFFAOYSA-N,XSHQPOOOPCUDNI-UHFFFAOYSA-N,formolecular/novo_horizonte/banco_mestre_unificado.csv,MASTER_UNIFIED,XSHQPOOOPCUDNI-UHFFFAOYSA-N,0,0,0,0,0,1
LEGACY-INCHIKEY-XSJCTCBWCINFEB-UHFFFAOYSA-N,XSJCTCBWCINFEB-UHFFFAOYSA-N,formolecular/novo_horizonte/banco_mestre_unificado.csv,MASTER_UNIFIED,XSJCTCBWCINFEB-UHFFFAOYSA-N,0,0,0,0,0,1
LEGACY-INCHIKEY-XSMDJHXWWATCCY-UHFFFAOYSA-N,XSMDJHXWWATCCY-UHFFFAOYSA-N,formolecular/novo_horizonte/banco_mestre_unificado.csv,MASTER_UNIFIED,XSMDJHXWWATCCY-UHFFFAOYSA-N,0,0,0,0,0,1
LEGACY-INCHIKEY-XSPKBJSUNFJUDM-UHFFFAOYSA-N,XSPKBJSUNFJUDM-UHFFFAOYSA-N,formolecular/novo_horizonte/banco_mestre_unificado.csv,MASTER_UNIFIED,XSPKBJSUNFJUDM-UHFFFAOYSA-N,0,0,0,0,0,1
LEGACY-INCHIKEY-XSROPSSWBHDBBU-UHFFFAOYSA-N,XSROPSSWBHDBBU-UHFFFAOYSA-N,formolecular/novo_horizonte/banco_mestre_unificado.csv,MASTER_UNIFIED,XSROPSSWBHDBBU-UHFFFAOYSA-N,0,0,0,0,0,1
LEGACY-INCHIKEY-XSTWHEVQTCDPOD-UHFFFAOYSA-N,XSTWHEVQTCDPOD-UHFFFAOYSA-N,formolecular/novo_horizonte/banco_mestre_unificado.csv,MASTER_UNIFIED,XSTWHEVQTCDPOD-UHFFFAOYSA-N,0,0,0,0,0,1
LEGACY-INCHIKEY-XSZUKOKZNOWDIU-UHFFFAOYSA-N,XSZUKOKZNOWDIU-UHFFFAOYSA-N,formolecular/novo_horizonte/banco_mestre_unificado.csv,MASTER_UNIFIED,XSZUKOKZNOWDIU-UHFFFAOYSA-N,0,0,0,0,0,1
LEGACY-INCHIKEY-XTDGQBUTENSKMG-UHFFFAOYSA-N,XTDGQBUTENSKMG-UHFFFAOYSA-N,formolecular/novo_horizonte/banco_mestre_unificado.csv,MASTER_UNIFIED,XTDGQBUTENSKMG-UHFFFAOYSA-N,0,0,0,0,0,1
LEGACY-INCHIKEY-XTHYAJITEKVULO-UHFFFAOYSA-N,XTHYAJITEKVULO-UHFFFAOYSA-N,formolecular/novo_horizonte/banco_mestre_unificado.csv,MASTER_UNIFIED,XTHYAJITEKVULO-UHFFFAOYSA-N,0,0,0,0,0,1
LEGACY-INCHIKEY-XTJBAHCDUGAUAK-UHFFFAOYSA-N,XTJBAHCDUGAUAK-UHFFFAOYSA-N,formolecular/novo_horizonte/banco_mestre_unificado.csv,MASTER_UNIFIED,XTJBAHCDUGAUAK-UHFFFAOYSA-N,0,0,0,0,0,1
LEGACY-INCHIKEY-XTLZYCYINBAXKE-UHFFFAOYSA-N,XTLZYCYINBAXKE-UHFFFAOYSA-N,formolecular/novo_horizonte/banco_mestre_unificado.csv,MASTER_UNIFIED,XTLZYCYINBAXKE-UHFFFAOYSA-N,0,0,0,0,0,1
LEGACY-INCHIKEY-XTPLSJGQZVRYEX-UHFFFAOYSA-N,XTPLSJGQZVRYEX-UHFFFAOYSA-N,formolecular/novo_horizonte/banco_mestre_unificado.csv,MASTER_UNIFIED,XTPLSJGQZVRYEX-UHFFFAOYSA-N,0,0,0,0,0,1
LEGACY-INCHIKEY-XTPVIOIZCXNPAF-UHFFFAOYSA-N,XTPVIOIZCXNPAF-UHFFFAOYSA-N,formolecular/novo_horizonte/banco_mestre_unificado.csv,MASTER_UNIFIED,XTPVIOIZCXNPAF-UHFFFAOYSA-N,0,0,0,0,0,1
LEGACY-INCHIKEY-XUDVZGASDJXIBZ-UHFFFAOYSA-N,XUDVZGASDJXIBZ-UHFFFAOYSA-N,formolecular/novo_horizonte/banco_mestre_unificado.csv,MASTER_UNIFIED,XUDVZGASDJXIBZ-UHFFFAOYSA-N,0,0,0,0,0,1
LEGACY-INCHIKEY-XUFRRRPDMUXEIM-UHFFFAOYSA-N,XUFRRRPDMUXEIM-UHFFFAOYSA-N,formolecular/novo_horizonte/banco_mestre_unificado.csv,MASTER_UNIFIED,XUFRRRPDMUXEIM-UHFFFAOYSA-N,0,0,0,0,0,1
LEGACY-INCHIKEY-XULGRVDDIUGAFL-UHFFFAOYSA-N,XULGRVDDIUGAFL-UHFFFAOYSA-N,formolecular/novo_horizonte/banco_mestre_unificado.csv,MASTER_UNIFIED,XULGRVDDIUGAFL-UHFFFAOYSA-N,0,0,0,0,0,1
LEGACY-INCHIKEY-XUPFDEMUFBFQHE-UHFFFAOYSA-N,XUPFDEMUFBFQHE-UHFFFAOYSA-N,formolecular/novo_horizonte/banco_mestre_unificado.csv,MASTER_UNIFIED,XUPFDEMUFBFQHE-UHFFFAOYSA-N,0,0,0,0,0,1
LEGACY-INCHIKEY-XUSLKKLYADXDMU-UHFFFAOYSA-N,XUSLKKLYADXDMU-UHFFFAOYSA-N,formolecular/novo_horizonte/banco_mestre_unificado.csv,MASTER_UNIFIED,XUSLKKLYADXDMU-UHFFFAOYSA-N,0,0,0,0,0,1
LEGACY-INCHIKEY-XUTQZBYGAMKXAV-UHFFFAOYSA-N,XUTQZBYGAMKXAV-UHFFFAOYSA-N,formolecular/novo_horizonte/banco_mestre_unificado.csv,MASTER_UNIFIED,XUTQZBYGAMKXAV-UHFFFAOYSA-N,0,0,0,0,0,1
LEGACY-INCHIKEY-XUUCRPQOLUHCLH-UHFFFAOYSA-N,XUUCRPQOLUHCLH-UHFFFAOYSA-N,formolecular/novo_horizonte/banco_mestre_unificado.csv,MASTER_UNIFIED,XUUCRPQOLUHCLH-UHFFFAOYSA-N,0,0,0,0,0,1
LEGACY-INCHIKEY-XVTBJHKZWHGYTO-UHFFFAOYSA-N,XVTBJHKZWHGYTO-UHFFFAOYSA-N,formolecular/novo_horizonte/banco_mestre_unificado.csv,MASTER_UNIFIED,XVTBJHKZWHGYTO-UHFFFAOYSA-N,0,0,0,0,0,1
LEGACY-INCHIKEY-XVVDADQYWHPRJC-UHFFFAOYSA-N,XVVDADQYWHPRJC-UHFFFAOYSA-N,formolecular/novo_horizonte/banco_mestre_unificado.csv,MASTER_UNIFIED,XVVDADQYWHPRJC-UHFFFAOYSA-N,0,0,0,0,0,1
LEGACY-INCHIKEY-XVZCZXIQPUSBED-UHFFFAOYSA-N,XVZCZXIQPUSBED-UHFFFAOYSA-N,formolecular/novo_horizonte/banco_mestre_unificado.csv,MASTER_UNIFIED,XVZCZXIQPUSBED-UHFFFAOYSA-N,0,0,0,0,0,1
LEGACY-INCHIKEY-XWBDHTGIFCPNHN-UHFFFAOYSA-N,XWBDHTGIFCPNHN-UHFFFAOYSA-N,formolecular/novo_horizonte/banco_mestre_unificado.csv,MASTER_UNIFIED,XWBDHTGIFCPNHN-UHFFFAOYSA-N,0,0,0,0,0,1
LEGACY-INCHIKEY-XWLXFUNSOGKBSC-UHFFFAOYSA-N,XWLXFUNSOGKBSC-UHFFFAOYSA-N,formolecular/novo_horizonte/banco_mestre_unificado.csv,MASTER_UNIFIED,XWLXFUNSOGKBSC-UHFFFAOYSA-N,0,0,0,0,0,1
LEGACY-INCHIKEY-XWMJJBAECJPRPD-UHFFFAOYSA-N,XWMJJBAECJPRPD-UHFFFAOYSA-N,formolecular/novo_horizonte/banco_mestre_unificado.csv,MASTER_UNIFIED,XWMJJBAECJPRPD-UHFFFAOYSA-N,0,0,0,0,0,1
LEGACY-INCHIKEY-XWPXAGPHFAMEQR-UHFFFAOYSA-N,XWPXAGPHFAMEQR-UHFFFAOYSA-N,formolecular/novo_horizonte/banco_mestre_unificado.csv,MASTER_UNIFIED,XWPXAGPHFAMEQR-UHFFFAOYSA-N,0,0,0,0,0,1
LEGACY-INCHIKEY-XWVIUMRFMGOSDM-UHFFFAOYSA-N,XWVIUMRFMGOSDM-UHFFFAOYSA-N,formolecular/novo_horizonte/banco_mestre_unificado.csv,MASTER_UNIFIED,XWVIUMRFMGOSDM-UHFFFAOYSA-N,0,0,0,0,0,1
LEGACY-INCHIKEY-XWVLBQOINVSQNF-UHFFFAOYSA-N,XWVLBQOINVSQNF-UHFFFAOYSA-N,formolecular/novo_horizonte/banco_mestre_unificado.csv,MASTER_UNIFIED,XWVLBQOINVSQNF-UHFFFAOYSA-N,0,0,0,0,0,1
LEGACY-INCHIKEY-XXBBDNOEKOFPJT-UHFFFAOYSA-N,XXBBDNOEKOFPJT-UHFFFAOYSA-N,formolecular/novo_horizonte/banco_mestre_unificado.csv,MASTER_UNIFIED,XXBBDNOEKOFPJT-UHFFFAOYSA-N,0,0,0,0,0,1
LEGACY-INCHIKEY-XXBMBOIQWLTAPL-UHFFFAOYSA-N,XXBMBOIQWLTAPL-UHFFFAOYSA-N,formolecular/novo_horizonte/banco_mestre_unificado.csv,MASTER_UNIFIED,XXBMBOIQWLTAPL-UHFFFAOYSA-N,0,0,0,0,0,1
LEGACY-INCHIKEY-XYANMPNZTRHGEI-UHFFFAOYSA-N,XYANMPNZTRHGEI-UHFFFAOYSA-N,formolecular/novo_horizonte/banco_mestre_unificado.csv,MASTER_UNIFIED,XYANMPNZTRHGEI-UHFFFAOYSA-N,0,0,0,0,0,1
LEGACY-INCHIKEY-XYBLXHQNDGLRKF-UHFFFAOYSA-N,XYBLXHQNDGLRKF-UHFFFAOYSA-N,formolecular/novo_horizonte/banco_mestre_unificado.csv,MASTER_UNIFIED,XYBLXHQNDGLRKF-UHFFFAOYSA-N,0,0,0,0,0,1
LEGACY-INCHIKEY-XYEDEZYKERSSSF-UHFFFAOYSA-N,XYEDEZYKERSSSF-UHFFFAOYSA-N,formolecular/novo_horizonte/banco_mestre_unificado.csv,MASTER_UNIFIED,XYEDEZYKERSSSF-UHFFFAOYSA-N,0,0,0,0,0,1
LEGACY-INCHIKEY-XYNMFAIMEZQURJ-UHFFFAOYSA-N,XYNMFAIMEZQURJ-UHFFFAOYSA-N,formolecular/novo_horizonte/banco_mestre_unificado.csv,MASTER_UNIFIED,XYNMFAIMEZQURJ-UHFFFAOYSA-N,0,0,0,0,0,1
LEGACY-INCHIKEY-XYSJRAAKULMABU-UHFFFAOYSA-N,XYSJRAAKULMABU-UHFFFAOYSA-N,formolecular/novo_horizonte/banco_mestre_unificado.csv,MASTER_UNIFIED,XYSJRAAKULMABU-UHFFFAOYSA-N,0,0,0,0,0,1
LEGACY-INCHIKEY-XYVHRNDGTCFEOI-UHFFFAOYSA-N,XYVHRNDGTCFEOI-UHFFFAOYSA-N,formolecular/novo_horizonte/banco_mestre_unificado.csv,MASTER_UNIFIED,XYVHRNDGTCFEOI-UHFFFAOYSA-N,0,0,0,0,0,1
LEGACY-INCHIKEY-XYVMNIAQUHXYNL-UHFFFAOYSA-N,XYVMNIAQUHXYNL-UHFFFAOYSA-N,formolecular/novo_horizonte/banco_mestre_unificado.csv,MASTER_UNIFIED,XYVMNIAQUHXYNL-UHFFFAOYSA-N,0,0,0,0,0,1
LEGACY-INCHIKEY-XYZKOCHYUFZQTM-UHFFFAOYSA-N,XYZKOCHYUFZQTM-UHFFFAOYSA-N,formolecular/novo_horizonte/banco_mestre_unificado.csv,MASTER_UNIFIED,XYZKOCHYUFZQTM-UHFFFAOYSA-N,0,0,0,0,0,1
LEGACY-INCHIKEY-XYZNHCKSKCHXIM-UHFFFAOYSA-N,XYZNHCKSKCHXIM-UHFFFAOYSA-N,formolecular/novo_horizonte/banco_mestre_unificado.csv,MASTER_UNIFIED,XYZNHCKSKCHXIM-UHFFFAOYSA-N,0,0,0,0,0,1
LEGACY-INCHIKEY-XZIIHPJOVQNTAY-UHFFFAOYSA-N,XZIIHPJOVQNTAY-UHFFFAOYSA-N,formolecular/novo_horizonte/banco_mestre_unificado.csv,MASTER_UNIFIED,XZIIHPJOVQNTAY-UHFFFAOYSA-N,0,0,0,0,0,1
LEGACY-INCHIKEY-XZWUCIKKHDOUGY-UHFFFAOYSA-N,XZWUCIKKHDOUGY-UHFFFAOYSA-N,formolecular/novo_horizonte/banco_mestre_unificado.csv,MASTER_UNIFIED,XZWUCIKKHDOUGY-UHFFFAOYSA-N,0,0,0,0,0,1
LEGACY-INCHIKEY-XZYHUIGWCKEMLS-UHFFFAOYSA-N,XZYHUIGWCKEMLS-UHFFFAOYSA-N,formolecular/novo_horizonte/banco_mestre_unificado.csv,MASTER_UNIFIED,XZYHUIGWCKEMLS-UHFFFAOYSA-N,0,0,0,0,0,1
LEGACY-INCHIKEY-YABPMXSJHRJBGM-UHFFFAOYSA-N,YABPMXSJHRJBGM-UHFFFAOYSA-N,formolecular/novo_horizonte/banco_mestre_unificado.csv,MASTER_UNIFIED,YABPMXSJHRJBGM-UHFFFAOYSA-N,0,0,0,0,0,1
LEGACY-INCHIKEY-YACOKDBKLKRCFR-UHFFFAOYSA-N,YACOKDBKLKRCFR-UHFFFAOYSA-N,formolecular/novo_horizonte/banco_mestre_unificado.csv,MASTER_UNIFIED,YACOKDBKLKRCFR-UHFFFAOYSA-N,0,0,0,0,0,1
LEGACY-INCHIKEY-YALXTCXQOJZASD-UHFFFAOYSA-N,YALXTCXQOJZASD-UHFFFAOYSA-N,formolecular/novo_horizonte/banco_mestre_unificado.csv,MASTER_UNIFIED,YALXTCXQOJZASD-UHFFFAOYSA-N,0,0,0,0,0,1
LEGACY-INCHIKEY-YAMSHENIOFNEPQ-UHFFFAOYSA-N,YAMSHENIOFNEPQ-UHFFFAOYSA-N,formolecular/novo_horizonte/banco_mestre_unificado.csv,MASTER_UNIFIED,YAMSHENIOFNEPQ-UHFFFAOYSA-N,0,0,0,0,0,1
LEGACY-INCHIKEY-YANOEANVEMSUHR-UHFFFAOYSA-N,YANOEANVEMSUHR-UHFFFAOYSA-N,formolecular/novo_horizonte/banco_mestre_unificado.csv,MASTER_UNIFIED,YANOEANVEMSUHR-UHFFFAOYSA-N,0,0,0,0,0,1
LEGACY-INCHIKEY-YAQMLUNDXRVHJW-UHFFFAOYSA-N,YAQMLUNDXRVHJW-UHFFFAOYSA-N,formolecular/novo_horizonte/banco_mestre_unificado.csv,MASTER_UNIFIED,YAQMLUNDXRVHJW-UHFFFAOYSA-N,0,0,0,0,0,1
LEGACY-INCHIKEY-YASUDUKYUSEGOW-UHFFFAOYSA-N,YASUDUKYUSEGOW-UHFFFAOYSA-N,formolecular/novo_horizonte/banco_mestre_unificado.csv,MASTER_UNIFIED,YASUDUKYUSEGOW-UHFFFAOYSA-N,0,0,0,0,0,1
LEGACY-INCHIKEY-YAWJSBDJOVKEGS-UHFFFAOYSA-N,YAWJSBDJOVKEGS-UHFFFAOYSA-N,formolecular/novo_horizonte/banco_mestre_unificado.csv,MASTER_UNIFIED,YAWJSBDJOVKEGS-UHFFFAOYSA-N,0,0,0,0,0,1
LEGACY-INCHIKEY-YBCKRPCRFQFPRE-UHFFFAOYSA-N,YBCKRPCRFQFPRE-UHFFFAOYSA-N,formolecular/novo_horizonte/banco_mestre_unificado.csv,MASTER_UNIFIED,YBCKRPCRFQFPRE-UHFFFAOYSA-N,0,0,0,0,0,1
LEGACY-INCHIKEY-YBGOPAGXRULKRP-UHFFFAOYSA-N,YBGOPAGXRULKRP-UHFFFAOYSA-N,formolecular/novo_horizonte/banco_mestre_unificado.csv,MASTER_UNIFIED,YBGOPAGXRULKRP-UHFFFAOYSA-N,0,0,0,0,0,1
LEGACY-INCHIKEY-YBKWNYXDVAUIJT-UHFFFAOYSA-N,YBKWNYXDVAUIJT-UHFFFAOYSA-N,formolecular/novo_horizonte/banco_mestre_unificado.csv,MASTER_UNIFIED,YBKWNYXDVAUIJT-UHFFFAOYSA-N,0,0,0,0,0,1
LEGACY-INCHIKEY-YBLCLFVAXTXGIV-UHFFFAOYSA-N,YBLCLFVAXTXGIV-UHFFFAOYSA-N,formolecular/novo_horizonte/banco_mestre_unificado.csv,MASTER_UNIFIED,YBLCLFVAXTXGIV-UHFFFAOYSA-N,0,0,0,0,0,1
LEGACY-INCHIKEY-YBTJJEUMXJSBNS-UHFFFAOYSA-N,YBTJJEUMXJSBNS-UHFFFAOYSA-N,formolecular/novo_horizonte/banco_mestre_unificado.csv,MASTER_UNIFIED,YBTJJEUMXJSBNS-UHFFFAOYSA-N,0,0,0,0,0,1
LEGACY-INCHIKEY-YBXLVLHRSDJOIN-UHFFFAOYSA-N,YBXLVLHRSDJOIN-UHFFFAOYSA-N,formolecular/csv_elite_farma/RANKING_FARMACOS_ELITE_ADMET.csv,FARMA_ELITE,YBXLVLHRSDJOIN-UHFFFAOYSA-N,0,1,0,0,0,0
LEGACY-INCHIKEY-YCFUSAALTBYHPC-UHFFFAOYSA-N,YCFUSAALTBYHPC-UHFFFAOYSA-N,formolecular/novo_horizonte/banco_mestre_unificado.csv,MASTER_UNIFIED,YCFUSAALTBYHPC-UHFFFAOYSA-N,0,0,0,0,0,1
LEGACY-INCHIKEY-YCJARYWOEZNWQM-UHFFFAOYSA-N,YCJARYWOEZNWQM-UHFFFAOYSA-N,formolecular/novo_horizonte/banco_mestre_unificado.csv,MASTER_UNIFIED,YCJARYWOEZNWQM-UHFFFAOYSA-N,0,0,0,0,0,1
LEGACY-INCHIKEY-YCJWIJQDAUIYQG-UHFFFAOYSA-N,YCJWIJQDAUIYQG-UHFFFAOYSA-N,formolecular/novo_horizonte/banco_mestre_unificado.csv,MASTER_UNIFIED,YCJWIJQDAUIYQG-UHFFFAOYSA-N,0,0,0,0,0,1
LEGACY-INCHIKEY-YCKJEKCAHWUHND-UHFFFAOYSA-N,YCKJEKCAHWUHND-UHFFFAOYSA-N,formolecular/novo_horizonte/banco_mestre_unificado.csv,MASTER_UNIFIED,YCKJEKCAHWUHND-UHFFFAOYSA-N,0,0,0,0,0,1
LEGACY-INCHIKEY-YCNQFHUTHDKHKE-UHFFFAOYSA-N,YCNQFHUTHDKHKE-UHFFFAOYSA-N,formolecular/novo_horizonte/banco_mestre_unificado.csv,MASTER_UNIFIED,YCNQFHUTHDKHKE-UHFFFAOYSA-N,0,0,0,0,0,1
LEGACY-INCHIKEY-YCRAIAYVFFKJMU-UHFFFAOYSA-N,YCRAIAYVFFKJMU-UHFFFAOYSA-N,formolecular/novo_horizonte/banco_mestre_unificado.csv,MASTER_UNIFIED,YCRAIAYVFFKJMU-UHFFFAOYSA-N,0,0,0,0,0,1
LEGACY-INCHIKEY-YCSSJWOQUZVEAD-UHFFFAOYSA-N,YCSSJWOQUZVEAD-UHFFFAOYSA-N,formolecular/novo_horizonte/banco_mestre_unificado.csv,MASTER_UNIFIED,YCSSJWOQUZVEAD-UHFFFAOYSA-N,0,0,0,0,0,1
LEGACY-INCHIKEY-YCSVPIALVDNVHG-UHFFFAOYSA-N,YCSVPIALVDNVHG-UHFFFAOYSA-N,formolecular/novo_horizonte/banco_mestre_unificado.csv,MASTER_UNIFIED,YCSVPIALVDNVHG-UHFFFAOYSA-N,0,0,0,0,0,1
LEGACY-INCHIKEY-YCUNVBZYKJTORL-UHFFFAOYSA-N,YCUNVBZYKJTORL-UHFFFAOYSA-N,formolecular/novo_horizonte/banco_mestre_unificado.csv,MASTER_UNIFIED,YCUNVBZYKJTORL-UHFFFAOYSA-N,0,0,0,0,0,1
LEGACY-INCHIKEY-YCYCWUMVGPPGFS-UHFFFAOYSA-N,YCYCWUMVGPPGFS-UHFFFAOYSA-N,formolecular/novo_horizonte/banco_mestre_unificado.csv,MASTER_UNIFIED,YCYCWUMVGPPGFS-UHFFFAOYSA-N,0,0,0,0,0,1
LEGACY-INCHIKEY-YDGDEMHPGBUVHJ-UHFFFAOYSA-N,YDGDEMHPGBUVHJ-UHFFFAOYSA-N,formolecular/novo_horizonte/banco_mestre_unificado.csv,MASTER_UNIFIED,YDGDEMHPGBUVHJ-UHFFFAOYSA-N,0,0,0,0,0,1
LEGACY-INCHIKEY-YDMGXNVEVXDECB-UHFFFAOYSA-N,YDMGXNVEVXDECB-UHFFFAOYSA-N,formolecular/novo_horizonte/banco_mestre_unificado.csv,MASTER_UNIFIED,YDMGXNVEVXDECB-UHFFFAOYSA-N,0,0,0,0,0,1
LEGACY-INCHIKEY-YDMTVUMZXQMEKC-UHFFFAOYSA-N,YDMTVUMZXQMEKC-UHFFFAOYSA-N,formolecular/novo_horizonte/banco_mestre_unificado.csv,MASTER_UNIFIED,YDMTVUMZXQMEKC-UHFFFAOYSA-N,0,0,0,0,0,1
LEGACY-INCHIKEY-YDQAUOYTUWEUEQ-UHFFFAOYSA-N,YDQAUOYTUWEUEQ-UHFFFAOYSA-N,formolecular/novo_horizonte/banco_mestre_unificado.csv,MASTER_UNIFIED,YDQAUOYTUWEUEQ-UHFFFAOYSA-N,0,0,0,0,0,1
LEGACY-INCHIKEY-YDQXVBQICRQJHZ-UHFFFAOYSA-N,YDQXVBQICRQJHZ-UHFFFAOYSA-N,formolecular/novo_horizonte/banco_mestre_unificado.csv,MASTER_UNIFIED,YDQXVBQICRQJHZ-UHFFFAOYSA-N,0,0,0,0,0,1
LEGACY-INCHIKEY-YDRSSMRZEWFIIR-UHFFFAOYSA-N,YDRSSMRZEWFIIR-UHFFFAOYSA-N,formolecular/novo_horizonte/banco_mestre_unificado.csv,MASTER_UNIFIED,YDRSSMRZEWFIIR-UHFFFAOYSA-N,0,0,0,0,0,1
LEGACY-INCHIKEY-YDSWWPBVPSYYSA-UHFFFAOYSA-N,YDSWWPBVPSYYSA-UHFFFAOYSA-N,formolecular/novo_horizonte/banco_mestre_unificado.csv,MASTER_UNIFIED,YDSWWPBVPSYYSA-UHFFFAOYSA-N,0,0,0,0,0,1
LEGACY-INCHIKEY-YDSYGVYIMNGTIW-UHFFFAOYSA-N,YDSYGVYIMNGTIW-UHFFFAOYSA-N,formolecular/novo_horizonte/banco_mestre_unificado.csv,MASTER_UNIFIED,YDSYGVYIMNGTIW-UHFFFAOYSA-N,0,0,0,0,0,1
LEGACY-INCHIKEY-YDXFTKSCJWCEED-UHFFFAOYSA-N,YDXFTKSCJWCEED-UHFFFAOYSA-N,formolecular/novo_horizonte/banco_mestre_unificado.csv,MASTER_UNIFIED,YDXFTKSCJWCEED-UHFFFAOYSA-N,0,0,0,0,0,1
LEGACY-INCHIKEY-YDXQACIEKQIXFF-UHFFFAOYSA-N,YDXQACIEKQIXFF-UHFFFAOYSA-N,formolecular/novo_horizonte/banco_mestre_unificado.csv,MASTER_UNIFIED,YDXQACIEKQIXFF-UHFFFAOYSA-N,0,0,0,0,0,1
LEGACY-INCHIKEY-YDXQJPIUIRODDU-UHFFFAOYSA-N,YDXQJPIUIRODDU-UHFFFAOYSA-N,formolecular/novo_horizonte/banco_mestre_unificado.csv,MASTER_UNIFIED,YDXQJPIUIRODDU-UHFFFAOYSA-N,0,0,0,0,0,1
LEGACY-INCHIKEY-YEDBGVFGKQEAIJ-UHFFFAOYSA-N,YEDBGVFGKQEAIJ-UHFFFAOYSA-N,formolecular/novo_horizonte/banco_mestre_unificado.csv,MASTER_UNIFIED,YEDBGVFGKQEAIJ-UHFFFAOYSA-N,0,0,0,0,0,1
LEGACY-INCHIKEY-YEDSYWQAVRCLCT-UHFFFAOYSA-N,YEDSYWQAVRCLCT-UHFFFAOYSA-N,formolecular/novo_horizonte/banco_mestre_unificado.csv,MASTER_UNIFIED,YEDSYWQAVRCLCT-UHFFFAOYSA-N,0,0,0,0,0,1
LEGACY-INCHIKEY-YEKTZRCZCCGAJM-UHFFFAOYSA-N,YEKTZRCZCCGAJM-UHFFFAOYSA-N,formolecular/novo_horizonte/banco_mestre_unificado.csv,MASTER_UNIFIED,YEKTZRCZCCGAJM-UHFFFAOYSA-N,0,0,0,0,0,1
LEGACY-INCHIKEY-YFNPLMDBEDUMKI-UHFFFAOYSA-N,YFNPLMDBEDUMKI-UHFFFAOYSA-N,formolecular/novo_horizonte/banco_mestre_unificado.csv,MASTER_UNIFIED,YFNPLMDBEDUMKI-UHFFFAOYSA-N,0,0,0,0,0,1
LEGACY-INCHIKEY-YFOWTOKKPQEWRV-UHFFFAOYSA-N,YFOWTOKKPQEWRV-UHFFFAOYSA-N,formolecular/novo_horizonte/banco_mestre_unificado.csv,MASTER_UNIFIED,YFOWTOKKPQEWRV-UHFFFAOYSA-N,0,0,0,0,0,1
LEGACY-INCHIKEY-YFPFQSWGVNIHFW-UHFFFAOYSA-N,YFPFQSWGVNIHFW-UHFFFAOYSA-N,formolecular/novo_horizonte/banco_mestre_unificado.csv,MASTER_UNIFIED,YFPFQSWGVNIHFW-UHFFFAOYSA-N,0,0,0,0,0,1
LEGACY-INCHIKEY-YFUCLJZSOYHAIL-UHFFFAOYSA-N,YFUCLJZSOYHAIL-UHFFFAOYSA-N,formolecular/novo_horizonte/banco_mestre_unificado.csv,MASTER_UNIFIED,YFUCLJZSOYHAIL-UHFFFAOYSA-N,0,0,0,0,0,1
LEGACY-INCHIKEY-YFUZZODMFVTLSE-UHFFFAOYSA-N,YFUZZODMFVTLSE-UHFFFAOYSA-N,formolecular/novo_horizonte/banco_mestre_unificado.csv,MASTER_UNIFIED,YFUZZODMFVTLSE-UHFFFAOYSA-N,0,0,0,0,0,1
LEGACY-INCHIKEY-YFZIKCHPKDRKMU-UHFFFAOYSA-N,YFZIKCHPKDRKMU-UHFFFAOYSA-N,formolecular/novo_horizonte/banco_mestre_unificado.csv,MASTER_UNIFIED,YFZIKCHPKDRKMU-UHFFFAOYSA-N,0,0,0,0,0,1
LEGACY-INCHIKEY-YGLJSISNGPLXMO-UHFFFAOYSA-N,YGLJSISNGPLXMO-UHFFFAOYSA-N,formolecular/csv_elite_farma/RANKING_FARMACOS_ELITE_ADMET.csv,FARMA_ELITE,YGLJSISNGPLXMO-UHFFFAOYSA-N,0,1,0,0,0,0
LEGACY-INCHIKEY-YGMFTTZEXIAFEW-UHFFFAOYSA-N,YGMFTTZEXIAFEW-UHFFFAOYSA-N,formolecular/novo_horizonte/banco_mestre_unificado.csv,MASTER_UNIFIED,YGMFTTZEXIAFEW-UHFFFAOYSA-N,0,0,0,0,0,1
LEGACY-INCHIKEY-YGRGFLHSEKQDHK-UHFFFAOYSA-N,YGRGFLHSEKQDHK-UHFFFAOYSA-N,formolecular/novo_horizonte/banco_mestre_unificado.csv,MASTER_UNIFIED,YGRGFLHSEKQDHK-UHFFFAOYSA-N,0,0,0,0,0,1
LEGACY-INCHIKEY-YGSONOSRJPCKOY-UHFFFAOYSA-N,YGSONOSRJPCKOY-UHFFFAOYSA-N,formolecular/novo_horizonte/banco_mestre_unificado.csv,MASTER_UNIFIED,YGSONOSRJPCKOY-UHFFFAOYSA-N,0,0,0,0,0,1
LEGACY-INCHIKEY-YGUJBSDRAISEOF-UHFFFAOYSA-N,YGUJBSDRAISEOF-UHFFFAOYSA-N,formolecular/novo_horizonte/banco_mestre_unificado.csv,MASTER_UNIFIED,YGUJBSDRAISEOF-UHFFFAOYSA-N,0,0,0,0,0,1
LEGACY-INCHIKEY-YGXPYSNWWSLCHM-UHFFFAOYSA-N,YGXPYSNWWSLCHM-UHFFFAOYSA-N,formolecular/novo_horizonte/banco_mestre_unificado.csv,MASTER_UNIFIED,YGXPYSNWWSLCHM-UHFFFAOYSA-N,0,0,0,0,0,1
LEGACY-INCHIKEY-YHDIPRBPISKATH-UHFFFAOYSA-N,YHDIPRBPISKATH-UHFFFAOYSA-N,formolecular/novo_horizonte/banco_mestre_unificado.csv,MASTER_UNIFIED,YHDIPRBPISKATH-UHFFFAOYSA-N,0,0,0,0,0,1
LEGACY-INCHIKEY-YHLLZTIOAXYUSS-UHFFFAOYSA-N,YHLLZTIOAXYUSS-UHFFFAOYSA-N,formolecular/novo_horizonte/banco_mestre_unificado.csv,MASTER_UNIFIED,YHLLZTIOAXYUSS-UHFFFAOYSA-N,0,0,0,0,0,1
LEGACY-INCHIKEY-YHUCKFGRQGLKOE-UHFFFAOYSA-N,YHUCKFGRQGLKOE-UHFFFAOYSA-N,formolecular/novo_horizonte/banco_mestre_unificado.csv,MASTER_UNIFIED,YHUCKFGRQGLKOE-UHFFFAOYSA-N,0,0,0,0,0,1
LEGACY-INCHIKEY-YHWMZVUCMGFUIV-UHFFFAOYSA-N,YHWMZVUCMGFUIV-UHFFFAOYSA-N,formolecular/novo_horizonte/banco_mestre_unificado.csv,MASTER_UNIFIED,YHWMZVUCMGFUIV-UHFFFAOYSA-N,0,0,0,0,0,1
LEGACY-INCHIKEY-YHZHOOAUJOWQHF-UHFFFAOYSA-N,YHZHOOAUJOWQHF-UHFFFAOYSA-N,formolecular/novo_horizonte/banco_mestre_unificado.csv,MASTER_UNIFIED,YHZHOOAUJOWQHF-UHFFFAOYSA-N,0,0,0,0,0,1
LEGACY-INCHIKEY-YICDTNOGHXERSX-UHFFFAOYSA-N,YICDTNOGHXERSX-UHFFFAOYSA-N,formolecular/novo_horizonte/banco_mestre_unificado.csv,MASTER_UNIFIED,YICDTNOGHXERSX-UHFFFAOYSA-N,0,0,0,0,0,1
LEGACY-INCHIKEY-YIGWFCNBACUAHP-UHFFFAOYSA-N,YIGWFCNBACUAHP-UHFFFAOYSA-N,formolecular/novo_horizonte/banco_mestre_unificado.csv,MASTER_UNIFIED,YIGWFCNBACUAHP-UHFFFAOYSA-N,0,0,0,0,0,1
LEGACY-INCHIKEY-YIHXGZFNCGRXDE-UHFFFAOYSA-N,YIHXGZFNCGRXDE-UHFFFAOYSA-N,formolecular/novo_horizonte/banco_mestre_unificado.csv,MASTER_UNIFIED,YIHXGZFNCGRXDE-UHFFFAOYSA-N,0,0,0,0,0,1
LEGACY-INCHIKEY-YIJCGQVGHAMOQW-UHFFFAOYSA-N,YIJCGQVGHAMOQW-UHFFFAOYSA-N,formolecular/novo_horizonte/banco_mestre_unificado.csv,MASTER_UNIFIED,YIJCGQVGHAMOQW-UHFFFAOYSA-N,0,0,0,0,0,1
LEGACY-INCHIKEY-YIKBVBCZOFUVRW-UHFFFAOYSA-N,YIKBVBCZOFUVRW-UHFFFAOYSA-N,formolecular/novo_horizonte/banco_mestre_unificado.csv,MASTER_UNIFIED,YIKBVBCZOFUVRW-UHFFFAOYSA-N,0,0,0,0,0,1
LEGACY-INCHIKEY-YIMCHKCCRHWKTQ-UHFFFAOYSA-N,YIMCHKCCRHWKTQ-UHFFFAOYSA-N,formolecular/csv_elite_farma/RANKING_FARMACOS_ELITE_ADMET.csv,FARMA_ELITE,YIMCHKCCRHWKTQ-UHFFFAOYSA-N,0,1,0,0,0,0
LEGACY-INCHIKEY-YIZKFYPIWNFWQA-UHFFFAOYSA-N,YIZKFYPIWNFWQA-UHFFFAOYSA-N,formolecular/novo_horizonte/banco_mestre_unificado.csv,MASTER_UNIFIED,YIZKFYPIWNFWQA-UHFFFAOYSA-N,0,0,0,0,0,1
LEGACY-INCHIKEY-YJBMKZJICOBJFW-UHFFFAOYSA-N,YJBMKZJICOBJFW-UHFFFAOYSA-N,formolecular/novo_horizonte/banco_mestre_unificado.csv,MASTER_UNIFIED,YJBMKZJICOBJFW-UHFFFAOYSA-N,0,0,0,0,0,1
LEGACY-INCHIKEY-YJFAHKFHYVEWJA-UHFFFAOYSA-N,YJFAHKFHYVEWJA-UHFFFAOYSA-N,formolecular/novo_horizonte/banco_mestre_unificado.csv,MASTER_UNIFIED,YJFAHKFHYVEWJA-UHFFFAOYSA-N,0,0,0,0,0,1
LEGACY-INCHIKEY-YJHBNIZVLXSZLP-UHFFFAOYSA-N,YJHBNIZVLXSZLP-UHFFFAOYSA-N,formolecular/novo_horizonte/banco_mestre_unificado.csv,MASTER_UNIFIED,YJHBNIZVLXSZLP-UHFFFAOYSA-N,0,0,0,0,0,1
LEGACY-INCHIKEY-YJIHTQNKGICTKP-UHFFFAOYSA-N,YJIHTQNKGICTKP-UHFFFAOYSA-N,formolecular/novo_horizonte/banco_mestre_unificado.csv,MASTER_UNIFIED,YJIHTQNKGICTKP-UHFFFAOYSA-N,0,0,0,0,0,1
LEGACY-INCHIKEY-YJWFRTQMXDHAHG-UHFFFAOYSA-N,YJWFRTQMXDHAHG-UHFFFAOYSA-N,formolecular/novo_horizonte/banco_mestre_unificado.csv,MASTER_UNIFIED,YJWFRTQMXDHAHG-UHFFFAOYSA-N,0,0,0,0,0,1
LEGACY-INCHIKEY-YJXCCBPVRAPKOP-UHFFFAOYSA-N,YJXCCBPVRAPKOP-UHFFFAOYSA-N,formolecular/novo_horizonte/banco_mestre_unificado.csv,MASTER_UNIFIED,YJXCCBPVRAPKOP-UHFFFAOYSA-N,0,0,0,0,0,1
LEGACY-INCHIKEY-YKAVQGUFUGYVDW-UHFFFAOYSA-N,YKAVQGUFUGYVDW-UHFFFAOYSA-N,formolecular/novo_horizonte/banco_mestre_unificado.csv,MASTER_UNIFIED,YKAVQGUFUGYVDW-UHFFFAOYSA-N,0,0,0,0,0,1
LEGACY-INCHIKEY-YKCOCZNFTVRDLK-UHFFFAOYSA-N,YKCOCZNFTVRDLK-UHFFFAOYSA-N,formolecular/novo_horizonte/banco_mestre_unificado.csv,MASTER_UNIFIED,YKCOCZNFTVRDLK-UHFFFAOYSA-N,0,0,0,0,0,1
LEGACY-INCHIKEY-YKEQXBOVOBIZMR-UHFFFAOYSA-N,YKEQXBOVOBIZMR-UHFFFAOYSA-N,formolecular/novo_horizonte/banco_mestre_unificado.csv,MASTER_UNIFIED,YKEQXBOVOBIZMR-UHFFFAOYSA-N,0,0,0,0,0,1
LEGACY-INCHIKEY-YKPKTITZRBQITK-UHFFFAOYSA-N,YKPKTITZRBQITK-UHFFFAOYSA-N,formolecular/novo_horizonte/banco_mestre_unificado.csv,MASTER_UNIFIED,YKPKTITZRBQITK-UHFFFAOYSA-N,0,0,0,0,0,1
LEGACY-INCHIKEY-YKUGOZJIHDZTNQ-UHFFFAOYSA-N,YKUGOZJIHDZTNQ-UHFFFAOYSA-N,formolecular/novo_horizonte/banco_mestre_unificado.csv,MASTER_UNIFIED,YKUGOZJIHDZTNQ-UHFFFAOYSA-N,0,0,0,0,0,1
LEGACY-INCHIKEY-YLCASFSGWMKDBV-UHFFFAOYSA-N,YLCASFSGWMKDBV-UHFFFAOYSA-N,formolecular/novo_horizonte/banco_mestre_unificado.csv,MASTER_UNIFIED,YLCASFSGWMKDBV-UHFFFAOYSA-N,0,0,0,0,0,1
LEGACY-INCHIKEY-YLDCEUHDARAWLF-UHFFFAOYSA-N,YLDCEUHDARAWLF-UHFFFAOYSA-N,formolecular/novo_horizonte/banco_mestre_unificado.csv,MASTER_UNIFIED,YLDCEUHDARAWLF-UHFFFAOYSA-N,0,0,0,0,0,1
LEGACY-INCHIKEY-YLFXTUSILFINDN-UHFFFAOYSA-N,YLFXTUSILFINDN-UHFFFAOYSA-N,formolecular/novo_horizonte/banco_mestre_unificado.csv,MASTER_UNIFIED,YLFXTUSILFINDN-UHFFFAOYSA-N,0,0,0,0,0,1
LEGACY-INCHIKEY-YLLFBLZCNUTWFM-UHFFFAOYSA-N,YLLFBLZCNUTWFM-UHFFFAOYSA-N,formolecular/novo_horizonte/banco_mestre_unificado.csv,MASTER_UNIFIED,YLLFBLZCNUTWFM-UHFFFAOYSA-N,0,0,0,0,0,1
LEGACY-INCHIKEY-YLPCQOOONBZZFN-UHFFFAOYSA-N,YLPCQOOONBZZFN-UHFFFAOYSA-N,formolecular/novo_horizonte/banco_mestre_unificado.csv,MASTER_UNIFIED,YLPCQOOONBZZFN-UHFFFAOYSA-N,0,0,0,0,0,1
LEGACY-INCHIKEY-YLRALPAEIIYNSS-UHFFFAOYSA-N,YLRALPAEIIYNSS-UHFFFAOYSA-N,formolecular/novo_horizonte/banco_mestre_unificado.csv,MASTER_UNIFIED,YLRALPAEIIYNSS-UHFFFAOYSA-N,0,0,0,0,0,1
LEGACY-INCHIKEY-YLVJOVBYEWQPRV-UHFFFAOYSA-N,YLVJOVBYEWQPRV-UHFFFAOYSA-N,formolecular/novo_horizonte/banco_mestre_unificado.csv,MASTER_UNIFIED,YLVJOVBYEWQPRV-UHFFFAOYSA-N,0,0,0,0,0,1
LEGACY-INCHIKEY-YLZIVKGXOUFDPJ-UHFFFAOYSA-N,YLZIVKGXOUFDPJ-UHFFFAOYSA-N,formolecular/novo_horizonte/banco_mestre_unificado.csv,MASTER_UNIFIED,YLZIVKGXOUFDPJ-UHFFFAOYSA-N,0,0,0,0,0,1
LEGACY-INCHIKEY-YMJVBRFXQFPBHX-UHFFFAOYSA-N,YMJVBRFXQFPBHX-UHFFFAOYSA-N,formolecular/novo_horizonte/banco_mestre_unificado.csv,MASTER_UNIFIED,YMJVBRFXQFPBHX-UHFFFAOYSA-N,0,0,0,0,0,1
LEGACY-INCHIKEY-YMOMTYZCLRXQTN-UHFFFAOYSA-N,YMOMTYZCLRXQTN-UHFFFAOYSA-N,formolecular/novo_horizonte/banco_mestre_unificado.csv,MASTER_UNIFIED,YMOMTYZCLRXQTN-UHFFFAOYSA-N,0,0,0,0,0,1
LEGACY-INCHIKEY-YMQWOOHKTMWRJT-UHFFFAOYSA-N,YMQWOOHKTMWRJT-UHFFFAOYSA-N,formolecular/novo_horizonte/banco_mestre_unificado.csv,MASTER_UNIFIED,YMQWOOHKTMWRJT-UHFFFAOYSA-N,0,0,0,0,0,1
LEGACY-INCHIKEY-YMVNGDPOWWMRJZ-UHFFFAOYSA-N,YMVNGDPOWWMRJZ-UHFFFAOYSA-N,formolecular/novo_horizonte/banco_mestre_unificado.csv,MASTER_UNIFIED,YMVNGDPOWWMRJZ-UHFFFAOYSA-N,0,0,0,0,0,1
LEGACY-INCHIKEY-YMWKWOVQZDRXRC-UHFFFAOYSA-N,YMWKWOVQZDRXRC-UHFFFAOYSA-N,formolecular/novo_horizonte/banco_mestre_unificado.csv,MASTER_UNIFIED,YMWKWOVQZDRXRC-UHFFFAOYSA-N,0,0,0,0,0,1
LEGACY-INCHIKEY-YMZNKMKEUKPTCQ-UHFFFAOYSA-N,YMZNKMKEUKPTCQ-UHFFFAOYSA-N,formolecular/novo_horizonte/banco_mestre_unificado.csv,MASTER_UNIFIED,YMZNKMKEUKPTCQ-UHFFFAOYSA-N,0,0,0,0,0,1
LEGACY-INCHIKEY-YNBYLUFCMLJNCD-UHFFFAOYSA-N,YNBYLUFCMLJNCD-UHFFFAOYSA-N,formolecular/novo_horizonte/banco_mestre_unificado.csv,MASTER_UNIFIED,YNBYLUFCMLJNCD-UHFFFAOYSA-N,0,0,0,0,0,1
LEGACY-INCHIKEY-YNDXPDLMUDXGOW-UHFFFAOYSA-N,YNDXPDLMUDXGOW-UHFFFAOYSA-N,formolecular/novo_horizonte/banco_mestre_unificado.csv,MASTER_UNIFIED,YNDXPDLMUDXGOW-UHFFFAOYSA-N,0,0,0,0,0,1
LEGACY-INCHIKEY-YNFVKYVHEVIIFI-UHFFFAOYSA-N,YNFVKYVHEVIIFI-UHFFFAOYSA-N,formolecular/novo_horizonte/banco_mestre_unificado.csv,MASTER_UNIFIED,YNFVKYVHEVIIFI-UHFFFAOYSA-N,0,0,0,0,0,1
LEGACY-INCHIKEY-YNHZIRHQIFDFDL-UHFFFAOYSA-N,YNHZIRHQIFDFDL-UHFFFAOYSA-N,formolecular/novo_horizonte/banco_mestre_unificado.csv,MASTER_UNIFIED,YNHZIRHQIFDFDL-UHFFFAOYSA-N,0,0,0,0,0,1
LEGACY-INCHIKEY-YNJUCDXVFBMHGG-UHFFFAOYSA-N,YNJUCDXVFBMHGG-UHFFFAOYSA-N,formolecular/novo_horizonte/banco_mestre_unificado.csv,MASTER_UNIFIED,YNJUCDXVFBMHGG-UHFFFAOYSA-N,0,0,0,0,0,1
LEGACY-INCHIKEY-YNMPPUYDBNZBSM-UHFFFAOYSA-N,YNMPPUYDBNZBSM-UHFFFAOYSA-N,formolecular/novo_horizonte/banco_mestre_unificado.csv,MASTER_UNIFIED,YNMPPUYDBNZBSM-UHFFFAOYSA-N,0,0,0,0,0,1
LEGACY-INCHIKEY-YNOJSDJIBIUZAB-UHFFFAOYSA-N,YNOJSDJIBIUZAB-UHFFFAOYSA-N,formolecular/novo_horizonte/banco_mestre_unificado.csv,MASTER_UNIFIED,YNOJSDJIBIUZAB-UHFFFAOYSA-N,0,0,0,0,0,1
LEGACY-INCHIKEY-YNPAQOZJKCGGEC-UHFFFAOYSA-N,YNPAQOZJKCGGEC-UHFFFAOYSA-N,formolecular/novo_horizonte/banco_mestre_unificado.csv,MASTER_UNIFIED,YNPAQOZJKCGGEC-UHFFFAOYSA-N,0,0,0,0,0,1
LEGACY-INCHIKEY-YNXWWJOPPUUYLJ-UHFFFAOYSA-N,YNXWWJOPPUUYLJ-UHFFFAOYSA-N,formolecular/novo_horizonte/banco_mestre_unificado.csv,MASTER_UNIFIED,YNXWWJOPPUUYLJ-UHFFFAOYSA-N,0,0,0,0,0,1
LEGACY-INCHIKEY-YNZRANBRWRGAFV-UHFFFAOYSA-N,YNZRANBRWRGAFV-UHFFFAOYSA-N,formolecular/novo_horizonte/banco_mestre_unificado.csv,MASTER_UNIFIED,YNZRANBRWRGAFV-UHFFFAOYSA-N,0,0,0,0,0,1
LEGACY-INCHIKEY-YOGQAOVKXGZKKF-UHFFFAOYSA-N,YOGQAOVKXGZKKF-UHFFFAOYSA-N,formolecular/novo_horizonte/banco_mestre_unificado.csv,MASTER_UNIFIED,YOGQAOVKXGZKKF-UHFFFAOYSA-N,0,0,0,0,0,1
LEGACY-INCHIKEY-YOHGRPUQXVJPCP-UHFFFAOYSA-N,YOHGRPUQXVJPCP-UHFFFAOYSA-N,formolecular/novo_horizonte/banco_mestre_unificado.csv,MASTER_UNIFIED,YOHGRPUQXVJPCP-UHFFFAOYSA-N,0,0,0,0,0,1
LEGACY-INCHIKEY-YOKKEZJXIHWXNB-UHFFFAOYSA-N,YOKKEZJXIHWXNB-UHFFFAOYSA-N,formolecular/novo_horizonte/banco_mestre_unificado.csv,MASTER_UNIFIED,YOKKEZJXIHWXNB-UHFFFAOYSA-N,0,0,0,0,0,1
LEGACY-INCHIKEY-YOKWKILXAJPZHM-UHFFFAOYSA-N,YOKWKILXAJPZHM-UHFFFAOYSA-N,formolecular/novo_horizonte/banco_mestre_unificado.csv,MASTER_UNIFIED,YOKWKILXAJPZHM-UHFFFAOYSA-N,0,0,0,0,0,1
LEGACY-INCHIKEY-YOYNSTNCUBVPHP-UHFFFAOYSA-N,YOYNSTNCUBVPHP-UHFFFAOYSA-N,formolecular/novo_horizonte/banco_mestre_unificado.csv,MASTER_UNIFIED,YOYNSTNCUBVPHP-UHFFFAOYSA-N,0,0,0,0,0,1
LEGACY-INCHIKEY-YPFXVJCKJBDLJW-UHFFFAOYSA-N,YPFXVJCKJBDLJW-UHFFFAOYSA-N,formolecular/novo_horizonte/banco_mestre_unificado.csv,MASTER_UNIFIED,YPFXVJCKJBDLJW-UHFFFAOYSA-N,0,0,0,0,0,1
LEGACY-INCHIKEY-YPFZHBRPVFVNDO-UHFFFAOYSA-N,YPFZHBRPVFVNDO-UHFFFAOYSA-N,formolecular/novo_horizonte/banco_mestre_unificado.csv,MASTER_UNIFIED,YPFZHBRPVFVNDO-UHFFFAOYSA-N,0,0,0,0,0,1
LEGACY-INCHIKEY-YPKXIAIGBMUXPH-UHFFFAOYSA-N,YPKXIAIGBMUXPH-UHFFFAOYSA-N,formolecular/novo_horizonte/banco_mestre_unificado.csv,MASTER_UNIFIED,YPKXIAIGBMUXPH-UHFFFAOYSA-N,0,0,0,0,0,1
LEGACY-INCHIKEY-YPLNJNFGCGKGFQ-UHFFFAOYSA-N,YPLNJNFGCGKGFQ-UHFFFAOYSA-N,formolecular/novo_horizonte/banco_mestre_unificado.csv,MASTER_UNIFIED,YPLNJNFGCGKGFQ-UHFFFAOYSA-N,0,0,0,0,0,1
LEGACY-INCHIKEY-YPLXVQZGBDBYAJ-UHFFFAOYSA-N,YPLXVQZGBDBYAJ-UHFFFAOYSA-N,formolecular/novo_horizonte/banco_mestre_unificado.csv,MASTER_UNIFIED,YPLXVQZGBDBYAJ-UHFFFAOYSA-N,0,0,0,0,0,1
LEGACY-INCHIKEY-YPPAHBVXHYGPSC-UHFFFAOYSA-N,YPPAHBVXHYGPSC-UHFFFAOYSA-N,formolecular/novo_horizonte/banco_mestre_unificado.csv,MASTER_UNIFIED,YPPAHBVXHYGPSC-UHFFFAOYSA-N,0,0,0,0,0,1
LEGACY-INCHIKEY-YPSVJOZJWVUEJX-UHFFFAOYSA-N,YPSVJOZJWVUEJX-UHFFFAOYSA-N,formolecular/novo_horizonte/banco_mestre_unificado.csv,MASTER_UNIFIED,YPSVJOZJWVUEJX-UHFFFAOYSA-N,0,0,0,0,0,1
LEGACY-INCHIKEY-YPZKOGQBRZVBIO-UHFFFAOYSA-N,YPZKOGQBRZVBIO-UHFFFAOYSA-N,formolecular/novo_horizonte/banco_mestre_unificado.csv,MASTER_UNIFIED,YPZKOGQBRZVBIO-UHFFFAOYSA-N,0,0,0,0,0,1
LEGACY-INCHIKEY-YQBDFDTUYYVQDE-UHFFFAOYSA-N,YQBDFDTUYYVQDE-UHFFFAOYSA-N,formolecular/novo_horizonte/banco_mestre_unificado.csv,MASTER_UNIFIED,YQBDFDTUYYVQDE-UHFFFAOYSA-N,0,0,0,0,0,1
LEGACY-INCHIKEY-YQFRWPGDABUEPH-UHFFFAOYSA-N,YQFRWPGDABUEPH-UHFFFAOYSA-N,formolecular/novo_horizonte/banco_mestre_unificado.csv,MASTER_UNIFIED,YQFRWPGDABUEPH-UHFFFAOYSA-N,0,0,0,0,0,1
LEGACY-INCHIKEY-YQLGJFHPVIFRHP-UHFFFAOYSA-N,YQLGJFHPVIFRHP-UHFFFAOYSA-N,formolecular/novo_horizonte/banco_mestre_unificado.csv,MASTER_UNIFIED,YQLGJFHPVIFRHP-UHFFFAOYSA-N,0,0,0,0,0,1
LEGACY-INCHIKEY-YQMJUSVCFUGMCY-UHFFFAOYSA-N,YQMJUSVCFUGMCY-UHFFFAOYSA-N,formolecular/novo_horizonte/banco_mestre_unificado.csv,MASTER_UNIFIED,YQMJUSVCFUGMCY-UHFFFAOYSA-N,0,0,0,0,0,1
LEGACY-INCHIKEY-YQMMGHWTWNAPSE-UHFFFAOYSA-N,YQMMGHWTWNAPSE-UHFFFAOYSA-N,formolecular/novo_horizonte/banco_mestre_unificado.csv,MASTER_UNIFIED,YQMMGHWTWNAPSE-UHFFFAOYSA-N,0,0,0,0,0,1
LEGACY-INCHIKEY-YQTISUPAJVKQKF-UHFFFAOYSA-N,YQTISUPAJVKQKF-UHFFFAOYSA-N,formolecular/novo_horizonte/banco_mestre_unificado.csv,MASTER_UNIFIED,YQTISUPAJVKQKF-UHFFFAOYSA-N,0,0,0,0,0,1
LEGACY-INCHIKEY-YQUVYWJNDNOZBX-UHFFFAOYSA-N,YQUVYWJNDNOZBX-UHFFFAOYSA-N,formolecular/novo_horizonte/banco_mestre_unificado.csv,MASTER_UNIFIED,YQUVYWJNDNOZBX-UHFFFAOYSA-N,0,0,0,0,0,1
LEGACY-INCHIKEY-YRFTUASZGGJVFP-UHFFFAOYSA-N,YRFTUASZGGJVFP-UHFFFAOYSA-N,formolecular/novo_horizonte/banco_mestre_unificado.csv,MASTER_UNIFIED,YRFTUASZGGJVFP-UHFFFAOYSA-N,0,0,0,0,0,1
LEGACY-INCHIKEY-YRHGYYPQTJGKFK-UHFFFAOYSA-N,YRHGYYPQTJGKFK-UHFFFAOYSA-N,formolecular/novo_horizonte/banco_mestre_unificado.csv,MASTER_UNIFIED,YRHGYYPQTJGKFK-UHFFFAOYSA-N,0,0,0,0,0,1
LEGACY-INCHIKEY-YRHZJYMIBRRSRM-UHFFFAOYSA-N,YRHZJYMIBRRSRM-UHFFFAOYSA-N,formolecular/novo_horizonte/banco_mestre_unificado.csv,MASTER_UNIFIED,YRHZJYMIBRRSRM-UHFFFAOYSA-N,0,0,0,0,0,1
LEGACY-INCHIKEY-YRVJEEISULJDIQ-UHFFFAOYSA-N,YRVJEEISULJDIQ-UHFFFAOYSA-N,formolecular/novo_horizonte/banco_mestre_unificado.csv,MASTER_UNIFIED,YRVJEEISULJDIQ-UHFFFAOYSA-N,0,0,0,0,0,1
LEGACY-INCHIKEY-YRWFVNYIEZPSNZ-UHFFFAOYSA-N,YRWFVNYIEZPSNZ-UHFFFAOYSA-N,formolecular/novo_horizonte/banco_mestre_unificado.csv,MASTER_UNIFIED,YRWFVNYIEZPSNZ-UHFFFAOYSA-N,0,0,0,0,0,1
LEGACY-INCHIKEY-YSADFIKOGHKVOS-UHFFFAOYSA-N,YSADFIKOGHKVOS-UHFFFAOYSA-N,formolecular/novo_horizonte/banco_mestre_unificado.csv,MASTER_UNIFIED,YSADFIKOGHKVOS-UHFFFAOYSA-N,0,0,0,0,0,1
LEGACY-INCHIKEY-YSDVNUIUSNCIFJ-UHFFFAOYSA-N,YSDVNUIUSNCIFJ-UHFFFAOYSA-N,formolecular/novo_horizonte/banco_mestre_unificado.csv,MASTER_UNIFIED,YSDVNUIUSNCIFJ-UHFFFAOYSA-N,0,0,0,0,0,1
LEGACY-INCHIKEY-YSLGMEUXPHHIDI-UHFFFAOYSA-N,YSLGMEUXPHHIDI-UHFFFAOYSA-N,formolecular/novo_horizonte/banco_mestre_unificado.csv,MASTER_UNIFIED,YSLGMEUXPHHIDI-UHFFFAOYSA-N,0,0,0,0,0,1
LEGACY-INCHIKEY-YSMHTAJNYADHLG-UHFFFAOYSA-N,YSMHTAJNYADHLG-UHFFFAOYSA-N,formolecular/novo_horizonte/banco_mestre_unificado.csv,MASTER_UNIFIED,YSMHTAJNYADHLG-UHFFFAOYSA-N,0,0,0,0,0,1
LEGACY-INCHIKEY-YSZCODSTNYATMA-UHFFFAOYSA-N,YSZCODSTNYATMA-UHFFFAOYSA-N,formolecular/novo_horizonte/banco_mestre_unificado.csv,MASTER_UNIFIED,YSZCODSTNYATMA-UHFFFAOYSA-N,0,0,0,0,0,1
LEGACY-INCHIKEY-YTBPZKUXXXKBPK-UHFFFAOYSA-N,YTBPZKUXXXKBPK-UHFFFAOYSA-N,formolecular/novo_horizonte/banco_mestre_unificado.csv,MASTER_UNIFIED,YTBPZKUXXXKBPK-UHFFFAOYSA-N,0,0,0,0,0,1
LEGACY-INCHIKEY-YTJAJBGNOMEOOB-UHFFFAOYSA-N,YTJAJBGNOMEOOB-UHFFFAOYSA-N,formolecular/novo_horizonte/banco_mestre_unificado.csv,MASTER_UNIFIED,YTJAJBGNOMEOOB-UHFFFAOYSA-N,0,0,0,0,0,1
LEGACY-INCHIKEY-YTJBOMBVVRNIPI-UHFFFAOYSA-N,YTJBOMBVVRNIPI-UHFFFAOYSA-N,formolecular/novo_horizonte/banco_mestre_unificado.csv,MASTER_UNIFIED,YTJBOMBVVRNIPI-UHFFFAOYSA-N,0,0,0,0,0,1
LEGACY-INCHIKEY-YTRWSBUJEPXNMF-UHFFFAOYSA-N,YTRWSBUJEPXNMF-UHFFFAOYSA-N,formolecular/novo_horizonte/banco_mestre_unificado.csv,MASTER_UNIFIED,YTRWSBUJEPXNMF-UHFFFAOYSA-N,0,0,0,0,0,1
LEGACY-INCHIKEY-YTSZCIFHMDSYBP-UHFFFAOYSA-N,YTSZCIFHMDSYBP-UHFFFAOYSA-N,formolecular/novo_horizonte/banco_mestre_unificado.csv,MASTER_UNIFIED,YTSZCIFHMDSYBP-UHFFFAOYSA-N,0,0,0,0,0,1
LEGACY-INCHIKEY-YTZOCBRASGOMNS-UHFFFAOYSA-N,YTZOCBRASGOMNS-UHFFFAOYSA-N,formolecular/novo_horizonte/banco_mestre_unificado.csv,MASTER_UNIFIED,YTZOCBRASGOMNS-UHFFFAOYSA-N,0,0,0,0,0,1
LEGACY-INCHIKEY-YUIKDUPZPZURDB-UHFFFAOYSA-N,YUIKDUPZPZURDB-UHFFFAOYSA-N,formolecular/novo_horizonte/banco_mestre_unificado.csv,MASTER_UNIFIED,YUIKDUPZPZURDB-UHFFFAOYSA-N,0,0,0,0,0,1
LEGACY-INCHIKEY-YUOMRPBULOAPGV-UHFFFAOYSA-N,YUOMRPBULOAPGV-UHFFFAOYSA-N,formolecular/novo_horizonte/banco_mestre_unificado.csv,MASTER_UNIFIED,YUOMRPBULOAPGV-UHFFFAOYSA-N,0,0,0,0,0,1
LEGACY-INCHIKEY-YUQNGHOJPRVHKH-UHFFFAOYSA-N,YUQNGHOJPRVHKH-UHFFFAOYSA-N,formolecular/novo_horizonte/banco_mestre_unificado.csv,MASTER_UNIFIED,YUQNGHOJPRVHKH-UHFFFAOYSA-N,0,0,0,0,0,1
LEGACY-INCHIKEY-YUZNUGLQTIGUCH-UHFFFAOYSA-N,YUZNUGLQTIGUCH-UHFFFAOYSA-N,formolecular/novo_horizonte/banco_mestre_unificado.csv,MASTER_UNIFIED,YUZNUGLQTIGUCH-UHFFFAOYSA-N,0,0,0,0,0,1
LEGACY-INCHIKEY-YVMSOTYLKHETQO-UHFFFAOYSA-N,YVMSOTYLKHETQO-UHFFFAOYSA-N,formolecular/novo_horizonte/banco_mestre_unificado.csv,MASTER_UNIFIED,YVMSOTYLKHETQO-UHFFFAOYSA-N,0,0,0,0,0,1
LEGACY-INCHIKEY-YVNSYSYFIGKXCK-UHFFFAOYSA-N,YVNSYSYFIGKXCK-UHFFFAOYSA-N,formolecular/novo_horizonte/banco_mestre_unificado.csv,MASTER_UNIFIED,YVNSYSYFIGKXCK-UHFFFAOYSA-N,0,0,0,0,0,1
LEGACY-INCHIKEY-YVQHDQJEHOYRMR-UHFFFAOYSA-N,YVQHDQJEHOYRMR-UHFFFAOYSA-N,formolecular/novo_horizonte/banco_mestre_unificado.csv,MASTER_UNIFIED,YVQHDQJEHOYRMR-UHFFFAOYSA-N,0,0,0,0,0,1
LEGACY-INCHIKEY-YWDBYZQIHNNYHK-UHFFFAOYSA-N,YWDBYZQIHNNYHK-UHFFFAOYSA-N,formolecular/novo_horizonte/banco_mestre_unificado.csv,MASTER_UNIFIED,YWDBYZQIHNNYHK-UHFFFAOYSA-N,0,0,0,0,0,1
LEGACY-INCHIKEY-YWDCVZATPVLLTL-UHFFFAOYSA-N,YWDCVZATPVLLTL-UHFFFAOYSA-N,formolecular/novo_horizonte/banco_mestre_unificado.csv,MASTER_UNIFIED,YWDCVZATPVLLTL-UHFFFAOYSA-N,0,0,0,0,0,1
LEGACY-INCHIKEY-YWDFSOWMIBECTI-UHFFFAOYSA-N,YWDFSOWMIBECTI-UHFFFAOYSA-N,formolecular/novo_horizonte/banco_mestre_unificado.csv,MASTER_UNIFIED,YWDFSOWMIBECTI-UHFFFAOYSA-N,0,0,0,0,0,1
LEGACY-INCHIKEY-YWDSKZSQFMXVBN-UHFFFAOYSA-N,YWDSKZSQFMXVBN-UHFFFAOYSA-N,formolecular/novo_horizonte/banco_mestre_unificado.csv,MASTER_UNIFIED,YWDSKZSQFMXVBN-UHFFFAOYSA-N,0,0,0,0,0,1
LEGACY-INCHIKEY-YWKAZAWNOUXKNE-UHFFFAOYSA-N,YWKAZAWNOUXKNE-UHFFFAOYSA-N,formolecular/novo_horizonte/banco_mestre_unificado.csv,MASTER_UNIFIED,YWKAZAWNOUXKNE-UHFFFAOYSA-N,0,0,0,0,0,1
LEGACY-INCHIKEY-YWLRJROGFCDXOP-UHFFFAOYSA-N,YWLRJROGFCDXOP-UHFFFAOYSA-N,formolecular/novo_horizonte/banco_mestre_unificado.csv,MASTER_UNIFIED,YWLRJROGFCDXOP-UHFFFAOYSA-N,0,0,0,0,0,1
LEGACY-INCHIKEY-YWQFKBAAKFFSHJ-UHFFFAOYSA-N,YWQFKBAAKFFSHJ-UHFFFAOYSA-N,formolecular/novo_horizonte/banco_mestre_unificado.csv,MASTER_UNIFIED,YWQFKBAAKFFSHJ-UHFFFAOYSA-N,0,0,0,0,0,1
LEGACY-INCHIKEY-YWUZXUSHDYWVBI-UHFFFAOYSA-N,YWUZXUSHDYWVBI-UHFFFAOYSA-N,formolecular/novo_horizonte/banco_mestre_unificado.csv,MASTER_UNIFIED,YWUZXUSHDYWVBI-UHFFFAOYSA-N,0,0,0,0,0,1
LEGACY-INCHIKEY-YXHIVJDELWNULR-UHFFFAOYSA-N,YXHIVJDELWNULR-UHFFFAOYSA-N,formolecular/novo_horizonte/banco_mestre_unificado.csv,MASTER_UNIFIED,YXHIVJDELWNULR-UHFFFAOYSA-N,0,0,0,0,0,1
LEGACY-INCHIKEY-YXSOALFAEHXXIT-UHFFFAOYSA-N,YXSOALFAEHXXIT-UHFFFAOYSA-N,formolecular/novo_horizonte/banco_mestre_unificado.csv,MASTER_UNIFIED,YXSOALFAEHXXIT-UHFFFAOYSA-N,0,0,0,0,0,1
LEGACY-INCHIKEY-YXTHJACFJUHWRG-UHFFFAOYSA-N,YXTHJACFJUHWRG-UHFFFAOYSA-N,formolecular/novo_horizonte/banco_mestre_unificado.csv,MASTER_UNIFIED,YXTHJACFJUHWRG-UHFFFAOYSA-N,0,0,0,0,0,1
LEGACY-INCHIKEY-YYLFIQFIGHGNFN-UHFFFAOYSA-N,YYLFIQFIGHGNFN-UHFFFAOYSA-N,formolecular/novo_horizonte/banco_mestre_unificado.csv,MASTER_UNIFIED,YYLFIQFIGHGNFN-UHFFFAOYSA-N,0,0,0,0,0,1
LEGACY-INCHIKEY-YYTALXFOUDBAKE-UHFFFAOYSA-N,YYTALXFOUDBAKE-UHFFFAOYSA-N,formolecular/novo_horizonte/banco_mestre_unificado.csv,MASTER_UNIFIED,YYTALXFOUDBAKE-UHFFFAOYSA-N,0,0,0,0,0,1
LEGACY-INCHIKEY-YYUOBESZLAXRFF-UHFFFAOYSA-N,YYUOBESZLAXRFF-UHFFFAOYSA-N,formolecular/novo_horizonte/banco_mestre_unificado.csv,MASTER_UNIFIED,YYUOBESZLAXRFF-UHFFFAOYSA-N,0,0,0,0,0,1
LEGACY-INCHIKEY-YYWXGLQHMXVVPI-UHFFFAOYSA-N,YYWXGLQHMXVVPI-UHFFFAOYSA-N,formolecular/novo_horizonte/banco_mestre_unificado.csv,MASTER_UNIFIED,YYWXGLQHMXVVPI-UHFFFAOYSA-N,0,0,0,0,0,1
LEGACY-INCHIKEY-YZAIDCCGJUBVKX-UHFFFAOYSA-N,YZAIDCCGJUBVKX-UHFFFAOYSA-N,formolecular/novo_horizonte/banco_mestre_unificado.csv,MASTER_UNIFIED,YZAIDCCGJUBVKX-UHFFFAOYSA-N,0,0,0,0,0,1
LEGACY-INCHIKEY-YZOWTFBNRZRDLQ-UHFFFAOYSA-N,YZOWTFBNRZRDLQ-UHFFFAOYSA-N,formolecular/novo_horizonte/banco_mestre_unificado.csv,MASTER_UNIFIED,YZOWTFBNRZRDLQ-UHFFFAOYSA-N,0,0,0,0,0,1
LEGACY-INCHIKEY-YZPGZZBMLCRLHZ-UHFFFAOYSA-N,YZPGZZBMLCRLHZ-UHFFFAOYSA-N,formolecular/novo_horizonte/banco_mestre_unificado.csv,MASTER_UNIFIED,YZPGZZBMLCRLHZ-UHFFFAOYSA-N,0,0,0,0,0,1
LEGACY-INCHIKEY-YZXRKJSBBUXPLM-UHFFFAOYSA-N,YZXRKJSBBUXPLM-UHFFFAOYSA-N,formolecular/novo_horizonte/banco_mestre_unificado.csv,MASTER_UNIFIED,YZXRKJSBBUXPLM-UHFFFAOYSA-N,0,0,0,0,0,1
LEGACY-INCHIKEY-YZZBSWNXHUACMC-UHFFFAOYSA-N,YZZBSWNXHUACMC-UHFFFAOYSA-N,formolecular/novo_horizonte/banco_mestre_unificado.csv,MASTER_UNIFIED,YZZBSWNXHUACMC-UHFFFAOYSA-N,0,0,0,0,0,1
LEGACY-INCHIKEY-ZABUFTGFEKREQF-UHFFFAOYSA-N,ZABUFTGFEKREQF-UHFFFAOYSA-N,formolecular/novo_horizonte/banco_mestre_unificado.csv,MASTER_UNIFIED,ZABUFTGFEKREQF-UHFFFAOYSA-N,0,0,0,0,0,1
LEGACY-INCHIKEY-ZACIBRQLJUDWCJ-UHFFFAOYSA-N,ZACIBRQLJUDWCJ-UHFFFAOYSA-N,formolecular/novo_horizonte/banco_mestre_unificado.csv,MASTER_UNIFIED,ZACIBRQLJUDWCJ-UHFFFAOYSA-N,0,0,0,0,0,1
LEGACY-INCHIKEY-ZAJXOBKZWLPVIX-UHFFFAOYSA-N,ZAJXOBKZWLPVIX-UHFFFAOYSA-N,formolecular/novo_horizonte/banco_mestre_unificado.csv,MASTER_UNIFIED,ZAJXOBKZWLPVIX-UHFFFAOYSA-N,0,0,0,0,0,1
LEGACY-INCHIKEY-ZAKCCUBBMLZLMN-UHFFFAOYSA-N,ZAKCCUBBMLZLMN-UHFFFAOYSA-N,formolecular/novo_horizonte/banco_mestre_unificado.csv,MASTER_UNIFIED,ZAKCCUBBMLZLMN-UHFFFAOYSA-N,0,0,0,0,0,1
LEGACY-INCHIKEY-ZANHECMEAHJYCN-UHFFFAOYSA-N,ZANHECMEAHJYCN-UHFFFAOYSA-N,formolecular/csv_elite_farma/RANKING_FARMACOS_ELITE_ADMET.csv,FARMA_ELITE,ZANHECMEAHJYCN-UHFFFAOYSA-N,0,1,0,0,0,0
LEGACY-INCHIKEY-ZARYEFACOARYOH-UHFFFAOYSA-N,ZARYEFACOARYOH-UHFFFAOYSA-N,formolecular/novo_horizonte/banco_mestre_unificado.csv,MASTER_UNIFIED,ZARYEFACOARYOH-UHFFFAOYSA-N,0,0,0,0,0,1
LEGACY-INCHIKEY-ZATZONRIXOWHTG-UHFFFAOYSA-N,ZATZONRIXOWHTG-UHFFFAOYSA-N,formolecular/novo_horizonte/banco_mestre_unificado.csv,MASTER_UNIFIED,ZATZONRIXOWHTG-UHFFFAOYSA-N,0,0,0,0,0,1
LEGACY-INCHIKEY-ZAYYASFKIAUBRJ-UHFFFAOYSA-N,ZAYYASFKIAUBRJ-UHFFFAOYSA-N,formolecular/novo_horizonte/banco_mestre_unificado.csv,MASTER_UNIFIED,ZAYYASFKIAUBRJ-UHFFFAOYSA-N,0,0,0,0,0,1
LEGACY-INCHIKEY-ZBDZBKKANBDUKL-UHFFFAOYSA-N,ZBDZBKKANBDUKL-UHFFFAOYSA-N,formolecular/novo_horizonte/banco_mestre_unificado.csv,MASTER_UNIFIED,ZBDZBKKANBDUKL-UHFFFAOYSA-N,0,0,0,0,0,1
LEGACY-INCHIKEY-ZBQHHXNDXBMIFZ-UHFFFAOYSA-N,ZBQHHXNDXBMIFZ-UHFFFAOYSA-N,formolecular/novo_horizonte/banco_mestre_unificado.csv,MASTER_UNIFIED,ZBQHHXNDXBMIFZ-UHFFFAOYSA-N,0,0,0,0,0,1
LEGACY-INCHIKEY-ZBQJMCZHWRGHLF-UHFFFAOYSA-N,ZBQJMCZHWRGHLF-UHFFFAOYSA-N,formolecular/novo_horizonte/banco_mestre_unificado.csv,MASTER_UNIFIED,ZBQJMCZHWRGHLF-UHFFFAOYSA-N,0,0,0,0,0,1
LEGACY-INCHIKEY-ZBWHIEFYNGSCQI-UHFFFAOYSA-N,ZBWHIEFYNGSCQI-UHFFFAOYSA-N,formolecular/novo_horizonte/banco_mestre_unificado.csv,MASTER_UNIFIED,ZBWHIEFYNGSCQI-UHFFFAOYSA-N,0,0,0,0,0,1
LEGACY-INCHIKEY-ZBXNJKGVMAFZPB-UHFFFAOYSA-N,ZBXNJKGVMAFZPB-UHFFFAOYSA-N,formolecular/novo_horizonte/banco_mestre_unificado.csv,MASTER_UNIFIED,ZBXNJKGVMAFZPB-UHFFFAOYSA-N,0,0,0,0,0,1
LEGACY-INCHIKEY-ZCEUNFZKJGAKDS-UHFFFAOYSA-N,ZCEUNFZKJGAKDS-UHFFFAOYSA-N,formolecular/novo_horizonte/banco_mestre_unificado.csv,MASTER_UNIFIED,ZCEUNFZKJGAKDS-UHFFFAOYSA-N,0,0,0,0,0,1
LEGACY-INCHIKEY-ZCNYPHSBJGUSOD-UHFFFAOYSA-N,ZCNYPHSBJGUSOD-UHFFFAOYSA-N,formolecular/novo_horizonte/banco_mestre_unificado.csv,MASTER_UNIFIED,ZCNYPHSBJGUSOD-UHFFFAOYSA-N,0,0,0,0,0,1
LEGACY-INCHIKEY-ZDOAZIYZRDVWRA-UHFFFAOYSA-N,ZDOAZIYZRDVWRA-UHFFFAOYSA-N,formolecular/novo_horizonte/banco_mestre_unificado.csv,MASTER_UNIFIED,ZDOAZIYZRDVWRA-UHFFFAOYSA-N,0,0,0,0,0,1
LEGACY-INCHIKEY-ZDQZQAJMVDBEQS-UHFFFAOYSA-N,ZDQZQAJMVDBEQS-UHFFFAOYSA-N,formolecular/novo_horizonte/banco_mestre_unificado.csv,MASTER_UNIFIED,ZDQZQAJMVDBEQS-UHFFFAOYSA-N,0,0,0,0,0,1
LEGACY-INCHIKEY-ZDSICSSUQMEMCO-UHFFFAOYSA-N,ZDSICSSUQMEMCO-UHFFFAOYSA-N,formolecular/novo_horizonte/banco_mestre_unificado.csv,MASTER_UNIFIED,ZDSICSSUQMEMCO-UHFFFAOYSA-N,0,0,0,0,0,1
LEGACY-INCHIKEY-ZDURJHDQZMFFMZ-UHFFFAOYSA-N,ZDURJHDQZMFFMZ-UHFFFAOYSA-N,formolecular/novo_horizonte/banco_mestre_unificado.csv,MASTER_UNIFIED,ZDURJHDQZMFFMZ-UHFFFAOYSA-N,0,0,0,0,0,1
LEGACY-INCHIKEY-ZDWAPZOYVPLTSS-UHFFFAOYSA-N,ZDWAPZOYVPLTSS-UHFFFAOYSA-N,formolecular/novo_horizonte/banco_mestre_unificado.csv,MASTER_UNIFIED,ZDWAPZOYVPLTSS-UHFFFAOYSA-N,0,0,0,0,0,1
LEGACY-INCHIKEY-ZEAARYLKYWBQDA-UHFFFAOYSA-N,ZEAARYLKYWBQDA-UHFFFAOYSA-N,formolecular/novo_horizonte/banco_mestre_unificado.csv,MASTER_UNIFIED,ZEAARYLKYWBQDA-UHFFFAOYSA-N,0,0,0,0,0,1
LEGACY-INCHIKEY-ZEBXDJHLBWARFW-UHFFFAOYSA-N,ZEBXDJHLBWARFW-UHFFFAOYSA-N,formolecular/novo_horizonte/banco_mestre_unificado.csv,MASTER_UNIFIED,ZEBXDJHLBWARFW-UHFFFAOYSA-N,0,0,0,0,0,1
LEGACY-INCHIKEY-ZENUTRLFPHVHNK-UHFFFAOYSA-N,ZENUTRLFPHVHNK-UHFFFAOYSA-N,formolecular/novo_horizonte/banco_mestre_unificado.csv,MASTER_UNIFIED,ZENUTRLFPHVHNK-UHFFFAOYSA-N,0,0,0,0,0,1
LEGACY-INCHIKEY-ZEPDDONPRFAWIU-UHFFFAOYSA-N,ZEPDDONPRFAWIU-UHFFFAOYSA-N,formolecular/novo_horizonte/banco_mestre_unificado.csv,MASTER_UNIFIED,ZEPDDONPRFAWIU-UHFFFAOYSA-N,0,0,0,0,0,1
LEGACY-INCHIKEY-ZESUKHBXCBFRRV-UHFFFAOYSA-N,ZESUKHBXCBFRRV-UHFFFAOYSA-N,formolecular/novo_horizonte/banco_mestre_unificado.csv,MASTER_UNIFIED,ZESUKHBXCBFRRV-UHFFFAOYSA-N,0,0,0,0,0,1
LEGACY-INCHIKEY-ZFEUOKUKERFKOS-UHFFFAOYSA-N,ZFEUOKUKERFKOS-UHFFFAOYSA-N,formolecular/novo_horizonte/banco_mestre_unificado.csv,MASTER_UNIFIED,ZFEUOKUKERFKOS-UHFFFAOYSA-N,0,0,0,0,0,1
LEGACY-INCHIKEY-ZFGBQZFHXOZDCK-UHFFFAOYSA-N,ZFGBQZFHXOZDCK-UHFFFAOYSA-N,formolecular/novo_horizonte/banco_mestre_unificado.csv,MASTER_UNIFIED,ZFGBQZFHXOZDCK-UHFFFAOYSA-N,0,0,0,0,0,1
LEGACY-INCHIKEY-ZFGGMXWVSRIHSF-UHFFFAOYSA-N,ZFGGMXWVSRIHSF-UHFFFAOYSA-N,formolecular/novo_horizonte/banco_mestre_unificado.csv,MASTER_UNIFIED,ZFGGMXWVSRIHSF-UHFFFAOYSA-N,0,0,0,0,0,1
LEGACY-INCHIKEY-ZFJJWDJYNLERQA-UHFFFAOYSA-N,ZFJJWDJYNLERQA-UHFFFAOYSA-N,formolecular/novo_horizonte/banco_mestre_unificado.csv,MASTER_UNIFIED,ZFJJWDJYNLERQA-UHFFFAOYSA-N,0,0,0,0,0,1
LEGACY-INCHIKEY-ZFLTZIAUXYVZSA-UHFFFAOYSA-N,ZFLTZIAUXYVZSA-UHFFFAOYSA-N,formolecular/novo_horizonte/banco_mestre_unificado.csv,MASTER_UNIFIED,ZFLTZIAUXYVZSA-UHFFFAOYSA-N,0,0,0,0,0,1
LEGACY-INCHIKEY-ZGGZAQMASJABMA-UHFFFAOYSA-N,ZGGZAQMASJABMA-UHFFFAOYSA-N,formolecular/novo_horizonte/banco_mestre_unificado.csv,MASTER_UNIFIED,ZGGZAQMASJABMA-UHFFFAOYSA-N,0,0,0,0,0,1
LEGACY-INCHIKEY-ZGKLHXIKBZQNSW-UHFFFAOYSA-N,ZGKLHXIKBZQNSW-UHFFFAOYSA-N,formolecular/novo_horizonte/banco_mestre_unificado.csv,MASTER_UNIFIED,ZGKLHXIKBZQNSW-UHFFFAOYSA-N,0,0,0,0,0,1
LEGACY-INCHIKEY-ZGMBZOYFSKSCNK-UHFFFAOYSA-N,ZGMBZOYFSKSCNK-UHFFFAOYSA-N,formolecular/novo_horizonte/banco_mestre_unificado.csv,MASTER_UNIFIED,ZGMBZOYFSKSCNK-UHFFFAOYSA-N,0,0,0,0,0,1
LEGACY-INCHIKEY-ZGMZVPAUXLDONV-UHFFFAOYSA-N,ZGMZVPAUXLDONV-UHFFFAOYSA-N,formolecular/novo_horizonte/banco_mestre_unificado.csv,MASTER_UNIFIED,ZGMZVPAUXLDONV-UHFFFAOYSA-N,0,0,0,0,0,1
LEGACY-INCHIKEY-ZGNJRYSLIJZWIS-UHFFFAOYSA-N,ZGNJRYSLIJZWIS-UHFFFAOYSA-N,formolecular/novo_horizonte/banco_mestre_unificado.csv,MASTER_UNIFIED,ZGNJRYSLIJZWIS-UHFFFAOYSA-N,0,0,0,0,0,1
LEGACY-INCHIKEY-ZGYYURBNLVUEIG-UHFFFAOYSA-N,ZGYYURBNLVUEIG-UHFFFAOYSA-N,formolecular/novo_horizonte/banco_mestre_unificado.csv,MASTER_UNIFIED,ZGYYURBNLVUEIG-UHFFFAOYSA-N,0,0,0,0,0,1
LEGACY-INCHIKEY-ZHFYZLAWVOWEKU-UHFFFAOYSA-N,ZHFYZLAWVOWEKU-UHFFFAOYSA-N,formolecular/novo_horizonte/banco_mestre_unificado.csv,MASTER_UNIFIED,ZHFYZLAWVOWEKU-UHFFFAOYSA-N,0,0,0,0,0,1
LEGACY-INCHIKEY-ZHIOAPOIHPEHRZ-UHFFFAOYSA-N,ZHIOAPOIHPEHRZ-UHFFFAOYSA-N,formolecular/novo_horizonte/banco_mestre_unificado.csv,MASTER_UNIFIED,ZHIOAPOIHPEHRZ-UHFFFAOYSA-N,0,0,0,0,0,1
LEGACY-INCHIKEY-ZHKBYDSUDQUUPU-UHFFFAOYSA-N,ZHKBYDSUDQUUPU-UHFFFAOYSA-N,formolecular/novo_horizonte/banco_mestre_unificado.csv,MASTER_UNIFIED,ZHKBYDSUDQUUPU-UHFFFAOYSA-N,0,0,0,0,0,1
LEGACY-INCHIKEY-ZHLSAWIGJKTZJO-UHFFFAOYSA-N,ZHLSAWIGJKTZJO-UHFFFAOYSA-N,formolecular/novo_horizonte/banco_mestre_unificado.csv,MASTER_UNIFIED,ZHLSAWIGJKTZJO-UHFFFAOYSA-N,0,0,0,0,0,1
LEGACY-INCHIKEY-ZHNYYPHCODXKFF-UHFFFAOYSA-N,ZHNYYPHCODXKFF-UHFFFAOYSA-N,formolecular/novo_horizonte/banco_mestre_unificado.csv,MASTER_UNIFIED,ZHNYYPHCODXKFF-UHFFFAOYSA-N,0,0,0,0,0,1
LEGACY-INCHIKEY-ZHPKEDVEHAMBEU-UHFFFAOYSA-N,ZHPKEDVEHAMBEU-UHFFFAOYSA-N,formolecular/novo_horizonte/banco_mestre_unificado.csv,MASTER_UNIFIED,ZHPKEDVEHAMBEU-UHFFFAOYSA-N,0,0,0,0,0,1
LEGACY-INCHIKEY-ZHXOADGDJKOBBZ-UHFFFAOYSA-N,ZHXOADGDJKOBBZ-UHFFFAOYSA-N,formolecular/novo_horizonte/banco_mestre_unificado.csv,MASTER_UNIFIED,ZHXOADGDJKOBBZ-UHFFFAOYSA-N,0,0,0,0,0,1
LEGACY-INCHIKEY-ZIDKNXJQWHOZLD-UHFFFAOYSA-N,ZIDKNXJQWHOZLD-UHFFFAOYSA-N,formolecular/novo_horizonte/banco_mestre_unificado.csv,MASTER_UNIFIED,ZIDKNXJQWHOZLD-UHFFFAOYSA-N,0,0,0,0,0,1
LEGACY-INCHIKEY-ZIDUSKDRIINXFI-UHFFFAOYSA-N,ZIDUSKDRIINXFI-UHFFFAOYSA-N,formolecular/novo_horizonte/banco_mestre_unificado.csv,MASTER_UNIFIED,ZIDUSKDRIINXFI-UHFFFAOYSA-N,0,0,0,0,0,1
LEGACY-INCHIKEY-ZIGNMGJECKZVRA-UHFFFAOYSA-N,ZIGNMGJECKZVRA-UHFFFAOYSA-N,formolecular/novo_horizonte/banco_mestre_unificado.csv,MASTER_UNIFIED,ZIGNMGJECKZVRA-UHFFFAOYSA-N,0,0,0,0,0,1
LEGACY-INCHIKEY-ZIJAXDVULRMEIW-UHFFFAOYSA-N,ZIJAXDVULRMEIW-UHFFFAOYSA-N,formolecular/novo_horizonte/banco_mestre_unificado.csv,MASTER_UNIFIED,ZIJAXDVULRMEIW-UHFFFAOYSA-N,0,0,0,0,0,1
LEGACY-INCHIKEY-ZIMULDLPXYYBNM-UHFFFAOYSA-N,ZIMULDLPXYYBNM-UHFFFAOYSA-N,formolecular/novo_horizonte/banco_mestre_unificado.csv,MASTER_UNIFIED,ZIMULDLPXYYBNM-UHFFFAOYSA-N,0,0,0,0,0,1
LEGACY-INCHIKEY-ZIOOOPAQUFIIPF-UHFFFAOYSA-N,ZIOOOPAQUFIIPF-UHFFFAOYSA-N,formolecular/novo_horizonte/banco_mestre_unificado.csv,MASTER_UNIFIED,ZIOOOPAQUFIIPF-UHFFFAOYSA-N,0,0,0,0,0,1
LEGACY-INCHIKEY-ZIOYYVTYJGZCSI-UHFFFAOYSA-N,ZIOYYVTYJGZCSI-UHFFFAOYSA-N,formolecular/novo_horizonte/banco_mestre_unificado.csv,MASTER_UNIFIED,ZIOYYVTYJGZCSI-UHFFFAOYSA-N,0,0,0,0,0,1
LEGACY-INCHIKEY-ZIUCPWRKUVIBCW-UHFFFAOYSA-N,ZIUCPWRKUVIBCW-UHFFFAOYSA-N,formolecular/novo_horizonte/banco_mestre_unificado.csv,MASTER_UNIFIED,ZIUCPWRKUVIBCW-UHFFFAOYSA-N,0,0,0,0,0,1
LEGACY-INCHIKEY-ZIVBOKGITWAAAU-UHFFFAOYSA-N,ZIVBOKGITWAAAU-UHFFFAOYSA-N,formolecular/novo_horizonte/banco_mestre_unificado.csv,MASTER_UNIFIED,ZIVBOKGITWAAAU-UHFFFAOYSA-N,0,0,0,0,0,1
LEGACY-INCHIKEY-ZIWVQHVBHZCEBK-UHFFFAOYSA-N,ZIWVQHVBHZCEBK-UHFFFAOYSA-N,formolecular/novo_horizonte/banco_mestre_unificado.csv,MASTER_UNIFIED,ZIWVQHVBHZCEBK-UHFFFAOYSA-N,0,0,0,0,0,1
LEGACY-INCHIKEY-ZIYCXXNEODTPMS-UHFFFAOYSA-N,ZIYCXXNEODTPMS-UHFFFAOYSA-N,formolecular/novo_horizonte/banco_mestre_unificado.csv,MASTER_UNIFIED,ZIYCXXNEODTPMS-UHFFFAOYSA-N,0,0,0,0,0,1
LEGACY-INCHIKEY-ZJGUONMYPAPESL-UHFFFAOYSA-N,ZJGUONMYPAPESL-UHFFFAOYSA-N,formolecular/novo_horizonte/banco_mestre_unificado.csv,MASTER_UNIFIED,ZJGUONMYPAPESL-UHFFFAOYSA-N,0,0,0,0,0,1
LEGACY-INCHIKEY-ZJIWZIANVQIAJN-UHFFFAOYSA-N,ZJIWZIANVQIAJN-UHFFFAOYSA-N,formolecular/novo_horizonte/banco_mestre_unificado.csv,MASTER_UNIFIED,ZJIWZIANVQIAJN-UHFFFAOYSA-N,0,0,0,0,0,1
LEGACY-INCHIKEY-ZJSCXMJFOOWJAP-UHFFFAOYSA-N,ZJSCXMJFOOWJAP-UHFFFAOYSA-N,formolecular/novo_horizonte/banco_mestre_unificado.csv,MASTER_UNIFIED,ZJSCXMJFOOWJAP-UHFFFAOYSA-N,0,0,0,0,0,1
LEGACY-INCHIKEY-ZJSGOLYEGNQNJT-UHFFFAOYSA-N,ZJSGOLYEGNQNJT-UHFFFAOYSA-N,formolecular/novo_horizonte/banco_mestre_unificado.csv,MASTER_UNIFIED,ZJSGOLYEGNQNJT-UHFFFAOYSA-N,0,0,0,0,0,1
LEGACY-INCHIKEY-ZJSLJWJNRMZUSS-UHFFFAOYSA-N,ZJSLJWJNRMZUSS-UHFFFAOYSA-N,formolecular/novo_horizonte/banco_mestre_unificado.csv,MASTER_UNIFIED,ZJSLJWJNRMZUSS-UHFFFAOYSA-N,0,0,0,0,0,1
LEGACY-INCHIKEY-ZJXNFINXVGIVQZ-UHFFFAOYSA-N,ZJXNFINXVGIVQZ-UHFFFAOYSA-N,formolecular/novo_horizonte/banco_mestre_unificado.csv,MASTER_UNIFIED,ZJXNFINXVGIVQZ-UHFFFAOYSA-N,0,0,0,0,0,1
LEGACY-INCHIKEY-ZKDXMYVMYSIOGU-UHFFFAOYSA-N,ZKDXMYVMYSIOGU-UHFFFAOYSA-N,formolecular/novo_horizonte/banco_mestre_unificado.csv,MASTER_UNIFIED,ZKDXMYVMYSIOGU-UHFFFAOYSA-N,0,0,0,0,0,1
LEGACY-INCHIKEY-ZKGPKKPLJIJFSZ-UHFFFAOYSA-N,ZKGPKKPLJIJFSZ-UHFFFAOYSA-N,formolecular/novo_horizonte/banco_mestre_unificado.csv,MASTER_UNIFIED,ZKGPKKPLJIJFSZ-UHFFFAOYSA-N,0,0,0,0,0,1
LEGACY-INCHIKEY-ZKLZPGSOEIRWEQ-UHFFFAOYSA-N,ZKLZPGSOEIRWEQ-UHFFFAOYSA-N,formolecular/novo_horizonte/banco_mestre_unificado.csv,MASTER_UNIFIED,ZKLZPGSOEIRWEQ-UHFFFAOYSA-N,0,0,0,0,0,1
LEGACY-INCHIKEY-ZKMXFIGXLCMSJT-UHFFFAOYSA-N,ZKMXFIGXLCMSJT-UHFFFAOYSA-N,formolecular/novo_horizonte/banco_mestre_unificado.csv,MASTER_UNIFIED,ZKMXFIGXLCMSJT-UHFFFAOYSA-N,0,0,0,0,0,1
LEGACY-INCHIKEY-ZKNXPZBOQFBOBG-UHFFFAOYSA-N,ZKNXPZBOQFBOBG-UHFFFAOYSA-N,formolecular/novo_horizonte/banco_mestre_unificado.csv,MASTER_UNIFIED,ZKNXPZBOQFBOBG-UHFFFAOYSA-N,0,0,0,0,0,1
LEGACY-INCHIKEY-ZKOFSJROKKOQBR-UHFFFAOYSA-N,ZKOFSJROKKOQBR-UHFFFAOYSA-N,formolecular/novo_horizonte/banco_mestre_unificado.csv,MASTER_UNIFIED,ZKOFSJROKKOQBR-UHFFFAOYSA-N,0,0,0,0,0,1
LEGACY-INCHIKEY-ZKSYUNLBFSOENV-UHFFFAOYSA-N,ZKSYUNLBFSOENV-UHFFFAOYSA-N,formolecular/csv_elite_farma/RANKING_FARMACOS_ELITE_ADMET.csv,FARMA_ELITE,ZKSYUNLBFSOENV-UHFFFAOYSA-N,0,1,0,0,0,0
LEGACY-INCHIKEY-ZKZHRRVCYCZOMB-UHFFFAOYSA-N,ZKZHRRVCYCZOMB-UHFFFAOYSA-N,formolecular/novo_horizonte/banco_mestre_unificado.csv,MASTER_UNIFIED,ZKZHRRVCYCZOMB-UHFFFAOYSA-N,0,0,0,0,0,1
LEGACY-INCHIKEY-ZLEDAKDQXXMTPN-UHFFFAOYSA-N,ZLEDAKDQXXMTPN-UHFFFAOYSA-N,formolecular/novo_horizonte/banco_mestre_unificado.csv,MASTER_UNIFIED,ZLEDAKDQXXMTPN-UHFFFAOYSA-N,0,0,0,0,0,1
LEGACY-INCHIKEY-ZLJBBQZWENIBRZ-UHFFFAOYSA-N,ZLJBBQZWENIBRZ-UHFFFAOYSA-N,formolecular/novo_horizonte/banco_mestre_unificado.csv,MASTER_UNIFIED,ZLJBBQZWENIBRZ-UHFFFAOYSA-N,0,0,0,0,0,1
LEGACY-INCHIKEY-ZLJHCUWCCZHJOJ-UHFFFAOYSA-N,ZLJHCUWCCZHJOJ-UHFFFAOYSA-N,formolecular/novo_horizonte/banco_mestre_unificado.csv,MASTER_UNIFIED,ZLJHCUWCCZHJOJ-UHFFFAOYSA-N,0,0,0,0,0,1
LEGACY-INCHIKEY-ZLQANKAOSLOQGC-UHFFFAOYSA-N,ZLQANKAOSLOQGC-UHFFFAOYSA-N,formolecular/novo_horizonte/banco_mestre_unificado.csv,MASTER_UNIFIED,ZLQANKAOSLOQGC-UHFFFAOYSA-N,0,0,0,0,0,1
LEGACY-INCHIKEY-ZMHOFJYQEPQEEU-UHFFFAOYSA-N,ZMHOFJYQEPQEEU-UHFFFAOYSA-N,formolecular/novo_horizonte/banco_mestre_unificado.csv,MASTER_UNIFIED,ZMHOFJYQEPQEEU-UHFFFAOYSA-N,0,0,0,0,0,1
LEGACY-INCHIKEY-ZMIAVALRUIASRP-UHFFFAOYSA-N,ZMIAVALRUIASRP-UHFFFAOYSA-N,formolecular/novo_horizonte/banco_mestre_unificado.csv,MASTER_UNIFIED,ZMIAVALRUIASRP-UHFFFAOYSA-N,0,0,0,0,0,1
LEGACY-INCHIKEY-ZMTAEAKRTZQFMD-UHFFFAOYSA-N,ZMTAEAKRTZQFMD-UHFFFAOYSA-N,formolecular/novo_horizonte/banco_mestre_unificado.csv,MASTER_UNIFIED,ZMTAEAKRTZQFMD-UHFFFAOYSA-N,0,0,0,0,0,1
LEGACY-INCHIKEY-ZMXNWWIVDDRBCB-UHFFFAOYSA-N,ZMXNWWIVDDRBCB-UHFFFAOYSA-N,formolecular/novo_horizonte/banco_mestre_unificado.csv,MASTER_UNIFIED,ZMXNWWIVDDRBCB-UHFFFAOYSA-N,0,0,0,0,0,1
LEGACY-INCHIKEY-ZMYNIZGFRHQGDU-UHFFFAOYSA-N,ZMYNIZGFRHQGDU-UHFFFAOYSA-N,formolecular/novo_horizonte/banco_mestre_unificado.csv,MASTER_UNIFIED,ZMYNIZGFRHQGDU-UHFFFAOYSA-N,0,0,0,0,0,1
LEGACY-INCHIKEY-ZNGKUTMGEKODDZ-UHFFFAOYSA-N,ZNGKUTMGEKODDZ-UHFFFAOYSA-N,formolecular/novo_horizonte/banco_mestre_unificado.csv,MASTER_UNIFIED,ZNGKUTMGEKODDZ-UHFFFAOYSA-N,0,0,0,0,0,1
LEGACY-INCHIKEY-ZNHCBVVPSHIZJV-UHFFFAOYSA-N,ZNHCBVVPSHIZJV-UHFFFAOYSA-N,formolecular/novo_horizonte/banco_mestre_unificado.csv,MASTER_UNIFIED,ZNHCBVVPSHIZJV-UHFFFAOYSA-N,0,0,0,0,0,1
LEGACY-INCHIKEY-ZNJBFGIIYMXDAN-UHFFFAOYSA-N,ZNJBFGIIYMXDAN-UHFFFAOYSA-N,formolecular/novo_horizonte/banco_mestre_unificado.csv,MASTER_UNIFIED,ZNJBFGIIYMXDAN-UHFFFAOYSA-N,0,0,0,0,0,1
LEGACY-INCHIKEY-ZNPNJUQSIUYMNP-UHFFFAOYSA-N,ZNPNJUQSIUYMNP-UHFFFAOYSA-N,formolecular/novo_horizonte/banco_mestre_unificado.csv,MASTER_UNIFIED,ZNPNJUQSIUYMNP-UHFFFAOYSA-N,0,0,0,0,0,1
LEGACY-INCHIKEY-ZNRZSAABYLZXFB-UHFFFAOYSA-N,ZNRZSAABYLZXFB-UHFFFAOYSA-N,formolecular/novo_horizonte/banco_mestre_unificado.csv,MASTER_UNIFIED,ZNRZSAABYLZXFB-UHFFFAOYSA-N,0,0,0,0,0,1
LEGACY-INCHIKEY-ZNWAPLNODKTVMD-UHFFFAOYSA-N,ZNWAPLNODKTVMD-UHFFFAOYSA-N,formolecular/novo_horizonte/banco_mestre_unificado.csv,MASTER_UNIFIED,ZNWAPLNODKTVMD-UHFFFAOYSA-N,0,0,0,0,0,1
LEGACY-INCHIKEY-ZNYMGVLPAYFADN-UHFFFAOYSA-N,ZNYMGVLPAYFADN-UHFFFAOYSA-N,formolecular/novo_horizonte/banco_mestre_unificado.csv,MASTER_UNIFIED,ZNYMGVLPAYFADN-UHFFFAOYSA-N,0,0,0,0,0,1
LEGACY-INCHIKEY-ZOFWUHOBOKPACN-UHFFFAOYSA-N,ZOFWUHOBOKPACN-UHFFFAOYSA-N,formolecular/novo_horizonte/banco_mestre_unificado.csv,MASTER_UNIFIED,ZOFWUHOBOKPACN-UHFFFAOYSA-N,0,0,0,0,0,1
LEGACY-INCHIKEY-ZOLKFRJEOZCOLZ-UHFFFAOYSA-N,ZOLKFRJEOZCOLZ-UHFFFAOYSA-N,formolecular/novo_horizonte/banco_mestre_unificado.csv,MASTER_UNIFIED,ZOLKFRJEOZCOLZ-UHFFFAOYSA-N,0,0,0,0,0,1
LEGACY-INCHIKEY-ZOLNREPWJMEUIZ-UHFFFAOYSA-N,ZOLNREPWJMEUIZ-UHFFFAOYSA-N,formolecular/novo_horizonte/banco_mestre_unificado.csv,MASTER_UNIFIED,ZOLNREPWJMEUIZ-UHFFFAOYSA-N,0,0,0,0,0,1
LEGACY-INCHIKEY-ZOOXWZQMQKKVLO-UHFFFAOYSA-N,ZOOXWZQMQKKVLO-UHFFFAOYSA-N,formolecular/novo_horizonte/banco_mestre_unificado.csv,MASTER_UNIFIED,ZOOXWZQMQKKVLO-UHFFFAOYSA-N,0,0,0,0,0,1
LEGACY-INCHIKEY-ZORYWSYVPVUUGA-UHFFFAOYSA-N,ZORYWSYVPVUUGA-UHFFFAOYSA-N,formolecular/novo_horizonte/banco_mestre_unificado.csv,MASTER_UNIFIED,ZORYWSYVPVUUGA-UHFFFAOYSA-N,0,0,0,0,0,1
LEGACY-INCHIKEY-ZOWKPFDPGRAYRG-UHFFFAOYSA-N,ZOWKPFDPGRAYRG-UHFFFAOYSA-N,formolecular/novo_horizonte/banco_mestre_unificado.csv,MASTER_UNIFIED,ZOWKPFDPGRAYRG-UHFFFAOYSA-N,0,0,0,0,0,1
LEGACY-INCHIKEY-ZPORHZRUFLSLFD-UHFFFAOYSA-N,ZPORHZRUFLSLFD-UHFFFAOYSA-N,formolecular/novo_horizonte/banco_mestre_unificado.csv,MASTER_UNIFIED,ZPORHZRUFLSLFD-UHFFFAOYSA-N,0,0,0,0,0,1
LEGACY-INCHIKEY-ZPOXMIJYNQOWKS-UHFFFAOYSA-N,ZPOXMIJYNQOWKS-UHFFFAOYSA-N,formolecular/novo_horizonte/banco_mestre_unificado.csv,MASTER_UNIFIED,ZPOXMIJYNQOWKS-UHFFFAOYSA-N,0,0,0,0,0,1
LEGACY-INCHIKEY-ZPPHHGDMXUZYPH-UHFFFAOYSA-N,ZPPHHGDMXUZYPH-UHFFFAOYSA-N,formolecular/novo_horizonte/banco_mestre_unificado.csv,MASTER_UNIFIED,ZPPHHGDMXUZYPH-UHFFFAOYSA-N,0,0,0,0,0,1
LEGACY-INCHIKEY-ZPWUTBVXOFQKFX-UHFFFAOYSA-N,ZPWUTBVXOFQKFX-UHFFFAOYSA-N,formolecular/novo_horizonte/banco_mestre_unificado.csv,MASTER_UNIFIED,ZPWUTBVXOFQKFX-UHFFFAOYSA-N,0,0,0,0,0,1
LEGACY-INCHIKEY-ZPXANXPGVKZZMH-UHFFFAOYSA-N,ZPXANXPGVKZZMH-UHFFFAOYSA-N,formolecular/novo_horizonte/banco_mestre_unificado.csv,MASTER_UNIFIED,ZPXANXPGVKZZMH-UHFFFAOYSA-N,0,0,0,0,0,1
LEGACY-INCHIKEY-ZQIPTLGNUKVCLH-UHFFFAOYSA-N,ZQIPTLGNUKVCLH-UHFFFAOYSA-N,formolecular/novo_horizonte/banco_mestre_unificado.csv,MASTER_UNIFIED,ZQIPTLGNUKVCLH-UHFFFAOYSA-N,0,0,0,0,0,1
LEGACY-INCHIKEY-ZQMFBCYJNGQPHB-UHFFFAOYSA-N,ZQMFBCYJNGQPHB-UHFFFAOYSA-N,formolecular/novo_horizonte/banco_mestre_unificado.csv,MASTER_UNIFIED,ZQMFBCYJNGQPHB-UHFFFAOYSA-N,0,0,0,0,0,1
LEGACY-INCHIKEY-ZQOGMTFRSPFLDE-UHFFFAOYSA-N,ZQOGMTFRSPFLDE-UHFFFAOYSA-N,formolecular/novo_horizonte/banco_mestre_unificado.csv,MASTER_UNIFIED,ZQOGMTFRSPFLDE-UHFFFAOYSA-N,0,0,0,0,0,1
LEGACY-INCHIKEY-ZQTOXHUMBFPSDE-UHFFFAOYSA-N,ZQTOXHUMBFPSDE-UHFFFAOYSA-N,formolecular/novo_horizonte/banco_mestre_unificado.csv,MASTER_UNIFIED,ZQTOXHUMBFPSDE-UHFFFAOYSA-N,0,0,0,0,0,1
LEGACY-INCHIKEY-ZQUPVJVCTAEPIY-UHFFFAOYSA-N,ZQUPVJVCTAEPIY-UHFFFAOYSA-N,formolecular/novo_horizonte/banco_mestre_unificado.csv,MASTER_UNIFIED,ZQUPVJVCTAEPIY-UHFFFAOYSA-N,0,0,0,0,0,1
LEGACY-INCHIKEY-ZQWCZXMJLHQCRY-UHFFFAOYSA-N,ZQWCZXMJLHQCRY-UHFFFAOYSA-N,formolecular/novo_horizonte/banco_mestre_unificado.csv,MASTER_UNIFIED,ZQWCZXMJLHQCRY-UHFFFAOYSA-N,0,0,0,0,0,1
LEGACY-INCHIKEY-ZQYYWWCCIWSYGA-UHFFFAOYSA-N,ZQYYWWCCIWSYGA-UHFFFAOYSA-N,formolecular/novo_horizonte/top10_validado_4EY7.csv,NH_VALIDATED_4EY7;NH_ISOLATED;MASTER_UNIFIED,ZQYYWWCCIWSYGA-UHFFFAOYSA-N,0,0,0,1,1,1
LEGACY-INCHIKEY-ZRFMXBKRSHOMJG-UHFFFAOYSA-N,ZRFMXBKRSHOMJG-UHFFFAOYSA-N,formolecular/novo_horizonte/banco_mestre_unificado.csv,MASTER_UNIFIED,ZRFMXBKRSHOMJG-UHFFFAOYSA-N,0,0,0,0,0,1
LEGACY-INCHIKEY-ZRGDAQODENAZNM-UHFFFAOYSA-N,ZRGDAQODENAZNM-UHFFFAOYSA-N,formolecular/novo_horizonte/banco_mestre_unificado.csv,MASTER_UNIFIED,ZRGDAQODENAZNM-UHFFFAOYSA-N,0,0,0,0,0,1
LEGACY-INCHIKEY-ZRLSOWPAXQWVAQ-UHFFFAOYSA-N,ZRLSOWPAXQWVAQ-UHFFFAOYSA-N,formolecular/novo_horizonte/banco_mestre_unificado.csv,MASTER_UNIFIED,ZRLSOWPAXQWVAQ-UHFFFAOYSA-N,0,0,0,0,0,1
LEGACY-INCHIKEY-ZRLUBMXGVPVEMZ-UHFFFAOYSA-N,ZRLUBMXGVPVEMZ-UHFFFAOYSA-N,formolecular/novo_horizonte/banco_mestre_unificado.csv,MASTER_UNIFIED,ZRLUBMXGVPVEMZ-UHFFFAOYSA-N,0,0,0,0,0,1
LEGACY-INCHIKEY-ZRVUJXDFFKFLMG-UHFFFAOYSA-N,ZRVUJXDFFKFLMG-UHFFFAOYSA-N,Biolab/matriz_compostos_filtrados.csv,BIOLAB_FILTERED,ZRVUJXDFFKFLMG-UHFFFAOYSA-N,1,0,0,0,0,0
LEGACY-INCHIKEY-ZRZIWOMZDUVBSJ-UHFFFAOYSA-N,ZRZIWOMZDUVBSJ-UHFFFAOYSA-N,formolecular/novo_horizonte/banco_mestre_unificado.csv,MASTER_UNIFIED,ZRZIWOMZDUVBSJ-UHFFFAOYSA-N,0,0,0,0,0,1
LEGACY-INCHIKEY-ZSBHRYKMLUBDNW-UHFFFAOYSA-N,ZSBHRYKMLUBDNW-UHFFFAOYSA-N,formolecular/novo_horizonte/banco_mestre_unificado.csv,MASTER_UNIFIED,ZSBHRYKMLUBDNW-UHFFFAOYSA-N,0,0,0,0,0,1
LEGACY-INCHIKEY-ZSDBUOKIRQVYJZ-UHFFFAOYSA-N,ZSDBUOKIRQVYJZ-UHFFFAOYSA-N,formolecular/novo_horizonte/banco_mestre_unificado.csv,MASTER_UNIFIED,ZSDBUOKIRQVYJZ-UHFFFAOYSA-N,0,0,0,0,0,1
LEGACY-INCHIKEY-ZSDQYWHVKFQHDR-UHFFFAOYSA-N,ZSDQYWHVKFQHDR-UHFFFAOYSA-N,formolecular/novo_horizonte/banco_mestre_unificado.csv,MASTER_UNIFIED,ZSDQYWHVKFQHDR-UHFFFAOYSA-N,0,0,0,0,0,1
LEGACY-INCHIKEY-ZSGIOJYZFKWHPH-UHFFFAOYSA-N,ZSGIOJYZFKWHPH-UHFFFAOYSA-N,formolecular/novo_horizonte/banco_mestre_unificado.csv,MASTER_UNIFIED,ZSGIOJYZFKWHPH-UHFFFAOYSA-N,0,0,0,0,0,1
LEGACY-INCHIKEY-ZSLGGRZRDFUBES-UHFFFAOYSA-N,ZSLGGRZRDFUBES-UHFFFAOYSA-N,formolecular/novo_horizonte/banco_mestre_unificado.csv,MASTER_UNIFIED,ZSLGGRZRDFUBES-UHFFFAOYSA-N,0,0,0,0,0,1
LEGACY-INCHIKEY-ZSMCYTPQQSTQHL-UHFFFAOYSA-N,ZSMCYTPQQSTQHL-UHFFFAOYSA-N,formolecular/novo_horizonte/banco_mestre_unificado.csv,MASTER_UNIFIED,ZSMCYTPQQSTQHL-UHFFFAOYSA-N,0,0,0,0,0,1
LEGACY-INCHIKEY-ZSMFVNTZFCAFFP-UHFFFAOYSA-N,ZSMFVNTZFCAFFP-UHFFFAOYSA-N,formolecular/novo_horizonte/banco_mestre_unificado.csv,MASTER_UNIFIED,ZSMFVNTZFCAFFP-UHFFFAOYSA-N,0,0,0,0,0,1
LEGACY-INCHIKEY-ZSOAESNMPFSIDK-UHFFFAOYSA-N,ZSOAESNMPFSIDK-UHFFFAOYSA-N,formolecular/novo_horizonte/banco_mestre_unificado.csv,MASTER_UNIFIED,ZSOAESNMPFSIDK-UHFFFAOYSA-N,0,0,0,0,0,1
LEGACY-INCHIKEY-ZSQZNWFRZTYBKL-UHFFFAOYSA-N,ZSQZNWFRZTYBKL-UHFFFAOYSA-N,formolecular/novo_horizonte/banco_mestre_unificado.csv,MASTER_UNIFIED,ZSQZNWFRZTYBKL-UHFFFAOYSA-N,0,0,0,0,0,1
LEGACY-INCHIKEY-ZSXQUXZOAPBAAJ-UHFFFAOYSA-N,ZSXQUXZOAPBAAJ-UHFFFAOYSA-N,formolecular/novo_horizonte/banco_mestre_unificado.csv,MASTER_UNIFIED,ZSXQUXZOAPBAAJ-UHFFFAOYSA-N,0,0,0,0,0,1
LEGACY-INCHIKEY-ZTOVGFNCWHZXRY-UHFFFAOYSA-N,ZTOVGFNCWHZXRY-UHFFFAOYSA-N,formolecular/novo_horizonte/banco_mestre_unificado.csv,MASTER_UNIFIED,ZTOVGFNCWHZXRY-UHFFFAOYSA-N,0,0,0,0,0,1
LEGACY-INCHIKEY-ZTRJTMLZRLYSOV-UHFFFAOYSA-N,ZTRJTMLZRLYSOV-UHFFFAOYSA-N,formolecular/novo_horizonte/banco_mestre_unificado.csv,MASTER_UNIFIED,ZTRJTMLZRLYSOV-UHFFFAOYSA-N,0,0,0,0,0,1
LEGACY-INCHIKEY-ZTRVABNRGVDMLV-UHFFFAOYSA-N,ZTRVABNRGVDMLV-UHFFFAOYSA-N,formolecular/novo_horizonte/banco_mestre_unificado.csv,MASTER_UNIFIED,ZTRVABNRGVDMLV-UHFFFAOYSA-N,0,0,0,0,0,1
LEGACY-INCHIKEY-ZTUNCBFMLKRKPI-UHFFFAOYSA-N,ZTUNCBFMLKRKPI-UHFFFAOYSA-N,formolecular/novo_horizonte/banco_mestre_unificado.csv,MASTER_UNIFIED,ZTUNCBFMLKRKPI-UHFFFAOYSA-N,0,0,0,0,0,1
LEGACY-INCHIKEY-ZTYSWSOYUDNQKU-UHFFFAOYSA-N,ZTYSWSOYUDNQKU-UHFFFAOYSA-N,formolecular/novo_horizonte/banco_mestre_unificado.csv,MASTER_UNIFIED,ZTYSWSOYUDNQKU-UHFFFAOYSA-N,0,0,0,0,0,1
LEGACY-INCHIKEY-ZUAKGLULJUJWRC-UHFFFAOYSA-N,ZUAKGLULJUJWRC-UHFFFAOYSA-N,formolecular/novo_horizonte/banco_mestre_unificado.csv,MASTER_UNIFIED,ZUAKGLULJUJWRC-UHFFFAOYSA-N,0,0,0,0,0,1
LEGACY-INCHIKEY-ZUAZEDWMCMGNAZ-UHFFFAOYSA-N,ZUAZEDWMCMGNAZ-UHFFFAOYSA-N,formolecular/novo_horizonte/banco_mestre_unificado.csv,MASTER_UNIFIED,ZUAZEDWMCMGNAZ-UHFFFAOYSA-N,0,0,0,0,0,1
LEGACY-INCHIKEY-ZUBRWSOBSUDCQQ-UHFFFAOYSA-N,ZUBRWSOBSUDCQQ-UHFFFAOYSA-N,formolecular/novo_horizonte/banco_mestre_unificado.csv,MASTER_UNIFIED,ZUBRWSOBSUDCQQ-UHFFFAOYSA-N,0,0,0,0,0,1
LEGACY-INCHIKEY-ZUKKXYDIBFZWAG-UHFFFAOYSA-N,ZUKKXYDIBFZWAG-UHFFFAOYSA-N,formolecular/novo_horizonte/banco_mestre_unificado.csv,MASTER_UNIFIED,ZUKKXYDIBFZWAG-UHFFFAOYSA-N,0,0,0,0,0,1
LEGACY-INCHIKEY-ZUNQYXKRPKBILC-UHFFFAOYSA-N,ZUNQYXKRPKBILC-UHFFFAOYSA-N,formolecular/novo_horizonte/banco_mestre_unificado.csv,MASTER_UNIFIED,ZUNQYXKRPKBILC-UHFFFAOYSA-N,0,0,0,0,0,1
LEGACY-INCHIKEY-ZUSVGMRQXPDTDG-UHFFFAOYSA-N,ZUSVGMRQXPDTDG-UHFFFAOYSA-N,formolecular/novo_horizonte/banco_mestre_unificado.csv,MASTER_UNIFIED,ZUSVGMRQXPDTDG-UHFFFAOYSA-N,0,0,0,0,0,1
LEGACY-INCHIKEY-ZUUPNCHGPSJJQU-UHFFFAOYSA-N,ZUUPNCHGPSJJQU-UHFFFAOYSA-N,formolecular/novo_horizonte/banco_mestre_unificado.csv,MASTER_UNIFIED,ZUUPNCHGPSJJQU-UHFFFAOYSA-N,0,0,0,0,0,1
LEGACY-INCHIKEY-ZUXNOJSCEOZWLX-UHFFFAOYSA-N,ZUXNOJSCEOZWLX-UHFFFAOYSA-N,formolecular/novo_horizonte/banco_mestre_unificado.csv,MASTER_UNIFIED,ZUXNOJSCEOZWLX-UHFFFAOYSA-N,0,0,0,0,0,1
LEGACY-INCHIKEY-ZVGQANBRJYZOSP-UHFFFAOYSA-N,ZVGQANBRJYZOSP-UHFFFAOYSA-N,formolecular/csv_elite_farma/RANKING_FARMACOS_ELITE_ADMET.csv,FARMA_ELITE,ZVGQANBRJYZOSP-UHFFFAOYSA-N,0,1,0,0,0,0
LEGACY-INCHIKEY-ZVHKWDZUOLJTNY-UHFFFAOYSA-N,ZVHKWDZUOLJTNY-UHFFFAOYSA-N,formolecular/novo_horizonte/banco_mestre_unificado.csv,MASTER_UNIFIED,ZVHKWDZUOLJTNY-UHFFFAOYSA-N,0,0,0,0,0,1
LEGACY-INCHIKEY-ZVMLLWNDMCLODY-UHFFFAOYSA-N,ZVMLLWNDMCLODY-UHFFFAOYSA-N,formolecular/novo_horizonte/banco_mestre_unificado.csv,MASTER_UNIFIED,ZVMLLWNDMCLODY-UHFFFAOYSA-N,0,0,0,0,0,1
LEGACY-INCHIKEY-ZVZZLFCNQAPIND-UHFFFAOYSA-N,ZVZZLFCNQAPIND-UHFFFAOYSA-N,formolecular/novo_horizonte/banco_mestre_unificado.csv,MASTER_UNIFIED,ZVZZLFCNQAPIND-UHFFFAOYSA-N,0,0,0,0,0,1
LEGACY-INCHIKEY-ZWAOYISUYPGUOI-UHFFFAOYSA-N,ZWAOYISUYPGUOI-UHFFFAOYSA-N,formolecular/novo_horizonte/banco_mestre_unificado.csv,MASTER_UNIFIED,ZWAOYISUYPGUOI-UHFFFAOYSA-N,0,0,0,0,0,1
LEGACY-INCHIKEY-ZWBZBKJLBUTWNR-UHFFFAOYSA-N,ZWBZBKJLBUTWNR-UHFFFAOYSA-N,formolecular/novo_horizonte/banco_mestre_unificado.csv,MASTER_UNIFIED,ZWBZBKJLBUTWNR-UHFFFAOYSA-N,0,0,0,0,0,1
LEGACY-INCHIKEY-ZWIDYKFTQKNBSC-UHFFFAOYSA-N,ZWIDYKFTQKNBSC-UHFFFAOYSA-N,formolecular/novo_horizonte/banco_mestre_unificado.csv,MASTER_UNIFIED,ZWIDYKFTQKNBSC-UHFFFAOYSA-N,0,0,0,0,0,1
LEGACY-INCHIKEY-ZWNQSAWUDBACIY-UHFFFAOYSA-N,ZWNQSAWUDBACIY-UHFFFAOYSA-N,formolecular/novo_horizonte/banco_mestre_unificado.csv,MASTER_UNIFIED,ZWNQSAWUDBACIY-UHFFFAOYSA-N,0,0,0,0,0,1
LEGACY-INCHIKEY-ZWOVDMLJPUFPTJ-UHFFFAOYSA-N,ZWOVDMLJPUFPTJ-UHFFFAOYSA-N,formolecular/novo_horizonte/banco_mestre_unificado.csv,MASTER_UNIFIED,ZWOVDMLJPUFPTJ-UHFFFAOYSA-N,0,0,0,0,0,1
LEGACY-INCHIKEY-ZWUMJNIAGCGLAL-UHFFFAOYSA-N,ZWUMJNIAGCGLAL-UHFFFAOYSA-N,formolecular/novo_horizonte/banco_mestre_unificado.csv,MASTER_UNIFIED,ZWUMJNIAGCGLAL-UHFFFAOYSA-N,0,0,0,0,0,1
LEGACY-INCHIKEY-ZXAAKZLKMHGZPE-UHFFFAOYSA-N,ZXAAKZLKMHGZPE-UHFFFAOYSA-N,formolecular/novo_horizonte/banco_mestre_unificado.csv,MASTER_UNIFIED,ZXAAKZLKMHGZPE-UHFFFAOYSA-N,0,0,0,0,0,1
LEGACY-INCHIKEY-ZXALMQTUAPUSFB-UHFFFAOYSA-N,ZXALMQTUAPUSFB-UHFFFAOYSA-N,formolecular/novo_horizonte/banco_mestre_unificado.csv,MASTER_UNIFIED,ZXALMQTUAPUSFB-UHFFFAOYSA-N,0,0,0,0,0,1
LEGACY-INCHIKEY-ZXBQFKIHFUCYSW-UHFFFAOYSA-N,ZXBQFKIHFUCYSW-UHFFFAOYSA-N,formolecular/novo_horizonte/banco_mestre_unificado.csv,MASTER_UNIFIED,ZXBQFKIHFUCYSW-UHFFFAOYSA-N,0,0,0,0,0,1
LEGACY-INCHIKEY-ZXDVHSVUHJRUAL-UHFFFAOYSA-N,ZXDVHSVUHJRUAL-UHFFFAOYSA-N,formolecular/novo_horizonte/banco_mestre_unificado.csv,MASTER_UNIFIED,ZXDVHSVUHJRUAL-UHFFFAOYSA-N,0,0,0,0,0,1
LEGACY-INCHIKEY-ZXIBUSSAQGJREJ-UHFFFAOYSA-N,ZXIBUSSAQGJREJ-UHFFFAOYSA-N,formolecular/novo_horizonte/banco_mestre_unificado.csv,MASTER_UNIFIED,ZXIBUSSAQGJREJ-UHFFFAOYSA-N,0,0,0,0,0,1
LEGACY-INCHIKEY-ZXLDCYRNUISZCD-UHFFFAOYSA-N,ZXLDCYRNUISZCD-UHFFFAOYSA-N,formolecular/csv_elite_farma/RANKING_FARMACOS_ELITE_ADMET.csv,FARMA_ELITE,ZXLDCYRNUISZCD-UHFFFAOYSA-N,0,1,0,0,0,0
LEGACY-INCHIKEY-ZXLGLNNAICLIHB-UHFFFAOYSA-N,ZXLGLNNAICLIHB-UHFFFAOYSA-N,formolecular/novo_horizonte/banco_mestre_unificado.csv,MASTER_UNIFIED,ZXLGLNNAICLIHB-UHFFFAOYSA-N,0,0,0,0,0,1
LEGACY-INCHIKEY-ZXLOUCAMQVHTCC-UHFFFAOYSA-N,ZXLOUCAMQVHTCC-UHFFFAOYSA-N,formolecular/novo_horizonte/banco_mestre_unificado.csv,MASTER_UNIFIED,ZXLOUCAMQVHTCC-UHFFFAOYSA-N,0,0,0,0,0,1
LEGACY-INCHIKEY-ZXLSNKKWLIBSQI-UHFFFAOYSA-N,ZXLSNKKWLIBSQI-UHFFFAOYSA-N,formolecular/novo_horizonte/banco_mestre_unificado.csv,MASTER_UNIFIED,ZXLSNKKWLIBSQI-UHFFFAOYSA-N,0,0,0,0,0,1
LEGACY-INCHIKEY-ZXSUFGVVTXRDPB-UHFFFAOYSA-N,ZXSUFGVVTXRDPB-UHFFFAOYSA-N,formolecular/novo_horizonte/banco_mestre_unificado.csv,MASTER_UNIFIED,ZXSUFGVVTXRDPB-UHFFFAOYSA-N,0,0,0,0,0,1
LEGACY-INCHIKEY-ZXWCGUXFOKGNOC-UHFFFAOYSA-N,ZXWCGUXFOKGNOC-UHFFFAOYSA-N,formolecular/novo_horizonte/banco_mestre_unificado.csv,MASTER_UNIFIED,ZXWCGUXFOKGNOC-UHFFFAOYSA-N,0,0,0,0,0,1
LEGACY-INCHIKEY-ZXZJHUCOGARQEJ-UHFFFAOYSA-N,ZXZJHUCOGARQEJ-UHFFFAOYSA-N,formolecular/novo_horizonte/banco_mestre_unificado.csv,MASTER_UNIFIED,ZXZJHUCOGARQEJ-UHFFFAOYSA-N,0,0,0,0,0,1
LEGACY-INCHIKEY-ZYFGHXIRSRNSDR-UHFFFAOYSA-N,ZYFGHXIRSRNSDR-UHFFFAOYSA-N,formolecular/novo_horizonte/banco_mestre_unificado.csv,MASTER_UNIFIED,ZYFGHXIRSRNSDR-UHFFFAOYSA-N,0,0,0,0,0,1
LEGACY-INCHIKEY-ZYPVWDXOVBKHAQ-UHFFFAOYSA-N,ZYPVWDXOVBKHAQ-UHFFFAOYSA-N,formolecular/novo_horizonte/banco_mestre_unificado.csv,MASTER_UNIFIED,ZYPVWDXOVBKHAQ-UHFFFAOYSA-N,0,0,0,0,0,1
LEGACY-INCHIKEY-ZYSMJYJJDAGYAB-UHFFFAOYSA-N,ZYSMJYJJDAGYAB-UHFFFAOYSA-N,formolecular/novo_horizonte/banco_mestre_unificado.csv,MASTER_UNIFIED,ZYSMJYJJDAGYAB-UHFFFAOYSA-N,0,0,0,0,0,1
LEGACY-INCHIKEY-ZYSPYJINXNDOAX-UHFFFAOYSA-N,ZYSPYJINXNDOAX-UHFFFAOYSA-N,formolecular/novo_horizonte/banco_mestre_unificado.csv,MASTER_UNIFIED,ZYSPYJINXNDOAX-UHFFFAOYSA-N,0,0,0,0,0,1
LEGACY-INCHIKEY-ZYYNWWKNXYHINT-UHFFFAOYSA-N,ZYYNWWKNXYHINT-UHFFFAOYSA-N,formolecular/novo_horizonte/banco_mestre_unificado.csv,MASTER_UNIFIED,ZYYNWWKNXYHINT-UHFFFAOYSA-N,0,0,0,0,0,1
LEGACY-INCHIKEY-ZZBZRHAZEVSPAQ-UHFFFAOYSA-N,ZZBZRHAZEVSPAQ-UHFFFAOYSA-N,formolecular/novo_horizonte/banco_mestre_unificado.csv,MASTER_UNIFIED,ZZBZRHAZEVSPAQ-UHFFFAOYSA-N,0,0,0,0,0,1
LEGACY-INCHIKEY-ZZHVRCWVRQOUEY-UHFFFAOYSA-N,ZZHVRCWVRQOUEY-UHFFFAOYSA-N,formolecular/novo_horizonte/banco_mestre_unificado.csv,MASTER_UNIFIED,ZZHVRCWVRQOUEY-UHFFFAOYSA-N,0,0,0,0,0,1
LEGACY-INCHIKEY-ZZHWYAPMYCQFED-UHFFFAOYSA-N,ZZHWYAPMYCQFED-UHFFFAOYSA-N,formolecular/novo_horizonte/banco_mestre_unificado.csv,MASTER_UNIFIED,ZZHWYAPMYCQFED-UHFFFAOYSA-N,0,0,0,0,0,1
LEGACY-INCHIKEY-ZZIFYDDBJSGXTJ-UHFFFAOYSA-N,ZZIFYDDBJSGXTJ-UHFFFAOYSA-N,formolecular/novo_horizonte/banco_mestre_unificado.csv,MASTER_UNIFIED,ZZIFYDDBJSGXTJ-UHFFFAOYSA-N,0,0,0,0,0,1
LEGACY-INCHIKEY-ZZJDVJGTJMALKD-UHFFFAOYSA-N,ZZJDVJGTJMALKD-UHFFFAOYSA-N,formolecular/novo_horizonte/banco_mestre_unificado.csv,MASTER_UNIFIED,ZZJDVJGTJMALKD-UHFFFAOYSA-N,0,0,0,0,0,1
LEGACY-INCHIKEY-ZZKAZTDITPLONA-UHFFFAOYSA-N,ZZKAZTDITPLONA-UHFFFAOYSA-N,formolecular/novo_horizonte/banco_mestre_unificado.csv,MASTER_UNIFIED,ZZKAZTDITPLONA-UHFFFAOYSA-N,0,0,0,0,0,1
LEGACY-INCHIKEY-ZZQBYINRCDEMJS-UHFFFAOYSA-N,ZZQBYINRCDEMJS-UHFFFAOYSA-N,formolecular/novo_horizonte/banco_mestre_unificado.csv,MASTER_UNIFIED,ZZQBYINRCDEMJS-UHFFFAOYSA-N,0,0,0,0,0,1
LEGACY-INCHIKEY-ZZUSXFIXCKOMIU-UHFFFAOYSA-N,ZZUSXFIXCKOMIU-UHFFFAOYSA-N,formolecular/novo_horizonte/banco_mestre_unificado.csv,MASTER_UNIFIED,ZZUSXFIXCKOMIU-UHFFFAOYSA-N,0,0,0,0,0,1
