ID_Mestre,SMILES,4EY7_Eficacia,5W8K_Risco_ML,Indice_Seletividade,Fitness_Score,Origem_Historica
MOL_H_00001,CCc1c(C2CCC(C)C2C(N)=O)nc(C(N)=O)c(F)c1C(F)(F)F,-8.208,-4.705998000000001,3.502001999999999,-4.9138014,Gen 111 (Human)
MOL_H_00002,Cc1c(C2CCC(C)C2C(N)=O)nc(C2C(C)CCC2C(N)=O)c(F)c1C,-8.339,-4.927405000000001,3.411595,-4.8898165,Gen 128 (Human)
MOL_H_00003,Cc1c(C2CCC(C)C2C(N)=O)nc(C2C(C)CCC2C(N)=O)c(Cl)c1C,-8.408,-5.140320000000002,3.2676799999999977,-4.809775999999999,Gen 129 (Human)
MOL_H_00004,Cc1nc(C2CCC(C)C2C(N)=O)c(C)c(C(N)=O)c1F,-7.771,-4.232478,3.5385219999999995,-4.8082654,Gen 138 (Human)
MOL_H_00005,Cc1c(C2CCC(C)C2C(N)=O)nc(C(N)=O)c(F)c1C,-7.757,-4.232478,3.524522,-4.7942654,Gen 127 (Human)
MOL_H_00006,CCc1nc(C2CCC(C)C2C(N)=O)c(C)c(C(N)=O)c1F,-7.83,-4.349425000000001,3.480574999999999,-4.7854025,Gen 136 (Human)
MOL_H_00007,Cc1c(C(N)=O)nc(C(F)(F)F)c(F)c1C1CCC(C)C1C(N)=O,-7.996,-4.589051000000001,3.406948999999999,-4.7836643,Gen 110 (Human)
MOL_H_00008,Cc1c(C2CCC(C)C2C(N)=O)nc(CC(C)C)c(F)c1C(N)=O,-8.01,-4.6281680000000005,3.381832,-4.770282399999999,Gen 138 (Human)
MOL_H_00009,Cc1nc(C2CCC(C)C2C(N)=O)c(C)c(C2C(C)CCC2C(N)=O)c1F,-8.196,-4.927405000000001,3.2685949999999986,-4.7468165,Gen 176 (Human)
MOL_H_00010,Cc1c(C2CCC(C)C2C(N)=O)nc(C2CCC(C)C2C(N)=O)c(F)c1C,-8.194,-4.927405000000001,3.266595,-4.744816500000001,Gen 138 (Human)
MOL_H_00011,CC(C)c1c(C2CCC(C)C2C(N)=O)nc(C(N)=O)c(F)c1C(F)(F)F,-8.184,-4.930402000000001,3.2535979999999984,-4.732718599999998,Gen 110 (Human)
MOL_H_00012,Cc1c(C(N)=O)nc(C2C(C)CCC2C(N)=O)c(F)c1C,-7.662,-4.232478,3.4295219999999995,-4.6992654,Gen 128 (Human)
MOL_H_00013,CCc1nc(C2C(C)CCC2C(N)=O)c(F)c(C(N)=O)c1C,-7.74,-4.349425000000001,3.3905749999999992,-4.6954025,Gen 137 (Human)
MOL_H_00014,Cc1c(C(F)(F)F)nc(C2CCC(C)C2C(N)=O)c(F)c1C(N)=O,-7.895,-4.589051000000001,3.3059489999999983,-4.682664299999999,Gen 109 (Human)
MOL_H_00015,Cc1nc(C(N)=O)c(F)c(C(F)(F)F)c1C1C(C)CCC1C(N)=O,-7.892,-4.589051000000001,3.302948999999999,-4.6796643,Gen 97 (Human)
MOL_H_00016,Cc1c(C2C(C)CCC2C(N)=O)nc(C2C(C)CCC2C(N)=O)c(Cl)c1C,-8.271,-5.140320000000002,3.130679999999999,-4.672776,Gen 144 (Human)
MOL_H_00017,Cc1nc(C(N)=O)c(F)c(C(F)(F)F)c1C1CCC(C)C1C(N)=O,-7.876,-4.589051000000001,3.286948999999999,-4.6636643,Gen 97 (Human)
MOL_H_00018,Cc1c(F)c(C(N)=O)nc(C2CCC(C)C2C(N)=O)c1CC(C)C,-7.886,-4.628168000000001,3.2578319999999987,-4.646282399999999,Gen 128 (Human)
MOL_H_00019,Cc1nc(C2CCC(C)C2C(N)=O)c(C)c(C(N)=O)c1Cl,-7.741,-4.445393,3.2956069999999995,-4.6292249,Gen 138 (Human)
MOL_H_00020,Cc1c(C2C(C)CCC2C(N)=O)nc(C(N)=O)c(Cl)c1C,-7.727,-4.445393,3.281607,-4.6152249,Gen 144 (Human)
MOL_H_00021,CCc1c(C)c(C2CCC(C)C2C(N)=O)nc(C(N)=O)c1F,-7.652,-4.349425000000001,3.302574999999999,-4.607402499999999,Gen 126 (Human)
MOL_H_00022,Cc1c(C(N)=O)nc(C2C(C)CCC2C(N)=O)c(F)c1C(F)(F)F,-7.819,-4.589051000000001,3.229948999999998,-4.606664299999999,Gen 111 (Human)
MOL_H_00023,Cc1c(C(N)=O)nc(C(N)=O)c(F)c1C(F)(F)F,-7.328,-3.894124,3.433876,-4.6021132,Gen 108 (Human)
MOL_H_00024,CCC(C)Cc1c(C2CCC(C)C2C(N)=O)nc(C(N)=O)c(F)c1C(F)(F)F,-8.182,-5.149330000000001,3.0326699999999995,-4.577469000000001,Gen 133 (Human)
MOL_H_00025,Cc1nc(C2CCC(C)C2C(N)=O)c(C)c(C2CCC(C)C2C(N)=O)c1F,-8.019,-4.927405000000001,3.091594999999999,-4.5698165,Gen 183 (Human)
MOL_H_00026,Cc1c(C2C(C)CCC2C(N)=O)nc(C(N)=O)c(F)c1C,-7.529,-4.232478,3.2965219999999995,-4.5662654,Gen 138 (Human)
MOL_H_00027,CCc1nc(C2CCC(C)C2C(N)=O)c(C)c(C(N)=O)c1Cl,-7.752,-4.562340000000001,3.189659999999999,-4.558361999999999,Gen 138 (Human)
MOL_H_00028,Cc1nc(-c2nc(C(N)=O)c(F)c(C)c2C)c(F)c(C(F)(F)F)c1C(F)(F)F,-8.7,-5.989172,2.710828,-4.5075796,Gen 134 (Human)
MOL_H_00029,Cc1c(C2CCC(C)C2C(N)=O)nc(C(N)=O)c(F)c1C(F)(F)F,-7.719,-4.589051000000001,3.129948999999999,-4.5066643,Gen 109 (Human)
MOL_H_00030,Cc1c(C(N)=O)nc(C(N)=O)c(F)c1C1C(C)CCC1C(F)(F)F,-7.753,-4.644036000000001,3.1089639999999994,-4.5021748,Gen 109 (Human)
MOL_H_00031,CCc1nc(C2C(C)CCC2C(N)=O)c(C)c(C(N)=O)c1F,-7.546,-4.349425,3.196575,-4.5014025,Gen 137 (Human)
MOL_H_00032,Cc1c(C2C(C)CCC2C(N)=O)nc(C2C(C)CCC2C(N)=O)c(F)c1C,-7.947,-4.927405000000001,3.019594999999999,-4.497816499999999,Gen 139 (Human)
MOL_H_00033,CCc1c(C2CCC(C)C2C(N)=O)nc(C(N)=O)c(F)c1C,-7.541,-4.349425000000001,3.1915749999999994,-4.4964025,Gen 128 (Human)
MOL_H_00034,Cc1c(C2CCC(C)C2C(N)=O)nc(CC(C)C)c(Cl)c1C(N)=O,-7.868,-4.841083000000001,3.026916999999999,-4.4792419,Gen 139 (Human)
MOL_H_00035,CCc1c(C)c(C(N)=O)nc(C2C(C)CCC2C(N)=O)c1F,-7.519,-4.349425000000001,3.169574999999999,-4.4744025,Gen 122 (Human)
MOL_H_00036,CCc1c(C(N)=O)nc(C(N)=O)c(F)c1C(F)(F)F,-7.272,-4.011071,3.260929,-4.4642503,Gen 107 (Human)
MOL_H_00037,Cc1c(C2C(C)CCC2C(F)(F)F)nc(C2CCC(C)C2C(N)=O)c(F)c1C,-8.545,-5.833569000000002,2.711430999999997,-4.461501699999999,Gen 133 (Human)
MOL_H_00038,Cc1c(C2C(C)CCC2C(N)=O)nc(C(N)=O)c(F)c1C(F)(F)F,-7.673,-4.589051000000001,3.0839489999999987,-4.4606643,Gen 109 (Human)
MOL_H_00039,CCC(C)c1c(C2CCC(C)C2C(N)=O)nc(C2C(C)CCC2C(N)=O)c(F)c1C,-8.263,-5.433345000000002,2.829654999999998,-4.459658499999999,Gen 169 (Human)
MOL_H_00040,Cc1nc(C2C(C)CCC2C(N)=O)c(F)c(C(N)=O)c1C,-7.42,-4.232478,3.1875219999999995,-4.4572654,Gen 138 (Human)
MOL_H_00041,CCC(C)c1c(C2CCC(C)C2C(N)=O)nc(C(N)=O)c(F)c1C(F)(F)F,-8.021,-5.094991000000001,2.926009,-4.4545063,Gen 112 (Human)
MOL_H_00042,Cc1nc(C2C(C)CCC2C(N)=O)c(F)c(C(F)(F)F)c1C(N)=O,-7.66,-4.589051000000001,3.070948999999999,-4.4476643,Gen 100 (Human)
MOL_H_00043,Cc1c(C(N)=O)nc(C2CCC(C)C2C(N)=O)c(F)c1CC(C)C,-7.67,-4.628168000000001,3.0418319999999985,-4.430282399999999,Gen 153 (Human)
MOL_H_00044,Cc1nc(C2C(C)CCC2C(N)=O)c(Cl)c(C(N)=O)c1C,-7.54,-4.445393,3.094607,-4.4282249,Gen 138 (Human)
MOL_H_00045,Cc1c(C2CCC(C)C2C(N)=O)nc(C(N)=O)c(Cl)c1C(F)(F)F,-7.782,-4.801966,2.980034,-4.4206238,Gen 110 (Human)
MOL_H_00046,CCc1c(F)c(C2C(C)CCC2C(N)=O)nc(C)c1C(N)=O,-7.458,-4.349425000000001,3.108574999999999,-4.4134025,Gen 122 (Human)
MOL_H_00047,NC(=O)c1nc(C(N)=O)c(C(F)(F)F)c(C(F)(F)F)c1F,-7.381,-4.250697000000001,3.130303,-4.4055121,Gen 102 (Human)
MOL_H_00048,Cc1c(C(N)=O)nc(C2C(C)CCC2C(N)=O)c(Cl)c1C,-7.509,-4.445393,3.063607,-4.3972249,Gen 130 (Human)
MOL_H_00049,NC(=O)c1nc(C(F)(F)F)c(F)c(C(F)(F)F)c1C(N)=O,-7.368,-4.250697000000001,3.117303,-4.3925121,Gen 104 (Human)
MOL_H_00050,COc1c(C(N)=O)c(C)nc(C2CCC(C)C2C(=O)CC(C)C)c1C(F)(F)F,-8.201,-5.445469000000003,2.7555309999999977,-4.389171699999999,Gen 5 (Human)
MOL_H_00051,Cc1nc(C2C(C)CCC2C(N)=O)c(F)c(C(N)=O)c1C(F)(F)F,-7.588,-4.589051,2.998949,-4.3756643,Gen 100 (Human)
MOL_H_00052,Cc1nc(-c2nc(C3CCC(C)C3C(N)=O)c(C)c(C)c2F)c(C)c(C(F)(F)F)c1F,-8.946,-6.3275260000000015,2.618473999999998,-4.359154396619997,Gen 163 (Human)
MOL_H_00053,Cc1c(F)c(C(N)=O)nc(C2CCC(C)C2C(N)=O)c1C(C)C,-7.553,-4.573829000000001,2.979170999999999,-4.3513197,Gen 130 (Human)
MOL_H_00054,Cc1c(C(F)(F)F)nc(C(N)=O)c(F)c1C1C(C)CCC1C(N)=O,-7.562,-4.589051000000001,2.972948999999999,-4.3496643,Gen 109 (Human)
MOL_H_00055,Cc1nc(C(N)=O)c(F)c(C(F)(F)F)c1C(N)=O,-7.068,-3.894124,3.1738759999999995,-4.3421132,Gen 102 (Human)
MOL_H_00056,Cc1nc(C2CCC(C)C2C(N)=O)c(F)c(C(N)=O)c1C(F)(F)F,-7.551,-4.589051,2.961949,-4.3386643,Gen 102 (Human)
MOL_H_00057,CCc1nc(C(N)=O)c(F)c(C(F)(F)F)c1C1CCC(C)C1C(N)=O,-7.629,-4.705998000000001,2.9230019999999985,-4.334801399999999,Gen 98 (Human)
MOL_H_00058,CC(C)Cc1nc(C(N)=O)c(F)c(C(F)(F)F)c1C1C(C)CCC1C(N)=O,-7.824,-4.9847410000000005,2.839259,-4.3346813,Gen 99 (Human)
MOL_H_00059,CCc1c(C(N)=O)nc(C2C(C)CCC2C(N)=O)c(F)c1C(F)(F)F,-7.628,-4.705998,2.922002,-4.3338014000000005,Gen 114 (Human)
MOL_H_00060,NC(=O)c1nc(C(F)(F)F)c(C(N)=O)c(C(F)(F)F)c1F,-7.307,-4.250697000000001,3.056303,-4.3315121,Gen 101 (Human)
MOL_H_00061,Cc1nc(-c2nc(C(C)C)c(C)c(C)c2F)c(C)c(C2C(C)CCC2C(N)=O)c1F,-8.876,-6.312304000000001,2.5636959999999984,-4.325674257919999,Gen 163 (Human)
MOL_H_00062,CC(C)c1c(C(N)=O)nc(C(N)=O)c(F)c1C1C(C)CCC1C(F)(F)F,-7.814,-4.985387000000002,2.828612999999998,-4.324229099999998,Gen 113 (Human)
MOL_H_00063,Cc1c(C2C(C)CCC2C(F)(F)F)nc(C(N)=O)c(F)c1C(N)=O,-7.574,-4.644036000000001,2.929963999999999,-4.323174799999999,Gen 109 (Human)
MOL_H_00064,Cc1nc(C(F)(F)F)c(F)c(C(F)(F)F)c1-c1nc(C(N)=O)c(F)c(C)c1C,-8.514,-5.989172000000001,2.5248279999999985,-4.321579599999999,Gen 135 (Human)
MOL_H_00065,Cc1nc(C(N)=O)c(F)c(C(N)=O)c1C1C(C)CCC1C(F)(F)F,-7.572,-4.644036000000001,2.927964,-4.3211748,Gen 104 (Human)
MOL_H_00066,CCc1c(C2CCC(C)C2C(N)=O)nc(C(N)=O)c(Cl)c1C,-7.506,-4.562340000000001,2.9436599999999995,-4.312362,Gen 131 (Human)
MOL_H_00067,Cc1c(C(N)=O)nc(C2C(C)CCC2C(F)(F)F)c(F)c1C(N)=O,-7.562,-4.644036000000001,2.917964,-4.3111748,Gen 109 (Human)
MOL_H_00068,Cc1c(C2CCC(C)C2C(N)=O)nc(C(F)(F)F)c(F)c1C(N)=O,-7.519,-4.589051000000001,2.929948999999999,-4.3066643,Gen 109 (Human)
MOL_H_00069,Cc1nc(C(N)=O)c(F)c(C2C(C)CCC2C(N)=O)c1C(F)(F)F,-7.517,-4.589051000000001,2.927948999999999,-4.3046643,Gen 104 (Human)
MOL_H_00070,CC(C)c1nc(C(N)=O)c(F)c(C(F)(F)F)c1C1CCC(C)C1C(N)=O,-7.752,-4.930402000000001,2.821597999999999,-4.3007186,Gen 98 (Human)
MOL_H_00071,CCC1C(C)CCC1c1nc(C(N)=O)c(C)c(C(N)=O)c1F,-7.453,-4.510845000000001,2.942155,-4.295408500000001,Gen 127 (Human)
MOL_H_00072,CC(C)Cc1c(C2CCC(C)C2C(N)=O)nc(C(N)=O)c(F)c1C(F)(F)F,-7.783,-4.9847410000000005,2.798259,-4.2936813,Gen 112 (Human)
MOL_H_00073,Cc1c(C(N)=O)nc(C2C(C)CCC2C(N)=O)c(F)c1CC(C)C,-7.529,-4.628168000000001,2.9008319999999985,-4.289282399999999,Gen 145 (Human)
MOL_H_00074,Cc1c(C(F)(F)F)nc(C(N)=O)c(F)c1C1CCC(C)C1C(N)=O,-7.498,-4.589051000000001,2.908948999999999,-4.2856643,Gen 109 (Human)
MOL_H_00075,COc1c(C)nc(C(F)(F)F)c(C(F)(F)F)c1C(N)=O,-7.567,-4.69601,2.87099,-4.279793,Gen 36 (Human)
MOL_H_00076,Cc1nc(-c2nc(C(N)=O)c(C)c(C)c2F)c(F)c(C(F)(F)F)c1C(F)(F)F,-8.465,-5.989172,2.475828,-4.2725796,Gen 134 (Human)
MOL_H_00077,CCc1nc(C2CCC(C)C2C(N)=O)c(F)c(C(N)=O)c1C,-7.315,-4.349425000000001,2.9655749999999994,-4.270402499999999,Gen 127 (Human)
MOL_H_00078,Cc1nc(C2CCC(C)C2C(C)C)c(F)c(C(N)=O)c1C(N)=O,-7.501,-4.624999000000001,2.876001,-4.2635007,Gen 121 (Human)
MOL_H_00079,CCc1c(C)c(C(N)=O)nc(C2C(C)CCC2C(N)=O)c1Cl,-7.457,-4.562340000000001,2.894659999999999,-4.263361999999999,Gen 135 (Human)
MOL_H_00080,Cc1c(C2C(C)CCC2C(N)=O)nc(C(F)(F)F)c(F)c1C(N)=O,-7.47,-4.589051000000001,2.8809489999999984,-4.257664299999999,Gen 109 (Human)
MOL_H_00081,Cc1nc(C(N)=O)c(C(N)=O)c(C(F)(F)F)c1C(F)(F)F,-7.263,-4.302033000000001,2.9609669999999992,-4.2515769,Gen 101 (Human)
MOL_H_00082,Cc1nc(C(F)(F)F)c(F)c(C(F)(F)F)c1-c1nc(C(N)=O)c(Cl)c(C)c1C,-8.606,-6.202087000000001,2.403913,-4.250973822154999,Gen 135 (Human)
MOL_H_00083,Cc1nc(C(N)=O)c(C(F)(F)F)c(C(F)(F)F)c1C(N)=O,-7.261,-4.302033000000001,2.9589669999999995,-4.249576899999999,Gen 98 (Human)
MOL_H_00084,Cc1c(C2CCC(C)C2C(C)C)nc(C(N)=O)c(F)c1C(N)=O,-7.483,-4.624999000000001,2.858000999999999,-4.245500699999999,Gen 158 (Human)
MOL_H_00085,CC(C)Cc1c(C(N)=O)nc(C(N)=O)c(F)c1C(F)(F)F,-7.246,-4.289814000000001,2.956186,-4.2431302,Gen 108 (Human)
MOL_H_00086,Cc1c(C2CCC(C)C2C(N)=O)nc(C(C)C)c(F)c1C(N)=O,-7.443,-4.573829000000001,2.869170999999999,-4.241319699999999,Gen 139 (Human)
MOL_H_00087,CCCc1c(C2CCC(C)C2C(N)=O)nc(C(N)=O)c(F)c1C,-7.401,-4.514014,2.8869859999999994,-4.2411902,Gen 128 (Human)
MOL_H_00088,CCc1nc(-c2nc(C3CCC(C)C3C(N)=O)c(C)c(C)c2F)c(C)c(C)c1F,-8.502,-6.087900000000001,2.4140999999999995,-4.24047,Gen 131 (Human)
MOL_H_00089,Cc1nc(C2C(C)CCC2C(N)=O)c(Cl)c(C(F)(F)F)c1C(N)=O,-7.601,-4.801966000000001,2.799033999999999,-4.2396238,Gen 101 (Human)
MOL_H_00090,CCc1c(C)nc(C2CCC(C)C2C(N)=O)c(F)c1C(N)=O,-7.283,-4.349425000000001,2.933575,-4.238402499999999,Gen 122 (Human)
MOL_H_00091,CCc1c(C2CCC(C)C2C(N)=O)nc(C2CCC(C)C2C(N)=O)c(F)c1C,-7.762,-5.044352000000002,2.717647999999998,-4.230953599999999,Gen 141 (Human)
MOL_H_00092,CCC1C(C)CCC1c1nc(C(N)=O)c(F)c(C(N)=O)c1C,-7.388,-4.510845000000001,2.8771549999999992,-4.230408499999999,Gen 128 (Human)
MOL_H_00093,CCc1c(C)c(C(N)=O)nc(C2CCC(C)C2C(N)=O)c1F,-7.273,-4.349425000000001,2.9235749999999987,-4.2284025,Gen 126 (Human)
MOL_H_00094,COc1c(F)c(C2CCC(C)C2C(N)=O)nc(C)c1C(=O)CC(C)C,-7.753,-5.037560000000002,2.7154399999999983,-4.226707999999999,Gen 27 (Human)
MOL_H_00095,Cc1c(F)c(C2C(C)CCC2C(N)=O)nc(C2CCC(C)C2C(N)=O)c1C(C)C,-7.913,-5.2687560000000015,2.6442439999999987,-4.2248708,Gen 132 (Human)
MOL_H_00096,Cc1c(F)c(C(N)=O)nc(C(N)=O)c1C1C(C)CCC1C(F)(F)F,-7.467,-4.644036000000001,2.822963999999999,-4.216174799999999,Gen 129 (Human)
MOL_H_00097,Cc1nc(C2C(C)CCC2C(N)=O)c(C)c(C2C(C)CCC2C(N)=O)c1F,-7.665,-4.927405000000001,2.737594999999999,-4.215816499999999,Gen 176 (Human)
MOL_H_00098,CCCc1c(C(N)=O)nc(C2C(C)CCC2C(N)=O)c(F)c1C(F)(F)F,-7.623,-4.870587000000001,2.752412999999999,-4.2135891,Gen 114 (Human)
MOL_H_00099,Cc1nc(C(=O)CC(C)C)c(F)c(C(F)(F)F)c1C1CCC(C)C1C(N)=O,-8.058,-5.4947620000000015,2.5632379999999984,-4.211666599999999,Gen 22 (Human)
MOL_H_00100,CCc1nc(C2C(C)CCC2C(N)=O)c(F)c(C(N)=O)c1C(F)(F)F,-7.502,-4.705998,2.796002,-4.207801399999999,Gen 101 (Human)
MOL_H_00101,CCc1nc(C(N)=O)c(F)c(C(F)(F)F)c1C1C(C)CCC1C(N)=O,-7.498,-4.705998000000001,2.792001999999999,-4.2038014,Gen 97 (Human)
MOL_H_00102,CC(C)c1c(C(N)=O)nc(C2C(C)CCC2C(N)=O)c(F)c1C(F)(F)F,-7.651,-4.930402000000001,2.720597999999999,-4.199718599999999,Gen 116 (Human)
MOL_H_00103,Cc1nc(C(N)=O)c(F)c(C2CCC(C)C2C(N)=O)c1C(F)(F)F,-7.408,-4.589051000000001,2.818948999999999,-4.1956643,Gen 102 (Human)
MOL_H_00104,Cc1c(C2CCC(C)C2C(N)=O)nc(C(C)C)c(Cl)c1C1C(C)CCC1C(N)=O,-8.019,-5.481671000000002,2.537328999999998,-4.181830299999999,Gen 181 (Human)
MOL_H_00105,CC(C)Cc1nc(C(N)=O)c(F)c(C(F)(F)F)c1C1CCC(C)C1C(N)=O,-7.667,-4.9847410000000005,2.682259,-4.1776813,Gen 106 (Human)
MOL_H_00106,Cc1c(-c2nc(C(F)(F)F)c(F)c(C(F)(F)F)c2C)nc(C(N)=O)c(F)c1C,-8.362,-5.989172000000001,2.372828,-4.1695796,Gen 155 (Human)
MOL_H_00107,Cc1c(F)c(C(F)(F)F)nc(C(N)=O)c1C1C(C)CCC1C(N)=O,-7.378,-4.589051000000001,2.788948999999999,-4.1656643,Gen 129 (Human)
MOL_H_00108,Cc1nc(C(N)=O)c(F)c(C2C(C)CCC2C(F)(F)F)c1C(N)=O,-7.415,-4.644036000000001,2.770964,-4.1641748,Gen 102 (Human)
MOL_H_00109,Cc1c(C2CCC(C)C2C(N)=O)nc(C(C)C)c(F)c1C1C(C)CCC1C(N)=O,-7.848,-5.2687560000000015,2.5792439999999983,-4.159870799999998,Gen 183 (Human)
MOL_H_00110,CCCc1c(C(N)=O)nc(C(N)=O)c(F)c1C(F)(F)F,-7.082,-4.175660000000001,2.90634,-4.159038,Gen 108 (Human)
MOL_H_00111,CCc1nc(C2C(C)CCC2C(N)=O)c(F)c(C(F)(F)F)c1C(N)=O,-7.452,-4.705998,2.746002,-4.1578014,Gen 101 (Human)
MOL_H_00112,CCc1c(C2CCC(C)C2C(N)=O)nc(C2C(C)CCC2C(N)=O)c(F)c1C,-7.687,-5.044352000000002,2.6426479999999986,-4.155953599999999,Gen 129 (Human)
MOL_H_00113,Cc1c(C(N)=O)nc(C(F)(F)F)c(F)c1C1C(C)CCC1C(N)=O,-7.367,-4.589051000000001,2.7779489999999987,-4.154664299999999,Gen 111 (Human)
MOL_H_00114,CCCc1c(C2CCC(C)C2C(N)=O)nc(C(N)=O)c(F)c1C(F)(F)F,-7.564,-4.870587000000001,2.6934129999999987,-4.154589099999999,Gen 111 (Human)
MOL_H_00115,Cc1nc(C(N)=O)c(F)c(C(F)(F)F)c1-c1nc(C(F)(F)F)c(F)c(C)c1C,-8.34,-5.989172,2.350828,-4.1475796,Gen 135 (Human)
MOL_H_00116,Cc1c(F)c(C(N)=O)nc(C2CCC(C)C2C(N)=O)c1C(C)C(C)C,-7.544,-4.852572000000001,2.6914279999999984,-4.147199599999999,Gen 129 (Human)
MOL_H_00117,Cc1nc(-c2nc(C(N)=O)c(Cl)c(C)c2C)c(F)c(C(F)(F)F)c1C(F)(F)F,-8.5,-6.202087000000001,2.2979129999999994,-4.144973822154999,Gen 135 (Human)
MOL_H_00118,CC(C)c1c(C2CCC(C)C2C(N)=O)nc(C(N)=O)c(Cl)c1C(F)(F)F,-7.745,-5.1433170000000015,2.601682999999998,-4.144678099999999,Gen 112 (Human)
MOL_H_00119,CCCc1c(C2CCC(C)C2C(N)=O)nc(C2C(C)CCC2C(N)=O)c(F)c1C,-7.79,-5.208941000000002,2.581058999999998,-4.143741299999999,Gen 129 (Human)
MOL_H_00120,Cc1c(C2C(C)CCC2C(N)=O)nc(C(N)=O)c(F)c1CC(C)C,-7.382,-4.628168000000001,2.7538319999999983,-4.142282399999999,Gen 176 (Human)
MOL_H_00121,CCCc1nc(C2C(C)CCC2C(N)=O)c(F)c(C(F)(F)F)c1C(N)=O,-7.551,-4.870587000000001,2.680412999999999,-4.141589099999999,Gen 104 (Human)
MOL_H_00122,CCc1nc(C2C(C)CCC2C(N)=O)c(Cl)c(C(F)(F)F)c1C(N)=O,-7.582,-4.918913000000001,2.663086999999999,-4.138760899999999,Gen 104 (Human)
MOL_H_00123,Cc1c(C(N)=O)nc(C2CCC(C)C2C(N)=O)c(F)c1C,-7.096,-4.232478,2.863522,-4.1332654,Gen 138 (Human)
MOL_H_00124,Cc1c(C(C)C)nc(C2C(C)CCC2C(N)=O)c(F)c1C(N)=O,-7.33,-4.573829000000001,2.756171,-4.1283197,Gen 154 (Human)
MOL_H_00125,Cc1nc(C(F)(F)F)c(C(F)(F)F)c(C(N)=O)c1C(N)=O,-7.138,-4.302033000000001,2.8359669999999992,-4.1265769,Gen 98 (Human)
MOL_H_00126,CC(C)c1nc(C(N)=O)c(F)c(C(F)(F)F)c1C1C(C)CCC1C(N)=O,-7.577,-4.930402000000001,2.646597999999999,-4.125718599999999,Gen 99 (Human)
MOL_H_00127,Cc1nc(-c2nc(C3CCC(C)C3C(F)(F)F)c(C)c(C)c2F)c(C)c(C(N)=O)c1F,-8.862,-6.382511000000002,2.4794889999999983,-4.123935474394996,Gen 163 (Human)
MOL_H_00128,CCc1c(F)c(C(N)=O)nc(C2CCC(C)C2C(N)=O)c1CC(C)C,-7.441,-4.745115000000001,2.6958849999999988,-4.119419499999999,Gen 129 (Human)
MOL_H_00129,CCc1c(C(F)(F)F)nc(C2CCC(C)C2C(N)=O)c(F)c1C(N)=O,-7.413,-4.705998000000001,2.7070019999999992,-4.1188014,Gen 112 (Human)
MOL_H_00130,CCc1nc(-c2nc(C3CCC(C)C3C(N)=O)c(F)c(C)c2C)c(F)c(C)c1C,-8.38,-6.087900000000001,2.2921,-4.11847,Gen 133 (Human)
MOL_H_00131,Cc1c(-c2nc(C(F)(F)F)c(C)c(C(F)(F)F)c2F)nc(C(N)=O)c(F)c1C,-8.303,-5.989172,2.313828000000001,-4.110579600000001,Gen 137 (Human)
MOL_H_00132,CCc1nc(C(N)=O)c(C(F)(F)F)c(C(F)(F)F)c1C(N)=O,-7.203,-4.41898,2.78402,-4.109714,Gen 101 (Human)
MOL_H_00133,Cc1c(-c2nc(C3C(C)CCC3C(N)=O)c(F)c(C)c2C)nc(C(C)C)c(F)c1C,-8.657,-6.312304000000001,2.344695999999999,-4.106674257919999,Gen 157 (Human)
MOL_H_00134,Cc1c(C2CCC(C)C2C(F)(F)F)nc(C(N)=O)c(F)c1C(N)=O,-7.356,-4.644036000000001,2.711963999999999,-4.1051748,Gen 109 (Human)
MOL_H_00135,CCOc1c(C)nc(C(F)(F)F)c(C(F)(F)F)c1C(N)=O,-7.507,-4.860599,2.646401,-4.1045807,Gen 38 (Human)
MOL_H_00136,Cc1nc(C2C(C)CCC2C(C)C)c(F)c(C(N)=O)c1C(N)=O,-7.342,-4.624999000000001,2.717000999999999,-4.104500699999999,Gen 121 (Human)
MOL_H_00137,CC(C)c1nc(C(N)=O)c(C(N)=O)c(C(F)(F)F)c1F,-7.069,-4.235475,2.833525,-4.1041675,Gen 113 (Human)
MOL_H_00138,CCCc1nc(C2CCC(C)C2C(N)=O)c(C)c(C2C(C)CCC2C(N)=O)c1F,-7.748,-5.208941000000002,2.539058999999998,-4.101741299999999,Gen 181 (Human)
MOL_H_00139,Cc1nc(C(F)(F)F)c(F)c(C(N)=O)c1C1C(C)CCC1C(N)=O,-7.313,-4.589051000000001,2.7239489999999984,-4.100664299999999,Gen 108 (Human)
MOL_H_00140,Cc1c(C(F)(F)F)nc(C2C(C)CCC2C(N)=O)c(F)c1C(N)=O,-7.311,-4.589051000000001,2.7219489999999986,-4.098664299999999,Gen 109 (Human)
MOL_H_00141,Cc1nc(C2CCC(C)C2C(N)=O)c(C)c(-c2nc(CC(C)C)c(C)c(C)c2F)c1F,-8.789,-6.366643000000002,2.422356999999998,-4.097678952754996,Gen 168 (Human)
MOL_H_00142,Cc1c(C(N)=O)nc(C2CCC(C)C2C(F)(F)F)c(F)c1C(F)(F)F,-7.943,-5.495215000000002,2.447784999999998,-4.096349499999999,Gen 114 (Human)
MOL_H_00143,CCc1nc(C2CCC(C)C2C(N)=O)c(C)c(C2C(C)CCC2C(N)=O)c1Cl,-7.771,-5.257267000000001,2.513733,-4.0909131,Gen 181 (Human)
MOL_H_00144,Cc1nc(C(F)(F)F)c(F)c(C2CCC(C)C2C(N)=O)c1C(N)=O,-7.302,-4.589051000000001,2.7129489999999983,-4.089664299999999,Gen 108 (Human)
MOL_H_00145,CCc1c(F)c(C(N)=O)nc(C(N)=O)c1C(F)(F)F,-6.896,-4.011071,2.884929,-4.0882503,Gen 108 (Human)
MOL_H_00146,CC(C)c1c(C(N)=O)nc(C(N)=O)c(F)c1C(F)(F)F,-7.053,-4.235475000000001,2.817524999999999,-4.088167499999999,Gen 108 (Human)
MOL_H_00147,CC(C)Cc1nc(C2CCC(C)C2C(N)=O)c(C(C)C)c(C(N)=O)c1Cl,-7.715,-5.1824340000000015,2.5325659999999983,-4.087296199999999,Gen 139 (Human)
MOL_H_00148,NC(=O)c1nc(C(F)(F)F)c(F)c(C(N)=O)c1C(F)(F)F,-7.061,-4.250697000000001,2.810303,-4.0855121,Gen 102 (Human)
MOL_H_00149,CCc1nc(-c2nc(C3C(C)CCC3C(N)=O)c(C)c(C)c2F)c(C)c(C)c1F,-8.344,-6.087900000000001,2.256099999999998,-4.082469999999999,Gen 133 (Human)
MOL_H_00150,CCC1C(C)CCC1c1nc(C)c(C(N)=O)c(C(N)=O)c1F,-7.237,-4.510845000000001,2.7261549999999994,-4.0794085,Gen 122 (Human)
MOL_H_00151,Cc1nc(C2CCC(C)C2C(F)(F)F)c(F)c(C(N)=O)c1C(N)=O,-7.33,-4.644036000000001,2.685964,-4.0791748,Gen 101 (Human)
MOL_H_00152,Cc1nc(C(N)=O)c(F)c(C(N)=O)c1C1CCC(C)C1C(F)(F)F,-7.33,-4.644036000000001,2.685964,-4.0791748,Gen 104 (Human)
MOL_H_00153,CCCc1c(C2CCC(C)C2C(N)=O)nc(C2CCC(C)C2C(N)=O)c(F)c1C,-7.724,-5.208941000000002,2.515058999999998,-4.0777413,Gen 143 (Human)
MOL_H_00154,CCC1CCC(C)C1c1nc(C(N)=O)c(F)c(C(N)=O)c1C,-7.234,-4.510845000000001,2.723155,-4.076408499999999,Gen 137 (Human)
MOL_H_00155,CCCc1nc(C2CCC(C)C2C(N)=O)c(C)c(C2C(C)CCC2C(N)=O)c1Cl,-7.871,-5.421856000000003,2.4491439999999978,-4.075700799999999,Gen 181 (Human)
MOL_H_00156,Cc1c(C2CCC(C)C2C(N)=O)nc(C2CCC(C)C2C(F)(F)F)c(F)c1C,-8.159,-5.833569000000002,2.3254309999999982,-4.075501699999999,Gen 148 (Human)
MOL_H_00157,Cc1c(C2CCC(C)C2C(N)=O)nc(C(N)=O)c(F)c1C(C)C,-7.277,-4.573829000000001,2.703171,-4.0753197,Gen 127 (Human)
MOL_H_00158,Cc1c(F)c(C(N)=O)nc(C(N)=O)c1C1CCC(C)C1C(F)(F)F,-7.326,-4.644036000000001,2.681963999999999,-4.075174799999999,Gen 129 (Human)
MOL_H_00159,Cc1nc(C(N)=O)c(C)c(C2C(C)CCC2C(N)=O)c1F,-7.035,-4.232478,2.802522,-4.0722654,Gen 174 (Human)
MOL_H_00160,Cc1nc(C2CCC(C)C2C(N)=O)c(Cl)c(C(N)=O)c1C(F)(F)F,-7.433,-4.801966000000001,2.6310339999999988,-4.071623799999999,Gen 103 (Human)
MOL_H_00161,Cc1c(F)c(C(N)=O)nc(C(N)=O)c1C(F)(F)F,-6.797,-3.894124,2.902876,-4.071113199999999,Gen 129 (Human)
MOL_H_00162,CC(C)Cc1nc(C(N)=O)c(F)c(C(F)(F)F)c1C(N)=O,-7.071,-4.289814000000001,2.781185999999999,-4.068130199999999,Gen 129 (Human)
MOL_H_00163,Cc1c(C(N)=O)nc(C(F)(F)F)c(F)c1C(N)=O,-6.794,-3.894124,2.8998759999999995,-4.068113199999999,Gen 110 (Human)
MOL_H_00164,Cc1nc(C(=O)CC(C)C)c(F)c(C(F)(F)F)c1C1C(C)CCC1C(N)=O,-7.913,-5.4947620000000015,2.4182379999999988,-4.0666666,Gen 23 (Human)
MOL_H_00165,Cc1c(CC(C)C)nc(-c2nc(C3C(C)CCC3C(N)=O)c(C)c(C)c2F)c(F)c1C,-8.757,-6.366643000000002,2.390356999999998,-4.065678952754996,Gen 168 (Human)
MOL_H_00166,Cc1nc(C(N)=O)c(F)c(C2CCC(C)C2C(F)(F)F)c1C(N)=O,-7.314,-4.644036000000001,2.669964,-4.0631748,Gen 104 (Human)
MOL_H_00167,Cc1c(C(N)=O)nc(C(N)=O)c(Cl)c1C(F)(F)F,-6.938,-4.107039,2.8309609999999994,-4.063072699999999,Gen 108 (Human)
MOL_H_00168,CCc1c(C(N)=O)nc(C2C(C)CCC2C(N)=O)c(Cl)c1C(F)(F)F,-7.5,-4.918913000000001,2.5810869999999992,-4.0567609,Gen 114 (Human)
MOL_H_00169,NC(=O)c1c(C(F)(F)F)nc(C(F)(F)F)c(F)c1C(N)=O,-7.032,-4.250697000000001,2.7813029999999994,-4.0565121,Gen 104 (Human)
MOL_H_00170,CCc1nc(C)c(F)c(-c2nc(C3CCC(C)C3C(N)=O)c(F)c(C)c2C)c1C,-8.315,-6.087900000000001,2.2270999999999983,-4.053469999999999,Gen 183 (Human)
MOL_H_00171,Cc1c(C(N)=O)nc(C2CCC(C)C2C(N)=O)c(F)c1C(F)(F)F,-7.264,-4.589051000000001,2.674948999999999,-4.0516643,Gen 109 (Human)
MOL_H_00172,CCC1C(C)CCC1c1c(C)c(C(N)=O)nc(C(N)=O)c1F,-7.208,-4.510845000000001,2.6971549999999995,-4.0504085,Gen 128 (Human)
MOL_H_00173,Cc1c(-c2nc(C3CCC(C)C3C(F)(F)F)c(F)c(C)c2C)nc(C(N)=O)c(F)c1C,-8.788,-6.382511000000001,2.405489,-4.049935474394999,Gen 157 (Human)
MOL_H_00174,Cc1c(CC(C)C)nc(-c2nc(C(N)=O)c(C)c(C(F)(F)F)c2F)c(F)c1C,-8.268,-6.028289,2.2397110000000007,-4.048197700000001,Gen 164 (Human)
MOL_H_00175,Cc1c(CC(C)C)nc(C2CCC(C)C2C(N)=O)c(F)c1C(N)=O,-7.282,-4.6281680000000005,2.6538319999999995,-4.0422824,Gen 153 (Human)
MOL_H_00176,CCC(c1nc(C2CCC(C)C2C(N)=O)c(C)c(C(N)=O)c1F)C(C)C,-7.552,-5.0171610000000015,2.534838999999998,-4.039987299999998,Gen 141 (Human)
MOL_H_00177,CCc1nc(C(N)=O)c(F)c(C2CCC(C)C2C(N)=O)c1C,-7.084,-4.349425000000001,2.734574999999998,-4.0394025,Gen 138 (Human)
MOL_H_00178,Cc1nc(-c2nc(C(N)=O)c(F)c(C)c2C)c(C)c(C(F)(F)F)c1F,-7.982,-5.632599,2.3494010000000003,-4.039180700000001,Gen 175 (Human)
MOL_H_00179,Cc1c(-c2nc(C(F)(F)F)c(C)c(C(F)(F)F)c2F)nc(C(N)=O)c(Cl)c1C,-8.394,-6.202087,2.1919130000000004,-4.038973822155001,Gen 132 (Human)
MOL_H_00180,COc1c(C)nc(C2C(C)CCC2C(=O)CC(C)C)c(F)c1C(N)=O,-7.564,-5.037560000000002,2.5264399999999982,-4.037707999999999,Gen 13 (Human)
MOL_H_00181,COc1nc(C(F)(F)F)c(F)c(OC)c1C(N)=O,-6.965,-4.187472,2.777528,-4.0337696,Gen 99 (Human)
MOL_H_00182,CCCc1nc(C2CCC(C)C2C(N)=O)c(C)c(C(N)=O)c1Cl,-7.342,-4.726929000000001,2.6150709999999986,-4.033149699999999,Gen 139 (Human)
MOL_H_00183,CC(C)C(C)c1nc(C(N)=O)c(F)c(C(F)(F)F)c1C1C(C)CCC1C(N)=O,-7.678,-5.209145000000001,2.4688549999999987,-4.031598499999999,Gen 101 (Human)
MOL_H_00184,CC(C)Cc1c(F)c(C(F)(F)F)nc(C(N)=O)c1C(N)=O,-7.033,-4.289814000000001,2.743186,-4.0301302,Gen 169 (Human)
MOL_H_00185,Cc1c(-c2nc(C(C)C)c(C)c(C(F)(F)F)c2F)nc(C(N)=O)c(F)c1C,-8.21,-5.97395,2.2360500000000005,-4.0282350000000005,Gen 155 (Human)
MOL_H_00186,CCc1nc(-c2nc(C3CCC(C)C3C(N)=O)c(C)c(C)c2Cl)c(C)c(C)c1F,-8.552,-6.300815000000001,2.2511849999999987,-4.027703678874999,Gen 166 (Human)
MOL_H_00187,Cc1nc(C(F)(F)F)c(F)c(C(N)=O)c1C1CCC(C)C1C(N)=O,-7.24,-4.589051000000001,2.650948999999999,-4.0276643,Gen 116 (Human)
MOL_H_00188,Cc1c(-c2nc(C(N)=O)c(C)c(C(F)(F)F)c2F)nc(C(F)(F)F)c(F)c1C,-8.219,-5.989172,2.2298279999999995,-4.0265796,Gen 136 (Human)
MOL_H_00189,CCC1CCC(C)C1c1nc(C(N)=O)c(C)c(C(N)=O)c1F,-7.184,-4.510845000000001,2.6731549999999995,-4.0264085000000005,Gen 136 (Human)
MOL_H_00190,Cc1nc(C2C(C)CCC2C(F)(F)F)c(F)c(C(N)=O)c1C(N)=O,-7.277,-4.644036000000001,2.6329639999999994,-4.0261748,Gen 100 (Human)
MOL_H_00191,Cc1c(C2CCC(C)C2C(N)=O)nc(C(F)(F)F)c(F)c1C(F)(F)F,-7.834,-5.4402300000000015,2.393769999999998,-4.025839,Gen 114 (Human)
MOL_H_00192,COc1c(C)nc(C2CCC(C)C2C(N)=O)c(Cl)c1C(=O)CC(C)C,-7.701,-5.250475000000002,2.450524999999998,-4.025667499999999,Gen 63 (Human)
MOL_H_00193,Cc1nc(C2C(C)CCC2C(=O)CC(C)C)c(F)c(C(F)(F)F)c1C(N)=O,-7.872,-5.4947620000000015,2.3772379999999984,-4.025666599999999,Gen 17 (Human)
MOL_H_00194,CCC(C)c1c(C2CCC(C)C2C(N)=O)nc(C2C(C)CCC2C(N)=O)c(Cl)c1C,-7.978,-5.6462600000000025,2.3317399999999973,-4.025617999999998,Gen 167 (Human)
MOL_H_00195,CCc1nc(C(N)=O)c(C(N)=O)c(C(F)(F)F)c1F,-6.833,-4.011071,2.821929,-4.0252503,Gen 106 (Human)
MOL_H_00196,Cc1nc(-c2nc(C(N)=O)c(C)c(C)c2Cl)c(F)c(C(F)(F)F)c1C(F)(F)F,-8.378,-6.202087000000001,2.1759129999999995,-4.022973822155,Gen 135 (Human)
MOL_H_00197,CCc1nc(-c2nc(C(N)=O)c(F)c(C)c2C)c(F)c(C(F)(F)F)c1C,-8.047,-5.749546,2.297454000000001,-4.0223178000000015,Gen 137 (Human)
MOL_H_00198,Cc1nc(C(N)=O)c(F)c(C(F)(F)F)c1-c1nc(C(F)(F)F)c(C)c(C)c1F,-8.213,-5.989172,2.2238279999999992,-4.0205796,Gen 135 (Human)
MOL_H_00199,CCc1nc(C(N)=O)c(F)c(C(N)=O)c1C(F)(F)F,-6.827,-4.011071,2.815929,-4.0192503,Gen 106 (Human)
MOL_H_00200,CCc1nc(-c2c(C)c(C3CCC(C)C3C(N)=O)nc(C)c2F)c(F)c(C)c1C,-8.278,-6.087900000000001,2.1900999999999997,-4.01647,Gen 183 (Human)
MOL_H_00201,CCc1c(C2CCC(C)C2C(N)=O)nc(CC(C)C)c(Cl)c1C(N)=O,-7.484,-4.958030000000002,2.5259699999999983,-4.013378999999999,Gen 142 (Human)
MOL_H_00202,Cc1nc(C(N)=O)c(C(F)(F)F)c(C(N)=O)c1C(F)(F)F,-7.024,-4.302033,2.721967,-4.012576900000001,Gen 98 (Human)
MOL_H_00203,CCc1nc(C2CCC(C)C2C(N)=O)c(Cl)c(C(N)=O)c1C(F)(F)F,-7.453,-4.918913000000001,2.5340869999999995,-4.0097609,Gen 103 (Human)
MOL_H_00204,Cc1nc(C(N)=O)c(Cl)c(C(F)(F)F)c1C1C(C)CCC1C(N)=O,-7.371,-4.801966000000001,2.569034,-4.0096238,Gen 98 (Human)
MOL_H_00205,Cc1c(C(N)=O)nc(C2C(C)CCC2C(N)=O)c(Cl)c1C(F)(F)F,-7.369,-4.801966000000001,2.5670339999999987,-4.007623799999999,Gen 114 (Human)
MOL_H_00206,CCc1c(C)c(C2C(C)CCC2C(N)=O)nc(C(N)=O)c1F,-7.051,-4.349425,2.701575,-4.0064025,Gen 126 (Human)
MOL_H_00207,Cc1c(C(N)=O)nc(C2CCC(C)C2C(F)(F)F)c(F)c1C(N)=O,-7.257,-4.644036000000001,2.612963999999999,-4.006174799999999,Gen 110 (Human)
MOL_H_00208,CCC(C)c1c(C2CCC(C)C2C(N)=O)nc(C2CCC(C)C2C(N)=O)c(F)c1C,-7.807,-5.433345000000002,2.3736549999999985,-4.003658499999999,Gen 182 (Human)
MOL_H_00209,CCC1CCC(C)C1c1c(C)nc(C(N)=O)c(F)c1C(N)=O,-7.156,-4.510845000000001,2.645154999999999,-3.9984085,Gen 122 (Human)
MOL_H_00210,Cc1c(-c2nc(C(N)=O)c(C)c(C(F)(F)F)c2F)nc(CC(C)C)c(F)c1C,-8.218,-6.028289000000001,2.189710999999999,-3.9981977,Gen 140 (Human)
MOL_H_00211,CCc1c(C(F)(F)F)nc(C(N)=O)c(F)c1C(N)=O,-6.8,-4.011071,2.7889289999999995,-3.9922503,Gen 107 (Human)
MOL_H_00212,Cc1nc(C(F)(F)F)c(F)c(C(N)=O)c1C(N)=O,-6.716,-3.894124,2.821876,-3.9901132,Gen 102 (Human)
MOL_H_00213,CCOc1c(C)nc(C2CCC(C)C2C(F)(F)F)c(Cl)c1C(N)=O,-7.78,-5.415517000000001,2.364482999999999,-3.9891381,Gen 16 (Human)
MOL_H_00214,CC(C)C(C)c1c(C2CCC(C)C2C(N)=O)nc(C(N)=O)c(F)c1C(F)(F)F,-7.634,-5.209145000000001,2.424854999999999,-3.9875985,Gen 113 (Human)
MOL_H_00215,CCCc1nc(C(N)=O)c(C(F)(F)F)c(C(F)(F)F)c1C(N)=O,-7.195,-4.583569000000001,2.611431,-3.9865017,Gen 101 (Human)
MOL_H_00216,NC(=O)c1nc(C(F)(F)F)c(C(F)(F)F)c(C(N)=O)c1F,-6.961,-4.250697000000001,2.710303,-3.9855121,Gen 104 (Human)
MOL_H_00217,COc1c(F)c(C2CCC(C)C2C(F)(F)F)nc(C)c1C(N)=O,-7.512,-5.038013,2.473987,-3.9853909,Gen 45 (Human)
MOL_H_00218,Cc1nc(C2CCC(C)C2C(N)=O)c(C)c(C2C(C)CCC2C(N)=O)c1Cl,-7.583,-5.140320000000002,2.4426799999999984,-3.984775999999999,Gen 181 (Human)
MOL_H_00219,Cc1c(-c2nc(C(F)(F)F)c(F)c(C(F)(F)F)c2C)nc(C(N)=O)c(Cl)c1C,-8.335,-6.202087,2.132913000000001,-3.979973822155002,Gen 132 (Human)
MOL_H_00220,Cc1c(C(F)(F)F)nc(C(N)=O)c(F)c1C(N)=O,-6.704,-3.894124,2.809876,-3.9781132,Gen 109 (Human)
MOL_H_00221,Cc1c(-c2nc(C(N)=O)c(C)c(C(F)(F)F)c2F)nc(C(F)(F)F)c(Cl)c1C,-8.329,-6.202087000000001,2.126913,-3.973973822155,Gen 130 (Human)
MOL_H_00222,Cc1c(C(N)=O)nc(C(N)=O)c(F)c1C,-6.45,-3.537551,2.912449,-3.9737143,Gen 142 (Human)
MOL_H_00223,Cc1c(C(N)=O)nc(CC(C)C)c(F)c1C1C(C)CCC1C(N)=O,-7.212,-4.6281680000000005,2.5838319999999992,-3.9722824,Gen 145 (Human)
MOL_H_00224,CCc1c(C)c(C(N)=O)nc(C(N)=O)c1F,-6.53,-3.654498,2.8755020000000004,-3.9718514000000007,Gen 126 (Human)
MOL_H_00225,Cc1c(C(N)=O)nc(C(F)(F)F)c(Cl)c1C1CCC(C)C1C(N)=O,-7.331,-4.801966,2.529034,-3.9696238,Gen 111 (Human)
MOL_H_00226,Cc1c(C(F)(F)F)nc(C(F)(F)F)c(F)c1C1C(C)CCC1C(N)=O,-7.775,-5.4402300000000015,2.334769999999999,-3.966839,Gen 114 (Human)
MOL_H_00227,Cc1nc(C(N)=O)c(F)c(C(N)=O)c1C1C(C)CCC1C(C)C,-7.203,-4.624999000000001,2.5780009999999995,-3.9655007,Gen 121 (Human)
MOL_H_00228,CC(C)c1nc(C(N)=O)c(F)c(C(F)(F)F)c1C(N)=O,-6.93,-4.235475000000001,2.6945249999999987,-3.9651674999999993,Gen 105 (Human)
MOL_H_00229,NC(=O)c1nc(C(F)(F)F)c(C(F)(F)F)c(C(F)(F)F)c1F,-7.536,-5.101876,2.434124,-3.9646868,Gen 104 (Human)
MOL_H_00230,CCCc1c(C2CCC(C)C2C(N)=O)nc(CC(C)C)c(F)c1C(N)=O,-7.401,-4.9097040000000005,2.491296,-3.9642072,Gen 139 (Human)
MOL_H_00231,Cc1c(C(N)=O)nc(C(N)=O)c(F)c1C1CCC(C)C1C(C)C,-7.198,-4.624999000000001,2.573001,-3.9605007,Gen 121 (Human)
MOL_H_00232,CCc1nc(-c2nc(C3C(C)CCC3C(N)=O)c(F)c(C)c2C)c(C)c(C)c1Cl,-8.484,-6.300815000000002,2.183184999999998,-3.959703678874997,Gen 180 (Human)
MOL_H_00233,Cc1c(CC(C)C)nc(C(N)=O)c(F)c1C1CCC(C)C1C(N)=O,-7.198,-4.6281680000000005,2.569832,-3.9582824,Gen 153 (Human)
MOL_H_00234,Cc1nc(C2C(C)CCC2C(N)=O)c(C)c(C2CCC(C)C2C(N)=O)c1F,-7.405,-4.927405000000001,2.477594999999999,-3.9558165,Gen 183 (Human)
MOL_H_00235,CCCc1nc(C(N)=O)c(F)c(C(F)(F)F)c1C1CCC(C)C1C(N)=O,-7.365,-4.870587,2.494413,-3.9555891,Gen 103 (Human)
MOL_H_00236,Cc1c(C2CCC(C)C2C(N)=O)nc(C(N)=O)c(F)c1CC(C)C,-7.19,-4.628168000000001,2.561831999999999,-3.9502824,Gen 153 (Human)
MOL_H_00237,CCCc1c(C)c(C2CCC(C)C2C(N)=O)nc(C(N)=O)c1F,-7.107,-4.514014,2.592986,-3.9471902,Gen 127 (Human)
MOL_H_00238,Cc1c(C(N)=O)nc(C2CCC(C)C2C(C)C)c(F)c1C(N)=O,-7.179,-4.624999000000001,2.5540009999999995,-3.9415007,Gen 127 (Human)
MOL_H_00239,CCc1nc(C(N)=O)c(C)c(C2CCC(C)C2C(N)=O)c1F,-6.986,-4.349425000000001,2.636574999999999,-3.9414024999999993,Gen 126 (Human)
MOL_H_00240,CCc1nc(-c2nc(C(N)=O)c(F)c(C)c2C)c(C)c(C(F)(F)F)c1F,-7.965,-5.749546,2.2154540000000003,-3.9403178000000008,Gen 146 (Human)
MOL_H_00241,CCc1nc(C(N)=O)c(Cl)c(C(F)(F)F)c1C(N)=O,-6.897,-4.223986000000001,2.673014,-3.9402098,Gen 105 (Human)
MOL_H_00242,COc1nc(C)c(C2CCC(C)C2C(N)=O)c(C(F)(F)F)c1F,-7.428,-4.983028,2.444972,-3.9398804,Gen 20 (Human)
MOL_H_00243,CC(C)CC(C)Cc1nc(C(N)=O)c(F)c(C(F)(F)F)c1C1C(C)CCC1C(N)=O,-7.738,-5.428073000000002,2.3099269999999983,-3.9383489,Gen 101 (Human)
MOL_H_00244,Cc1nc(C(N)=O)c(F)c(C(N)=O)c1C(F)(F)F,-6.664,-3.894124,2.769876,-3.9381132,Gen 104 (Human)
MOL_H_00245,CCc1c(C2CCC(C)C2C(N)=O)nc(C2C(C)CCC2C(N)=O)c(Cl)c1C,-7.618,-5.2572670000000015,2.360732999999999,-3.9379131,Gen 130 (Human)
MOL_H_00246,Cc1c(F)c(C2CCC(C)C2C(N)=O)nc(C2CCC(C)C2C(N)=O)c1C(C)C,-7.626,-5.2687560000000015,2.357243999999999,-3.9378707999999993,Gen 141 (Human)
MOL_H_00247,Cc1c(C(N)=O)nc(-c2nc(C(F)(F)F)c(C)c(C(F)(F)F)c2F)c(F)c1C,-8.129,-5.989172,2.139828,-3.9365796,Gen 136 (Human)
MOL_H_00248,Cc1c(C(N)=O)nc(-c2nc(C(F)(F)F)c(F)c(C(F)(F)F)c2C)c(F)c1C,-8.129,-5.989172,2.139828,-3.9365796,Gen 142 (Human)
MOL_H_00249,COc1nc(OC)c(C(N)=O)c(C(F)(F)F)c1F,-6.867,-4.1874720000000005,2.6795279999999995,-3.9357696,Gen 103 (Human)
MOL_H_00250,CC(C)Cc1c(F)c(C(N)=O)nc(C(N)=O)c1C(F)(F)F,-6.938,-4.289814000000001,2.648185999999999,-3.9351301999999992,Gen 129 (Human)
MOL_H_00251,CCc1nc(C(N)=O)c(C(N)=O)c(CC)c1F,-6.575,-3.771445,2.8035550000000007,-3.9349885000000007,Gen 131 (Human)
MOL_H_00252,Cc1nc(C(F)(F)F)c(F)c(C(F)(F)F)c1C1C(C)CCC1C(N)=O,-7.743,-5.4402300000000015,2.302769999999999,-3.934839,Gen 22 (Human)
MOL_H_00253,Cc1c(-c2nc(C(F)(F)F)c(F)c(C)c2C)nc(C(N)=O)c(F)c1C,-7.877,-5.632599000000001,2.244400999999999,-3.9341806999999993,Gen 157 (Human)
MOL_H_00254,CCc1nc(C2CCC(C)C2C(N)=O)c(F)c(C(N)=O)c1C(F)(F)F,-7.227,-4.705998,2.521002,-3.9328014,Gen 103 (Human)
MOL_H_00255,Cc1c(C2CCC(C)C2C(F)(F)F)nc(C(N)=O)c(F)c1C,-7.528,-5.138642000000001,2.3893579999999988,-3.930950599999999,Gen 148 (Human)
MOL_H_00256,COc1c(C)nc(C2CCC(C)C2OC)c(F)c1C(N)=O,-7.099,-4.527156000000001,2.571844,-3.9299908,Gen 13 (Human)
MOL_H_00257,CCCCc1c(C(N)=O)nc(C(N)=O)c(F)c1C(F)(F)F,-6.967,-4.340249000000001,2.6267509999999987,-3.928825699999999,Gen 110 (Human)
MOL_H_00258,COc1c(C)nc(C2CCC(C)C2C(F)(F)F)c(F)c1C(N)=O,-7.454,-5.038013,2.4159869999999994,-3.9273909,Gen 13 (Human)
MOL_H_00259,Cc1c(C(N)=O)nc(C2C(C)CCC2C(N)=O)c(F)c1C(C)C,-7.129,-4.573829000000001,2.5551709999999987,-3.927319699999999,Gen 145 (Human)
MOL_H_00260,CCc1nc(C2CCC(C)C2C(N)=O)c(CC)c(C(N)=O)c1Cl,-7.202,-4.679287,2.5227129999999995,-3.9264991,Gen 139 (Human)
MOL_H_00261,COc1c(C)nc(C(F)(F)F)c(F)c1C(N)=O,-6.928,-4.288101,2.639899,-3.9263293,Gen 10 (Human)
MOL_H_00262,COC1CCC(C)C1c1c(C)nc(C(N)=O)c(F)c1C(F)(F)F,-7.413,-4.984357999999999,2.428642000000001,-3.923949400000001,Gen 22 (Human)
MOL_H_00263,Cc1c(-c2nc(C(F)(F)F)c(F)c(C)c2C)nc(C2CCC(C)C2C(N)=O)c(F)c1C,-8.51,-6.3275260000000015,2.1824739999999982,-3.9231543966199967,Gen 157 (Human)
MOL_H_00264,CCc1nc(C(N)=O)c(F)c(C(F)(F)F)c1C(N)=O,-6.728,-4.011071,2.7169289999999995,-3.9202503,Gen 105 (Human)
MOL_H_00265,Cc1c(C(N)=O)nc(C(N)=O)c(F)c1C1CCC(C)C1C(F)(F)F,-7.169,-4.644036000000001,2.524963999999999,-3.918174799999999,Gen 109 (Human)
MOL_H_00266,Cc1c(C(C)C)nc(-c2nc(C(N)=O)c(C)c(C(F)(F)F)c2F)c(F)c1C,-8.097,-5.97395,2.123049999999999,-3.915234999999999,Gen 155 (Human)
MOL_H_00267,Cc1c(-c2nc(C(F)(F)F)c(C)c(C)c2F)nc(C(N)=O)c(F)c1C,-7.858,-5.632599000000001,2.225400999999999,-3.915180699999999,Gen 160 (Human)
MOL_H_00268,Cc1c(-c2nc(C(N)=O)c(F)c(C(F)(F)F)c2C)nc(C(F)(F)F)c(F)c1C,-8.107,-5.989172,2.117828,-3.9145796,Gen 155 (Human)
MOL_H_00269,CCCc1c(C(F)(F)F)nc(C2CCC(C)C2C(N)=O)c(F)c1C(N)=O,-7.319,-4.870587,2.4484129999999995,-3.9095891,Gen 114 (Human)
MOL_H_00270,CCc1nc(C(F)(F)F)c(C)c(C2C(C)CCC2C(N)=O)c1F,-7.55,-5.200604000000001,2.3493959999999987,-3.9095771999999993,Gen 117 (Human)
MOL_H_00271,Cc1c(-c2c(C)c(C(F)(F)F)nc(C(F)(F)F)c2F)nc(C(N)=O)c(F)c1C,-8.101,-5.989172,2.111828000000001,-3.908579600000001,Gen 136 (Human)
MOL_H_00272,CC(C)c1c(C(F)(F)F)nc(C2CCC(C)C2C(N)=O)c(F)c1C(N)=O,-7.357,-4.930402000000001,2.426598,-3.9057186,Gen 113 (Human)
MOL_H_00273,Cc1nc(-c2nc(C3CCC(C)C3C(F)(F)F)c(F)c(C)c2C)c(C)c(C(N)=O)c1F,-8.643,-6.382511000000002,2.260488999999999,-3.904935474394996,Gen 175 (Human)
MOL_H_00274,COc1c(C)nc(C2CCC(C)C2C(=O)CC(C)C)c(F)c1C(N)=O,-7.425,-5.037560000000002,2.387439999999998,-3.898707999999999,Gen 13 (Human)
MOL_H_00275,Cc1nc(C(F)(F)F)c(F)c(-c2nc(C(N)=O)c(F)c(C)c2C)c1C(F)(F)F,-8.089,-5.989172,2.0998280000000005,-3.896579600000001,Gen 134 (Human)
MOL_H_00276,CC(C)Cc1c(C(F)(F)F)nc(C(N)=O)c(F)c1C(N)=O,-6.899,-4.289814000000001,2.609186,-3.8961302,Gen 153 (Human)
MOL_H_00277,CC(C)Cc1c(C(F)(F)F)nc(C2CCC(C)C2C(N)=O)c(F)c1C(N)=O,-7.383,-4.9847410000000005,2.3982589999999995,-3.8936813,Gen 130 (Human)
MOL_H_00278,COc1c(C)nc(C)c(C2CCC(C)C2C(F)(F)F)c1C(N)=O,-7.454,-5.089349000000001,2.3646509999999985,-3.891455699999999,Gen 15 (Human)
MOL_H_00279,COc1c(C)nc(C2C(C)CCC2C(F)(F)F)c(F)c1C(N)=O,-7.418,-5.038013,2.379987,-3.8913909,Gen 13 (Human)
MOL_H_00280,CC(C)c1c(F)c(C(N)=O)nc(C(F)(F)F)c1C(N)=O,-6.855,-4.235475000000001,2.6195249999999994,-3.8901675,Gen 119 (Human)
MOL_H_00281,Cc1c(C(F)(F)F)nc(-c2nc(C(N)=O)c(F)c(C(F)(F)F)c2C)c(F)c1C,-8.082,-5.989172,2.092828000000001,-3.889579600000001,Gen 154 (Human)
MOL_H_00282,CCCC(C)c1nc(C(N)=O)c(F)c(C(F)(F)F)c1C1C(C)CCC1C(N)=O,-7.571,-5.2595800000000015,2.3114199999999983,-3.889293999999999,Gen 99 (Human)
MOL_H_00283,Cc1nc(C(N)=O)c(Cl)c(C(F)(F)F)c1C(N)=O,-6.764,-4.107039,2.656961,-3.8890727,Gen 105 (Human)
MOL_H_00284,Cc1c(-c2nc(C(F)(F)F)c(F)c(C(N)=O)c2C)nc(C(F)(F)F)c(F)c1C,-8.08,-5.989172,2.090828,-3.887579600000001,Gen 137 (Human)
MOL_H_00285,CC(C)CCc1c(C2CCC(C)C2C(N)=O)nc(C(N)=O)c(F)c1C(F)(F)F,-7.492,-5.149330000000001,2.342669999999999,-3.887469,Gen 140 (Human)
MOL_H_00286,CCc1nc(C(F)(F)F)c(F)c(C(N)=O)c1C(N)=O,-6.695,-4.011071,2.683929,-3.8872503,Gen 106 (Human)
MOL_H_00287,COc1nc(C)c(C(F)(F)F)c(OC)c1C(N)=O,-6.853,-4.238808,2.614192,-3.8858344,Gen 27 (Human)
MOL_H_00288,COc1c(Cl)c(C2CCC(C)C2C(N)=O)nc(C)c1C(=O)CC(C)C,-7.559,-5.250475000000002,2.3085249999999986,-3.883667499999999,Gen 28 (Human)
MOL_H_00289,COc1c(C(N)=O)c(C)nc(C)c1C(F)(F)F,-6.921,-4.339437,2.581563,-3.8833941,Gen 12 (Human)
MOL_H_00290,CCc1c(C)c(C(F)(F)F)nc(-c2nc(C(N)=O)c(F)c(C)c2C)c1F,-7.907,-5.7495460000000005,2.1574539999999995,-3.8823178,Gen 146 (Human)
MOL_H_00291,CCc1c(F)c(C(N)=O)nc(C(F)(F)F)c1C(N)=O,-6.69,-4.011071,2.678929,-3.8822503,Gen 107 (Human)
MOL_H_00292,CCC1CCC(C)C1c1c(C)c(-c2nc(C(N)=O)c(F)c(C)c2C)nc(C)c1F,-8.305,-6.249320000000001,2.055679999999999,-3.881153688,Gen 175 (Human)
MOL_H_00293,CCc1nc(C2CCC(C)C2C(N)=O)c(C)c(C2C(C)CCC2C(N)=O)c1F,-7.412,-5.044352000000002,2.367647999999998,-3.880953599999999,Gen 181 (Human)
MOL_H_00294,Cc1nc(C2CCC(C)C2C(C)C)c(C)c(C2CCC(C)C2C(N)=O)c1F,-7.951,-5.8145320000000025,2.136467999999997,-3.880827599999998,Gen 170 (Human)
MOL_H_00295,CC(C)C(C)c1nc(C(N)=O)c(F)c(C(F)(F)F)c1C1CCC(C)C1C(N)=O,-7.527,-5.209145000000001,2.317854999999999,-3.8805985,Gen 100 (Human)
MOL_H_00296,COc1c(C(N)=O)c(C)nc(C)c1C1C(C)CCC1C(F)(F)F,-7.44,-5.089349000000001,2.350650999999999,-3.8774557,Gen 15 (Human)
MOL_H_00297,CCc1c(F)c(C(F)(F)F)nc(C(N)=O)c1C(N)=O,-6.685,-4.011071,2.673929,-3.8772503,Gen 107 (Human)
MOL_H_00298,CCOc1c(C)nc(C2CCC(C)C2C(F)(F)F)c(F)c1C(N)=O,-7.518,-5.2026020000000015,2.3153979999999983,-3.876178599999999,Gen 14 (Human)
MOL_H_00299,COc1nc(C(F)(F)F)c(F)c(C(N)=O)c1OC,-6.807,-4.1874720000000005,2.619528,-3.8757696,Gen 99 (Human)
MOL_H_00300,Cc1c(CC(C)C)nc(C(N)=O)c(F)c1C(N)=O,-6.629,-3.933241,2.695759,-3.8757313,Gen 181 (Human)
MOL_H_00301,Cc1c(-c2nc(CC(C)C)c(C)c(C(F)(F)F)c2F)nc(C(N)=O)c(F)c1C,-8.093,-6.028289000000001,2.064710999999999,-3.8731977,Gen 164 (Human)
MOL_H_00302,CCC(C)c1c(C(F)(F)F)nc(C2CCC(C)C2C(N)=O)c(F)c1C(N)=O,-7.437,-5.094991000000001,2.342008999999999,-3.8705063,Gen 113 (Human)
MOL_H_00303,Cc1nc(C2CCC(C)C2C(N)=O)c(F)c(C(F)(F)F)c1C(N)=O,-7.08,-4.589051000000001,2.4909489999999987,-3.8676643,Gen 101 (Human)
MOL_H_00304,Cc1c(C(N)=O)nc(-c2nc(C(F)(F)F)c(C)c(C(F)(F)F)c2F)c(Cl)c1C,-8.221,-6.202087,2.0189130000000004,-3.865973822155001,Gen 130 (Human)
MOL_H_00305,CCc1nc(C(N)=O)c(F)c(C2C(C)CCC2C(N)=O)c1C,-6.907,-4.349425000000001,2.557574999999999,-3.8624025,Gen 147 (Human)
MOL_H_00306,Cc1nc(C(F)(F)F)c(F)c(C2C(C)CCC2C(N)=O)c1C(N)=O,-7.074,-4.589051000000001,2.4849489999999985,-3.8616642999999993,Gen 102 (Human)
MOL_H_00307,CCc1nc(-c2nc(C(N)=O)c(C)c(C(F)(F)F)c2F)c(C)c(C)c1F,-7.885,-5.749546,2.135454,-3.8603178000000007,Gen 136 (Human)
MOL_H_00308,CCC1C(C)CCC1c1nc(C2C(C)CCC2C(N)=O)c(F)c(C)c1C,-7.849,-5.700378000000002,2.148621999999998,-3.858735399999999,Gen 139 (Human)
MOL_H_00309,COc1c(C)nc(C2CCC(C)C2C(N)=O)c(F)c1C(=O)CC(C)C,-7.383,-5.037560000000002,2.345439999999998,-3.856707999999999,Gen 20 (Human)
MOL_H_00310,Cc1nc(-c2nc(C(C)C)c(C)c(C)c2F)c(C)c(C2CCC(C)C2C(N)=O)c1F,-8.405,-6.312304000000001,2.0926959999999983,-3.8546742579199984,Gen 163 (Human)
MOL_H_00311,Cc1nc(C2C(C)CCC2C(N)=O)c(Cl)c(C(N)=O)c1C(F)(F)F,-7.216,-4.801966000000001,2.414033999999999,-3.8546238,Gen 104 (Human)
MOL_H_00312,Cc1c(-c2nc(C(C)C)c(F)c(C(F)(F)F)c2C)nc(C(N)=O)c(F)c1C,-8.034,-5.97395,2.0600500000000004,-3.852235,Gen 155 (Human)
MOL_H_00313,Cc1nc(C2CCC(C)C2C(=O)CC(C)C)c(C(F)(F)F)c(OC(C)C)c1C(N)=O,-7.893,-5.774087000000002,2.1189129999999974,-3.8511390999999984,Gen 97 (Human)
MOL_H_00314,CCc1c(F)c(C(C)C)nc(C(N)=O)c1C(N)=O,-6.647,-3.995849,2.651151,-3.8499057,Gen 156 (Human)
MOL_H_00315,Cc1c(CC(C)C)nc(-c2nc(C(N)=O)c(F)c(C(F)(F)F)c2C)c(F)c1C,-8.068,-6.028289000000001,2.0397109999999987,-3.848197699999999,Gen 168 (Human)
MOL_H_00316,Cc1c(-c2nc(C(N)=O)c(C)c(C(F)(F)F)c2F)nc(C(C)C)c(F)c1C,-8.026,-5.97395,2.0520499999999995,-3.844235,Gen 149 (Human)
MOL_H_00317,CC(C)c1c(C(N)=O)nc(C(F)(F)F)c(Cl)c1C1CCC(C)C1C(N)=O,-7.444,-5.1433170000000015,2.3006829999999985,-3.843678099999999,Gen 167 (Human)
MOL_H_00318,CCc1c(C2CCC(C)C2C(N)=O)nc(C2CCC(C)C2C(N)=O)c(Cl)c1CC,-7.605,-5.374214000000002,2.2307859999999984,-3.843050199999999,Gen 183 (Human)
MOL_H_00319,Cc1c(C(N)=O)nc(C2CCC(C)C2C(N)=O)c(F)c1C(C)C,-7.042,-4.573829000000001,2.468170999999999,-3.8403196999999993,Gen 127 (Human)
MOL_H_00320,CCCCc1c(C2CCC(C)C2C(N)=O)nc(C(N)=O)c(F)c1C,-7.115,-4.678603000000001,2.4363969999999995,-3.8399779,Gen 137 (Human)
MOL_H_00321,CCCc1nc(C2CCC(C)C2C(N)=O)c(CC)c(C(N)=O)c1Cl,-7.228,-4.843876000000002,2.384123999999998,-3.837286799999999,Gen 173 (Human)
MOL_H_00322,Cc1c(C2C(C)CCC2C(N)=O)nc(CC(C)C)c(F)c1C(N)=O,-7.073,-4.6281680000000005,2.444832,-3.8332824,Gen 176 (Human)
MOL_H_00323,Cc1nc(-c2nc(C3C(C)CCC3C(N)=O)c(C)c(C)c2F)c(C)c(C(C)C)c1F,-8.383,-6.312304000000001,2.070695999999998,-3.832674257919998,Gen 163 (Human)
MOL_H_00324,Cc1c(-c2nc(C(N)=O)c(F)c(C(F)(F)F)c2C)nc(CC(C)C)c(F)c1C,-8.051,-6.028289000000001,2.022711,-3.8311977,Gen 140 (Human)
MOL_H_00325,Cc1nc(C2CCC(C)C2C(F)(F)F)c(Cl)c(C(F)(F)F)c1C(N)=O,-7.826,-5.708130000000002,2.1178699999999973,-3.8303089999999984,Gen 33 (Human)
MOL_H_00326,CCC(C)c1c(C(N)=O)nc(C(N)=O)c(F)c1C(F)(F)F,-6.91,-4.400064,2.509936,-3.8299552,Gen 115 (Human)
MOL_H_00327,Cc1c(C2CCC(C)C2C(N)=O)nc(-c2nc(C(F)(F)F)c(C)c(C)c2F)c(F)c1C,-8.416,-6.3275260000000015,2.088473999999999,-3.829154396619997,Gen 134 (Human)
MOL_H_00328,CC(C)CC(=O)C1CCC(C)C1OC1CCC(C)C1C(N)=O,-6.935,-4.437245,2.497755,-3.8289285,Gen 35 (Human)
MOL_H_00329,CCCC(C(=O)c1c(Cl)c(C2CCC(C)C2C(N)=O)nc(C)c1OC)C(C)C,-7.813,-5.693807000000002,2.119192999999997,-3.827335099999998,Gen 83 (Human)
MOL_H_00330,CCc1nc(-c2nc(C3CCC(C)C3C(N)=O)c(Cl)c(C)c2C)c(F)c(C)c1C,-8.35,-6.300815000000002,2.049184999999998,-3.825703678874996,Gen 162 (Human)
MOL_H_00331,Cc1nc(C(N)=O)c(Cl)c(C(F)(F)F)c1C1CCC(C)C1C(N)=O,-7.187,-4.801966000000001,2.385033999999999,-3.8256238,Gen 97 (Human)
MOL_H_00332,CC(C)c1c(C(N)=O)nc(C(N)=O)c(Cl)c1C(F)(F)F,-6.935,-4.448390000000001,2.486609999999999,-3.8211269999999993,Gen 111 (Human)
MOL_H_00333,CCC(C(=O)C1C(C)CCC1c1nc(C)c(OC)c(C(N)=O)c1F)C(C)C,-7.541,-5.316303000000002,2.224696999999998,-3.8195878999999993,Gen 17 (Human)
MOL_H_00334,Cc1c(Cl)c(C2C(C)CCC2C(N)=O)nc(C2CCC(C)C2C(N)=O)c1C(C)C,-7.655,-5.481671000000002,2.173328999999998,-3.817830299999999,Gen 133 (Human)
MOL_H_00335,CC(C)Cc1nc(C(N)=O)c(C(N)=O)c(C(F)(F)F)c1F,-6.82,-4.289814000000001,2.530186,-3.8171302,Gen 164 (Human)
MOL_H_00336,CCc1c(C(N)=O)nc(C(F)(F)F)c(F)c1C1CCC(C)C1C(N)=O,-7.111,-4.705998000000001,2.4050019999999988,-3.8168013999999992,Gen 113 (Human)
MOL_H_00337,CCCc1c(C(N)=O)nc(C2C(C)CCC2C(N)=O)c(F)c1C,-6.976,-4.514014,2.461986,-3.8161902,Gen 134 (Human)
MOL_H_00338,CC(C)Cc1nc(C(N)=O)c(F)c(C(N)=O)c1C(C)C,-6.807,-4.274592,2.532408,-3.8147856,Gen 141 (Human)
MOL_H_00339,COc1nc(OC)c(C(N)=O)c(OC)c1F,-6.424,-3.73027,2.6937300000000004,-3.812811,Gen 103 (Human)
MOL_H_00340,Cc1nc(C)c(C(F)(F)F)c(C(N)=O)c1C1C(C)CCC1C(=O)CC(C)C,-7.695,-5.5460980000000015,2.1489019999999988,-3.8127314,Gen 12 (Human)
MOL_H_00341,Cc1nc(C2CCC(C)C2C(F)(F)F)c(F)c(C(N)=O)c1OC(C)C,-7.568,-5.366631000000002,2.201368999999998,-3.811358299999999,Gen 16 (Human)
MOL_H_00342,COc1c(F)c(C2CCC(C)C2C(=O)C(C)C(C)C)nc(C)c1C(N)=O,-7.416,-5.151714000000002,2.2642859999999985,-3.8098001999999993,Gen 9 (Human)
MOL_H_00343,Cc1c(-c2nc(CC(C)C)c(F)c(C(F)(F)F)c2C)nc(C(N)=O)c(F)c1C,-8.028,-6.028289000000001,1.999711,-3.8081977,Gen 164 (Human)
MOL_H_00344,CC(C)c1c(C(N)=O)nc(C(F)(F)F)c(F)c1C1CCC(C)C1C(N)=O,-7.258,-4.930402000000001,2.327597999999999,-3.8067186,Gen 113 (Human)
MOL_H_00345,Cc1nc(C(F)(F)F)c(F)c(C(N)=O)c1OCC(C)C,-7.116,-4.731433000000001,2.3845669999999988,-3.803996899999999,Gen 10 (Human)
MOL_H_00346,CCOc1c(C)nc(C(F)(F)F)c(F)c1C(N)=O,-6.92,-4.45269,2.4673100000000003,-3.803117,Gen 8 (Human)
MOL_H_00347,CCc1nc(C(F)(F)F)c(F)c(-c2nc(C(N)=O)c(F)c(C)c2C)c1C,-7.827,-5.749546000000001,2.0774539999999986,-3.802317799999999,Gen 147 (Human)
MOL_H_00348,Cc1nc(C(N)=O)c(C(F)(F)F)c(C(F)(F)F)c1C(F)(F)F,-7.407,-5.153212000000001,2.2537879999999992,-3.7997516,Gen 38 (Human)
MOL_H_00349,Cc1nc(C(N)=O)c(F)c(C(F)(F)F)c1C1C(C)CCC1C(F)(F)F,-7.646,-5.495215000000002,2.150784999999998,-3.799349499999999,Gen 22 (Human)
MOL_H_00350,COc1c(F)c(C(F)(F)F)nc(C)c1C(N)=O,-6.799,-4.288101,2.510899,-3.7973293,Gen 6 (Human)
MOL_H_00351,Cc1nc(-c2nc(C(F)(F)F)c(C)c(C)c2F)c(F)c(C(F)(F)F)c1C(N)=O,-7.989,-5.989172,1.999828,-3.7965796,Gen 134 (Human)
MOL_H_00352,Cc1c(C(F)(F)F)nc(C2CCC(C)C2C(F)(F)F)c(F)c1C(N)=O,-7.643,-5.495215000000001,2.147784999999999,-3.7963495,Gen 110 (Human)
MOL_H_00353,CC(C)c1c(F)c(C(N)=O)nc(C(N)=O)c1C(F)(F)F,-6.761,-4.235475,2.525525,-3.7961675,Gen 119 (Human)
MOL_H_00354,COC1CCC(C)C1c1nc(C)c(C(N)=O)c(C(F)(F)F)c1Cl,-7.434,-5.197273000000001,2.2367269999999992,-3.7959089,Gen 33 (Human)
MOL_H_00355,Cc1nc(-c2nc(C(F)(F)F)c(F)c(C)c2C)c(F)c(C(N)=O)c1C(F)(F)F,-7.988,-5.989172,1.9988280000000005,-3.795579600000001,Gen 134 (Human)
MOL_H_00356,Cc1c(C(N)=O)nc(CC(C)C)c(F)c1C1CCC(C)C1C(N)=O,-7.035,-4.6281680000000005,2.406832,-3.7952824,Gen 145 (Human)
MOL_H_00357,Cc1c(C(C)C)nc(-c2nc(C(N)=O)c(C)c(C(F)(F)F)c2F)c(Cl)c1C,-8.131,-6.186865,1.944135,-3.793399358875001,Gen 158 (Human)
MOL_H_00358,CCCc1nc(C2CCC(C)C2C(N)=O)c(F)c(C(N)=O)c1C(F)(F)F,-7.201,-4.870587000000001,2.3304129999999983,-3.791589099999999,Gen 105 (Human)
MOL_H_00359,Cc1nc(C(F)(F)F)c(C(N)=O)c(C(N)=O)c1C(F)(F)F,-6.803,-4.302033,2.500967,-3.7915769,Gen 98 (Human)
MOL_H_00360,CCc1nc(-c2nc(C3CCC(C)C3C(N)=O)c(F)c(C)c2C)c(Cl)c(C)c1C,-8.315,-6.300815000000002,2.0141849999999977,-3.790703678874996,Gen 133 (Human)
MOL_H_00361,Cc1nc(C2C(C)CCC2C(F)(F)F)c(Cl)c(C(F)(F)F)c1C(N)=O,-7.786,-5.708130000000002,2.077869999999997,-3.7903089999999984,Gen 33 (Human)
MOL_H_00362,CCC(C)COc1c(C)nc(C(F)(F)F)c(C(F)(F)F)c1C(N)=O,-7.501,-5.303931,2.197069,-3.7882483,Gen 85 (Human)
MOL_H_00363,Cc1c(-c2nc(C(N)=O)c(Cl)c(C)c2C)nc(C(F)(F)F)c(F)c1C,-7.88,-5.8455140000000005,2.034486,-3.7881402,Gen 152 (Human)
MOL_H_00364,Cc1c(C(N)=O)nc(-c2nc(C(F)(F)F)c(F)c(C(F)(F)F)c2C)c(Cl)c1C,-8.143,-6.202087,1.940913000000001,-3.787973822155002,Gen 132 (Human)
MOL_H_00365,CCc1c(F)c(C(N)=O)nc(C(N)=O)c1C(C)C,-6.585,-3.995849,2.589151,-3.7879057,Gen 149 (Human)
MOL_H_00366,CCOc1c(C(N)=O)c(C)nc(C)c1C(F)(F)F,-6.94,-4.504026,2.4359740000000007,-3.787181800000001,Gen 8 (Human)
MOL_H_00367,Cc1nc(C2CCC(C)C2C(N)=O)c(F)c(C(F)(F)F)c1C(F)(F)F,-7.594,-5.4402300000000015,2.153769999999999,-3.785839,Gen 22 (Human)
MOL_H_00368,Cc1nc(C(F)(F)F)c(C(F)(F)F)c(C(N)=O)c1OCC(C)C,-7.381,-5.139342000000001,2.241658,-3.7834606,Gen 44 (Human)
MOL_H_00369,Cc1c(-c2nc(C3C(C)CCC3C(N)=O)c(C)c(C)c2F)nc(C(F)(F)F)c(F)c1C,-8.37,-6.3275260000000015,2.0424739999999977,-3.783154396619996,Gen 179 (Human)
MOL_H_00370,Cc1c(C(N)=O)nc(C(N)=O)c(Cl)c1C1C(C)CCC1C(F)(F)F,-7.181,-4.856951000000001,2.3240489999999987,-3.7811342999999993,Gen 112 (Human)
MOL_H_00371,COc1c(C)nc(C(F)(F)F)c(C(N)=O)c1C(=O)CC(C)C,-7.105,-4.750542000000001,2.354458,-3.7796206,Gen 58 (Human)
MOL_H_00372,CCc1c(C2CCC(C)C2C(N)=O)nc(C(N)=O)c(Cl)c1C(F)(F)F,-7.222,-4.918913000000001,2.303087,-3.7787609,Gen 111 (Human)
MOL_H_00373,CCc1c(C)c(-c2nc(C3CCC(C)C3C(N)=O)c(F)c(C)c2C)nc(C)c1F,-8.04,-6.087900000000001,1.952099999999998,-3.778469999999999,Gen 175 (Human)
MOL_H_00374,Cc1nc(C(F)(F)F)c(F)c(C(F)(F)F)c1C(N)=O,-7.1,-4.745303000000001,2.354696999999999,-3.778287899999999,Gen 25 (Human)
MOL_H_00375,CCOc1c(C)nc(C2C(C)CCC2C(F)(F)F)c(F)c1C(N)=O,-7.419,-5.2026020000000015,2.216397999999998,-3.777178599999999,Gen 16 (Human)
MOL_H_00376,CCC1C(C)CCC1c1nc(-c2nc(C)c(F)c(C(N)=O)c2C)c(F)c(C)c1C,-8.201,-6.249320000000001,1.95168,-3.777153688,Gen 172 (Human)
MOL_H_00377,CCOc1c(C)nc(C2C(C)CCC2C(=O)CC(C)C)c(Cl)c1C(N)=O,-7.567,-5.415064000000002,2.1519359999999983,-3.776455199999999,Gen 21 (Human)
MOL_H_00378,Cc1nc(C(F)(F)F)c(F)c(C(N)=O)c1OC(C)C,-7.008,-4.616719000000002,2.3912809999999984,-3.776296699999999,Gen 10 (Human)
MOL_H_00379,CC(C)Cc1nc(C(N)=O)c(C(N)=O)c(CC(C)C)c1F,-6.806,-4.328931000000001,2.477069,-3.7757483,Gen 169 (Human)
MOL_H_00380,CCC1C(C)CCC1c1c(C)c(C(F)(F)F)nc(C(N)=O)c1F,-7.529,-5.362024000000002,2.1669759999999982,-3.775583199999999,Gen 172 (Human)
MOL_H_00381,Cc1c(C(N)=O)nc(C2CCC(C)C2C(N)=O)c(Cl)c1C,-6.885,-4.445393,2.439607,-3.7732249,Gen 130 (Human)
MOL_H_00382,CCc1c(C(N)=O)nc(C(N)=O)c(Cl)c1C(F)(F)F,-6.73,-4.223986000000001,2.5060139999999995,-3.7732098,Gen 108 (Human)
MOL_H_00383,Cc1c(-c2nc(C(F)(F)F)c(C)c(C(C)C)c2F)nc(C(N)=O)c(F)c1C,-7.954,-5.97395,1.98005,-3.7722349999999993,Gen 157 (Human)
MOL_H_00384,CCCCc1nc(C(N)=O)c(F)c(C(F)(F)F)c1C1C(C)CCC1C(N)=O,-7.296,-5.035176000000002,2.2608239999999986,-3.771376799999999,Gen 99 (Human)
MOL_H_00385,CCc1nc(-c2nc(C(N)=O)c(C)c(C(F)(F)F)c2F)c(F)c(C)c1C,-7.795,-5.749546,2.0454540000000003,-3.770317800000001,Gen 136 (Human)
MOL_H_00386,CCc1c(C)nc(C2C(C)CCC2C(N)=O)c(F)c1C(N)=O,-6.814,-4.349425000000001,2.464574999999999,-3.7694025,Gen 122 (Human)
MOL_H_00387,Cc1c(C2C(C)CCC2C(F)(F)F)nc(C(N)=O)c(F)c1C(F)(F)F,-7.616,-5.495215000000002,2.120784999999998,-3.769349499999999,Gen 114 (Human)
MOL_H_00388,CCOc1c(C)nc(C2CCC(C)C2C(=O)CC(C)C)c(F)c1C(N)=O,-7.409,-5.202149000000001,2.2068509999999986,-3.767495699999999,Gen 15 (Human)
MOL_H_00389,COc1c(F)c(C(=O)CC(C)C)nc(C)c1C1C(C)CCC1C(N)=O,-7.293,-5.037560000000002,2.2554399999999983,-3.766707999999999,Gen 23 (Human)
MOL_H_00390,Cc1c(C2CCC(C)C2C(N)=O)nc(C(F)(F)F)c(F)c1C,-7.325,-5.0836570000000005,2.241343,-3.7664401,Gen 148 (Human)
MOL_H_00391,Cc1c(-c2nc(C(F)(F)F)c(C)c(C(N)=O)c2F)nc(CC(C)C)c(F)c1C,-7.986,-6.028289000000001,1.9577109999999989,-3.7661976999999993,Gen 157 (Human)
MOL_H_00392,Cc1nc(C)c(C(F)(F)F)c(C(N)=O)c1C1C(C)CCC1C(F)(F)F,-7.648,-5.546551000000002,2.101448999999998,-3.765414299999999,Gen 12 (Human)
MOL_H_00393,CC(C)Cc1nc(C(N)=O)c(C(F)(F)F)c(C(N)=O)c1F,-6.767,-4.289814000000001,2.477186,-3.7641302,Gen 153 (Human)
MOL_H_00394,Cc1c(-c2nc(C(F)(F)F)c(C)c(C)c2F)nc(C(N)=O)c(Cl)c1C,-7.855,-5.8455140000000005,2.009486,-3.763140200000001,Gen 152 (Human)
MOL_H_00395,Cc1c(-c2nc(C3CCC(C)C3C(F)(F)F)c(C)c(C)c2F)nc(C(N)=O)c(F)c1C,-8.499,-6.382511000000001,2.116489,-3.760935474395,Gen 148 (Human)
MOL_H_00396,Cc1c(C(N)=O)nc(C2CCC(C)C2C(F)(F)F)c(Cl)c1C,-7.507,-5.3515570000000015,2.155442999999998,-3.760910099999999,Gen 130 (Human)
MOL_H_00397,CCCOc1c(C)nc(C2CCC(C)C2C(F)(F)F)c(Cl)c1C(N)=O,-7.665,-5.580106000000002,2.0848939999999985,-3.758925799999999,Gen 18 (Human)
MOL_H_00398,CCc1nc(C(N)=O)c(F)c(C(N)=O)c1C(C)C,-6.556,-3.995849,2.560151,-3.7589057,Gen 141 (Human)
MOL_H_00399,CCCOc1c(C)nc(C(F)(F)F)c(C(F)(F)F)c1C(N)=O,-7.275,-5.025188000000001,2.2498119999999995,-3.7573684,Gen 41 (Human)
MOL_H_00400,CCc1nc(C(N)=O)c(C(N)=O)c(C(C)C)c1F,-6.554,-3.995849,2.558151,-3.7569057,Gen 156 (Human)
MOL_H_00401,Cc1nc(-c2nc(C(F)(F)F)c(C)c(C)c2F)c(F)c(C(N)=O)c1C(F)(F)F,-7.949,-5.989172,1.959828,-3.7565796,Gen 134 (Human)
MOL_H_00402,CCc1c(C)c(-c2nc(C(N)=O)c(F)c(C)c2C)nc(C(F)(F)F)c1F,-7.781,-5.749546,2.031454,-3.7563178000000006,Gen 160 (Human)
MOL_H_00403,CCOc1c(C)nc(C2CCC(C)C2OC)c(F)c1C(N)=O,-7.039,-4.691745,2.347255,-3.7547785,Gen 14 (Human)
MOL_H_00404,CCCc1c(C)c(C2CCC(C)C2C(N)=O)nc(C2C(C)CCC2C(N)=O)c1Cl,-7.549,-5.421856000000002,2.1271439999999986,-3.7537008,Gen 166 (Human)
MOL_H_00405,CC(C)c1c(C(N)=O)nc(C2C(C)CCC2C(N)=O)c(Cl)c1C(F)(F)F,-7.354,-5.1433170000000015,2.2106829999999986,-3.7536780999999992,Gen 118 (Human)
MOL_H_00406,CCc1nc(-c2nc(C)c(F)c(C3CCC(C)C3C(N)=O)c2C)c(F)c(C)c1C,-8.015,-6.087900000000001,1.9270999999999996,-3.75347,Gen 183 (Human)
MOL_H_00407,CCc1c(C(N)=O)nc(C(F)(F)F)c(F)c1C(N)=O,-6.561,-4.011071,2.549929,-3.7532503,Gen 107 (Human)
MOL_H_00408,COC1C(C)CCC1c1c(C)nc(C)c(C(F)(F)F)c1C(N)=O,-7.277,-5.035694,2.241306,-3.7520142,Gen 16 (Human)
MOL_H_00409,COc1c(C)nc(C)c(C(F)(F)F)c1C(N)=O,-6.788,-4.339437,2.448563,-3.7503941,Gen 15 (Human)
MOL_H_00410,COc1c(C)c(C2CCC(C)C2C(=O)C(C)C(C)C)nc(C)c1C(N)=O,-7.392,-5.203050000000002,2.1889499999999984,-3.7498649999999993,Gen 9 (Human)
MOL_H_00411,CCc1nc(C2C(C)CCC2C(=O)CC(C)C)c(F)c(C(F)(F)F)c1C(N)=O,-7.678,-5.611709000000002,2.066290999999998,-3.749803699999999,Gen 18 (Human)
MOL_H_00412,CCc1c(F)c(C2CCC(C)C2C(N)=O)nc(C)c1C(N)=O,-6.794,-4.349425000000001,2.4445749999999986,-3.749402499999999,Gen 122 (Human)
MOL_H_00413,CCCCc1c(C(N)=O)nc(C(N)=O)c(F)c1C1C(C)CCC1C(F)(F)F,-7.312,-5.090161000000001,2.2218389999999992,-3.7488873,Gen 115 (Human)
MOL_H_00414,Cc1nc(C(F)(F)F)c(C(F)(F)F)c(C(N)=O)c1OC(C)C,-7.265,-5.024628,2.240372,-3.7477604,Gen 41 (Human)
MOL_H_00415,Cc1c(-c2nc(C(F)(F)F)c(C)c(C)c2Cl)nc(C(N)=O)c(F)c1C,-7.839,-5.8455140000000005,1.993486,-3.747140200000001,Gen 166 (Human)
MOL_H_00416,Cc1nc(-c2nc(C(F)(F)F)c(F)c(C)c2C)c(F)c(C(F)(F)F)c1C(N)=O,-7.939,-5.989172,1.949828,-3.746579600000001,Gen 134 (Human)
MOL_H_00417,Cc1nc(CC(C)C)c(C)c(-c2nc(C3C(C)CCC3C(N)=O)c(F)c(C)c2C)c1F,-8.435,-6.366643000000001,2.068357,-3.7436789527549994,Gen 184 (Human)
MOL_H_00418,Cc1c(C(F)(F)F)nc(-c2nc(C(F)(F)F)c(C)c(C(N)=O)c2F)c(F)c1C,-7.936,-5.989172,1.946828,-3.7435796,Gen 136 (Human)
MOL_H_00419,CCC(C(=O)c1c(C)nc(C2CCC(C)C2C(N)=O)c(F)c1OC)C(C)C,-7.462,-5.316303000000002,2.145696999999997,-3.740587899999999,Gen 39 (Human)
MOL_H_00420,Cc1c(C(N)=O)nc(C2C(C)CCC2CC(C)C)c(F)c1C(N)=O,-7.092,-4.789588000000001,2.3024119999999986,-3.739288399999999,Gen 145 (Human)
MOL_H_00421,Cc1c(-c2nc(C(F)(F)F)c(C)c(C(N)=O)c2F)nc(C(C)C)c(F)c1C,-7.921,-5.97395,1.94705,-3.739235,Gen 157 (Human)
MOL_H_00422,CC(C)c1nc(C(N)=O)c(C(F)(F)F)c(C(N)=O)c1F,-6.704,-4.235475,2.468525,-3.7391675,Gen 113 (Human)
MOL_H_00423,Cc1nc(C2CCC(C)C2C(=O)CC(C)C)c(F)c(C(F)(F)F)c1C(N)=O,-7.584,-5.4947620000000015,2.089237999999998,-3.737666599999999,Gen 7 (Human)
MOL_H_00424,Cc1c(C(F)(F)F)nc(-c2nc(C(N)=O)c(C)c(C(F)(F)F)c2F)c(F)c1C,-7.93,-5.989172,1.940828,-3.7375796,Gen 136 (Human)
MOL_H_00425,CCCCc1c(C2CCC(C)C2C(N)=O)nc(C(N)=O)c(F)c1C(F)(F)F,-7.262,-5.035176000000001,2.226823999999999,-3.7373768,Gen 117 (Human)
MOL_H_00426,Cc1nc(C(=O)CC(C)C)c(F)c(C(N)=O)c1C1CCC(C)C1C(F)(F)F,-7.621,-5.549747000000002,2.0712529999999987,-3.7361771,Gen 23 (Human)
MOL_H_00427,Cc1c(C(N)=O)nc(C2CCC(C)C2C(F)(F)F)c(F)c1C,-7.333,-5.138642000000002,2.1943579999999985,-3.7359505999999993,Gen 143 (Human)
MOL_H_00428,Cc1c(C2CCC(C)C2C(F)(F)F)nc(C(N)=O)c(Cl)c1C,-7.482,-5.3515570000000015,2.1304429999999988,-3.7359101,Gen 152 (Human)
MOL_H_00429,Cc1c(C(C)C)nc(C(N)=O)c(F)c1C(N)=O,-6.451,-3.878902,2.572098,-3.7357686,Gen 127 (Human)
MOL_H_00430,Cc1nc(C2CCC(C)C2C(N)=O)c(F)c(C(F)(F)F)c1C(=O)CC(C)C,-7.582,-5.4947620000000015,2.0872379999999984,-3.735666599999999,Gen 25 (Human)
MOL_H_00431,Cc1c(-c2nc(C(N)=O)c(C)c(C(F)(F)F)c2F)nc(C(C)C)c(Cl)c1C,-8.073,-6.186865,1.8861350000000003,-3.735399358875001,Gen 154 (Human)
MOL_H_00432,Cc1c(CC(C)C)nc(-c2nc(C(F)(F)F)c(F)c(C(N)=O)c2C)c(F)c1C,-7.955,-6.028289000000001,1.9267109999999992,-3.7351977,Gen 168 (Human)
MOL_H_00433,CCc1nc(-c2nc(C(N)=O)c(C)c(C(F)(F)F)c2F)c(C)c(C)c1Cl,-7.908,-5.962461,1.945539,-3.734277300000001,Gen 161 (Human)
MOL_H_00434,Cc1nc(C(F)(F)F)c(C(F)(F)F)c(C(F)(F)F)c1C(N)=O,-7.34,-5.153212000000001,2.186787999999999,-3.7327516,Gen 36 (Human)
MOL_H_00435,CCc1c(C(N)=O)nc(C(N)=O)c(F)c1C1C(C)CCC1C(F)(F)F,-7.064,-4.760983000000001,2.3030169999999988,-3.7313118999999992,Gen 112 (Human)
MOL_H_00436,CCc1nc(-c2nc(C(N)=O)c(F)c(C(F)(F)F)c2C)c(C)c(C)c1F,-7.755,-5.7495460000000005,2.0054539999999994,-3.7303178,Gen 131 (Human)
MOL_H_00437,Cc1nc(-c2nc(C(N)=O)c(C)c(C)c2F)c(C)c(C(F)(F)F)c1F,-7.673,-5.632599,2.040401,-3.730180700000001,Gen 142 (Human)
MOL_H_00438,Cc1c(C(N)=O)nc(C2C(C)CCC2C(C)C)c(F)c1C(N)=O,-6.967,-4.624999000000001,2.342000999999999,-3.729500699999999,Gen 145 (Human)
MOL_H_00439,CCOc1c(F)c(C2CCC(C)C2C(F)(F)F)nc(C)c1C(N)=O,-7.371,-5.2026020000000015,2.168397999999999,-3.7291786,Gen 46 (Human)
MOL_H_00440,Cc1nc(-c2nc(C3CCC(C)C3C(N)=O)c(F)c(C)c2C)c(C)c(C(F)(F)F)c1F,-8.316,-6.3275260000000015,1.9884739999999992,-3.7291543966199976,Gen 175 (Human)
MOL_H_00441,Cc1c(CC(C)C)nc(C2C(C)CCC2C(N)=O)c(F)c1C(N)=O,-6.967,-4.6281680000000005,2.338831999999999,-3.7272824,Gen 176 (Human)
MOL_H_00442,CCc1nc(C(N)=O)c(C(F)(F)F)c(C(N)=O)c1F,-6.535,-4.011071,2.523929,-3.7272503,Gen 106 (Human)
MOL_H_00443,CC(C)c1c(C(N)=O)nc(C(F)(F)F)c(F)c1C(N)=O,-6.692,-4.235475000000001,2.456524999999999,-3.7271675,Gen 115 (Human)
MOL_H_00444,CCc1c(CC(C)C)nc(C(N)=O)c(F)c1C(N)=O,-6.562,-4.050188,2.511812,-3.7268684,Gen 153 (Human)
MOL_H_00445,CCCc1nc(C(N)=O)c(F)c(C(F)(F)F)c1C1C(C)CCC1C(N)=O,-7.136,-4.870587,2.265413,-3.7265891,Gen 98 (Human)
MOL_H_00446,Cc1c(C2CCC(C)C2CC(C)C)nc(C(N)=O)c(F)c1C(F)(F)F,-7.675,-5.640767000000002,2.0342329999999977,-3.726463099999999,Gen 151 (Human)
MOL_H_00447,CCCOc1c(C)nc(C2CCC(C)C2C(=O)CC(C)C)c(F)c1C(N)=O,-7.483,-5.3667380000000025,2.116261999999997,-3.726283399999998,Gen 17 (Human)
MOL_H_00448,Cc1c(F)c(C2C(C)CCC2C(N)=O)nc(C2CCC(C)C2C(N)=O)c1CC(C)C,-7.452,-5.323095000000002,2.128904999999998,-3.725833499999999,Gen 175 (Human)
MOL_H_00449,CCc1c(C)c(-c2nc(C3CCC(C)C3C(N)=O)c(C)c(C)c2F)nc(C)c1F,-7.986,-6.087900000000001,1.8980999999999983,-3.7244699999999993,Gen 183 (Human)
MOL_H_00450,CC(C)c1nc(C(N)=O)c(Cl)c(C(F)(F)F)c1C1CCC(C)C1C(N)=O,-7.324,-5.1433170000000015,2.1806829999999984,-3.723678099999999,Gen 127 (Human)
MOL_H_00451,COc1c(F)c(C(F)(F)F)nc(C)c1C1C(C)CCC1C(N)=O,-7.209,-4.983028000000001,2.2259719999999987,-3.720880399999999,Gen 24 (Human)
MOL_H_00452,COc1c(Cl)c(C(F)(F)F)nc(C)c1C(N)=O,-6.87,-4.501016,2.368984,-3.7192888,Gen 7 (Human)
MOL_H_00453,CCc1c(C(N)=O)nc(C(F)(F)F)c(Cl)c1C1CCC(C)C1C(N)=O,-7.162,-4.918913000000001,2.243086999999999,-3.7187609,Gen 114 (Human)
MOL_H_00454,COc1nc(C)c(C(F)(F)F)c(C(N)=O)c1OC,-6.685,-4.238808,2.446192,-3.7178344,Gen 27 (Human)
MOL_H_00455,Cc1nc(C2CCC(C)C2C(F)(F)F)c(Cl)c(OC(C)C)c1C(N)=O,-7.622,-5.5795460000000014,2.0424539999999984,-3.7163177999999992,Gen 49 (Human)
MOL_H_00456,CCc1nc(C(N)=O)c(F)c(C(N)=O)c1C,-6.274,-3.654498,2.619502,-3.715851400000001,Gen 137 (Human)
MOL_H_00457,Cc1c(-c2nc(C(N)=O)c(F)c(C(F)(F)F)c2C)nc(C(C)C)c(F)c1C,-7.897,-5.97395,1.92305,-3.715235,Gen 149 (Human)
MOL_H_00458,COc1c(C)nc(C2C(C)CCC2C(=O)C(C(C)C)C(C)C)c(F)c1C(N)=O,-7.516,-5.430457000000001,2.0855429999999986,-3.7146801,Gen 50 (Human)
MOL_H_00459,CCc1nc(C)c(OC)c(-c2c(F)c(C(N)=O)nc(C)c2C(F)(F)F)c1C(F)(F)F,-7.952,-6.056826000000001,1.895173999999999,-3.7122218,Gen 7 (Human)
MOL_H_00460,COc1c(C(N)=O)c(C)nc(C)c1C1C(C)CCC1C(=O)CC(C)C,-7.273,-5.088896000000002,2.184103999999998,-3.710772799999999,Gen 12 (Human)
MOL_H_00461,CCc1nc(C)c(F)c(-c2nc(C3CCC(C)C3C(N)=O)c(C)c(C)c2F)c1C,-7.972,-6.087900000000001,1.8840999999999992,-3.71047,Gen 183 (Human)
MOL_H_00462,CC1CCC(C(F)(F)F)C1OC1CCC(C)C1C(N)=O,-6.816,-4.437698,2.378302,-3.7096114,Gen 21 (Human)
MOL_H_00463,CC(C)Cc1c(F)c(C(N)=O)nc(C(F)(F)F)c1C(N)=O,-6.712,-4.289814000000001,2.422185999999999,-3.7091301999999993,Gen 169 (Human)
MOL_H_00464,CCC(C)c1nc(C(N)=O)c(F)c(C(F)(F)F)c1C1CCC(C)C1C(N)=O,-7.274,-5.094991000000001,2.179008999999999,-3.7075063,Gen 100 (Human)
MOL_H_00465,Cc1nc(C(N)=O)c(F)c(C(F)(F)F)c1C1CCC(C)C1C(F)(F)F,-7.554,-5.495215000000002,2.0587849999999985,-3.7073495,Gen 22 (Human)
MOL_H_00466,Cc1c(-c2nc(C(F)(F)F)c(Cl)c(C)c2C)nc(C(N)=O)c(F)c1C,-7.799,-5.8455140000000005,1.953486,-3.7071402,Gen 167 (Human)
MOL_H_00467,Cc1c(C(N)=O)nc(C(N)=O)c(Cl)c1C,-6.332,-3.750466,2.581534,-3.7066738,Gen 132 (Human)
MOL_H_00468,CCc1c(C)c(-c2nc(C(N)=O)c(Cl)c(C)c2C)nc(C(F)(F)F)c1F,-7.88,-5.962461,1.917539,-3.7062773,Gen 161 (Human)
MOL_H_00469,COc1c(C)nc(C)c(C2C(C)CCC2C(F)(F)F)c1C(N)=O,-7.268,-5.089349000000001,2.1786509999999986,-3.705455699999999,Gen 12 (Human)
MOL_H_00470,COC1C(C)CCC1c1c(C)nc(C(N)=O)c(F)c1C(F)(F)F,-7.194,-4.984357999999999,2.209642000000001,-3.7049494000000007,Gen 22 (Human)
MOL_H_00471,Cc1c(CC(C)C)nc(-c2nc(C3CCC(C)C3C(N)=O)c(C)c(C)c2F)c(F)c1C,-8.395,-6.366643000000002,2.028356999999998,-3.703678952754996,Gen 148 (Human)
MOL_H_00472,Cc1c(F)c(C2C(C)CCC2C(N)=O)nc(C(N)=O)c1C(C)C,-6.905,-4.573829000000001,2.3311709999999994,-3.7033197,Gen 134 (Human)
MOL_H_00473,CC(C)c1nc(C(N)=O)c(F)c(C(N)=O)c1C(F)(F)F,-6.668,-4.235475,2.432525,-3.7031675,Gen 119 (Human)
MOL_H_00474,CC(C)c1c(C(F)(F)F)nc(C(N)=O)c(F)c1C(N)=O,-6.668,-4.235475000000001,2.432524999999999,-3.7031675,Gen 119 (Human)
MOL_H_00475,CCCc1nc(C2C(C)CCC2C(N)=O)c(F)c(C(N)=O)c1C(F)(F)F,-7.112,-4.870587000000001,2.2414129999999988,-3.7025891,Gen 101 (Human)
MOL_H_00476,Cc1c(C(F)(F)F)nc(C(N)=O)c(F)c1C1C(C)CCC1C(F)(F)F,-7.549,-5.495215000000002,2.053784999999998,-3.7023495,Gen 112 (Human)
MOL_H_00477,Cc1c(CC(C)C)nc(C(N)=O)c(F)c1C1C(C)CCC1C(N)=O,-6.942,-4.6281680000000005,2.313832,-3.7022824,Gen 180 (Human)
MOL_H_00478,COc1c(C)nc(C)c(C2C(C)CCC2OC)c1C(N)=O,-6.907,-4.578492000000001,2.328508,-3.7020556,Gen 12 (Human)
MOL_H_00479,CC(C)Cc1nc(C(N)=O)c(F)c(C(N)=O)c1C(F)(F)F,-6.704,-4.289814000000001,2.414185999999999,-3.7011301999999993,Gen 129 (Human)
MOL_H_00480,CC(C)Cc1nc(C(N)=O)c(F)c(C(N)=O)c1CC(C)C,-6.731,-4.328931000000001,2.402068999999999,-3.7007483,Gen 153 (Human)
MOL_H_00481,CCOc1c(C)nc(C2C(C)CCC2C(=O)CC(C)C)c(F)c1C(N)=O,-7.342,-5.202149000000001,2.1398509999999984,-3.700495699999999,Gen 16 (Human)
MOL_H_00482,Cc1c(-c2nc(C(F)(F)F)c(F)c(C(N)=O)c2C)nc(C(F)(F)F)c(Cl)c1C,-8.055,-6.202087000000001,1.8529129999999991,-3.699973822154999,Gen 161 (Human)
MOL_H_00483,Cc1c(-c2nc(C3C(C)CCC3C(F)(F)F)c(C)c(C)c2F)nc(C(N)=O)c(F)c1C,-8.438,-6.382511000000001,2.055489,-3.699935474395,Gen 160 (Human)
MOL_H_00484,CCc1c(C)c(C2CCC(C)C2C(F)(F)F)nc(C(N)=O)c1F,-7.378,-5.255589000000001,2.1224109999999987,-3.6990876999999993,Gen 124 (Human)
MOL_H_00485,CCCCc1c(C2CCC(C)C2C(N)=O)nc(C2C(C)CCC2C(N)=O)c(F)c1C,-7.459,-5.373530000000002,2.0854699999999973,-3.697528999999998,Gen 139 (Human)
MOL_H_00486,CCc1nc(-c2nc(C3C(C)CCC3C(N)=O)c(F)c(C)c2C)c(C)c(C)c1F,-7.959,-6.087900000000001,1.8710999999999984,-3.697469999999999,Gen 180 (Human)
MOL_H_00487,CCCc1c(C2CCC(C)C2C(N)=O)nc(CC)c(Cl)c1C(N)=O,-7.088,-4.843876000000002,2.2441239999999985,-3.697286799999999,Gen 150 (Human)
MOL_H_00488,Cc1c(CC(C)C)nc(-c2nc(C(N)=O)c(C)c(C)c2F)c(F)c1C,-7.667,-5.671716,1.995284,-3.6967988,Gen 142 (Human)
MOL_H_00489,Cc1nc(C2C(C)CCC2C(F)(F)F)c(F)c(C(N)=O)c1C(F)(F)F,-7.543,-5.495215000000002,2.0477849999999984,-3.6963494999999993,Gen 29 (Human)
MOL_H_00490,COc1nc(C)c(C2C(C)CCC2C(N)=O)c(C(F)(F)F)c1F,-7.184,-4.983028,2.200972,-3.695880400000001,Gen 20 (Human)
MOL_H_00491,CCc1nc(C(N)=O)c(C)c(C2C(C)CCC2C(N)=O)c1F,-6.74,-4.349425000000001,2.3905749999999992,-3.6954025,Gen 122 (Human)
MOL_H_00492,COc1c(Cl)c(C2C(C)CCC2OC)nc(C)c1C(N)=O,-7.013,-4.740071,2.2729289999999995,-3.6949503,Gen 34 (Human)
MOL_H_00493,CCCCc1nc(C2CCC(C)C2C(N)=O)c(C)c(C(N)=O)c1Cl,-7.119,-4.8915180000000005,2.227482,-3.6949374,Gen 145 (Human)
MOL_H_00494,CCc1c(C(N)=O)nc(C2C(C)CCC2C(N)=O)c(F)c1C,-6.739,-4.349425000000001,2.389574999999999,-3.6944025,Gen 129 (Human)
MOL_H_00495,COc1c(Cl)c(C2CCC(C)C2C(F)(F)F)nc(C)c1C(N)=O,-7.368,-5.250928,2.1170720000000003,-3.692350400000001,Gen 46 (Human)
MOL_H_00496,CC1CCC(C(N)=O)C1OC1C(C)CCC1C(F)(F)F,-6.797,-4.437698,2.359302,-3.6906114,Gen 21 (Human)
MOL_H_00497,CCc1nc(-c2nc(C(N)=O)c(C)c(C)c2F)c(C)c(C(F)(F)F)c1F,-7.715,-5.749546,1.9654540000000005,-3.6903178000000008,Gen 143 (Human)
MOL_H_00498,Cc1c(C(F)(F)F)nc(-c2nc(C(N)=O)c(F)c(C(F)(F)F)c2C)c(Cl)c1C,-8.045,-6.202087000000001,1.842913,-3.689973822155,Gen 132 (Human)
MOL_H_00499,Cc1c(C(C)C)nc(C(F)(F)F)c(F)c1C1C(C)CCC1C(N)=O,-7.486,-5.425008000000002,2.060991999999998,-3.688494399999999,Gen 115 (Human)
MOL_H_00500,Cc1nc(C(F)(F)F)c(F)c(C(=O)CC(C)C)c1C1C(C)CCC1C(N)=O,-7.534,-5.4947620000000015,2.0392379999999983,-3.687666599999999,Gen 24 (Human)
MOL_H_00501,Cc1c(C(N)=O)nc(-c2c(C)c(C(F)(F)F)nc(C(F)(F)F)c2F)c(F)c1C,-7.88,-5.989172,1.890828,-3.6875796,Gen 142 (Human)
MOL_H_00502,CC(C)CCc1c(C2CCC(C)C2C(N)=O)nc(C(N)=O)c(Cl)c1C(F)(F)F,-7.44,-5.3622450000000015,2.077754999999999,-3.6864285,Gen 147 (Human)
MOL_H_00503,Cc1nc(C2CCC(C)C2C(N)=O)c(Cl)c(OC(C)C)c1C(=O)CC(C)C,-7.59,-5.579093000000002,2.010906999999998,-3.6846349,Gen 63 (Human)
MOL_H_00504,CC(C)Cc1nc(C(N)=O)c(C(N)=O)c(C(C)C)c1F,-6.676,-4.274592,2.401408,-3.6837856,Gen 169 (Human)
MOL_H_00505,CCC1C(C)CCC1c1nc(-c2nc(C(N)=O)c(F)c(C)c2C)c(C)c(C)c1F,-8.107,-6.249320000000001,1.8576799999999984,-3.683153687999999,Gen 172 (Human)
MOL_H_00506,CCCc1nc(C(N)=O)c(F)c(C(F)(F)F)c1C(N)=O,-6.606,-4.175660000000001,2.43034,-3.683038,Gen 106 (Human)
MOL_H_00507,Cc1c(-c2nc(C(N)=O)c(F)c(C(F)(F)F)c2C)nc(C(F)(F)F)c(Cl)c1C,-8.037,-6.202087000000001,1.834913,-3.681973822155,Gen 132 (Human)
MOL_H_00508,CCC1CCC(C)C1c1nc(C)c(C(N)=O)c(C(F)(F)F)c1F,-7.435,-5.362024000000002,2.072975999999998,-3.681583199999999,Gen 107 (Human)
MOL_H_00509,CCCc1c(C(N)=O)nc(C(N)=O)c(Cl)c1C(F)(F)F,-6.753,-4.388575,2.364425,-3.6809975,Gen 111 (Human)
MOL_H_00510,Cc1nc(C(F)(F)F)c(C)c(-c2nc(C(N)=O)c(F)c(C(F)(F)F)c2C)c1F,-7.873,-5.989172,1.8838280000000005,-3.6805796000000006,Gen 155 (Human)
MOL_H_00511,Cc1nc(C(N)=O)c(F)c(C2CCC(C)C2C(F)(F)F)c1C(F)(F)F,-7.525,-5.495215000000002,2.0297849999999986,-3.6783495,Gen 17 (Human)
MOL_H_00512,COc1cc(C2CCC(C)C2C(=O)C(C)C(C)C)nc(C)c1C(N)=O,-7.225,-5.067049000000002,2.157950999999998,-3.678065699999999,Gen 5 (Human)
MOL_H_00513,COc1c(F)c(C2CCC(C)C2C(N)=O)nc(C)c1C(=O)C(C)C(C)C,-7.284,-5.151714000000001,2.132285999999999,-3.677800199999999,Gen 28 (Human)
MOL_H_00514,Cc1c(C(C)C)nc(C(N)=O)c(F)c1C1C(C)CCC1C(N)=O,-6.879,-4.573829000000001,2.3051709999999987,-3.677319699999999,Gen 154 (Human)
MOL_H_00515,Cc1nc(C(N)=O)c(C)c(C2CCC(C)C2c2c(C)c(C(F)(F)F)nc(C)c2F)c1F,-8.371,-6.367496000000001,2.0035039999999995,-3.677230249919999,Gen 174 (Human)
MOL_H_00516,CCc1c(C)nc(C2CCC(C)C2C(N)=O)c(F)c1C(F)(F)F,-7.317,-5.200604000000001,2.116395999999999,-3.6765772,Gen 107 (Human)
MOL_H_00517,CC(C)Cc1c(C2CCC(C)C2C(N)=O)nc(C(N)=O)c(F)c1C(C)C,-7.154,-4.969519000000001,2.184480999999999,-3.6753367,Gen 129 (Human)
MOL_H_00518,Cc1c(C2CCC(C)C2C(N)=O)nc(CC(C)C)c(F)c1C,-7.261,-5.1227740000000015,2.138225999999998,-3.675058199999999,Gen 140 (Human)
MOL_H_00519,Cc1c(C2CCC(C)C2C(N)=O)nc(C2CCC(C)C2C(N)=O)c(Cl)c1C(C)C,-7.512,-5.481671000000002,2.0303289999999974,-3.674830299999998,Gen 165 (Human)
MOL_H_00520,COc1c(C(=O)CC(C)C)nc(C)c(C(F)(F)F)c1C(N)=O,-6.999,-4.750542000000001,2.2484579999999985,-3.673620599999999,Gen 38 (Human)
MOL_H_00521,CCc1nc(C(F)(F)F)c(C)c(-c2nc(C(N)=O)c(F)c(C)c2C)c1F,-7.698,-5.7495460000000005,1.948454,-3.6733178,Gen 146 (Human)
MOL_H_00522,CCc1nc(C2C(C)CCC2C(N)=O)c(Cl)c(C(N)=O)c1C(F)(F)F,-7.116,-4.918913000000001,2.197086999999999,-3.672760899999999,Gen 104 (Human)
MOL_H_00523,Cc1nc(C2CCC(C)C2C(=O)CC(C)C)c(Cl)c(C(F)(F)F)c1C(N)=O,-7.668,-5.707677000000002,1.960322999999998,-3.672626099999999,Gen 8 (Human)
MOL_H_00524,Cc1c(-c2nc(C(F)(F)F)c(C)c(C(C)C)c2F)nc(C(N)=O)c(Cl)c1C,-8.01,-6.186865,1.823135,-3.672399358875,Gen 158 (Human)
MOL_H_00525,Cc1c(C2CCC(C)C2C(N)=O)nc(C2CCC(C)C2C(N)=O)c(Cl)c1C,-7.269,-5.140320000000001,2.1286799999999992,-3.670776,Gen 130 (Human)
MOL_H_00526,CC(C)Cc1c(C(C)C)nc(C(N)=O)c(F)c1C(N)=O,-6.662,-4.274592,2.387408,-3.6697856,Gen 141 (Human)
MOL_H_00527,CCc1c(C)nc(C2C(C)CCC2C(N)=O)c(F)c1C(F)(F)F,-7.31,-5.200604000000001,2.1093959999999985,-3.669577199999999,Gen 122 (Human)
MOL_H_00528,CC(C)c1nc(C(N)=O)c(Cl)c(C(F)(F)F)c1C1C(C)CCC1C(N)=O,-7.267,-5.1433170000000015,2.123682999999999,-3.6666781,Gen 112 (Human)
MOL_H_00529,Cc1nc(C2C(C)CCC2C(=O)CC(C)C)c(F)c(C(N)=O)c1C(F)(F)F,-7.513,-5.4947620000000015,2.0182379999999984,-3.666666599999999,Gen 31 (Human)
MOL_H_00530,COc1c(C)nc(C2C(C)CCC2OC)c(F)c1C(N)=O,-6.835,-4.527156000000001,2.307844,-3.6659908,Gen 13 (Human)
MOL_H_00531,NC(=O)c1nc(C(F)(F)F)c(F)c(C(F)(F)F)c1C(F)(F)F,-7.236,-5.101876,2.134124,-3.6646868,Gen 102 (Human)
MOL_H_00532,Cc1nc(C(N)=O)c(F)c(C(F)(F)F)c1C1C(C)CCC1C(=O)CC(C)C,-7.511,-5.4947620000000015,2.016237999999998,-3.6646666,Gen 22 (Human)
MOL_H_00533,CCCc1c(C2CCC(C)C2C(N)=O)nc(C(N)=O)c(Cl)c1C(F)(F)F,-7.222,-5.083502000000001,2.138498,-3.6635486,Gen 117 (Human)
MOL_H_00534,COc1c(C)nc(C2CCC(C)C2C(=O)CC(C)C)c(Cl)c1C(N)=O,-7.338,-5.250475000000002,2.0875249999999985,-3.662667499999999,Gen 17 (Human)
MOL_H_00535,Cc1c(C(F)(F)F)nc(C2CCC(C)C2C(N)=O)c(F)c1C(F)(F)F,-7.47,-5.4402300000000015,2.0297699999999983,-3.661838999999999,Gen 110 (Human)
MOL_H_00536,Cc1c(C2CCC(C)C2C(N)=O)nc(C2CCC(C)C2C(C)C)c(F)c1C,-7.732,-5.8145320000000025,1.9174679999999973,-3.661827599999999,Gen 148 (Human)
MOL_H_00537,CCC1CCC(C)C1c1c(C)c(C(N)=O)nc(C(N)=O)c1F,-6.819,-4.510845000000001,2.308155,-3.6614085,Gen 128 (Human)
MOL_H_00538,Cc1nc(C(F)(F)F)c(F)c(-c2nc(C(N)=O)c(Cl)c(C)c2C)c1C(F)(F)F,-8.016,-6.202087000000001,1.813913,-3.660973822155,Gen 135 (Human)
MOL_H_00539,CCc1c(C(C)C)nc(C(N)=O)c(F)c1C(N)=O,-6.458,-3.995849,2.462151,-3.6609057,Gen 141 (Human)
MOL_H_00540,CC(C)Cc1c(C(N)=O)nc(C(N)=O)c(Cl)c1C(F)(F)F,-6.812,-4.502729,2.309271,-3.6600897,Gen 111 (Human)
MOL_H_00541,Cc1nc(C(N)=O)c(F)c(C(F)(F)F)c1C(F)(F)F,-6.981,-4.745303,2.235697,-3.6592879,Gen 22 (Human)
MOL_H_00542,CCCc1nc(C(=O)CC(C)C)c(F)c(C(F)(F)F)c1C1C(C)CCC1C(N)=O,-7.702,-5.7762980000000015,1.9257019999999985,-3.658591399999999,Gen 97 (Human)
MOL_H_00543,Cc1c(C(F)(F)F)nc(C(N)=O)c(F)c1C1CCC(C)C1CC(C)C,-7.607,-5.640767000000002,1.966232999999998,-3.658463099999999,Gen 151 (Human)
MOL_H_00544,Cc1nc(C2CCC(C)C2C(C)C)c(F)c(C(F)(F)F)c1C(N)=O,-7.49,-5.476178000000002,2.0138219999999984,-3.6566753999999992,Gen 102 (Human)
MOL_H_00545,NC(=O)c1c(C(F)(F)F)nc(C(F)(F)F)c(F)c1C(F)(F)F,-7.227,-5.101876,2.1251240000000005,-3.6556868000000007,Gen 104 (Human)
MOL_H_00546,COc1c(C(N)=O)c(C(=O)CC(C)C)nc(C)c1C(F)(F)F,-6.981,-4.750542,2.230458,-3.6556206,Gen 37 (Human)
MOL_H_00547,CCc1c(C)nc(C(F)(F)F)c(F)c1C1C(C)CCC1C(N)=O,-7.295,-5.200604000000001,2.094395999999999,-3.6545772,Gen 122 (Human)
MOL_H_00548,CCCOc1c(F)c(C2CCC(C)C2C(N)=O)nc(C)c1C(=O)CC(C)C,-7.411,-5.3667380000000025,2.044261999999997,-3.654283399999998,Gen 59 (Human)
MOL_H_00549,Cc1nc(C2C(C)CCC2C(=O)C(C)C(C)C)c(F)c(C(N)=O)c1OC(C)C,-7.49,-5.4803320000000015,2.0096679999999987,-3.6537675999999992,Gen 25 (Human)
MOL_H_00550,Cc1c(C(N)=O)nc(C(N)=O)c(F)c1C1C(C)CCC1C(C)C,-6.891,-4.624999000000001,2.266001,-3.6535007,Gen 145 (Human)
MOL_H_00551,Cc1nc(C2C(C)CCC2C(C)C)c(F)c(C(F)(F)F)c1C(N)=O,-7.486,-5.476178000000002,2.009821999999998,-3.652675399999999,Gen 100 (Human)
MOL_H_00552,Cc1nc(-c2nc(C(N)=O)c(F)c(C(F)(F)F)c2C)c(C)c(C(F)(F)F)c1F,-7.845,-5.989172,1.855828,-3.6525796,Gen 165 (Human)
MOL_H_00553,Cc1nc(-c2nc(C(N)=O)c(F)c(C)c2C)c(C)c(C2CCC(C)C2C(F)(F)F)c1F,-8.389,-6.382511000000001,2.0064889999999984,-3.6509354743949984,Gen 175 (Human)
MOL_H_00554,Cc1nc(C(N)=O)c(Cl)c(C(F)(F)F)c1C1C(C)CCC1C(=O)CC(C)C,-7.644,-5.707677000000002,1.936322999999998,-3.648626099999999,Gen 66 (Human)
MOL_H_00555,Cc1nc(C(N)=O)c(F)c(C2C(C)CCC2C(F)(F)F)c1C(F)(F)F,-7.495,-5.495215000000002,1.9997849999999984,-3.6483494999999992,Gen 29 (Human)
MOL_H_00556,CCc1nc(-c2nc(C3CCC(C)C3C(N)=O)c(C)c(C)c2F)c(C)c(C)c1Cl,-8.171,-6.300815000000002,1.870184999999997,-3.646703678874996,Gen 162 (Human)
MOL_H_00557,Cc1c(C2C(C)CCC2C(N)=O)nc(C(F)(F)F)c(F)c1C,-7.205,-5.0836570000000005,2.1213429999999995,-3.6464401,Gen 179 (Human)
MOL_H_00558,COc1c(C)nc(C(N)=O)c(F)c1C1CCC(C)C1C(F)(F)F,-7.173,-5.038013,2.134987,-3.6463909,Gen 13 (Human)
MOL_H_00559,Cc1c(C(N)=O)nc(C(C)C)c(F)c1C1CCC(C)C1C(N)=O,-6.847,-4.573829000000001,2.273171,-3.6453197,Gen 121 (Human)
MOL_H_00560,Cc1c(-c2nc(C(F)(F)F)c(C)c(C)c2F)nc(C2CCC(C)C2C(N)=O)c(F)c1C,-8.232,-6.3275260000000015,1.9044739999999976,-3.645154396619996,Gen 133 (Human)
MOL_H_00561,Cc1c(CC(C)C)nc(-c2nc(C(N)=O)c(F)c(C)c2C)c(F)c1C,-7.615,-5.671716000000001,1.943284,-3.6447988,Gen 168 (Human)
MOL_H_00562,CCc1c(C)c(C(N)=O)nc(C2CCC(C)C2C(F)(F)F)c1F,-7.323,-5.255589000000001,2.067410999999999,-3.6440877,Gen 124 (Human)
MOL_H_00563,Cc1nc(-c2nc(C(F)(F)F)c(C)c(C)c2Cl)c(F)c(C(F)(F)F)c1C(N)=O,-7.999,-6.202087000000001,1.796912999999999,-3.643973822154999,Gen 135 (Human)
MOL_H_00564,Cc1c(C2C(C)CCC2C(F)(F)F)nc(C(N)=O)c(F)c1C,-7.241,-5.138642000000001,2.102357999999999,-3.6439505999999993,Gen 167 (Human)
MOL_H_00565,CCC(C)Cc1nc(C(N)=O)c(F)c(C(F)(F)F)c1C1C(C)CCC1C(N)=O,-7.247,-5.149330000000002,2.097669999999998,-3.642468999999999,Gen 101 (Human)
MOL_H_00566,Cc1c(-c2c(C)c(C(F)(F)F)nc(C(F)(F)F)c2F)nc(C(N)=O)c(Cl)c1C,-7.996,-6.202087,1.7939130000000008,-3.6409738221550016,Gen 152 (Human)
MOL_H_00567,CC(C)Cc1c(C(N)=O)nc(C(F)(F)F)c(F)c1C(N)=O,-6.643,-4.289814000000001,2.353185999999999,-3.6401301999999993,Gen 153 (Human)
MOL_H_00568,Cc1c(C(N)=O)nc(-c2nc(CC(C)C)c(F)c(C)c2C)c(F)c1C,-7.61,-5.671716000000001,1.938284,-3.6397988,Gen 140 (Human)
MOL_H_00569,Cc1c(-c2c(C)c(C(F)(F)F)nc(C(N)=O)c2F)nc(C(F)(F)F)c(F)c1C,-7.831,-5.989172,1.8418280000000005,-3.638579600000001,Gen 136 (Human)
MOL_H_00570,CCc1nc(-c2nc(C(N)=O)c(C)c(C)c2F)c(F)c(C(F)(F)F)c1C,-7.663,-5.749546,1.9134540000000009,-3.638317800000001,Gen 143 (Human)
MOL_H_00571,CC(C)CCCc1c(C2CCC(C)C2C(N)=O)nc(C(N)=O)c(F)c1C(F)(F)F,-7.358,-5.313919000000001,2.0440809999999985,-3.638256699999999,Gen 133 (Human)
MOL_H_00572,Cc1c(-c2nc(CC(C)C)c(C)c(C(F)(F)F)c2F)nc(C(N)=O)c(Cl)c1C,-8.047,-6.2412040000000015,1.805795999999999,-3.636566351919999,Gen 152 (Human)
MOL_H_00573,CCc1c(F)c(C(N)=O)nc(C(F)(F)F)c1C(F)(F)F,-7.04,-4.862250000000001,2.1777499999999987,-3.636424999999999,Gen 112 (Human)
MOL_H_00574,Cc1nc(C(F)(F)F)c(F)c(C2CCC(C)C2C(N)=O)c1C(F)(F)F,-7.444,-5.4402300000000015,2.0037699999999985,-3.635839,Gen 17 (Human)
MOL_H_00575,COc1c(F)c(C2C(C)CCC2OC)nc(C)c1C(N)=O,-6.804,-4.527156,2.2768440000000005,-3.6349908000000006,Gen 45 (Human)
MOL_H_00576,Cc1c(C2C(C)CCC2C(C)C)nc(C(N)=O)c(F)c1C(F)(F)F,-7.468,-5.476178000000002,1.9918219999999984,-3.634675399999999,Gen 113 (Human)
MOL_H_00577,CC1CCC(C(N)=O)C1OC1CCC(C)C1C(F)(F)F,-6.741,-4.437698,2.3033019999999995,-3.6346114,Gen 35 (Human)
MOL_H_00578,CCc1nc(C(F)(F)F)c(C(N)=O)c(C(N)=O)c1F,-6.442,-4.011071,2.430929,-3.6342503,Gen 106 (Human)
MOL_H_00579,COc1c(F)c(C2C(C)CCC2C(=O)CC(C)C)nc(C)c1C(N)=O,-7.16,-5.037560000000002,2.1224399999999983,-3.633707999999999,Gen 24 (Human)
MOL_H_00580,CCOc1c(Cl)c(C2CCC(C)C2C(N)=O)nc(C)c1C(=O)CC(C)C,-7.422,-5.415064000000002,2.006935999999998,-3.631455199999999,Gen 28 (Human)
MOL_H_00581,COc1c(F)c(C2C(C)CCC2C(F)(F)F)nc(C)c1C(N)=O,-7.156,-5.038013,2.1179869999999994,-3.6293909,Gen 17 (Human)
MOL_H_00582,CCOc1c(F)c(C2CCC(C)C2C(N)=O)nc(C)c1C(=O)CC(C)C,-7.27,-5.202149000000002,2.067850999999997,-3.6284956999999984,Gen 28 (Human)
MOL_H_00583,CC(C)c1nc(C(F)(F)F)c(C(N)=O)c(C(N)=O)c1F,-6.593,-4.235475,2.357525,-3.6281675,Gen 119 (Human)
MOL_H_00584,CCc1nc(C(N)=O)c(C(F)(F)F)c(CC)c1F,-6.864,-4.622624,2.241376,-3.6281632,Gen 108 (Human)
MOL_H_00585,CC(C)c1nc(C2CCC(C)C2C(N)=O)c(F)c(C(N)=O)c1C(F)(F)F,-7.079,-4.930402000000001,2.148597999999999,-3.6277185999999992,Gen 103 (Human)
MOL_H_00586,Cc1nc(C2CCC(C)C2C(N)=O)c(F)c(C(F)(F)F)c1CC(C)C,-7.463,-5.4793470000000015,1.9836529999999983,-3.627457099999999,Gen 102 (Human)
MOL_H_00587,CCc1nc(-c2nc(C(N)=O)c(Cl)c(C)c2C)c(C)c(C(F)(F)F)c1F,-7.799,-5.962461,1.836539,-3.625277300000001,Gen 161 (Human)
MOL_H_00588,Cc1c(-c2nc(C3CCC(C)C3C(N)=O)c(C)c(C)c2F)nc(C(F)(F)F)c(F)c1C,-8.212,-6.3275260000000015,1.8844739999999984,-3.6251543966199966,Gen 133 (Human)
MOL_H_00589,COc1c(C(N)=O)c(C)nc(C)c1C1CCC(C)C1OC,-6.83,-4.578492,2.2515080000000003,-3.625055600000001,Gen 15 (Human)
MOL_H_00590,Cc1c(-c2nc(C(F)(F)F)c(C)c(CC(C)C)c2F)nc(C(N)=O)c(F)c1C,-7.843,-6.028289000000001,1.814710999999999,-3.6231977,Gen 157 (Human)
MOL_H_00591,COc1c(C)nc(C)c(C(F)(F)F)c1-c1c(F)c(C(N)=O)nc(C)c1C(F)(F)F,-7.781,-5.939879,1.841121,-3.6230847,Gen 7 (Human)
MOL_H_00592,COc1c(C)nc(C)c(C(N)=O)c1C1CCC(C)C1C(F)(F)F,-7.184,-5.089349000000001,2.094650999999999,-3.6214557,Gen 15 (Human)
MOL_H_00593,Cc1c(C(N)=O)nc(-c2nc(C(C)C)c(F)c(C)c2C)c(F)c1C,-7.553,-5.617377000000001,1.9356229999999988,-3.6208361,Gen 143 (Human)
MOL_H_00594,CCCC(C)Cc1nc(C(N)=O)c(F)c(C(F)(F)F)c1C1C(C)CCC1C(N)=O,-7.339,-5.313919000000001,2.0250809999999992,-3.6192567,Gen 101 (Human)
MOL_H_00595,Cc1nc(C(F)(F)F)c(F)c(C(F)(F)F)c1-c1nc(C(N)=O)c(C)c(C)c1F,-7.81,-5.989172000000001,1.8208279999999988,-3.617579599999999,Gen 135 (Human)
MOL_H_00596,COc1c(C(N)=O)c(C)nc(C)c1C1CCC(C)C1C(F)(F)F,-7.18,-5.089349000000001,2.0906509999999985,-3.617455699999999,Gen 15 (Human)
MOL_H_00597,CCc1c(F)c(C(F)(F)F)nc(C(N)=O)c1C(F)(F)F,-7.021,-4.862250000000001,2.1587499999999986,-3.617424999999999,Gen 124 (Human)
MOL_H_00598,CC(C)c1nc(C(F)(F)F)c(F)c(C(N)=O)c1C(N)=O,-6.582,-4.235475000000001,2.346524999999999,-3.6171675,Gen 115 (Human)
MOL_H_00599,COC1C(C)CCC1c1nc(C)c(C(N)=O)c(C(F)(F)F)c1Cl,-7.255,-5.197273000000001,2.057726999999999,-3.6169089,Gen 33 (Human)
MOL_H_00600,COc1c(C)nc(C2C(C)CCC2C(C)C)c(F)c1C(N)=O,-7.129,-5.018976000000001,2.1100239999999983,-3.615716799999999,Gen 100 (Human)
MOL_H_00601,COc1nc(C(N)=O)c(F)c(C(F)(F)F)c1OC,-6.546,-4.1874720000000005,2.358528,-3.6147696,Gen 99 (Human)
MOL_H_00602,CCOc1c(C)nc(C2CCC(C)C2C(N)=O)c(Cl)c1C(=O)CC(C)C,-7.405,-5.415064000000002,1.9899359999999984,-3.614455199999999,Gen 64 (Human)
MOL_H_00603,Cc1c(C(C)C)nc(C2CCC(C)C2C(N)=O)c(F)c1C(N)=O,-6.816,-4.573829000000001,2.242170999999999,-3.6143197,Gen 127 (Human)
MOL_H_00604,Cc1c(C2CCC(C)C2C(N)=O)nc(C2C(C)CCC2C(F)(F)F)c(F)c1C,-7.697,-5.833569000000002,1.8634309999999976,-3.613501699999999,Gen 139 (Human)
MOL_H_00605,CCC(C)c1nc(C2CCC(C)C2C(N)=O)c(C)c(C(N)=O)c1F,-6.93,-4.738418000000001,2.1915819999999986,-3.613107399999999,Gen 147 (Human)
MOL_H_00606,COc1nc(C(F)(F)F)c(F)c(C(F)(F)F)c1C(N)=O,-6.864,-4.644674,2.219326,-3.6127282,Gen 99 (Human)
MOL_H_00607,Cc1nc(C2CCC(C)C2C(N)=O)c(F)c(OC(C)C)c1C(=O)CC(C)C,-7.368,-5.366178000000002,2.001821999999998,-3.611675399999999,Gen 30 (Human)
MOL_H_00608,Cc1c(-c2nc(C(F)(F)F)c(C)c(C)c2Cl)nc(C(N)=O)c(Cl)c1C,-7.852,-6.058429,1.793571,-3.611099700000001,Gen 132 (Human)
MOL_H_00609,Cc1c(C(F)(F)F)nc(C(N)=O)c(F)c1C(F)(F)F,-6.931,-4.745303,2.185697,-3.6092879,Gen 112 (Human)
MOL_H_00610,CCc1c(C(N)=O)nc(C2C(C)CCC2C(N)=O)c(Cl)c1C,-6.802,-4.562340000000001,2.239659999999999,-3.608361999999999,Gen 131 (Human)
MOL_H_00611,Cc1nc(C(N)=O)c(C)c(C2CCC(C)C2C(N)=O)c1F,-6.571,-4.232478,2.338522,-3.6082654,Gen 174 (Human)
MOL_H_00612,Cc1c(C(F)(F)F)nc(-c2nc(C(N)=O)c(C)c(C(F)(F)F)c2F)c(Cl)c1C,-7.963,-6.202087000000001,1.7609129999999995,-3.607973822155,Gen 161 (Human)
MOL_H_00613,Cc1nc(-c2nc(C(F)(F)F)c(Cl)c(C)c2C)c(F)c(C(F)(F)F)c1C(N)=O,-7.963,-6.202087000000001,1.7609129999999995,-3.607973822155,Gen 135 (Human)
MOL_H_00614,COC1CCC(C)C1OC1CCC(C)C1C(N)=O,-6.356,-3.926841,2.429159,-3.6072113,Gen 21 (Human)
MOL_H_00615,Cc1c(C(F)(F)F)nc(C(F)(F)F)c(F)c1C1CCC(C)C1C(N)=O,-7.415,-5.4402300000000015,1.9747699999999984,-3.606839,Gen 112 (Human)
MOL_H_00616,Cc1c(CC(C)C)nc(C2CCC(C)C2C(N)=O)c(F)c1C,-7.192,-5.1227740000000015,2.0692259999999987,-3.606058199999999,Gen 179 (Human)
MOL_H_00617,Cc1c(-c2nc(C(F)(F)F)c(C)c(C)c2F)nc(C2C(C)CCC2C(N)=O)c(F)c1C,-8.19,-6.3275260000000015,1.862473999999998,-3.603154396619997,Gen 128 (Human)
MOL_H_00618,Cc1c(C2CCC(C)C2C(N)=O)nc(C(C)C(C)C)c(F)c1C(N)=O,-6.999,-4.852572,2.146428,-3.6021996,Gen 139 (Human)
MOL_H_00619,Cc1c(-c2nc(C(F)(F)F)c(C)c(C(N)=O)c2F)nc(C(F)(F)F)c(Cl)c1C,-7.957,-6.202087000000001,1.7549129999999993,-3.601973822155,Gen 158 (Human)
MOL_H_00620,CC(C)c1nc(C(C)C)c(C(N)=O)c(C(N)=O)c1F,-6.556,-4.2202530000000005,2.335747,-3.6018229,Gen 141 (Human)
MOL_H_00621,Cc1nc(C2CCC(C)C2C(N)=O)c(F)c(C(C)C)c1C(N)=O,-6.803,-4.573829000000001,2.229170999999999,-3.6013196999999995,Gen 121 (Human)
MOL_H_00622,CCc1nc(-c2nc(C(N)=O)c(F)c(C(F)(F)F)c2C)c(F)c(C)c1C,-7.626,-5.7495460000000005,1.876454,-3.6013178000000003,Gen 155 (Human)
MOL_H_00623,CCCC(C)c1c(C2CCC(C)C2C(N)=O)nc(C(N)=O)c(F)c1C(F)(F)F,-7.283,-5.259580000000001,2.02342,-3.601294,Gen 115 (Human)
MOL_H_00624,CCCc1nc(C2CCC(C)C2C(N)=O)c(C)c(C(N)=O)c1F,-6.761,-4.514014,2.246986,-3.6011902,Gen 138 (Human)
MOL_H_00625,CC(C)c1nc(C2CCC(C)C2C(N)=O)c(Cl)c(C(N)=O)c1C(F)(F)F,-7.201,-5.1433170000000015,2.057682999999998,-3.6006780999999988,Gen 108 (Human)
MOL_H_00626,Cc1c(-c2nc(C(F)(F)F)c(C)c(C(N)=O)c2F)nc(C(C)C)c(Cl)c1C,-7.938,-6.186865,1.7511349999999997,-3.6003993588750003,Gen 158 (Human)
MOL_H_00627,Cc1c(C2CCC(C)C2C(N)=O)nc(CCC(C)C)c(F)c1C(N)=O,-6.955,-4.792757000000001,2.1622429999999992,-3.6000700999999995,Gen 143 (Human)
MOL_H_00628,COc1cc(C2CCC(C)C2C(=O)CC(C)C)nc(C)c1C(N)=O,-7.067,-4.952895000000002,2.1141049999999986,-3.599973499999999,Gen 4 (Human)
MOL_H_00629,CCc1c(C)c(C2CCC(C)C2C(N)=O)nc(C2CCC(C)C2C(N)=O)c1Cl,-7.28,-5.257267000000002,2.022732999999998,-3.599913099999999,Gen 144 (Human)
MOL_H_00630,Cc1c(C2C(C)CCC2C(N)=O)nc(C2CCC(C)C2C(N)=O)c(Cl)c1C,-7.198,-5.140320000000001,2.0576799999999995,-3.599776,Gen 130 (Human)
MOL_H_00631,Cc1nc(-c2nc(C(N)=O)c(C)c(C(F)(F)F)c2F)c(C)c(C(F)(F)F)c1F,-7.791,-5.989172,1.8018280000000004,-3.5985796000000008,Gen 145 (Human)
MOL_H_00632,Cc1c(C(F)(F)F)nc(C2C(C)CCC2C(N)=O)c(F)c1C,-7.157,-5.0836570000000005,2.0733429999999995,-3.5984401,Gen 128 (Human)
MOL_H_00633,Cc1c(C(C)C)nc(-c2nc(C(N)=O)c(F)c(C(F)(F)F)c2C)c(Cl)c1C,-7.936,-6.186865,1.749135,-3.5983993588750005,Gen 154 (Human)
MOL_H_00634,CC(C)c1c(F)c(C(F)(F)F)nc(C(N)=O)c1C(N)=O,-6.563,-4.235475000000001,2.3275249999999987,-3.5981675,Gen 115 (Human)
MOL_H_00635,COc1c(C(N)=O)c(C)nc(C2CCC(C)C2C(=O)C(C)C(C)C)c1C1CC1,-7.414,-5.454269000000003,1.959730999999997,-3.5960116999999983,Gen 9 (Human)
MOL_H_00636,CCC1C(C)CCC1c1nc(C(N)=O)c(C)c(C(F)(F)F)c1F,-7.349,-5.362024000000002,1.9869759999999983,-3.595583199999999,Gen 124 (Human)
MOL_H_00637,Cc1nc(-c2c(C)c(C(N)=O)nc(C(F)(F)F)c2F)c(C)c(C(F)(F)F)c1F,-7.788,-5.989172,1.7988280000000003,-3.5955796000000007,Gen 165 (Human)
MOL_H_00638,COc1c(C(=O)CC(C)C)c(C)nc(C(=O)CC(C)C)c1C(N)=O,-6.959,-4.805074000000001,2.1539259999999985,-3.595448199999999,Gen 105 (Human)
MOL_H_00639,Cc1nc(C(F)(F)F)c(F)c(OC(C)C)c1C(N)=O,-6.827,-4.616719,2.210281,-3.5952967000000005,Gen 8 (Human)
MOL_H_00640,Cc1nc(-c2nc(C(F)(F)F)c(C)c(C)c2Cl)c(F)c(C(N)=O)c1C(F)(F)F,-7.949,-6.202087,1.7469130000000002,-3.593973822155001,Gen 135 (Human)
MOL_H_00641,CCC1CCC(C)C1c1nc(-c2nc(C(N)=O)c(F)c(C)c2C)c(F)c(C)c1C,-8.016,-6.249320000000001,1.7666799999999991,-3.592153688,Gen 160 (Human)
MOL_H_00642,CCc1nc(C(C)C)c(F)c(C(N)=O)c1C(N)=O,-6.389,-3.995849,2.393151,-3.5919057000000003,Gen 159 (Human)
MOL_H_00643,NC(=O)c1c(F)c(C(F)(F)F)nc(C(F)(F)F)c1C(F)(F)F,-7.162,-5.101876,2.060124,-3.5906868000000003,Gen 104 (Human)
MOL_H_00644,COc1c(F)c(C2CCC(C)C2C(=O)CC(C)C)nc(C)c1C(N)=O,-7.116,-5.037560000000002,2.078439999999998,-3.5897079999999986,Gen 45 (Human)
MOL_H_00645,CCCc1c(C(N)=O)nc(C2C(C)CCC2C(N)=O)c(Cl)c1C(F)(F)F,-7.148,-5.083502000000001,2.0644979999999986,-3.589548599999999,Gen 119 (Human)
MOL_H_00646,CCc1nc(C2C(C)CCC2C(=O)CC(C)C)c(Cl)c(C(N)=O)c1OC,-7.346,-5.367422000000002,1.978577999999998,-3.5888045999999987,Gen 21 (Human)
MOL_H_00647,Cc1c(CC(C)C)nc(-c2nc(C(N)=O)c(Cl)c(C)c2C)c(F)c1C,-7.705,-5.884631000000001,1.820369,-3.5857583,Gen 152 (Human)
MOL_H_00648,CCc1c(F)c(C(F)(F)F)nc(C)c1C1C(C)CCC1C(N)=O,-7.226,-5.200604000000001,2.025395999999999,-3.5855771999999995,Gen 122 (Human)
MOL_H_00649,CCCCc1c(C2CCC(C)C2C(N)=O)nc(C(N)=O)c(Cl)c1C(F)(F)F,-7.259,-5.248091000000001,2.010908999999999,-3.5853363,Gen 117 (Human)
MOL_H_00650,CCCC(C)c1nc(C(N)=O)c(F)c(C(F)(F)F)c1C1CCC(C)C1C(N)=O,-7.267,-5.2595800000000015,2.007419999999999,-3.585294,Gen 100 (Human)
MOL_H_00651,CCC1C(C)CCC1c1nc(C(N)=O)c(F)c(C)c1C,-7.089,-5.005451000000001,2.083549,-3.5851843000000003,Gen 150 (Human)
MOL_H_00652,Cc1c(C(N)=O)nc(-c2nc(C(C)C)c(C)c(C(F)(F)F)c2F)c(F)c1C,-7.765,-5.97395,1.7910499999999994,-3.583235,Gen 143 (Human)
MOL_H_00653,CCc1nc(-c2nc(C(N)=O)c(C)c(C(F)(F)F)c2F)c(Cl)c(C)c1C,-7.756,-5.962461,1.793539,-3.5822773000000003,Gen 161 (Human)
MOL_H_00654,CCc1nc(CC)c(C(N)=O)c(C(N)=O)c1F,-6.222,-3.771445,2.450555000000001,-3.581988500000001,Gen 131 (Human)
MOL_H_00655,CC(C)Cc1nc(C(N)=O)c(F)c(CC(C)C)c1C(N)=O,-6.612,-4.328931000000001,2.283069,-3.5817483,Gen 169 (Human)
MOL_H_00656,Cc1nc(C(N)=O)c(C)c(C(N)=O)c1F,-6.058,-3.537551,2.520449,-3.5817143,Gen 174 (Human)
MOL_H_00657,CCC(C)C(C)c1c(C2CCC(C)C2C(N)=O)nc(C(N)=O)c(F)c1C(F)(F)F,-7.343,-5.373734000000002,1.9692659999999984,-3.581386199999999,Gen 174 (Human)
MOL_H_00658,Cc1nc(C(N)=O)c(F)c(C(F)(F)F)c1C1CCC(C)C1C(C)C,-7.414,-5.476178000000002,1.937821999999998,-3.5806753999999987,Gen 115 (Human)
MOL_H_00659,CC(C)Cc1nc(C(N)=O)c(F)c(C(F)(F)F)c1C(F)(F)F,-7.179,-5.140993000000001,2.0380069999999995,-3.5803049,Gen 164 (Human)
MOL_H_00660,Cc1c(C(C)C)nc(-c2nc(C(N)=O)c(F)c(C(F)(F)F)c2C)c(F)c1C,-7.761,-5.97395,1.7870499999999998,-3.579235,Gen 154 (Human)
MOL_H_00661,CCC1C(C)CCC1c1nc(C)c(F)c(C2CCC(C)C2C(N)=O)c1C,-7.569,-5.700378000000002,1.8686219999999976,-3.5787353999999985,Gen 172 (Human)
MOL_H_00662,Cc1c(C2CCC(C)C2C(N)=O)nc(C(F)(F)F)c(F)c1CC(C)C,-7.414,-5.4793470000000015,1.9346529999999984,-3.5784570999999987,Gen 179 (Human)
MOL_H_00663,CCc1nc(C(N)=O)c(F)c(C(F)(F)F)c1C(F)(F)F,-6.981,-4.86225,2.1187499999999995,-3.577425,Gen 106 (Human)
MOL_H_00664,CCc1c(C)c(C2CCC(C)C2C(N)=O)nc(C(N)=O)c1Cl,-6.771,-4.562340000000001,2.208659999999999,-3.5773619999999995,Gen 127 (Human)
MOL_H_00665,CC(C)c1nc(C(N)=O)c(C(N)=O)c(C(C)C)c1F,-6.531,-4.2202530000000005,2.310746999999999,-3.5768229,Gen 169 (Human)
MOL_H_00666,CCc1nc(-c2nc(C3CCC(C)C3C(N)=O)c(F)c(C)c2C)c(C)c(C)c1F,-7.838,-6.087900000000001,1.7500999999999989,-3.57647,Gen 138 (Human)
MOL_H_00667,COC1CCC(C)C1c1c(C)nc(C)c(C(F)(F)F)c1C(N)=O,-7.101,-5.035694,2.065306,-3.5760142,Gen 12 (Human)
MOL_H_00668,Cc1nc(C(F)(F)F)c(F)c(C2C(C)CCC2C(N)=O)c1C(F)(F)F,-7.383,-5.4402300000000015,1.9427699999999983,-3.5748389999999994,Gen 24 (Human)
MOL_H_00669,COc1c(Cl)c(C2CCC(C)C2C(N)=O)nc(C)c1C(=O)C(C)C(C)C,-7.33,-5.364629000000002,1.9653709999999984,-3.574759699999999,Gen 28 (Human)
MOL_H_00670,Cc1nc(C2CCC(C)C2C(N)=O)c(Cl)c(C(F)(F)F)c1C(F)(F)F,-7.531,-5.653145000000002,1.8778549999999976,-3.5737984999999983,Gen 80 (Human)
MOL_H_00671,CCC1CCC(C)C1c1nc(C)c(F)c(C2CCC(C)C2C(N)=O)c1C,-7.564,-5.700378000000002,1.8636219999999977,-3.5737353999999986,Gen 183 (Human)
MOL_H_00672,Cc1c(-c2nc(C(N)=O)c(F)c(C)c2C)nc(CC(C)C)c(F)c1C,-7.542,-5.671716,1.870284,-3.5717988000000003,Gen 140 (Human)
MOL_H_00673,CCc1c(C)c(-c2nc(C)c(F)c(C3C(C)CCC3C(N)=O)c2C)nc(C)c1F,-7.832,-6.087900000000001,1.7440999999999989,-3.57047,Gen 176 (Human)
MOL_H_00674,Cc1c(C(F)(F)F)nc(C(N)=O)c(F)c1C1CCC(C)C1C(F)(F)F,-7.417,-5.495215000000002,1.921784999999998,-3.570349499999999,Gen 114 (Human)
MOL_H_00675,COc1nc(C)c(C(F)(F)F)c(C(N)=O)c1F,-6.572,-4.288101,2.283899,-3.5703293,Gen 20 (Human)
MOL_H_00676,Cc1c(C(F)(F)F)nc(C2C(C)CCC2C(N)=O)c(F)c1C(F)(F)F,-7.378,-5.4402300000000015,1.9377699999999989,-3.5698389999999995,Gen 112 (Human)
MOL_H_00677,CCc1c(OC)nc(C(N)=O)c(F)c1C(F)(F)F,-6.653,-4.405048,2.247952,-3.5694664,Gen 99 (Human)
MOL_H_00678,COc1c(Cl)c(C2C(C)CCC2C(F)(F)F)nc(C)c1C(N)=O,-7.245,-5.250928,1.994072,-3.5693504000000003,Gen 52 (Human)
MOL_H_00679,Cc1c(C2C(C)CCC2C(N)=O)nc(CC(C)C)c(F)c1C,-7.154,-5.1227740000000015,2.0312259999999984,-3.568058199999999,Gen 151 (Human)
MOL_H_00680,COc1c(C)nc(C(F)(F)F)c(C(=O)CC(C)C)c1C(N)=O,-6.892,-4.750542000000001,2.141457999999999,-3.5666206,Gen 28 (Human)
MOL_H_00681,CC(C)Cc1nc(C(F)(F)F)c(F)c(C(N)=O)c1C(N)=O,-6.569,-4.289814000000001,2.279186,-3.5661301999999995,Gen 153 (Human)
MOL_H_00682,Cc1c(C(C)C)nc(C(N)=O)c(F)c1C1CCC(C)C1C(F)(F)F,-7.4,-5.479993000000002,1.9200069999999985,-3.564004899999999,Gen 117 (Human)
MOL_H_00683,Cc1nc(C2C(C)CCC2C(F)(F)F)c(F)c(C(F)(F)F)c1C(N)=O,-7.41,-5.495215000000002,1.9147849999999984,-3.5633495,Gen 17 (Human)
MOL_H_00684,Cc1nc(C2CCC(C)C2c2nc(C(N)=O)c(C)c(C)c2F)c(C)c(C(F)(F)F)c1F,-8.257,-6.367496000000001,1.8895039999999987,-3.5632302499199984,Gen 142 (Human)
MOL_H_00685,Cc1nc(C(F)(F)F)c(C)c(C2CCC(C)C2c2c(C)c(C(N)=O)nc(C)c2F)c1F,-8.256,-6.367496000000001,1.8885039999999995,-3.562230249919999,Gen 174 (Human)
MOL_H_00686,Cc1nc(C2C(C)CCC2C(=O)CC(C)C)c(F)c(C(N)=O)c1OC(C)C,-7.318,-5.366178000000002,1.9518219999999973,-3.561675399999998,Gen 16 (Human)
MOL_H_00687,CC(C)c1c(C(N)=O)nc(C(N)=O)c(F)c1C(C)C,-6.515,-4.220253000000001,2.2947469999999983,-3.560822899999999,Gen 149 (Human)
MOL_H_00688,Cc1nc(-c2nc(C3CCC(C)C3C(N)=O)c(C)c(C)c2F)c(C)c(C(C)C)c1F,-8.111,-6.312304000000001,1.7986959999999996,-3.56067425792,Gen 163 (Human)
MOL_H_00689,CCc1nc(-c2nc(C(N)=O)c(F)c(C)c2C)c(F)c(C)c1C,-7.335,-5.392973,1.9420270000000004,-3.5599189000000004,Gen 160 (Human)
MOL_H_00690,Cc1c(CC(C)C)nc(C(N)=O)c(F)c1C(F)(F)F,-6.909,-4.784420000000001,2.124579999999999,-3.559906,Gen 164 (Human)
MOL_H_00691,CCCC(C)Oc1c(C)nc(C(F)(F)F)c(C(F)(F)F)c1C(N)=O,-7.307,-5.3538060000000005,1.953194,-3.5593358000000004,Gen 73 (Human)
MOL_H_00692,CCc1nc(C(N)=O)c(F)c(C(F)(F)F)c1C,-6.713,-4.505677,2.207323,-3.5590261,Gen 124 (Human)
MOL_H_00693,CCOc1c(F)c(C(F)(F)F)nc(C)c1C(N)=O,-6.675,-4.45269,2.22231,-3.558117,Gen 7 (Human)
MOL_H_00694,CCC(C)Oc1c(C)nc(C(F)(F)F)c(F)c1C(N)=O,-6.905,-4.781308,2.123692,-3.5580844000000003,Gen 11 (Human)
MOL_H_00695,CCc1nc(-c2nc(C(N)=O)c(Cl)c(C)c2C)c(F)c(C(F)(F)F)c1C,-7.731,-5.962461,1.7685389999999996,-3.5572773,Gen 161 (Human)
MOL_H_00696,CCc1nc(C(N)=O)c(C)c(C(N)=O)c1F,-6.115,-3.654498,2.4605020000000004,-3.5568514000000007,Gen 136 (Human)
MOL_H_00697,Cc1nc(C(=O)CC(C)C)c(Cl)c(C(F)(F)F)c1C1CCC(C)C1C(N)=O,-7.552,-5.707677000000002,1.8443229999999973,-3.5566260999999986,Gen 23 (Human)
MOL_H_00698,CCCCc1nc(C2CCC(C)C2C(N)=O)c(CC)c(C(N)=O)c1Cl,-7.062,-5.008465000000001,2.0535349999999992,-3.5560745,Gen 177 (Human)
MOL_H_00699,Cc1c(C(N)=O)nc(-c2nc(C(F)(F)F)c(C)c(C)c2F)c(F)c1C,-7.498,-5.632599000000001,1.865401,-3.5551807,Gen 142 (Human)
MOL_H_00700,Cc1c(-c2nc(C(F)(F)F)c(Cl)c(C)c2C)nc(C(N)=O)c(Cl)c1C,-7.796,-6.058429,1.737571,-3.5550997000000004,Gen 132 (Human)
MOL_H_00701,COc1c(-c2c(F)c(C(N)=O)nc(C)c2C(F)(F)F)ccnc1C,-7.272,-5.311304,1.9606960000000004,-3.554087200000001,Gen 5 (Human)
MOL_H_00702,CCc1nc(-c2nc(C(N)=O)c(C)c(C)c2Cl)c(C)c(C(F)(F)F)c1F,-7.726,-5.962461,1.7635389999999995,-3.5522773,Gen 161 (Human)
MOL_H_00703,CCc1c(C2CCC(C)C2C(N)=O)nc(C2C(C)CCC2C(N)=O)c(Cl)c1CC,-7.312,-5.374214000000002,1.9377859999999985,-3.550050199999999,Gen 172 (Human)
MOL_H_00704,Cc1nc(C(F)(F)F)c(F)c(C(N)=O)c1C1C(C)CCC1C(F)(F)F,-7.395,-5.495215000000002,1.8997849999999976,-3.5483494999999987,Gen 29 (Human)
MOL_H_00705,CCc1c(F)c(C(C)C)nc(C(N)=O)c1C(F)(F)F,-6.94,-4.847028000000001,2.092972,-3.5470804,Gen 156 (Human)
MOL_H_00706,CCc1nc(-c2nc(C(N)=O)c(C)c(C)c2Cl)c(F)c(C(F)(F)F)c1C,-7.72,-5.962461,1.7575389999999995,-3.5462773,Gen 161 (Human)
MOL_H_00707,Cc1c(-c2c(C)c(C(N)=O)nc(C(F)(F)F)c2F)nc(C(F)(F)F)c(Cl)c1C,-7.901,-6.202087000000001,1.6989129999999992,-3.5459738221549992,Gen 130 (Human)
MOL_H_00708,CCCc1c(C2CCC(C)C2C(N)=O)nc(C2CCC(C)C2C(N)=O)c(Cl)c1C,-7.341,-5.421856000000003,1.9191439999999973,-3.5457007999999988,Gen 175 (Human)
MOL_H_00709,CCc1nc(-c2nc(C(F)(F)F)c(C)c(C(N)=O)c2F)c(F)c(C)c1C,-7.569,-5.7495460000000005,1.819454,-3.5443178,Gen 173 (Human)
MOL_H_00710,CCc1c(C)c(C(F)(F)F)nc(C2C(C)CCC2C(N)=O)c1F,-7.184,-5.200604000000001,1.983395999999999,-3.5435772,Gen 127 (Human)
MOL_H_00711,Cc1c(C(F)(F)F)nc(-c2nc(C(F)(F)F)c(C)c(C(N)=O)c2F)c(Cl)c1C,-7.898,-6.202087000000001,1.6959129999999991,-3.542973822154999,Gen 167 (Human)
MOL_H_00712,Cc1c(Cl)c(C(N)=O)nc(C2CCC(C)C2C(N)=O)c1C(C)C,-6.892,-4.786744000000001,2.105255999999999,-3.5412791999999995,Gen 134 (Human)
MOL_H_00713,COc1nc(C)c(C(F)(F)F)c(C(F)(F)F)c1C(N)=O,-6.828,-4.69601,2.13199,-3.5407930000000003,Gen 27 (Human)
MOL_H_00714,COc1nc(C(N)=O)c(F)c(C(F)(F)F)c1C(F)(F)F,-6.792,-4.644674,2.147326,-3.5407282,Gen 99 (Human)
MOL_H_00715,CCc1c(C)c(C2C(C)CCC2C(N)=O)nc(C(F)(F)F)c1F,-7.181,-5.200604000000001,1.980395999999999,-3.5405771999999995,Gen 124 (Human)
MOL_H_00716,COc1nc(OC)c(C(F)(F)F)c(C(N)=O)c1F,-6.471,-4.1874720000000005,2.283528,-3.5397696,Gen 103 (Human)
MOL_H_00717,COc1nc(C(F)(F)F)c(F)c(C(N)=O)c1C(F)(F)F,-6.791,-4.644674,2.146326,-3.5397282000000003,Gen 103 (Human)
MOL_H_00718,CC(C)c1nc(C(N)=O)c(F)c(C(F)(F)F)c1C(F)(F)F,-7.1,-5.086654000000001,2.0133459999999985,-3.539342199999999,Gen 119 (Human)
MOL_H_00719,CCc1nc(-c2c(C)c(C3CCC(C)C3C(N)=O)nc(C)c2F)c(C)c(C)c1F,-7.8,-6.087900000000001,1.7120999999999986,-3.53847,Gen 183 (Human)
MOL_H_00720,COc1c(C)nc(C2C(C)CCC2C(N)=O)c(Cl)c1C(=O)CC(C)C,-7.213,-5.250475000000002,1.9625249999999983,-3.537667499999999,Gen 61 (Human)
MOL_H_00721,Cc1nc(C2C(C)CCC2C(F)(F)F)c(Cl)c(C(N)=O)c1C(F)(F)F,-7.532,-5.708130000000002,1.8238699999999977,-3.536308999999999,Gen 42 (Human)
MOL_H_00722,Cc1c(C(N)=O)nc(C(N)=O)c(F)c1C1C(C)CCC1CC(C)C,-6.889,-4.789588000000001,2.099411999999999,-3.5362884,Gen 145 (Human)
MOL_H_00723,Cc1c(C(N)=O)nc(-c2nc(CC(C)C)c(C)c(C(F)(F)F)c2F)c(F)c1C,-7.756,-6.028289,1.7277110000000002,-3.5361977000000007,Gen 164 (Human)
MOL_H_00724,COc1c(C)nc(C)c(C2CC2)c1-c1c(F)c(C(N)=O)nc(C)c1C(F)(F)F,-7.62,-5.834525000000001,1.785474999999999,-3.5358325,Gen 7 (Human)
MOL_H_00725,CC(C)c1nc(C(F)(F)F)c(F)c(C(F)(F)F)c1C(N)=O,-7.096,-5.086654000000001,2.009345999999999,-3.5353422,Gen 115 (Human)
MOL_H_00726,CCc1c(C)nc(C(N)=O)c(F)c1C(F)(F)F,-6.689,-4.505677,2.183323,-3.5350261,Gen 107 (Human)
MOL_H_00727,CCc1c(C)c(C2CCC(C)C2C(N)=O)nc(C(F)(F)F)c1F,-7.174,-5.200604000000001,1.973396,-3.5335772,Gen 124 (Human)
MOL_H_00728,Cc1nc(C2CCC(C)C2C(N)=O)c(F)c(C(N)=O)c1C(C)C,-6.734,-4.573829000000001,2.160170999999999,-3.5323196999999995,Gen 121 (Human)
MOL_H_00729,CC(C)Cc1c(F)c(C(N)=O)nc(C(C)C)c1C(N)=O,-6.524,-4.274592,2.249408,-3.5317856,Gen 141 (Human)
MOL_H_00730,CC(C)c1c(C(N)=O)nc(C(N)=O)c(Cl)c1C1C(C)CCC1C(F)(F)F,-7.17,-5.198302000000002,1.9716979999999984,-3.531188599999999,Gen 115 (Human)
MOL_H_00731,COc1c(C)nc(C2C(C)CCC2OC)c(Cl)c1C(N)=O,-6.849,-4.740071,2.108929,-3.5309503,Gen 34 (Human)
MOL_H_00732,Cc1nc(C2C(C)CCC2C(N)=O)c(F)c(C(F)(F)F)c1C(F)(F)F,-7.339,-5.4402300000000015,1.898769999999999,-3.530839,Gen 22 (Human)
MOL_H_00733,Cc1c(-c2nc(C(N)=O)c(Cl)c(C)c2C)nc(CC(C)C)c(F)c1C,-7.65,-5.884631000000001,1.7653689999999995,-3.5307583000000005,Gen 152 (Human)
MOL_H_00734,CCCCc1c(C(F)(F)F)nc(C2CCC(C)C2C(N)=O)c(F)c1C(N)=O,-7.055,-5.035176000000001,2.019823999999999,-3.5303767999999995,Gen 125 (Human)
MOL_H_00735,CCc1c(C2CCC(C)C2C(N)=O)nc(C2CCC(C)C2C(N)=O)c(Cl)c1C,-7.21,-5.257267000000001,1.952733,-3.5299131,Gen 141 (Human)
MOL_H_00736,Cc1nc(C(C)C)c(C)c(-c2nc(C(N)=O)c(F)c(C(F)(F)F)c2C)c1F,-7.711,-5.97395,1.73705,-3.529235,Gen 155 (Human)
MOL_H_00737,CCCOc1c(C)nc(C(F)(F)F)c(F)c1C(N)=O,-6.761,-4.617279,2.143721,-3.5289047000000004,Gen 10 (Human)
MOL_H_00738,COc1c(F)c(C(F)(F)F)nc(C)c1C1CCC(C)C1C(N)=O,-7.017,-4.983028,2.0339720000000003,-3.5288804000000007,Gen 22 (Human)
MOL_H_00739,Cc1c(C2C(C)CCC2C(N)=O)nc(C2C(C)CCC2C(F)(F)F)c(F)c1C,-7.612,-5.833569000000002,1.7784309999999977,-3.5285016999999987,Gen 139 (Human)
MOL_H_00740,Cc1nc(C(=O)CC(C)C)c(C(F)(F)F)c(C(N)=O)c1C(F)(F)F,-7.173,-5.207744000000001,1.9652559999999992,-3.5275792,Gen 38 (Human)
MOL_H_00741,COc1c(C)ncc(C(F)(F)F)c1-c1c(F)c(C(N)=O)nc(C)c1C(F)(F)F,-7.59,-5.803878000000001,1.7861219999999989,-3.5272854,Gen 6 (Human)
MOL_H_00742,CCc1nc(C(N)=O)c(Cl)c(C(F)(F)F)c1C1CCC(C)C1C(N)=O,-6.97,-4.918913000000001,2.051086999999999,-3.5267609,Gen 98 (Human)
MOL_H_00743,CCC(C)c1c(C2CCC(C)C2C(N)=O)nc(C(N)=O)c(Cl)c1C(F)(F)F,-7.241,-5.307906000000002,1.9330939999999976,-3.5254657999999988,Gen 113 (Human)
MOL_H_00744,CCC(c1c(C2CCC(C)C2C(N)=O)nc(C(N)=O)c(Cl)c1C(F)(F)F)C(C)C,-7.436,-5.586649000000002,1.8493509999999973,-3.5253456999999986,Gen 144 (Human)
MOL_H_00745,Cc1c(C2CCC(C)C2c2nc(C(N)=O)c(F)c(C)c2C)nc(C(F)(F)F)c(F)c1C,-8.219,-6.367496000000001,1.8515039999999985,-3.525230249919998,Gen 148 (Human)
MOL_H_00746,CCc1nc(C(N)=O)c(Cl)c(C(F)(F)F)c1C1C(C)CCC1C(N)=O,-6.967,-4.918913000000001,2.048086999999999,-3.523760899999999,Gen 98 (Human)
MOL_H_00747,Cc1nc(C2CCC(C)C2C(F)(F)F)c(F)c(C(N)=O)c1C(F)(F)F,-7.369,-5.495215000000002,1.873784999999998,-3.522349499999999,Gen 45 (Human)
MOL_H_00748,Cc1c(C(F)(F)F)nc(CC(C)C)c(F)c1C1C(C)CCC1C(N)=O,-7.356,-5.4793470000000015,1.8766529999999984,-3.520457099999999,Gen 180 (Human)
MOL_H_00749,COc1c(C)ncc(F)c1-c1c(F)c(C(N)=O)nc(C)c1C(F)(F)F,-7.297,-5.395968999999999,1.9010310000000008,-3.5198217000000005,Gen 6 (Human)
MOL_H_00750,Cc1c(-c2c(C)c(CC(C)C)nc(C(N)=O)c2F)nc(C(F)(F)F)c(F)c1C,-7.739,-6.028289,1.710711,-3.5191977000000003,Gen 182 (Human)
MOL_H_00751,Cc1c(CC(C)C)nc(-c2nc(C3C(C)CCC3C(N)=O)c(F)c(C)c2C)c(F)c1C,-8.21,-6.366643000000002,1.8433569999999992,-3.518678952754997,Gen 168 (Human)
MOL_H_00752,CCc1nc(C(F)(F)F)c(F)c(-c2nc(C(N)=O)c(Cl)c(C)c2C)c1C,-7.692,-5.962461000000001,1.729538999999999,-3.5182772999999994,Gen 161 (Human)
MOL_H_00753,Cc1c(C(N)=O)nc(-c2nc(C3C(C)CCC3C(F)(F)F)c(C)c(C)c2F)c(F)c1C,-8.256,-6.382511000000001,1.8734889999999995,-3.517935474395,Gen 179 (Human)
MOL_H_00754,CCOc1cc(C2CCC(C)C2C(=O)C(C)C(C)C)nc(C)c1C(N)=O,-7.18,-5.231638000000002,1.9483619999999977,-3.5178533999999986,Gen 9 (Human)
MOL_H_00755,CCCc1nc(C(F)(F)F)c(F)c(C(F)(F)F)c1C1C(C)CCC1C(N)=O,-7.523,-5.7217660000000015,1.8012339999999982,-3.517763799999999,Gen 32 (Human)
MOL_H_00756,CCc1c(C)c(-c2nc(C3C(C)CCC3C(N)=O)c(F)c(C)c2C)nc(C)c1F,-7.779,-6.087900000000001,1.6910999999999987,-3.5174699999999994,Gen 175 (Human)
MOL_H_00757,CCOc1c(Cl)c(C(F)(F)F)nc(C)c1C(N)=O,-6.783,-4.665605,2.117395,-3.5170765000000004,Gen 8 (Human)
MOL_H_00758,Cc1nc(C2CCC(C)C2C(F)(F)F)c(Cl)c(C(N)=O)c1OCC(C)C,-7.502,-5.694260000000003,1.8077399999999963,-3.5160179999999976,Gen 26 (Human)
MOL_H_00759,CCCc1c(C2CCC(C)C2C(N)=O)nc(C(N)=O)c(Cl)c1C,-6.824,-4.726929000000001,2.097070999999999,-3.5151497,Gen 137 (Human)
MOL_H_00760,COC1CCC(C)C1c1nc(C)c(C(F)(F)F)c(C(N)=O)c1F,-7.004,-4.984357999999999,2.019642,-3.5149494000000003,Gen 51 (Human)
MOL_H_00761,CCc1nc(-c2nc(C3C(C)CCC3C(N)=O)c(C)c(C)c2F)c(C)c(C)c1Cl,-8.039,-6.300815000000002,1.738184999999998,-3.514703678874996,Gen 162 (Human)
MOL_H_00762,Cc1c(C2CCC(C)C2C(N)=O)nc(C(N)=O)c(Cl)c1C,-6.626,-4.445393,2.180607,-3.5142249000000003,Gen 127 (Human)
MOL_H_00763,COc1c(C)ncc(C)c1-c1c(F)c(C(N)=O)nc(C)c1C(F)(F)F,-7.327,-5.447305,1.879695,-3.5138865000000004,Gen 6 (Human)
MOL_H_00764,CCc1nc(C)c(F)c(-c2nc(C(N)=O)c(F)c(C(F)(F)F)c2C)c1C,-7.538,-5.749546,1.7884540000000009,-3.513317800000001,Gen 155 (Human)
MOL_H_00765,CCc1nc(-c2nc(C(F)(F)F)c(F)c(C(N)=O)c2C)c(F)c(C)c1C,-7.537,-5.7495460000000005,1.7874539999999994,-3.5123178,Gen 173 (Human)
MOL_H_00766,Cc1nc(C(=O)CC(C)C)c(F)c(C(N)=O)c1C1C(C)CCC1C(F)(F)F,-7.397,-5.549747000000002,1.8472529999999985,-3.5121771,Gen 23 (Human)
MOL_H_00767,CCc1nc(C(F)(F)F)c(F)c(-c2nc(C(N)=O)c(C)c(C)c2F)c1C,-7.535,-5.7495460000000005,1.7854539999999997,-3.5103178,Gen 147 (Human)
MOL_H_00768,CCCc1c(C2CCC(C)C2C(N)=O)nc(C2C(C)CCC2C(N)=O)c(Cl)c1C,-7.305,-5.421856000000003,1.883143999999997,-3.5097007999999983,Gen 130 (Human)
MOL_H_00769,COc1c(Cl)c(C(=O)CC(C)C)nc(C)c1C1C(C)CCC1C(N)=O,-7.185,-5.250475000000002,1.9345249999999967,-3.509667499999998,Gen 61 (Human)
MOL_H_00770,Cc1c(C(N)=O)nc(C(F)(F)F)c(F)c1C1C(C)CCC1C(F)(F)F,-7.354,-5.495215000000002,1.8587849999999984,-3.5073494999999992,Gen 111 (Human)
MOL_H_00771,COC1CCC(C)C1c1c(C)nc(C(=O)CC(C)C)c(F)c1C(N)=O,-7.034,-5.038890000000001,1.9951099999999984,-3.506776999999999,Gen 23 (Human)
MOL_H_00772,Cc1nc(C2C(C)CCC2C(N)=O)c(Cl)c(C(F)(F)F)c1C(F)(F)F,-7.463,-5.653145000000002,1.809854999999998,-3.5057984999999987,Gen 61 (Human)
MOL_H_00773,CCCc1c(C2CCC(C)C2C(N)=O)nc(CC(C)C)c(Cl)c1C(N)=O,-7.091,-5.122619000000001,1.968380999999999,-3.5051667,Gen 142 (Human)
MOL_H_00774,CC(C)Cc1c(F)c(C(C)C)nc(C(N)=O)c1C(N)=O,-6.496,-4.274592,2.2214080000000003,-3.5037856000000005,Gen 169 (Human)
MOL_H_00775,Cc1c(C2CCC(C)C2C(C)C)nc(C(N)=O)c(F)c1C(F)(F)F,-7.336,-5.476178000000002,1.8598219999999983,-3.5026754,Gen 113 (Human)
MOL_H_00776,CCCCc1c(C2CCC(C)C2C(N)=O)nc(C2CCC(C)C2C(N)=O)c(F)c1C,-7.264,-5.373530000000002,1.8904699999999977,-3.5025289999999987,Gen 182 (Human)
MOL_H_00777,COC1CCC(C)C1c1nc(C)c(C(N)=O)c(C(F)(F)F)c1F,-6.99,-4.984357999999999,2.005642000000001,-3.500949400000001,Gen 17 (Human)
MOL_H_00778,COc1c(C)nc(C2C(C)CCC2C(N)=O)c(Cl)c1C(F)(F)F,-7.138,-5.195943000000001,1.942057,-3.5008399,Gen 61 (Human)
MOL_H_00779,CC(C)Cc1nc(C(F)(F)F)c(C(N)=O)c(C(N)=O)c1F,-6.503,-4.289814000000001,2.2131859999999994,-3.5001302,Gen 169 (Human)
MOL_H_00780,Cc1c(C(N)=O)nc(-c2nc(C(C)C)c(C)c(C)c2F)c(F)c1C,-7.431,-5.617377000000001,1.8136229999999989,-3.4988361,Gen 143 (Human)
MOL_H_00781,Cc1nc(C(F)(F)F)c(Cl)c(C(F)(F)F)c1C1CCC(C)C1C(N)=O,-7.456,-5.653145000000002,1.8028549999999983,-3.498798499999999,Gen 33 (Human)
MOL_H_00782,COc1nc(C)c(C(N)=O)c(C(F)(F)F)c1C(F)(F)F,-6.786,-4.69601,2.08999,-3.498793,Gen 27 (Human)
MOL_H_00783,CCc1c(F)c(C(N)=O)nc(C(C)C)c1C(N)=O,-6.294,-3.995849,2.2981509999999994,-3.4969057,Gen 141 (Human)
MOL_H_00784,CCc1c(F)c(C(N)=O)nc(C)c1C(F)(F)F,-6.65,-4.505677,2.144323,-3.4960261000000004,Gen 10 (Human)
MOL_H_00785,Cc1c(C(N)=O)nc(C2C(C)CCC2C(F)(F)F)c(Cl)c1C,-7.242,-5.3515570000000015,1.8904429999999983,-3.4959100999999992,Gen 130 (Human)
MOL_H_00786,Cc1c(-c2nc(C(C)C)c(C)c(C(F)(F)F)c2F)nc(C(N)=O)c(Cl)c1C,-7.833,-6.186865,1.646135,-3.4953993588750008,Gen 158 (Human)
MOL_H_00787,COc1c(C)nc(C(N)=O)c(F)c1C(F)(F)F,-6.497,-4.288101,2.208899,-3.4953293,Gen 13 (Human)
MOL_H_00788,COC1CCC(C)C1c1c(C)nc(C(N)=O)c(F)c1C(=O)CC(C)C,-7.021,-5.038890000000001,1.9821099999999987,-3.4937769999999992,Gen 48 (Human)
MOL_H_00789,Cc1nc(C2CCC(C)C2C(N)=O)c(F)c(OCC(C)C)c1C(=O)CC(C)C,-7.33,-5.480892000000002,1.8491079999999984,-3.4933756,Gen 59 (Human)
MOL_H_00790,CCc1nc(C2C(C)CCC2C(N)=O)c(C)c(C)c1F,-6.884,-4.844031000000001,2.039969,-3.4931783,Gen 179 (Human)
MOL_H_00791,COc1c(C)nc(C(F)(F)F)c(F)c1C1CCC(C)C1C(N)=O,-6.981,-4.983028,1.997972,-3.4928804,Gen 29 (Human)
MOL_H_00792,CCC(C)CCc1nc(C2CCC(C)C2C(N)=O)c(C)c(C(N)=O)c1F,-6.963,-4.957346,2.005654,-3.4928578,Gen 143 (Human)
MOL_H_00793,COc1nc(C)c(C2C(C)CCC2C(=O)CC(C)C)c(C(N)=O)c1F,-7.018,-5.037560000000002,1.980439999999998,-3.4917079999999987,Gen 20 (Human)
MOL_H_00794,CCC(C)Oc1c(C)nc(C2C(C)CCC2C(=O)CC(C)C)c(F)c1C(N)=O,-7.363,-5.530767000000002,1.832232999999999,-3.4914631,Gen 54 (Human)
MOL_H_00795,Cc1c(C2C(C)CCC2c2nc(C(F)(F)F)c(C)c(C)c2F)nc(C(N)=O)c(F)c1C,-8.185,-6.367496000000001,1.817504,-3.491230249919999,Gen 167 (Human)
MOL_H_00796,CCc1c(C)c(-c2nc(C)c(F)c(C3CCC(C)C3C(N)=O)c2C)nc(C)c1F,-7.752,-6.087900000000001,1.6640999999999986,-3.4904699999999997,Gen 183 (Human)
MOL_H_00797,Cc1c(C(F)(F)F)nc(-c2c(C)c(C(N)=O)nc(C(F)(F)F)c2F)c(Cl)c1C,-7.845,-6.202087000000001,1.6429129999999992,-3.489973822154999,Gen 166 (Human)
MOL_H_00798,CCCOc1c(C)nc(C2C(C)CCC2C(F)(F)F)c(F)c1C(N)=O,-7.247,-5.367191000000001,1.879808999999999,-3.4899662999999994,Gen 19 (Human)
MOL_H_00799,COc1c(Cl)c(C2CCC(C)C2C(N)=O)nc(C)c1C(F)(F)F,-7.127,-5.195943,1.931057,-3.4898399,Gen 50 (Human)
MOL_H_00800,CCC1C(C)CCC1c1nc(C2C(C)CCC2C(N)=O)c(C)c(C)c1F,-7.48,-5.700378000000002,1.779621999999998,-3.489735399999999,Gen 172 (Human)
MOL_H_00801,Cc1nc(C(F)(F)F)c(C)c(-c2c(C)c(C(N)=O)nc(C(F)(F)F)c2F)c1F,-7.682,-5.989172,1.6928280000000004,-3.489579600000001,Gen 165 (Human)
MOL_H_00802,COc1c(C)nc(C2CCC(C)C2C(F)(F)F)c(Cl)c1C(N)=O,-7.165,-5.250928000000001,1.914071999999999,-3.4893504,Gen 18 (Human)
MOL_H_00803,Cc1nc(CC(C)C)c(C)c(-c2nc(C(N)=O)c(F)c(C)c2C)c1F,-7.459,-5.671716,1.7872839999999997,-3.4887988,Gen 184 (Human)
MOL_H_00804,Cc1c(C(N)=O)nc(C(C)C)c(F)c1C(N)=O,-6.204,-3.878902,2.325098,-3.4887686,Gen 145 (Human)
MOL_H_00805,Cc1nc(C(N)=O)c(C)c(-c2nc(C(F)(F)F)c(F)c(C(F)(F)F)c2C)c1F,-7.681,-5.989172,1.691828,-3.4885796000000004,Gen 155 (Human)
MOL_H_00806,CCc1nc(OC)c(OC)c(C(N)=O)c1F,-6.252,-3.947846,2.304154,-3.4885078000000003,Gen 103 (Human)
MOL_H_00807,Cc1c(C(N)=O)nc(C(F)(F)F)c(F)c1C(F)(F)F,-6.809,-4.745303,2.0636970000000003,-3.487287900000001,Gen 111 (Human)
MOL_H_00808,CCc1nc(C(N)=O)c(F)c(C(N)=O)c1CC,-6.127,-3.771445,2.3555550000000003,-3.4869885000000003,Gen 129 (Human)
MOL_H_00809,CCC1C(C)CCC1c1nc(-c2nc(C)c(F)c(C(N)=O)c2C)c(C)c(C)c1F,-7.91,-6.249320000000001,1.6606799999999993,-3.486153688,Gen 172 (Human)
MOL_H_00810,Cc1c(C(N)=O)nc(-c2nc(C(C)C)c(F)c(C(F)(F)F)c2C)c(F)c1C,-7.667,-5.97395,1.6930499999999995,-3.4852349999999994,Gen 143 (Human)
MOL_H_00811,COC1C(C)CCC1OC1C(C)CCC1C(N)=O,-6.234,-3.926841,2.307159,-3.4852113,Gen 21 (Human)
MOL_H_00812,Cc1c(C(N)=O)nc(-c2nc(CC(C)C)c(F)c(C)c2C)c(Cl)c1C,-7.604,-5.884631000000001,1.7193689999999997,-3.4847583,Gen 181 (Human)
MOL_H_00813,COc1c(C(=O)CC(C)C)c(C(N)=O)nc(C)c1C(F)(F)F,-6.81,-4.750542,2.059458,-3.4846205999999995,Gen 28 (Human)
MOL_H_00814,Cc1nc(C(N)=O)c(F)c(-c2nc(C(F)(F)F)c(F)c(C)c2C)c1C(F)(F)F,-7.677,-5.989172,1.6878279999999997,-3.4845796,Gen 134 (Human)
MOL_H_00815,Cc1c(C2C(C)CCC2C(N)=O)nc(C2CCC(C)C2C(N)=O)c(F)c1C,-6.933,-4.927405000000001,2.0055949999999987,-3.483816499999999,Gen 133 (Human)
MOL_H_00816,CC(C)Cc1c(C(N)=O)nc(C(C)C)c(F)c1C(N)=O,-6.476,-4.274592,2.201408,-3.4837856,Gen 169 (Human)
MOL_H_00817,COc1c(C)nc(C2CCC(C)C2C(N)=O)c(F)c1C(F)(F)F,-6.971,-4.983028,1.987972,-3.4828804000000004,Gen 20 (Human)
MOL_H_00818,CCC1CCC(C)C1c1nc(C2C(C)CCC2C(N)=O)c(C)c(C)c1F,-7.473,-5.700378000000002,1.7726219999999977,-3.4827353999999984,Gen 179 (Human)
MOL_H_00819,Cc1nc(C(N)=O)c(F)c(C2C(C)CCC2C(=O)CC(C)C)c1C(F)(F)F,-7.327,-5.494762000000002,1.8322379999999976,-3.4806665999999984,Gen 31 (Human)
MOL_H_00820,Cc1nc(C2CCC(C)C2C(F)(F)F)c(F)c(C(F)(F)F)c1C(N)=O,-7.327,-5.495215000000002,1.8317849999999984,-3.480349499999999,Gen 22 (Human)
MOL_H_00821,Cc1c(-c2c(C)c(C(F)(F)F)nc(C(N)=O)c2F)nc(C(C)C)c(F)c1C,-7.662,-5.97395,1.6880499999999996,-3.4802349999999995,Gen 149 (Human)
MOL_H_00822,CC(C)c1c(C(F)(F)F)nc(C(N)=O)c(F)c1C(F)(F)F,-7.04,-5.086654,1.953346,-3.4793422,Gen 119 (Human)
MOL_H_00823,Cc1nc(C(N)=O)c(Cl)c(C2C(C)CCC2C(F)(F)F)c1C(F)(F)F,-7.475,-5.708130000000002,1.7668699999999973,-3.4793089999999984,Gen 52 (Human)
MOL_H_00824,CCC(C(=O)c1nc(C)c(C2C(C)CCC2C(N)=O)c(C(F)(F)F)c1F)C(C)C,-7.52,-5.773505000000002,1.7464949999999977,-3.4785464999999984,Gen 97 (Human)
MOL_H_00825,Cc1nc(C2C(C)CCC2C(F)(F)F)c(F)c(C(N)=O)c1OC(C)C,-7.235,-5.366631000000002,1.8683689999999984,-3.4783583,Gen 19 (Human)
MOL_H_00826,CCCc1c(C(N)=O)nc(C(F)(F)F)c(F)c1C1CCC(C)C1C(N)=O,-6.887,-4.870587,2.016412999999999,-3.4775890999999994,Gen 114 (Human)
MOL_H_00827,Cc1c(-c2c(C)c(C(N)=O)nc(C(F)(F)F)c2F)nc(C(F)(F)F)c(F)c1C,-7.668,-5.989172,1.6788280000000002,-3.4755796000000005,Gen 133 (Human)
MOL_H_00828,Cc1nc(C)c(C2CCC(C)C2C(F)(F)F)c(C(N)=O)c1OC(C)C,-7.268,-5.417967000000003,1.8500329999999967,-3.475423099999998,Gen 16 (Human)
MOL_H_00829,CCc1c(C)c(C2C(C)CCC2C(N)=O)nc(CC(C)C)c1F,-7.143,-5.239721000000001,1.9032789999999984,-3.4751953,Gen 180 (Human)
MOL_H_00830,COc1c(Cl)c(C2CCC(C)C2OC)nc(C)c1C(N)=O,-6.792,-4.740071,2.0519289999999994,-3.4739503,Gen 77 (Human)
MOL_H_00831,Cc1c(CC(C)C)nc(-c2nc(C(N)=O)c(F)c(CC(C)C)c2C)c(F)c1C,-7.721,-6.067406000000002,1.6535939999999982,-3.473815799999999,Gen 168 (Human)
MOL_H_00832,COc1c(C)nc(C2C(C)CCC2C(=O)CC(C)C)c(Cl)c1C(N)=O,-7.149,-5.250475000000002,1.8985249999999985,-3.473667499999999,Gen 16 (Human)
MOL_H_00833,Cc1c(C(F)(F)F)nc(C(N)=O)c(F)c1C,-6.545,-4.388730000000001,2.1562699999999992,-3.4728889999999994,Gen 167 (Human)
MOL_H_00834,CC(C)Cc1c(F)c(C(N)=O)nc(C(F)(F)F)c1C(F)(F)F,-7.071,-5.140993000000001,1.930006999999999,-3.4723049,Gen 176 (Human)
MOL_H_00835,CCC(C)c1nc(C2CCC(C)C2C(N)=O)c(C)c(C(N)=O)c1Cl,-6.937,-4.951333000000001,1.985667,-3.4710669,Gen 160 (Human)
MOL_H_00836,Cc1nc(C(N)=O)c(F)c(C(F)(F)F)c1C(C)C,-6.782,-4.730081000000001,2.051918999999999,-3.4709433,Gen 120 (Human)
MOL_H_00837,Cc1c(C2CCC(C)C2C(F)(F)F)nc(C2CCC(C)C2C(N)=O)c(F)c1C,-7.554,-5.833569000000002,1.7204309999999978,-3.470501699999999,Gen 148 (Human)
MOL_H_00838,COc1c(C)nc(C(N)=O)c(C(F)(F)F)c1C(F)(F)F,-6.757,-4.69601,2.0609899999999994,-3.469793,Gen 38 (Human)
MOL_H_00839,CCCc1c(C)c(C2CCC(C)C2C(N)=O)nc(C2CCC(C)C2C(N)=O)c1Cl,-7.264,-5.421856000000002,1.8421439999999984,-3.4687008,Gen 182 (Human)
MOL_H_00840,CCc1nc(C(N)=O)c(F)c(C(F)(F)F)c1CC,-6.704,-4.622624,2.081376,-3.4681632,Gen 107 (Human)
MOL_H_00841,CCCOc1c(C)nc(C2CCC(C)C2C(F)(F)F)c(F)c1C(N)=O,-7.225,-5.367191000000001,1.8578089999999987,-3.467966299999999,Gen 16 (Human)
MOL_H_00842,Cc1nc(C2CCC(C)C2C(C)C)c(F)c(C(N)=O)c1C(F)(F)F,-7.301,-5.476178000000002,1.8248219999999984,-3.467675399999999,Gen 121 (Human)
MOL_H_00843,Cc1c(-c2nc(C(F)(F)F)c(C)c(C(N)=O)c2F)nc(C(F)(F)F)c(F)c1C,-7.66,-5.989172,1.6708280000000002,-3.4675796000000005,Gen 137 (Human)
MOL_H_00844,CCc1c(C)c(-c2nc(C(F)(F)F)c(F)c(C)c2C)nc(C(N)=O)c1F,-7.492,-5.7495460000000005,1.7424539999999995,-3.4673178,Gen 137 (Human)
MOL_H_00845,Cc1c(C(N)=O)nc(C2C(C)CCC2C(F)(F)F)c(F)c1C,-7.064,-5.138642000000002,1.9253579999999983,-3.466950599999999,Gen 143 (Human)
MOL_H_00846,Cc1nc(C)c(C2C(C)CCC2C(=O)CC(C)C)c(C(F)(F)F)c1C(N)=O,-7.349,-5.5460980000000015,1.802901999999999,-3.4667314,Gen 12 (Human)
MOL_H_00847,Cc1nc(CC(C)C)c(C)c(-c2nc(C3CCC(C)C3C(N)=O)c(F)c(C)c2C)c1F,-8.158,-6.366643000000001,1.7913569999999988,-3.4666789527549984,Gen 184 (Human)
MOL_H_00848,CCOc1c(C)c(C2CCC(C)C2C(=O)C(C)C(C)C)nc(C)c1C(N)=O,-7.224,-5.367639000000002,1.856360999999998,-3.4666526999999987,Gen 11 (Human)
MOL_H_00849,Cc1c(C(F)(F)F)nc(C2CCC(C)C2C(N)=O)c(F)c1C,-7.025,-5.0836570000000005,1.941343,-3.4664401,Gen 134 (Human)
MOL_H_00850,Cc1c(-c2nc(C(F)(F)F)c(F)c(C(N)=O)c2C)nc(CC(C)C)c(F)c1C,-7.686,-6.028289000000001,1.657710999999999,-3.4661976999999995,Gen 151 (Human)
MOL_H_00851,Cc1nc(C2C(C)CCC2C(=O)CC(C)C)c(Cl)c(C(N)=O)c1OC(C)C,-7.371,-5.579093000000002,1.7919069999999984,-3.465634899999999,Gen 91 (Human)
MOL_H_00852,COc1nc(C)c(C2C(C)CCC2OC)c(C(N)=O)c1F,-6.634,-4.527156000000001,2.106844,-3.4649908000000003,Gen 50 (Human)
MOL_H_00853,CCc1nc(-c2nc(C(N)=O)c(F)c(C(F)(F)F)c2C)c(C)c(C)c1Cl,-7.638,-5.962461,1.6755389999999997,-3.4642773,Gen 161 (Human)
MOL_H_00854,CCc1nc(C(N)=O)c(F)c(CC)c1C(N)=O,-6.104,-3.771445,2.3325550000000006,-3.4639885000000006,Gen 131 (Human)
MOL_H_00855,CCc1nc(-c2nc(C)c(F)c(C3C(C)CCC3C(N)=O)c2C)c(C)c(C)c1F,-7.725,-6.087900000000001,1.6370999999999984,-3.463469999999999,Gen 176 (Human)
MOL_H_00856,Cc1c(C(N)=O)nc(-c2nc(CC(C)C)c(F)c(C(F)(F)F)c2C)c(F)c1C,-7.682,-6.028289000000001,1.6537109999999997,-3.4621977,Gen 142 (Human)
MOL_H_00857,COc1nc(C)c(C(N)=O)c(C2CCC(C)C2C(F)(F)F)c1F,-6.988,-5.038013,1.949987,-3.4613909000000005,Gen 40 (Human)
MOL_H_00858,CCc1nc(C2CCC(C)C2C(N)=O)c(C)c(CC)c1F,-6.934,-4.960978000000001,1.973022,-3.4613154,Gen 136 (Human)
MOL_H_00859,Cc1nc(C(N)=O)c(F)c(C(=O)CC(C)C)c1C1C(C)CCC1C(F)(F)F,-7.346,-5.549747000000002,1.7962529999999983,-3.461177099999999,Gen 29 (Human)
MOL_H_00860,COc1c(C)nc(C(F)(F)F)c(Cl)c1C(N)=O,-6.61,-4.501016,2.1089840000000004,-3.4592888000000004,Gen 10 (Human)
MOL_H_00861,Cc1nc(C2C(C)CCC2C(=O)CC(C)C)c(Cl)c(C(F)(F)F)c1C(N)=O,-7.453,-5.707677000000002,1.7453229999999982,-3.4576261,Gen 18 (Human)
MOL_H_00862,Cc1c(C(F)(F)F)nc(-c2nc(C(F)(F)F)c(F)c(C(N)=O)c2C)c(F)c1C,-7.65,-5.989172000000001,1.6608279999999995,-3.4575796,Gen 137 (Human)
MOL_H_00863,Cc1c(C(F)(F)F)nc(C2C(C)CCC2C(N)=O)c(Cl)c1C,-7.165,-5.296572000000001,1.8684279999999989,-3.4573996,Gen 180 (Human)
MOL_H_00864,Cc1c(C(F)(F)F)nc(C(N)=O)c(Cl)c1C,-6.676,-4.601645,2.074355,-3.4548485,Gen 152 (Human)
MOL_H_00865,CCC1C(C)CCC1c1nc(C)c(C(N)=O)c(C(F)(F)F)c1F,-7.208,-5.362024000000002,1.8459759999999985,-3.454583199999999,Gen 107 (Human)
MOL_H_00866,Cc1nc(-c2nc(C(F)(F)F)c(C)c(C)c2F)c(C)c(C2C(C)CCC2C(N)=O)c1F,-8.041,-6.3275260000000015,1.7134739999999988,-3.454154396619997,Gen 163 (Human)
MOL_H_00867,CCc1nc(C2CCC(C)C2C(N)=O)c(F)c(C(F)(F)F)c1C,-7.094,-5.200604000000001,1.8933959999999992,-3.4535772,Gen 147 (Human)
MOL_H_00868,Cc1c(C(N)=O)nc(-c2nc(C(F)(F)F)c(C)c(C)c2F)c(Cl)c1C,-7.545,-5.8455140000000005,1.6994859999999994,-3.4531402,Gen 177 (Human)
MOL_H_00869,CCc1nc(-c2nc(C3C(C)CCC3C(N)=O)c(C)c(C)c2F)c(F)c(C)c1C,-7.714,-6.087900000000001,1.6260999999999992,-3.45247,Gen 173 (Human)
MOL_H_00870,CC1CCC(C(N)=O)C1C(F)(F)F,-6.15,-3.854803,2.2951970000000004,-3.4516379000000006,Gen 24 (Human)
MOL_H_00871,Cc1nc(C(C)C)c(F)c(C(F)(F)F)c1C1C(C)CCC1C(N)=O,-7.249,-5.425008000000002,1.8239919999999976,-3.4514943999999987,Gen 121 (Human)
MOL_H_00872,Cc1c(C(N)=O)nc(-c2nc(C(F)(F)F)c(F)c(C)c2C)c(F)c1C,-7.394,-5.632599000000001,1.761400999999999,-3.4511807,Gen 143 (Human)
MOL_H_00873,CCc1c(F)c(C(N)=O)nc(OC)c1C(F)(F)F,-6.533,-4.405048,2.1279520000000005,-3.449466400000001,Gen 99 (Human)
MOL_H_00874,Cc1c(C2C(C)CCC2C(N)=O)nc(C2CCC(C)C2C(C)C)c(F)c1C,-7.519,-5.8145320000000025,1.7044679999999977,-3.4488275999999987,Gen 170 (Human)
MOL_H_00875,Cc1nc(C2C(C)CCC2C(C)C)c(F)c(C(N)=O)c1C(F)(F)F,-7.282,-5.476178000000002,1.8058219999999985,-3.448675399999999,Gen 100 (Human)
MOL_H_00876,Cc1nc(-c2nc(C(F)(F)F)c(F)c(C(N)=O)c2C)c(C)c(C(F)(F)F)c1F,-7.641,-5.989172,1.651828,-3.4485796000000004,Gen 165 (Human)
MOL_H_00877,Cc1nc(C(F)(F)F)c(F)c(C(N)=O)c1OC(C)C(C)C,-6.874,-4.895462000000002,1.9785379999999977,-3.4471765999999984,Gen 13 (Human)
MOL_H_00878,CC(C)c1nc(C(F)(F)F)c(F)c(C(F)(F)F)c1C1C(C)CCC1C(N)=O,-7.493,-5.781581000000002,1.7114189999999985,-3.445893299999999,Gen 37 (Human)
MOL_H_00879,CCc1nc(C)c(F)c(-c2nc(C3CCC(C)C3C(N)=O)c(Cl)c(C)c2C)c1C,-7.97,-6.300815000000001,1.6691849999999988,-3.445703678874999,Gen 178 (Human)
MOL_H_00880,CCc1nc(C(F)(F)F)c(F)c(C(N)=O)c1C(F)(F)F,-6.849,-4.862250000000001,1.986749999999999,-3.445425,Gen 106 (Human)
MOL_H_00881,CCc1nc(-c2nc(C(F)(F)F)c(F)c(C(N)=O)c2C)c(C)c(C)c1F,-7.469,-5.7495460000000005,1.7194539999999998,-3.4443178000000003,Gen 160 (Human)
MOL_H_00882,COc1c(C(N)=O)c(C)nc(C(F)(F)F)c1C(F)(F)F,-6.73,-4.69601,2.03399,-3.4427930000000004,Gen 36 (Human)
MOL_H_00883,COc1c(F)c(C(N)=O)nc(C)c1C(F)(F)F,-6.443,-4.288101,2.1548989999999995,-3.4413293,Gen 27 (Human)
MOL_H_00884,Cc1c(-c2nc(C(F)(F)F)c(C)c(CC(C)C)c2F)nc(C(N)=O)c(Cl)c1C,-7.85,-6.2412040000000015,1.608795999999998,-3.439566351919998,Gen 152 (Human)
MOL_H_00885,Cc1nc(C(N)=O)c(C)c(C2CCC(C)C2c2nc(C)c(F)c(C(F)(F)F)c2C)c1F,-8.133,-6.367496000000001,1.7655039999999982,-3.439230249919998,Gen 174 (Human)
MOL_H_00886,Cc1nc(C(F)(F)F)c(C)c(-c2nc(C(N)=O)c(C)c(C(F)(F)F)c2F)c1F,-7.631,-5.989172,1.6418280000000005,-3.4385796000000006,Gen 145 (Human)
MOL_H_00887,Cc1nc(C(F)(F)F)c(C)c(-c2c(C)c(C(F)(F)F)nc(C(N)=O)c2F)c1F,-7.631,-5.989172,1.6418280000000005,-3.4385796000000006,Gen 165 (Human)
MOL_H_00888,COc1c(C)nc(C)c(C2C(C)CCC2C(=O)CC(C)C)c1C(N)=O,-7.0,-5.088896000000002,1.911103999999998,-3.437772799999999,Gen 12 (Human)
MOL_H_00889,COc1c(C)nc(C2C(C)CCC2C(=O)C(C)C(C)C)c(Cl)c1C(N)=O,-7.193,-5.364629000000002,1.828370999999998,-3.437759699999998,Gen 20 (Human)
MOL_H_00890,Cc1c(C(F)(F)F)nc(C(N)=O)c(F)c1C1C(C)CCC1C(C)C,-7.27,-5.476178000000003,1.793821999999997,-3.436675399999998,Gen 120 (Human)
MOL_H_00891,Cc1nc(C(=O)CC(C)C)c(C(N)=O)c(C(F)(F)F)c1C(F)(F)F,-7.082,-5.207744000000001,1.874255999999999,-3.4365792,Gen 38 (Human)
MOL_H_00892,CCC1C(C)CCC1c1c(C)nc(C(N)=O)c(F)c1C(F)(F)F,-7.188,-5.362024000000002,1.825975999999998,-3.4345831999999987,Gen 107 (Human)
MOL_H_00893,CCOc1c(C)nc(C)c(C(F)(F)F)c1C(N)=O,-6.587,-4.504026,2.082974,-3.4341818,Gen 8 (Human)
MOL_H_00894,Cc1c(C2C(C)CCC2C(N)=O)nc(-c2nc(C(F)(F)F)c(C)c(C)c2F)c(F)c1C,-8.019,-6.3275260000000015,1.6914739999999986,-3.432154396619997,Gen 179 (Human)
MOL_H_00895,COc1nc(C)c(OC)c(C(N)=O)c1OC,-6.079,-3.781606,2.297394,-3.4318758,Gen 81 (Human)
MOL_H_00896,Cc1nc(C(F)(F)F)c(C(N)=O)c(C(F)(F)F)c1C(F)(F)F,-7.039,-5.153212000000001,1.885787999999999,-3.4317515999999992,Gen 38 (Human)
MOL_H_00897,CCc1nc(-c2nc(C(F)(F)F)c(F)c(C(N)=O)c2C)c(C)c(C)c1Cl,-7.605,-5.962461,1.6425390000000002,-3.4312773000000005,Gen 161 (Human)
MOL_H_00898,Cc1c(-c2nc(C(C)C)c(C)c(C)c2F)nc(C(N)=O)c(Cl)c1C,-7.512,-5.830292,1.6817079999999995,-3.4307956,Gen 162 (Human)
MOL_H_00899,Cc1nc(C(F)(F)F)c(C(F)(F)F)c(C(N)=O)c1C(F)(F)F,-7.037,-5.153212000000001,1.8837879999999991,-3.4297515999999995,Gen 36 (Human)
MOL_H_00900,CCc1c(C(N)=O)nc(C(N)=O)c(F)c1CC,-6.069,-3.771445,2.2975550000000005,-3.4289885000000004,Gen 131 (Human)
MOL_H_00901,CC(C)c1nc(C(F)(F)F)c(C(F)(F)F)c(C(N)=O)c1F,-6.989,-5.086654000000001,1.9023459999999988,-3.4283421999999995,Gen 120 (Human)
MOL_H_00902,CCc1c(C2CCC(C)C2C(N)=O)nc(CC(C)C)c(F)c1C(N)=O,-6.749,-4.745115000000001,2.0038849999999986,-3.427419499999999,Gen 139 (Human)
MOL_H_00903,CCc1nc(-c2nc(C(N)=O)c(F)c(C(F)(F)F)c2C)c(Cl)c(C)c1C,-7.601,-5.962461,1.6385389999999995,-3.4272773,Gen 161 (Human)
MOL_H_00904,Cc1c(C(F)(F)F)nc(-c2c(C)c(C(F)(F)F)nc(C(N)=O)c2F)c(Cl)c1C,-7.78,-6.202087000000001,1.5779129999999997,-3.424973822155,Gen 166 (Human)
MOL_H_00905,Cc1c(C(N)=O)nc(C2C(C)CCC2c2nc(C(F)(F)F)c(C)c(C)c2F)c(F)c1C,-8.118,-6.367496000000001,1.7505039999999994,-3.424230249919999,Gen 128 (Human)
MOL_H_00906,CC1CCC(C(F)(F)F)C1C(N)=O,-6.122,-3.854803,2.267197,-3.4236379,Gen 29 (Human)
MOL_H_00907,CCC(C)c1nc(C(N)=O)c(F)c(C(F)(F)F)c1C1C(C)CCC1C(N)=O,-6.99,-5.094991000000001,1.895008999999999,-3.4235063,Gen 99 (Human)
MOL_H_00908,Cc1c(C(C)C)nc(C2CCC(C)C2C(N)=O)c(F)c1C(F)(F)F,-7.221,-5.425008000000002,1.7959919999999985,-3.423494399999999,Gen 121 (Human)
MOL_H_00909,COc1nc(C)c(C2C(C)CCC2C(F)(F)F)c(C(N)=O)c1F,-6.95,-5.038013,1.911987,-3.4233909,Gen 29 (Human)
MOL_H_00910,Cc1c(-c2c(C)c(C(F)(F)F)nc(C(N)=O)c2F)nc(C(F)(F)F)c(Cl)c1C,-7.778,-6.202087000000001,1.575912999999999,-3.422973822154999,Gen 130 (Human)
MOL_H_00911,CCc1c(-c2c(F)c(C(N)=O)nc(C)c2C(F)(F)F)ccnc1C,-7.293,-5.52888,1.76412,-3.4227840000000005,Gen 5 (Human)
MOL_H_00912,COc1c(C(N)=O)c(C)nc(C(F)(F)F)c1C(=O)CC(C)C,-6.748,-4.750542000000001,1.997457999999999,-3.4226206,Gen 28 (Human)
MOL_H_00913,CCOc1nc(C)c(C(F)(F)F)c(C(N)=O)c1F,-6.539,-4.45269,2.08631,-3.422117,Gen 18 (Human)
MOL_H_00914,COc1c(C(F)(F)F)c(C)nc(C(N)=O)c1C(F)(F)F,-6.709,-4.69601,2.0129899999999994,-3.421793,Gen 37 (Human)
MOL_H_00915,COc1c(C)ncc(C2CC2)c1-c1c(F)c(C(N)=O)nc(C)c1C(F)(F)F,-7.41,-5.698524000000001,1.711475999999999,-3.4210332,Gen 6 (Human)
MOL_H_00916,Cc1c(-c2nc(C3CCC(C)C3C(N)=O)c(C)c(C)c2F)nc(C(C)C)c(F)c1C,-7.971,-6.312304000000001,1.658695999999999,-3.420674257919999,Gen 149 (Human)
MOL_H_00917,Cc1nc(C(F)(F)F)c(C(F)(F)F)c(C(N)=O)c1C(=O)CC(C)C,-7.066,-5.207744000000002,1.858255999999998,-3.420579199999999,Gen 36 (Human)
MOL_H_00918,CCc1nc(-c2nc(C)c(F)c(C(N)=O)c2C)c(C)c(C(F)(F)F)c1F,-7.445,-5.749546,1.695454000000001,-3.420317800000001,Gen 146 (Human)
MOL_H_00919,Cc1c(C(N)=O)nc(C2CCC(C)C2CC(C)C)c(F)c1C,-7.119,-5.284194000000001,1.8348059999999984,-3.420064199999999,Gen 171 (Human)
MOL_H_00920,CCCOc1c(F)c(C(F)(F)F)nc(C)c1C(N)=O,-6.652,-4.617279,2.034721,-3.4199047000000005,Gen 7 (Human)
MOL_H_00921,CCC1C(C)CCC1c1c(C)c(C2C(C)CCC2C(N)=O)nc(C)c1F,-7.41,-5.700378000000002,1.7096219999999978,-3.419735399999998,Gen 172 (Human)
MOL_H_00922,COc1c(C)ncc(F)c1C1C(C)CCC1c1c(C(N)=O)ccnc1C,-7.307,-5.5536270000000005,1.7533729999999998,-3.4194611000000004,Gen 3 (Human)
MOL_H_00923,COc1c(F)c(C2C(C)CCC2C(N)=O)nc(C)c1C(=O)CC(C)C,-6.944,-5.037560000000002,1.906439999999998,-3.417707999999999,Gen 31 (Human)
MOL_H_00924,Cc1c(C(N)=O)nc(-c2c(C)c(CC(C)C)nc(C(F)(F)F)c2F)c(F)c1C,-7.637,-6.028289,1.6087109999999996,-3.4171977,Gen 142 (Human)
MOL_H_00925,Cc1nc(-c2nc(C(F)(F)F)c(F)c(C)c2C)c(C)c(C2C(C)CCC2C(N)=O)c1F,-8.004,-6.3275260000000015,1.676473999999998,-3.4171543966199964,Gen 175 (Human)
MOL_H_00926,COc1c(C(N)=O)c(C)nc(C)c1C1C(C)CCC1OC,-6.622,-4.578492,2.043508,-3.4170556000000003,Gen 15 (Human)
MOL_H_00927,CCC(c1nc(C2CCC(C)C2C(N)=O)c(C)c(C(N)=O)c1Cl)C(C)C,-7.076,-5.230076000000001,1.8459239999999983,-3.414946799999999,Gen 150 (Human)
MOL_H_00928,CCc1nc(C(C)C)c(C(N)=O)c(C(N)=O)c1F,-6.212,-3.995849,2.2161509999999995,-3.4149057,Gen 156 (Human)
MOL_H_00929,COc1c(C)nc(C2C(C)CCC2C(=O)C(C)C(C)C)c(F)c1C(N)=O,-7.021,-5.151714000000001,1.869285999999999,-3.4148002,Gen 16 (Human)
MOL_H_00930,Cc1nc(C(N)=O)c(C)c(-c2nc(C)c(F)c(C(F)(F)F)c2C)c1F,-7.357,-5.632599,1.7244010000000003,-3.4141807000000006,Gen 174 (Human)
MOL_H_00931,CCOc1c(C)nc(C2CCC(C)C2OC)c(Cl)c1C(N)=O,-6.847,-4.904660000000001,1.94234,-3.413738,Gen 33 (Human)
MOL_H_00932,Cc1c(CC(C)C)nc(C2C(C)CCC2C(N)=O)c(F)c1C,-6.999,-5.1227740000000015,1.8762259999999984,-3.4130581999999987,Gen 168 (Human)
MOL_H_00933,Cc1nc(C2CCC(C)C2C(N)=O)c(F)c(CC(C)C)c1C(F)(F)F,-7.248,-5.4793470000000015,1.7686529999999987,-3.4124570999999992,Gen 102 (Human)
MOL_H_00934,CCC1C(C)CCC1c1nc(-c2nc(C(N)=O)c(F)c(C)c2C)c(F)c(C)c1C,-7.836,-6.249320000000001,1.5866799999999994,-3.412153688,Gen 148 (Human)
MOL_H_00935,CCOc1c(C)nc(C)c(C(F)(F)F)c1-c1c(F)c(C(N)=O)nc(C)c1C(F)(F)F,-7.685,-6.104468000000001,1.580531999999999,-3.411872399999999,Gen 8 (Human)
MOL_H_00936,Cc1nc(C(N)=O)c(Cl)c(C(F)(F)F)c1C(F)(F)F,-6.882,-4.9582180000000005,1.9237819999999992,-3.4112474,Gen 94 (Human)
MOL_H_00937,CCc1c(C)c(-c2nc(C(N)=O)c(F)c(C)c2C)nc(C)c1F,-7.186,-5.392973,1.7930270000000004,-3.4109189000000004,Gen 175 (Human)
MOL_H_00938,CCCC(c1nc(C2CCC(C)C2C(N)=O)c(C)c(C(N)=O)c1Cl)C(C)C,-7.187,-5.394665000000002,1.792334999999999,-3.4107345,Gen 182 (Human)
MOL_H_00939,Cc1c(C(N)=O)nc(C(N)=O)c(F)c1CC(C)C,-6.164,-3.933241,2.2307589999999995,-3.4107313,Gen 181 (Human)
MOL_H_00940,CCCC(C(=O)c1c(C)nc(C2CCC(C)C2C(N)=O)c(F)c1OC)C(C)C,-7.247,-5.480892000000002,1.7661079999999982,-3.410375599999999,Gen 41 (Human)
MOL_H_00941,Cc1c(C2CCC(C)C2C(F)(F)F)nc(C(N)=O)c(F)c1C(F)(F)F,-7.257,-5.495215000000002,1.761784999999998,-3.410349499999999,Gen 114 (Human)
MOL_H_00942,COc1c(C(N)=O)nc(C)c(C(F)(F)F)c1C(F)(F)F,-6.697,-4.69601,2.00099,-3.409793,Gen 37 (Human)
MOL_H_00943,CCCCc1nc(C2CCC(C)C2C(N)=O)c(C)c(C(N)=O)c1F,-6.683,-4.678603000000001,2.004396999999999,-3.4079779,Gen 138 (Human)
MOL_H_00944,COc1c(F)c(C2CCC(C)C2OC)nc(C)c1C(N)=O,-6.576,-4.527156,2.048844,-3.4069908,Gen 39 (Human)
MOL_H_00945,Cc1c(CC(C)C)nc(-c2nc(C(N)=O)c(Cl)c(C)c2C)c(Cl)c1C,-7.675,-6.097546000000001,1.5774539999999986,-3.406717799999999,Gen 152 (Human)
MOL_H_00946,CCc1c(C)nc(OC)c(C2CCC(C)C2C(=O)CC(C)C)c1C(N)=O,-7.05,-5.2058430000000016,1.8441569999999985,-3.405909899999999,Gen 1 (Human)
MOL_H_00947,COc1nc(C)c(C2C(C)CCC2C(=O)CC(C)C)c(C(N)=O)c1Cl,-7.081,-5.250475000000002,1.8305249999999988,-3.4056674999999994,Gen 19 (Human)
MOL_H_00948,CCc1c(C(N)=O)nc(C(N)=O)c(Cl)c1C1C(C)CCC1C(F)(F)F,-6.886,-4.973898000000002,1.9121019999999984,-3.404271399999999,Gen 115 (Human)
MOL_H_00949,CCc1c(CC(C)C)nc(C(N)=O)c(F)c1C(F)(F)F,-6.834,-4.9013670000000005,1.9326329999999992,-3.4030431,Gen 164 (Human)
MOL_H_00950,Cc1nc(C(F)(F)F)c(F)c(C2C(C)CCC2C(F)(F)F)c1C(N)=O,-7.249,-5.495215000000001,1.7537849999999988,-3.4023494999999992,Gen 25 (Human)
MOL_H_00951,Cc1c(C(F)(F)F)nc(-c2nc(C(F)(F)F)c(F)c(C(N)=O)c2C)c(Cl)c1C,-7.757,-6.202087000000001,1.554912999999999,-3.401973822154999,Gen 154 (Human)
MOL_H_00952,CCC1CCC(C)C1c1c(C)nc(C(N)=O)c(F)c1C(F)(F)F,-7.155,-5.362024000000002,1.7929759999999986,-3.4015832,Gen 107 (Human)
MOL_H_00953,Cc1nc(-c2nc(C(F)(F)F)c(C)c(C(N)=O)c2F)c(C)c(C(F)(F)F)c1F,-7.594,-5.989172,1.6048280000000004,-3.4015796000000007,Gen 165 (Human)
MOL_H_00954,Cc1c(C(N)=O)nc(C2C(C)CCC2C(F)(F)F)c(F)c1C(F)(F)F,-7.248,-5.495215000000002,1.7527849999999985,-3.4013495,Gen 110 (Human)
MOL_H_00955,Cc1c(C(N)=O)nc(C(F)(F)F)c(F)c1C,-6.473,-4.38873,2.08427,-3.4008890000000003,Gen 142 (Human)
MOL_H_00956,COc1nc(C)c(C(F)(F)F)c(C2CCC(C)C2C(N)=O)c1F,-6.889,-4.983028,1.905972,-3.4008804000000006,Gen 20 (Human)
MOL_H_00957,CCc1nc(C(N)=O)c(F)c(CC(C)C)c1C(N)=O,-6.236,-4.050188,2.1858119999999994,-3.4008684,Gen 176 (Human)
MOL_H_00958,CCC1C(C)CCC1c1nc(C(F)(F)F)c(C)c(C(N)=O)c1F,-7.153,-5.362024000000002,1.790975999999998,-3.3995831999999986,Gen 110 (Human)
MOL_H_00959,CCc1nc(-c2nc(C3CCC(C)C3C(N)=O)c(C)c(C)c2F)c(F)c(C)c1C,-7.661,-6.087900000000001,1.5730999999999984,-3.399469999999999,Gen 138 (Human)
MOL_H_00960,CCc1c(C)c(C2CCC(C)C2C(N)=O)nc(CC(C)C)c1F,-7.067,-5.239721000000001,1.827278999999999,-3.3991953,Gen 179 (Human)
MOL_H_00961,CCC1C(C)CCC1c1nc(C(N)=O)c(Cl)c(C)c1C,-7.052,-5.218366000000001,1.8336339999999984,-3.3991437999999987,Gen 150 (Human)
MOL_H_00962,Cc1c(C(F)(F)F)nc(-c2c(C)c(C(F)(F)F)nc(C(N)=O)c2F)c(F)c1C,-7.591,-5.989172,1.6018280000000005,-3.3985796000000006,Gen 136 (Human)
MOL_H_00963,COc1c(F)c(C(N)=O)nc(C)c1C1CCC(C)C1C(F)(F)F,-6.925,-5.038013,1.8869869999999995,-3.3983909,Gen 22 (Human)
MOL_H_00964,Cc1c(C(N)=O)nc(C(F)(F)F)c(F)c1C1CCC(C)C1C(F)(F)F,-7.244,-5.495215000000002,1.748784999999998,-3.397349499999999,Gen 111 (Human)
MOL_H_00965,CCc1nc(-c2nc(C(N)=O)c(F)c(C)c2C)c(F)c(CC)c1C,-7.254,-5.509920000000001,1.7440799999999983,-3.397055999999999,Gen 147 (Human)
MOL_H_00966,Cc1c(C(N)=O)nc(C(C)C)c(F)c1C1CCC(C)C1C(F)(F)F,-7.233,-5.479993000000002,1.7530069999999975,-3.3970048999999984,Gen 117 (Human)
MOL_H_00967,Cc1c(Cl)c(C2C(C)CCC2C(N)=O)nc(C2CCC(C)C2C(N)=O)c1CC(C)C,-7.272,-5.536010000000003,1.7359899999999977,-3.3967929999999984,Gen 133 (Human)
MOL_H_00968,Cc1c(C2CCC(C)C2C(F)(F)F)nc(C(F)(F)F)c(F)c1C(N)=O,-7.243,-5.495215000000001,1.7477849999999997,-3.3963495,Gen 111 (Human)
MOL_H_00969,Cc1nc(-c2nc(CC(C)C)c(C)c(C)c2F)c(C)c(C(N)=O)c1F,-7.366,-5.671716,1.6942839999999997,-3.3957988,Gen 168 (Human)
MOL_H_00970,CCc1nc(OC)c(C(F)(F)F)c(C(N)=O)c1F,-6.479,-4.405048,2.073952,-3.395466400000001,Gen 99 (Human)
MOL_H_00971,CCC(C)Oc1c(C)nc(C(F)(F)F)c(C(F)(F)F)c1C(N)=O,-7.027,-5.189217000000001,1.837782999999999,-3.3945481,Gen 44 (Human)
MOL_H_00972,COc1c(C)nc(C2C(C)CCC2C(N)=O)c(F)c1C(F)(F)F,-6.882,-4.983028,1.898972,-3.3938804,Gen 22 (Human)
MOL_H_00973,COc1nc(C)c(C(F)(F)F)c(C(N)=O)c1C(F)(F)F,-6.681,-4.69601,1.98499,-3.393793,Gen 27 (Human)
MOL_H_00974,CCc1nc(C(F)(F)F)c(F)c(-c2nc(C(N)=O)c(C)c(C)c2Cl)c1C,-7.567,-5.962461000000001,1.604538999999999,-3.3932772999999994,Gen 161 (Human)
MOL_H_00975,CCc1c(F)c(C(N)=O)nc(CC(C)C)c1C(N)=O,-6.228,-4.050188,2.1778119999999994,-3.3928684,Gen 176 (Human)
MOL_H_00976,CCC1CCC(C)C1c1nc(C2C(C)CCC2C(N)=O)c(F)c(C)c1C,-7.382,-5.700378000000002,1.6816219999999973,-3.391735399999998,Gen 176 (Human)
MOL_H_00977,Cc1nc(C2CCC(C)C2C(F)(F)F)c(C)c(C2CCC(C)C2C(N)=O)c1F,-7.475,-5.833569000000002,1.6414309999999972,-3.3915016999999983,Gen 165 (Human)
MOL_H_00978,CCc1nc(C(N)=O)c(C(F)(F)F)c(C(F)(F)F)c1F,-6.795,-4.862250000000001,1.9327499999999984,-3.391424999999999,Gen 108 (Human)
MOL_H_00979,CCC1CCC(C)C1c1nc(C(N)=O)c(C)c(C(F)(F)F)c1F,-7.143,-5.362024000000002,1.780975999999998,-3.389583199999999,Gen 124 (Human)
MOL_H_00980,CCc1c(C)c(-c2nc(C(F)(F)F)c(C)c(C)c2Cl)nc(C(N)=O)c1F,-7.563,-5.962461,1.6005389999999995,-3.3892773,Gen 166 (Human)
MOL_H_00981,COC1CCC(C)C1c1c(F)c(C(N)=O)nc(C)c1C(F)(F)F,-6.878,-4.984357999999999,1.8936420000000007,-3.388949400000001,Gen 49 (Human)
MOL_H_00982,COc1c(F)c(C2CCC(C)C2C(N)=O)nc(C)c1C(F)(F)F,-6.877,-4.983028,1.893972,-3.3888804,Gen 27 (Human)
MOL_H_00983,Cc1nc(C(N)=O)c(F)c(C(F)(F)F)c1C1C(C)CCC1C(C)C,-7.222,-5.476178000000002,1.7458219999999989,-3.3886753999999994,Gen 115 (Human)
MOL_H_00984,CCc1nc(CC(C)C)c(F)c(-c2nc(C(N)=O)c(F)c(C)c2C)c1C,-7.44,-5.788663,1.6513370000000007,-3.3879359000000004,Gen 147 (Human)
MOL_H_00985,CCc1nc(C2C(C)CCC2C(N)=O)c(F)c(C(F)(F)F)c1C,-7.028,-5.200604000000001,1.8273959999999985,-3.387577199999999,Gen 147 (Human)
MOL_H_00986,CCc1nc(-c2nc(C3C(C)CCC3C(N)=O)c(F)c(C)c2C)c(F)c(C)c1C,-7.649,-6.087900000000001,1.5610999999999988,-3.3874699999999995,Gen 133 (Human)
MOL_H_00987,Cc1c(C(N)=O)nc(-c2nc(C(F)(F)F)c(F)c(C)c2C)c(Cl)c1C,-7.479,-5.8455140000000005,1.6334859999999995,-3.3871402,Gen 166 (Human)
MOL_H_00988,Cc1c(C(F)(F)F)nc(C(C)C)c(F)c1C1CCC(C)C1C(N)=O,-7.183,-5.425008000000002,1.757991999999998,-3.385494399999999,Gen 117 (Human)
MOL_H_00989,CCC(C)C(C)c1c(C2CCC(C)C2C(N)=O)nc(C(N)=O)c(Cl)c1C(F)(F)F,-7.296,-5.586649000000002,1.709350999999998,-3.385345699999999,Gen 162 (Human)
MOL_H_00990,COc1c(F)c(C2C(C)CCC2C(C)C)nc(C)c1C(N)=O,-6.898,-5.018976000000001,1.8790239999999985,-3.384716799999999,Gen 100 (Human)
MOL_H_00991,CCc1nc(C(N)=O)c(C)c(C2CCC(C)C2C(F)(F)F)c1F,-7.062,-5.255589000000001,1.8064109999999989,-3.3830876999999995,Gen 124 (Human)
MOL_H_00992,CCc1c(C)c(-c2c(C)c(C3CCC(C)C3C(N)=O)nc(C)c2F)nc(C)c1F,-7.643,-6.087900000000001,1.5550999999999986,-3.3814699999999998,Gen 183 (Human)
MOL_H_00993,COc1nc(C)c(C2CCC(C)C2C(N)=O)c(C(F)(F)F)c1Cl,-7.018,-5.195943000000001,1.8220569999999991,-3.3808399,Gen 19 (Human)
MOL_H_00994,CCc1nc(-c2c(C)c(C(N)=O)nc(C(F)(F)F)c2F)c(F)c(C)c1C,-7.405,-5.7495460000000005,1.6554539999999998,-3.3803178000000003,Gen 173 (Human)
MOL_H_00995,Cc1nc(C(F)(F)F)c(F)c(-c2nc(C(N)=O)c(C)c(C)c2Cl)c1C(F)(F)F,-7.735,-6.202087000000001,1.5329129999999995,-3.379973822155,Gen 135 (Human)
MOL_H_00996,Cc1c(-c2c(C)c(C(N)=O)nc(C(C)C)c2F)nc(C(C)C)c(F)c1C,-7.551,-5.958728000000001,1.5922719999999997,-3.3798904,Gen 149 (Human)
MOL_H_00997,Cc1nc(C(=O)CC(C)C)c(Cl)c(C2C(C)CCC2C(N)=O)c1C(F)(F)F,-7.374,-5.707677000000002,1.6663229999999976,-3.378626099999998,Gen 61 (Human)
MOL_H_00998,Cc1c(C(C)C)nc(-c2c(C)c(C(N)=O)nc(C(C)C)c2F)c(F)c1C,-7.549,-5.958728000000001,1.5902719999999997,-3.3778904,Gen 158 (Human)
MOL_H_00999,COC1CCC(C)C1OC1C(C)CCC1C(N)=O,-6.126,-3.926841,2.1991590000000003,-3.3772113000000004,Gen 21 (Human)
MOL_H_01000,CCc1nc(C(N)=O)c(C(C)C)c(C(N)=O)c1F,-6.173,-3.995849,2.177151,-3.3759057,Gen 149 (Human)
MOL_H_01001,Cc1c(CC(C)C)nc(-c2nc(C3CCC(C)C3C(N)=O)c(F)c(C)c2C)c(F)c1C,-8.066,-6.366643000000002,1.6993569999999991,-3.374678952754997,Gen 153 (Human)
MOL_H_01002,CCc1nc(C(F)(F)F)c(C(F)(F)F)c(C(N)=O)c1F,-6.776,-4.862250000000001,1.9137499999999985,-3.372424999999999,Gen 106 (Human)
MOL_H_01003,CCc1nc(C(F)(F)F)c(F)c(C(F)(F)F)c1C1C(C)CCC1C(N)=O,-7.262,-5.557177000000001,1.7048229999999984,-3.371976099999999,Gen 31 (Human)
MOL_H_01004,Cc1nc(-c2nc(C3C(C)CCC3C(F)(F)F)c(C)c(C)c2F)c(C)c(C(N)=O)c1F,-8.11,-6.382511000000002,1.7274889999999976,-3.371935474394995,Gen 163 (Human)
MOL_H_01005,CCc1c(C)c(C2CCC(C)C2C(C)C)nc(C(N)=O)c1F,-7.036,-5.236552000000001,1.7994479999999982,-3.3704135999999987,Gen 126 (Human)
MOL_H_01006,CCc1nc(CC)c(F)c(-c2nc(C(N)=O)c(F)c(C)c2C)c1C,-7.227,-5.509920000000001,1.7170799999999993,-3.370056,Gen 147 (Human)
MOL_H_01007,COc1c(C(=O)CC(C)C)c(C)nc(C(F)(F)F)c1C(N)=O,-6.694,-4.750542000000001,1.9434579999999988,-3.3686205999999994,Gen 36 (Human)
MOL_H_01008,CCc1nc(-c2nc(C(N)=O)c(C)c(C)c2F)c(F)c(C)c1C,-7.143,-5.392973,1.7500270000000002,-3.3679189000000003,Gen 143 (Human)
MOL_H_01009,Cc1c(-c2nc(C(N)=O)c(Cl)c(C)c2C)nc(CC(C)C)c(Cl)c1C,-7.636,-6.097546000000001,1.5384539999999989,-3.3677177999999994,Gen 152 (Human)
MOL_H_01010,CCc1nc(C2C(C)CCC2C(N)=O)c(C)c(C(F)(F)F)c1F,-7.008,-5.200604000000001,1.807395999999999,-3.3675771999999995,Gen 155 (Human)
MOL_H_01011,CCC1CCC(C)C1c1c(C)c(C2CCC(C)C2C(N)=O)nc(C)c1F,-7.357,-5.700378000000002,1.6566219999999978,-3.3667353999999987,Gen 183 (Human)
MOL_H_01012,Cc1nc(C(=O)CC(C)C)c(F)c(C(N)=O)c1C(F)(F)F,-6.726,-4.799835000000001,1.9261649999999992,-3.3661155,Gen 56 (Human)
MOL_H_01013,CCc1nc(-c2nc(C(N)=O)c(F)c(C)c2C)c(C)c(CC)c1F,-7.222,-5.509920000000001,1.7120799999999994,-3.365056,Gen 160 (Human)
MOL_H_01014,CCc1c(C(F)(F)F)nc(C(N)=O)c(F)c1C(F)(F)F,-6.768,-4.862250000000001,1.9057499999999985,-3.364424999999999,Gen 107 (Human)
MOL_H_01015,Cc1c(-c2nc(C(N)=O)c(C)c(CC(C)C)c2F)nc(C(F)(F)F)c(F)c1C,-7.584,-6.028289,1.5557109999999996,-3.3641977,Gen 182 (Human)
MOL_H_01016,COc1nc(C)c(C2CCC(C)C2C(F)(F)F)c(C(N)=O)c1Cl,-7.039,-5.250928000000001,1.7880719999999988,-3.3633503999999994,Gen 19 (Human)
MOL_H_01017,Cc1nc(C(F)(F)F)c(Cl)c(C(F)(F)F)c1C1C(C)CCC1C(N)=O,-7.319,-5.653145000000002,1.665854999999998,-3.3617984999999986,Gen 30 (Human)
MOL_H_01018,Cc1c(C(N)=O)nc(C(N)=O)c(F)c1C(C)C,-6.077,-3.878902,2.1980980000000003,-3.3617686000000004,Gen 145 (Human)
MOL_H_01019,COc1nc(C)c(C2CCC(C)C2OC)c(C(N)=O)c1F,-6.53,-4.527156000000001,2.002844,-3.3609908,Gen 41 (Human)
MOL_H_01020,CCc1c(C(C)C)nc(C(N)=O)c(F)c1C(F)(F)F,-6.753,-4.847028,1.905972,-3.3600804,Gen 119 (Human)
MOL_H_01021,Cc1nc(C(N)=O)c(C(F)(F)F)c(C(F)(F)F)c1C(=O)CC(C)C,-7.005,-5.207744000000002,1.7972559999999982,-3.359579199999999,Gen 38 (Human)
MOL_H_01022,Cc1nc(C2CCC(C)C2C(F)(F)F)cc(C(N)=O)c1C(=O)CC(C)C,-7.185,-5.4650820000000015,1.719917999999998,-3.3594425999999986,Gen 4 (Human)
MOL_H_01023,CCc1nc(-c2c(C)c(C(N)=O)nc(C)c2F)c(C)c(C(F)(F)F)c1F,-7.382,-5.749546,1.632454,-3.357317800000001,Gen 155 (Human)
MOL_H_01024,Cc1c(C2CCC(C)C2c2nc(C(F)(F)F)c(C)c(C)c2F)nc(C(N)=O)c(F)c1C,-8.05,-6.367496000000001,1.6825039999999998,-3.3562302499199994,Gen 167 (Human)
MOL_H_01025,COc1c(F)c(C2C(C)CCC2C(N)=O)nc(C)c1C(F)(F)F,-6.842,-4.983028,1.858972,-3.3538804,Gen 24 (Human)
MOL_H_01026,CC1CCC(OC2CCC(C)C2C(F)(F)F)C1C(N)=O,-6.46,-4.437698,2.022302,-3.3536114,Gen 35 (Human)
MOL_H_01027,CCCOc1c(C)nc(C2CCC(C)C2OC)c(F)c1C(N)=O,-6.753,-4.856334,1.896666,-3.3535662,Gen 15 (Human)
MOL_H_01028,COc1c(C)nc(C(F)(F)F)c(F)c1C(=O)CC(C)C,-6.989,-5.193812000000002,1.7951879999999978,-3.353331599999999,Gen 44 (Human)
MOL_H_01029,Cc1c(-c2nc(C(N)=O)c(F)c(CC(C)C)c2C)nc(C(F)(F)F)c(F)c1C,-7.573,-6.028289,1.5447110000000004,-3.353197700000001,Gen 182 (Human)
MOL_H_01030,COc1c(C)nc(C(F)(F)F)c(OC)c1C(N)=O,-6.32,-4.238808,2.0811920000000006,-3.3528344000000008,Gen 81 (Human)
MOL_H_01031,Cc1c(-c2c(C)c(C(N)=O)nc(C(C)C)c2F)nc(C(F)(F)F)c(F)c1C,-7.534,-5.97395,1.5600499999999995,-3.3522349999999994,Gen 158 (Human)
MOL_H_01032,COc1c(F)c(C(=O)CC(C)C)nc(C)c1C1CCC(C)C1C(N)=O,-6.878,-5.037560000000002,1.8404399999999983,-3.351707999999999,Gen 23 (Human)
MOL_H_01033,Cc1nc(C(=O)C(C)C(C)C)c(F)c(C(F)(F)F)c1C1C(C)CCC1C(N)=O,-7.277,-5.608916000000002,1.6680839999999986,-3.3507587999999995,Gen 25 (Human)
MOL_H_01034,CC(C)Cc1c(C(F)(F)F)nc(C(N)=O)c(F)c1C(F)(F)F,-6.949,-5.140993000000001,1.808006999999999,-3.3503049,Gen 164 (Human)
MOL_H_01035,CCc1c(C)c(C2CCC(C)C2C(N)=O)nc(C)c1F,-6.74,-4.844031000000001,1.8959689999999991,-3.3491783,Gen 183 (Human)
MOL_H_01036,Cc1c(C(F)(F)F)nc(C2C(C)CCC2C(N)=O)c(F)c1CC(C)C,-7.184,-5.4793470000000015,1.7046529999999986,-3.348457099999999,Gen 176 (Human)
MOL_H_01037,CCc1nc(C(N)=O)c(C)c(-c2nc(C)c(F)c(C(F)(F)F)c2C)c1F,-7.373,-5.749546,1.6234540000000006,-3.348317800000001,Gen 146 (Human)
MOL_H_01038,Cc1c(C2CCC(C)C2C(N)=O)nc(C(C)C)c(Cl)c1C(N)=O,-6.699,-4.7867440000000006,1.9122559999999995,-3.3482791999999995,Gen 141 (Human)
MOL_H_01039,Cc1nc(C(N)=O)cc(C2CCC(C)C2C(=O)CC(C)C)c1C(F)(F)F,-7.135,-5.410097000000001,1.7249029999999983,-3.347932099999999,Gen 7 (Human)
MOL_H_01040,Cc1c(-c2nc(C(C)C)c(C)c(C(C)C)c2F)nc(C(N)=O)c(F)c1C,-7.519,-5.958728000000001,1.5602719999999994,-3.3478904,Gen 158 (Human)
MOL_H_01041,CCOc1c(C(N)=O)c(C)nc(C2CCC(C)C2C(=O)C(C)C(C)C)c1C1CC1,-7.281,-5.618858000000002,1.6621419999999976,-3.347799399999998,Gen 9 (Human)
MOL_H_01042,Cc1nc(C2CCC(C)C2C(N)=O)c(Cl)c(C(=O)CC(C)C)c1OC(C)C,-7.253,-5.579093000000002,1.673906999999998,-3.3476348999999987,Gen 67 (Human)
MOL_H_01043,Cc1nc(C(F)(F)F)c(F)c(-c2nc(C(F)(F)F)c(F)c(C)c2C)c1C(N)=O,-7.54,-5.989172000000001,1.5508279999999992,-3.3475795999999995,Gen 134 (Human)
MOL_H_01044,Cc1c(C2C(C)CCC2C(N)=O)nc(C(F)(F)F)c(Cl)c1C,-7.054,-5.296572000000002,1.7574279999999982,-3.346399599999999,Gen 144 (Human)
MOL_H_01045,Cc1nc(C(N)=O)c(Cl)c(C(F)(F)F)c1C1C(C)CCC1C(F)(F)F,-7.342,-5.7081300000000015,1.6338699999999982,-3.346308999999999,Gen 52 (Human)
MOL_H_01046,COc1c(Cl)c(C(N)=O)nc(C)c1C1C(C)CCC1C(F)(F)F,-7.021,-5.250928000000001,1.770071999999999,-3.3453504,Gen 52 (Human)
MOL_H_01047,CC(C)Cc1nc(C2CCC(C)C2C(N)=O)c(CC(C)C)c(C(N)=O)c1F,-6.862,-5.0238580000000015,1.8381419999999984,-3.345299399999999,Gen 150 (Human)
MOL_H_01048,Cc1c(C2CCC(C)C2C(N)=O)nc(C(C)C(C)C)c(Cl)c1C(N)=O,-6.891,-5.065487000000002,1.8255129999999984,-3.345159099999999,Gen 139 (Human)
MOL_H_01049,Cc1c(-c2nc(C3C(C)CCC3C(F)(F)F)c(F)c(C)c2C)nc(C(N)=O)c(F)c1C,-8.083,-6.382511000000001,1.7004889999999993,-3.344935474395,Gen 128 (Human)
MOL_H_01050,COc1nc(C)c(C2C(C)CCC2C(N)=O)c(OC)c1F,-6.513,-4.525826,1.987174,-3.3449218,Gen 20 (Human)
MOL_H_01051,CCc1nc(C2CCC(C)C2C(=O)CC(C)C)c(F)c(C(F)(F)F)c1C(N)=O,-7.273,-5.611709000000002,1.6612909999999976,-3.3448036999999986,Gen 8 (Human)
MOL_H_01052,CCc1nc(C(F)(F)F)c(F)c(C(F)(F)F)c1C(N)=O,-6.748,-4.862250000000001,1.885749999999999,-3.344425,Gen 106 (Human)
MOL_H_01053,CCc1c(C)c(C(F)(F)F)nc(C2CCC(C)C2C(N)=O)c1F,-6.984,-5.200604000000001,1.7833959999999989,-3.3435771999999995,Gen 137 (Human)
MOL_H_01054,COc1nc(C)c(C(N)=O)c(C(=O)CC(C)C)c1OC,-6.348,-4.293340000000001,2.05466,-3.342662,Gen 98 (Human)
MOL_H_01055,Cc1nc(C(F)(F)F)c(F)c(C(N)=O)c1C1CCC(C)C1C(F)(F)F,-7.189,-5.495215000000002,1.6937849999999983,-3.342349499999999,Gen 30 (Human)
MOL_H_01056,CC(C)Cc1nc(C(N)=O)c(F)c(C(C)C)c1C(N)=O,-6.334,-4.274592,2.0594079999999995,-3.3417856,Gen 169 (Human)
MOL_H_01057,COC1CCC(C)C1c1c(Cl)c(C(N)=O)nc(C)c1C(F)(F)F,-6.979,-5.197273000000001,1.7817269999999992,-3.3409089,Gen 51 (Human)
MOL_H_01058,Cc1nc(C2CCC(C)C2C(C)C)c(C)c(C2C(C)CCC2C(N)=O)c1F,-7.411,-5.8145320000000025,1.5964679999999971,-3.340827599999998,Gen 170 (Human)
MOL_H_01059,COc1c(C)nc(C2CCC(C)C2C(=O)C(C)C(C)C)c(Cl)c1C(N)=O,-7.096,-5.364629000000002,1.7313709999999984,-3.340759699999999,Gen 20 (Human)
MOL_H_01060,Cc1nc(C2CCC(C)C2C(F)(F)F)c(Cl)c(C(N)=O)c1C(F)(F)F,-7.336,-5.708130000000002,1.627869999999998,-3.340308999999999,Gen 42 (Human)
MOL_H_01061,CCc1nc(C2CCC(C)C2C(N)=O)c(C)c(C)c1F,-6.731,-4.844031000000001,1.8869689999999988,-3.3401782999999994,Gen 131 (Human)
MOL_H_01062,CCc1nc(C(N)=O)c(CC)c(C(N)=O)c1F,-5.979,-3.771445,2.2075550000000006,-3.3389885000000006,Gen 153 (Human)
MOL_H_01063,CCc1nc(-c2nc(C3C(C)CCC3C(N)=O)c(C)c(C)c2Cl)c(F)c(C)c1C,-7.862,-6.300815000000002,1.5611849999999985,-3.3377036788749965,Gen 173 (Human)
MOL_H_01064,Cc1c(C(N)=O)nc(-c2nc(C(F)(F)F)c(Cl)c(C)c2C)c(F)c1C,-7.429,-5.8455140000000005,1.5834859999999995,-3.3371402000000003,Gen 132 (Human)
MOL_H_01065,COc1c(Cl)c(C2CCC(C)C2C(=O)CC(C)C)nc(C)c1C(N)=O,-7.012,-5.250475000000002,1.761524999999998,-3.3366674999999986,Gen 28 (Human)
MOL_H_01066,Cc1c(C(F)(F)F)nc(C2C(C)CCC2C(F)(F)F)c(F)c1C(N)=O,-7.183,-5.495215000000001,1.687784999999999,-3.3363494999999994,Gen 110 (Human)
MOL_H_01067,Cc1nc(C(F)(F)F)c(Cl)c(OC(C)C)c1C(N)=O,-6.717,-4.829634,1.8873659999999992,-3.3362562,Gen 8 (Human)
MOL_H_01068,CCc1nc(C2C(C)CCC2C(F)(F)F)c(F)c(C(N)=O)c1C,-7.014,-5.255589000000001,1.7584109999999988,-3.3350876999999994,Gen 110 (Human)
MOL_H_01069,Cc1nc(C(N)=O)c(Cl)c(C2CCC(C)C2C(F)(F)F)c1C(F)(F)F,-7.33,-5.708130000000002,1.6218699999999977,-3.334308999999999,Gen 82 (Human)
MOL_H_01070,CC(C)c1nc(C(N)=O)c(F)c(C(F)(F)F)c1C(C)C,-6.882,-5.0714320000000015,1.8105679999999984,-3.331997599999999,Gen 119 (Human)
MOL_H_01071,COc1c(C)nc(C2CCC(C)C2C(N)=O)c(Cl)c1C(=O)C(C)C(C)C,-7.087,-5.364629000000002,1.722370999999998,-3.3317596999999988,Gen 64 (Human)
MOL_H_01072,COc1c(C)nc(C(N)=O)c(F)c1C1C(C)CCC1C(F)(F)F,-6.858,-5.038013,1.819987,-3.3313909,Gen 13 (Human)
MOL_H_01073,CCc1nc(C2C(C)CCC2C(N)=O)c(C)c(CC)c1F,-6.804,-4.960978000000001,1.8430219999999995,-3.3313154,Gen 126 (Human)
MOL_H_01074,Cc1c(C2CCC(C)C2CC(C)C)nc(C(N)=O)c(F)c1C(N)=O,-6.684,-4.789588000000001,1.894411999999999,-3.3312884,Gen 151 (Human)
MOL_H_01075,COC1C(C)CCC1c1nc(C)c(C(F)(F)F)c(C(N)=O)c1Cl,-6.969,-5.197273000000001,1.7717269999999994,-3.3309089,Gen 42 (Human)
MOL_H_01076,Cc1c(C2C(C)CCC2C(N)=O)nc(C(F)(F)F)c(F)c1C(F)(F)F,-7.139,-5.4402300000000015,1.6987699999999988,-3.330839,Gen 112 (Human)
MOL_H_01077,CCc1nc(C(N)=O)c(F)c(C(F)(F)F)c1C(C)C,-6.723,-4.847028000000002,1.8759719999999984,-3.330080399999999,Gen 156 (Human)
MOL_H_01078,Cc1c(C2CCC(C)C2C(C)C)nc(C(N)=O)c(F)c1C,-6.913,-5.119605000000001,1.7933949999999994,-3.3292765,Gen 170 (Human)
MOL_H_01079,CCOc1c(C)nc(C(N)=O)c(F)c1C(F)(F)F,-6.446,-4.45269,1.99331,-3.329117,Gen 8 (Human)
MOL_H_01080,COC1CCC(C)C1c1c(C)nc(C(F)(F)F)c(F)c1C(N)=O,-6.818,-4.984358000000001,1.8336419999999984,-3.328949399999999,Gen 29 (Human)
MOL_H_01081,COc1c(Cl)c(C(F)(F)F)nc(C)c1C1CCC(C)C1C(N)=O,-6.964,-5.195943,1.7680570000000009,-3.326839900000001,Gen 30 (Human)
MOL_H_01082,Cc1c(C2CCC(C)C2C(C)C)nc(C2CCC(C)C2C(N)=O)c(F)c1C,-7.397,-5.8145320000000025,1.5824679999999978,-3.3268275999999988,Gen 148 (Human)
MOL_H_01083,Cc1nc(C(=O)C(C)C(C)C)c(F)c(C(F)(F)F)c1C1CCC(C)C1C(N)=O,-7.253,-5.608916000000002,1.6440839999999983,-3.3267587999999995,Gen 23 (Human)
MOL_H_01084,CCC(C)c1c(C(N)=O)nc(C(F)(F)F)c(Cl)c1C1CCC(C)C1C(N)=O,-7.042,-5.307906000000002,1.734093999999998,-3.326465799999999,Gen 179 (Human)
MOL_H_01085,Cc1c(C(N)=O)nc(C2CCC(C)C2CC(C)C)c(F)c1C(N)=O,-6.679,-4.789588000000001,1.8894119999999992,-3.3262884,Gen 151 (Human)
MOL_H_01086,COc1nc(C)c(OC)c(OC)c1C(N)=O,-5.973,-3.781606,2.191394,-3.3258758,Gen 53 (Human)
MOL_H_01087,COc1c(C)nc(C)c(C2CCC(C)C2OC)c1C(N)=O,-6.53,-4.578492000000001,1.951508,-3.3250556,Gen 15 (Human)
MOL_H_01088,CC(C)c1c(F)c(C(N)=O)nc(C(F)(F)F)c1C(F)(F)F,-6.884,-5.086654000000001,1.7973459999999992,-3.3233422,Gen 119 (Human)
MOL_H_01089,CCOc1c(C)nc(C(F)(F)F)c(Cl)c1C(N)=O,-6.589,-4.665605,1.923395,-3.3230765000000004,Gen 14 (Human)
MOL_H_01090,CCCCc1nc(C(N)=O)c(F)c(C(F)(F)F)c1C1CCC(C)C1C(N)=O,-6.847,-5.035176000000002,1.8118239999999988,-3.3223768,Gen 103 (Human)
MOL_H_01091,CC(C)c1nc(C(N)=O)c(F)c(C(N)=O)c1C(C)C,-6.276,-4.2202530000000005,2.055747,-3.3218228999999995,Gen 143 (Human)
MOL_H_01092,CC(C)Cc1nc(C(N)=O)c(C(F)(F)F)c(C(F)(F)F)c1F,-6.92,-5.140993000000001,1.7790069999999991,-3.3213048999999994,Gen 102 (Human)
MOL_H_01093,Cc1c(C2C(C)CCC2C(F)(F)F)nc(C(N)=O)c(Cl)c1C,-7.066,-5.3515570000000015,1.7144429999999984,-3.319910099999999,Gen 144 (Human)
MOL_H_01094,Cc1nc(-c2nc(C(N)=O)c(C)c(C)c2F)c(C)c(C2C(C)CCC2C(F)(F)F)c1F,-8.057,-6.382511000000001,1.6744889999999997,-3.3189354743949995,Gen 142 (Human)
MOL_H_01095,CCc1c(F)c(C2C(C)CCC2C(N)=O)nc(C)c1C(F)(F)F,-6.959,-5.200604000000001,1.7583959999999983,-3.318577199999999,Gen 122 (Human)
MOL_H_01096,Cc1c(C(N)=O)nc(-c2nc(C(C)C)c(F)c(C(F)(F)F)c2C)c(Cl)c1C,-7.656,-6.186865,1.4691349999999996,-3.3183993588750003,Gen 154 (Human)
MOL_H_01097,CCc1nc(C(F)(F)F)c(C(N)=O)c(C(F)(F)F)c1F,-6.721,-4.862250000000001,1.8587499999999988,-3.317424999999999,Gen 106 (Human)
MOL_H_01098,CCc1nc(-c2c(C)c(C(F)(F)F)nc(C(N)=O)c2F)c(C)c(C)c1F,-7.342,-5.7495460000000005,1.5924539999999991,-3.3173178,Gen 131 (Human)
MOL_H_01099,CCCOc1c(F)c(C2CCC(C)C2C(F)(F)F)nc(C)c1C(N)=O,-7.074,-5.367191000000001,1.706808999999999,-3.3169663,Gen 46 (Human)
MOL_H_01100,Cc1c(-c2nc(C(C)C)c(F)c(C)c2C)nc(C(N)=O)c(F)c1C,-7.249,-5.617377000000001,1.6316229999999985,-3.3168361,Gen 149 (Human)
MOL_H_01101,Cc1nccc(C(N)=O)c1C1CCC(C)C1C(=O)C(C)C(C)C,-6.839,-5.031677000000001,1.807323,-3.3168261,Gen 1 (Human)
MOL_H_01102,Cc1nc(C2CCC(C)C2C(F)(F)F)c(Cl)c(C(N)=O)c1OC(C)C,-7.222,-5.579546000000002,1.642453999999998,-3.316317799999999,Gen 18 (Human)
MOL_H_01103,Cc1c(C2CCC(C)C2C(N)=O)nc(C(N)=O)c(Cl)c1C(C)C,-6.667,-4.786744000000001,1.8802559999999984,-3.316279199999999,Gen 131 (Human)
MOL_H_01104,Cc1c(C(N)=O)nc(C2CCC(C)C2C(C)C)c(F)c1C,-6.9,-5.119605000000002,1.7803949999999986,-3.3162764999999994,Gen 170 (Human)
MOL_H_01105,COC1C(C)CCC1c1nc(C)c(C(F)(F)F)c(C(N)=O)c1F,-6.805,-4.984357999999999,1.8206420000000003,-3.3159494000000005,Gen 39 (Human)
MOL_H_01106,Cc1c(-c2nc(C3CCC(C)C3C(N)=O)c(C)c(C)c2F)nc(CC(C)C)c(F)c1C,-8.007,-6.366643000000002,1.640356999999998,-3.315678952754996,Gen 140 (Human)
MOL_H_01107,CCc1nc(C)c(F)c(-c2nc(C(N)=O)c(Cl)c(C)c2C)c1C,-7.239,-5.605888,1.6331119999999997,-3.3148784,Gen 178 (Human)
MOL_H_01108,CCC(C(=O)c1nc(C)c(C2CCC(C)C2C(N)=O)c(C(F)(F)F)c1F)C(C)C,-7.356,-5.773505000000002,1.582494999999998,-3.3145464999999987,Gen 97 (Human)
MOL_H_01109,Cc1nc(C(F)(F)F)c(C)c(C2CCC(C)C2c2nc(C(N)=O)c(C)c(C)c2F)c1F,-8.008,-6.367496000000001,1.6405039999999982,-3.314230249919998,Gen 142 (Human)
MOL_H_01110,COc1c(C)nc(C(F)(F)F)c(C(N)=O)c1C(F)(F)F,-6.601,-4.69601,1.90499,-3.313793,Gen 60 (Human)
MOL_H_01111,Cc1nc(C2CCC(C)C2C(F)(F)F)cc(C(N)=O)c1C(=O)C(C)C(C)C,-7.219,-5.5792360000000025,1.6397639999999978,-3.313534799999999,Gen 5 (Human)
MOL_H_01112,Cc1c(C2CCC(C)C2CC(C)C)nc(C(F)(F)F)c(F)c1C(N)=O,-7.261,-5.640767000000002,1.620232999999998,-3.312463099999999,Gen 171 (Human)
MOL_H_01113,COc1c(C)ncc(C)c1-c1c(Cl)c(C(N)=O)nc(C)c1C(F)(F)F,-7.274,-5.660220000000001,1.613779999999999,-3.311846,Gen 6 (Human)
MOL_H_01114,Cc1c(CC(C)C)nc(C2CCC(C)C2C(N)=O)c(F)c1C(F)(F)F,-7.146,-5.4793470000000015,1.6666529999999984,-3.310457099999999,Gen 164 (Human)
MOL_H_01115,CCOc1c(F)c(C(N)=O)nc(C)c1C(F)(F)F,-6.427,-4.45269,1.97431,-3.310117,Gen 8 (Human)
MOL_H_01116,CCc1c(F)c(C2CCC(C)C2C(N)=O)nc(C)c1C(F)(F)F,-6.95,-5.200604000000001,1.749395999999999,-3.3095772,Gen 122 (Human)
MOL_H_01117,CC(C)c1nc(C(N)=O)c(C(F)(F)F)c(C(F)(F)F)c1F,-6.87,-5.086654000000001,1.783345999999999,-3.3093422,Gen 170 (Human)
MOL_H_01118,Cc1nc(C(N)=O)c(F)c(C(F)(F)F)c1C1CCC(C)C1C(=O)CC(C)C,-7.155,-5.4947620000000015,1.6602379999999988,-3.3086666,Gen 23 (Human)
MOL_H_01119,Cc1nc(C2CCC(C)C2C(=O)CC(C)C)c(Cl)c(C(N)=O)c1C(F)(F)F,-7.303,-5.707677000000002,1.5953229999999978,-3.307626099999999,Gen 28 (Human)
MOL_H_01120,CCc1nc(C(F)(F)F)c(C)c(-c2nc(C(N)=O)c(C)c(C)c2F)c1F,-7.332,-5.7495460000000005,1.5824539999999994,-3.3073178,Gen 146 (Human)
MOL_H_01121,CCc1c(C)c(-c2nc(CC(C)C)c(F)c(C)c2C)nc(C(N)=O)c1F,-7.359,-5.7886630000000014,1.5703369999999983,-3.306935899999999,Gen 151 (Human)
MOL_H_01122,CCOc1c(C)nc(CC)c(F)c1C(N)=O,-6.256,-4.213064,2.042936,-3.3068552,Gen 10 (Human)
MOL_H_01123,COc1c(C)nc(C2C(C)CCC2C(F)(F)F)c(Cl)c1C(N)=O,-6.982,-5.250928000000001,1.7310719999999993,-3.3063504,Gen 42 (Human)
MOL_H_01124,COc1c(C)nc(C(F)(F)F)c(C)c1-c1c(F)c(C(N)=O)nc(C)c1C(F)(F)F,-7.464,-5.939879,1.524121,-3.3060847000000004,Gen 7 (Human)
MOL_H_01125,COc1c(C(F)(F)F)nc(C)c(C(N)=O)c1OC,-6.273,-4.238808,2.034192,-3.3058344,Gen 37 (Human)
MOL_H_01126,Cc1c(-c2nc(C(N)=O)c(F)c(CC(C)C)c2C)nc(CC(C)C)c(F)c1C,-7.553,-6.067406000000002,1.485593999999998,-3.305815799999998,Gen 140 (Human)
MOL_H_01127,CCc1c(F)c(C(F)(F)F)nc(OC)c1C(N)=O,-6.389,-4.405048,1.9839520000000004,-3.3054664000000007,Gen 103 (Human)
MOL_H_01128,COc1nc(C)c(C(N)=O)c(OC)c1F,-5.986,-3.830899,2.155101,-3.3043707,Gen 27 (Human)
MOL_H_01129,CCC1C(C)CCC1c1nc(CC(C)C)c(F)c(C(N)=O)c1C,-7.085,-5.401141000000002,1.6838589999999982,-3.304201299999999,Gen 150 (Human)
MOL_H_01130,CCCc1nc(C2C(C)CCC2C(N)=O)c(F)c(C(N)=O)c1C,-6.464,-4.514014,1.949986,-3.3041902000000003,Gen 138 (Human)
MOL_H_01131,CCc1nc(-c2nc(C(N)=O)c(F)c(CC)c2C)c(F)c(C)c1C,-7.161,-5.509920000000001,1.6510799999999983,-3.304055999999999,Gen 173 (Human)
MOL_H_01132,COC1CCC(C)C1c1c(F)c(C(F)(F)F)nc(C)c1C(N)=O,-6.792,-4.984357999999999,1.8076420000000004,-3.3029494000000006,Gen 25 (Human)
MOL_H_01133,CCOc1c(-c2c(F)c(C(N)=O)nc(C)c2C(F)(F)F)ccnc1C,-7.136,-5.475893,1.660107,-3.3028749000000004,Gen 6 (Human)
MOL_H_01134,Cc1nc(C(F)(F)F)c(C)c(C2C(C)CCC2C(N)=O)c1F,-6.861,-5.0836570000000005,1.7773429999999992,-3.3024401,Gen 175 (Human)
MOL_H_01135,CCc1nc(OC)c(C(N)=O)c(OC)c1F,-6.065,-3.947846,2.1171540000000006,-3.301507800000001,Gen 103 (Human)
MOL_H_01136,Cc1nc(C(=O)CC(C)C)c(Cl)c(C(F)(F)F)c1C(N)=O,-6.81,-5.0127500000000005,1.7972499999999991,-3.3010749999999995,Gen 33 (Human)
MOL_H_01137,COC1C(C)CCC1c1c(F)c(C(N)=O)nc(C)c1C(=O)CC(C)C,-6.828,-5.038890000000001,1.789109999999999,-3.300777,Gen 39 (Human)
MOL_H_01138,CCC1C(C)CCC1c1c(C)c(C2CCC(C)C2C(N)=O)nc(C)c1F,-7.289,-5.700378000000002,1.588621999999997,-3.298735399999998,Gen 172 (Human)
MOL_H_01139,Cc1c(C(N)=O)nc(-c2nc(CC(C)C)c(Cl)c(C)c2C)c(Cl)c1C,-7.567,-6.097546000000001,1.469453999999999,-3.2987177999999995,Gen 181 (Human)
MOL_H_01140,Cc1nc(C(=O)CC(C)C)c(C(F)(F)F)c(C(F)(F)F)c1C(N)=O,-6.944,-5.207744000000002,1.7362559999999982,-3.298579199999999,Gen 38 (Human)
MOL_H_01141,CCc1c(C)c(-c2nc(C(N)=O)c(C)c(C(F)(F)F)c2F)nc(C)c1F,-7.323,-5.749546,1.5734540000000008,-3.2983178000000013,Gen 145 (Human)
MOL_H_01142,CCc1nc(-c2c(C)c(C(F)(F)F)nc(C(N)=O)c2F)c(F)c(C)c1C,-7.323,-5.7495460000000005,1.573454,-3.2983178000000004,Gen 173 (Human)
MOL_H_01143,Cc1nc(-c2nc(C3C(C)CCC3C(N)=O)c(C)c(C)c2F)c(C)c(C(F)(F)F)c1F,-7.885,-6.3275260000000015,1.5574739999999982,-3.2981543966199967,Gen 163 (Human)
MOL_H_01144,COc1c(C(N)=O)c(C)nc(C2CCC(C)C2C(=O)C(C)C(C)C)c1C(F)(F)F,-7.189,-5.559623000000003,1.6293769999999972,-3.297263899999998,Gen 7 (Human)
MOL_H_01145,CCCOc1c(C(N)=O)c(C)nc(C)c1C(F)(F)F,-6.564,-4.668615,1.895385,-3.2959695000000004,Gen 12 (Human)
MOL_H_01146,Cc1nc(C2C(C)CCC2C(N)=O)c(F)c(C(F)(F)F)c1C(=O)CC(C)C,-7.141,-5.4947620000000015,1.6462379999999983,-3.2946666,Gen 25 (Human)
MOL_H_01147,CC(C)Cc1nc(C(C)C)c(C(N)=O)c(C(N)=O)c1F,-6.285,-4.274592,2.010408,-3.2927856,Gen 141 (Human)
MOL_H_01148,COc1nc(C)c(C(N)=O)c(C(F)(F)F)c1F,-6.294,-4.288101,2.0058989999999994,-3.2923293,Gen 20 (Human)
MOL_H_01149,Cc1c(C(F)(F)F)nc(C(F)(F)F)c(F)c1C(N)=O,-6.614,-4.745303000000001,1.8686969999999992,-3.2922878999999994,Gen 110 (Human)
MOL_H_01150,CCc1nc(C(F)(F)F)c(C)c(-c2c(C)c(C(N)=O)nc(C)c2F)c1F,-7.315,-5.749546,1.5654540000000008,-3.2903178000000013,Gen 146 (Human)
MOL_H_01151,COc1nc(C)c(C(N)=O)c(C(F)(F)F)c1Cl,-6.441,-4.501016,1.939984,-3.2902888,Gen 19 (Human)
MOL_H_01152,Cc1nc(C(F)(F)F)c(Cl)c(C(F)(F)F)c1C(N)=O,-6.76,-4.9582180000000005,1.801782,-3.2892474,Gen 30 (Human)
MOL_H_01153,Cc1c(-c2nc(CC(C)C)c(F)c(C(N)=O)c2C)nc(C(F)(F)F)c(F)c1C,-7.509,-6.028289,1.4807110000000003,-3.289197700000001,Gen 182 (Human)
MOL_H_01154,COC1C(C)CCC1c1c(C)nc(C)c(C(N)=O)c1C(F)(F)F,-6.814,-5.035694,1.7783059999999995,-3.2890142,Gen 16 (Human)
MOL_H_01155,COc1nc(C)c(C(N)=O)c(C2C(C)CCC2C(F)(F)F)c1F,-6.815,-5.038013,1.776987,-3.2883909000000004,Gen 29 (Human)
MOL_H_01156,CCc1nc(C(N)=O)c(F)c(C(F)(F)F)c1CC(C)C,-6.718,-4.9013670000000005,1.8166329999999995,-3.2870431,Gen 164 (Human)
MOL_H_01157,CCC1C(C)CCC1c1nc(C(F)(F)F)c(F)c(C(N)=O)c1C,-7.04,-5.362024000000002,1.6779759999999984,-3.286583199999999,Gen 150 (Human)
MOL_H_01158,Cc1c(-c2nc(CC(C)C)c(F)c(C(F)(F)F)c2C)nc(C(N)=O)c(Cl)c1C,-7.697,-6.2412040000000015,1.4557959999999983,-3.2865663519199986,Gen 152 (Human)
MOL_H_01159,CCc1nc(C(F)(F)F)c(C(N)=O)c(CC)c1F,-6.522,-4.622624000000001,1.8993759999999995,-3.2861632,Gen 156 (Human)
MOL_H_01160,CCCc1nc(C(N)=O)c(Cl)c(C(F)(F)F)c1C1CCC(C)C1C(N)=O,-6.844,-5.083502000000001,1.7604979999999992,-3.2855486,Gen 124 (Human)
MOL_H_01161,COc1c(C)nc(C(F)(F)F)c(F)c1-c1c(F)c(C(N)=O)nc(C)c1C(F)(F)F,-7.407,-5.888543,1.5184569999999995,-3.2850199,Gen 6 (Human)
MOL_H_01162,Cc1c(Cl)c(C2CCC(C)C2C(N)=O)nc(C2CCC(C)C2C(N)=O)c1C(C)C,-7.122,-5.481671000000002,1.6403289999999977,-3.2848302999999985,Gen 153 (Human)
MOL_H_01163,CCc1nc(C(N)=O)c(F)c(-c2nc(C(F)(F)F)c(F)c(C)c2C)c1C,-7.309,-5.7495460000000005,1.5594539999999997,-3.2843178,Gen 147 (Human)
MOL_H_01164,COc1c(F)c(C(N)=O)nc(C)c1C1C(C)CCC1OC,-6.453,-4.527156,1.9258440000000008,-3.2839908000000007,Gen 51 (Human)
MOL_H_01165,Cc1c(-c2nc(C3C(C)CCC3C(N)=O)c(C)c(C)c2F)nc(CC(C)C)c(F)c1C,-7.975,-6.366643000000002,1.608356999999998,-3.283678952754996,Gen 140 (Human)
MOL_H_01166,COc1c(Cl)c(C2CCC(C)C2C(=O)C(C)C(C)C)nc(C)c1C(N)=O,-7.038,-5.364629000000002,1.6733709999999986,-3.2827597,Gen 10 (Human)
MOL_H_01167,Cc1nc(C(F)(F)F)c(C(F)(F)F)c(C(=O)CC(C)C)c1C(N)=O,-6.926,-5.207744000000002,1.7182559999999985,-3.280579199999999,Gen 36 (Human)
MOL_H_01168,Cc1nc(C2CCC(C)C2C(C)C)c(C)c(C(N)=O)c1F,-6.864,-5.119605000000001,1.744394999999999,-3.2802765,Gen 170 (Human)
MOL_H_01169,COc1c(C(N)=O)c(C)nc(C)c1C(=O)CC(C)C,-6.356,-4.393968999999999,1.9620310000000003,-3.2802217000000007,Gen 14 (Human)
MOL_H_01170,Cc1nc(C(=O)C(C)C(C)C)c(Cl)c(C(F)(F)F)c1C1C(C)CCC1C(N)=O,-7.355,-5.821831000000002,1.5331689999999982,-3.279718299999999,Gen 97 (Human)
MOL_H_01171,CCc1c(C(N)=O)nc(C(F)(F)F)c(F)c1C(F)(F)F,-6.683,-4.86225,1.82075,-3.279425,Gen 108 (Human)
MOL_H_01172,Cc1c(C(N)=O)nc(-c2nc(C(F)(F)F)c(C)c(C)c2Cl)c(Cl)c1C,-7.52,-6.058429,1.4615709999999993,-3.2790997,Gen 132 (Human)
MOL_H_01173,Cc1c(-c2nc(C(N)=O)c(C)c(C(C)C)c2F)nc(CC(C)C)c(F)c1C,-7.488,-6.013067000000002,1.4749329999999985,-3.278853099999999,Gen 157 (Human)
MOL_H_01174,CCCc1nc(C)c(OC)c(-c2c(F)c(C(N)=O)nc(C)c2C(F)(F)F)c1C(F)(F)F,-7.659,-6.221415000000001,1.4375849999999986,-3.2785089888749983,Gen 9 (Human)
MOL_H_01175,CCc1nc(C2CCC(C)C2C(N)=O)c(F)c(C)c1C,-6.669,-4.844031000000001,1.8249689999999985,-3.278178299999999,Gen 173 (Human)
MOL_H_01176,Cc1c(C(F)(F)F)nc(C2CCC(C)C2C(C)C)c(F)c1C(N)=O,-7.111,-5.476178000000002,1.634821999999998,-3.277675399999999,Gen 113 (Human)
MOL_H_01177,Cc1c(C(N)=O)nc(C2C(C)CCC2C(C)C)c(F)c1C(F)(F)F,-7.11,-5.476178000000002,1.6338219999999986,-3.2766754,Gen 113 (Human)
MOL_H_01178,Cc1nc(C(F)(F)F)c(F)c(C(N)=O)c1C(F)(F)F,-6.598,-4.745303,1.852697,-3.2762879000000003,Gen 47 (Human)
MOL_H_01179,COc1c(C)nc(C2C(C)CCC2C(N)=O)c(F)c1OC,-6.444,-4.525826,1.918174,-3.2759218,Gen 61 (Human)
MOL_H_01180,Cc1c(CC(C)C)nc(-c2c(C)c(CC(C)C)nc(C(N)=O)c2F)c(F)c1C,-7.523,-6.067406000000002,1.4555939999999978,-3.2758157999999984,Gen 181 (Human)
MOL_H_01181,COC1CCC(C)C1c1c(C)nc(C(N)=O)c(Cl)c1C(F)(F)F,-6.912,-5.197273000000001,1.714726999999999,-3.2739088999999995,Gen 51 (Human)
MOL_H_01182,CCc1c(F)c(C(F)(F)F)nc(C(C)C)c1C(N)=O,-6.666,-4.847028000000001,1.818972,-3.2730804,Gen 159 (Human)
MOL_H_01183,CCc1nc(-c2nc(C(N)=O)c(C)c(C)c2Cl)c(F)c(C)c1C,-7.197,-5.605888,1.591112,-3.2728784,Gen 173 (Human)
MOL_H_01184,CCc1nc(-c2c(C)c(C3CCC(C)C3C(N)=O)nc(C)c2F)c(C)c(C)c1Cl,-7.796,-6.300815000000002,1.4951849999999984,-3.2717036788749967,Gen 178 (Human)
MOL_H_01185,Cc1nc(C(N)=O)c(C)c(-c2nc(C(F)(F)F)c(C)c(C(F)(F)F)c2F)c1F,-7.464,-5.989172,1.4748280000000005,-3.271579600000001,Gen 146 (Human)
MOL_H_01186,CC(C)c1nc(C(F)(F)F)c(C(N)=O)c(C(F)(F)F)c1F,-6.831,-5.086654,1.7443460000000002,-3.2703422000000004,Gen 119 (Human)
MOL_H_01187,COc1cnc(C)c(OC)c1-c1c(F)c(C(N)=O)nc(C)c1C(F)(F)F,-7.012,-5.346676,1.665324,-3.2693268,Gen 6 (Human)
MOL_H_01188,Cc1c(-c2nc(C(F)(F)F)c(F)c(C)c2C)nc(C2C(C)CCC2C(N)=O)c(F)c1C,-7.856,-6.3275260000000015,1.5284739999999983,-3.2691543966199967,Gen 128 (Human)
MOL_H_01189,CCc1c(C(N)=O)nc(C(C)C)c(F)c1C(N)=O,-6.066,-3.995849,2.070151,-3.2689057,Gen 170 (Human)
MOL_H_01190,COc1c(C)nc(C(F)(F)F)c(C2CC2)c1-c1c(F)c(C(N)=O)nc(C)c1C(F)(F)F,-7.611,-6.191098000000002,1.4199019999999978,-3.2687861719799987,Gen 6 (Human)
MOL_H_01191,CCC1C(C)CCC1c1c(C)c(-c2nc(C(N)=O)c(F)c(C)c2C)nc(C)c1F,-7.692,-6.249320000000001,1.4426799999999993,-3.268153688,Gen 172 (Human)
MOL_H_01192,CCOc1nc(C)c(C(N)=O)c(C(F)(F)F)c1F,-6.384,-4.45269,1.9313100000000007,-3.2671170000000007,Gen 18 (Human)
MOL_H_01193,COc1nc(C)c(C(N)=O)c(C2CCC(C)C2OC)c1F,-6.436,-4.527156,1.908844,-3.2669908000000003,Gen 39 (Human)
MOL_H_01194,COc1c(C)nc(C(N)=O)c(F)c1C(=O)CC(C)C,-6.306,-4.342632999999999,1.9633670000000008,-3.266156900000001,Gen 44 (Human)
MOL_H_01195,Cc1nccc(-c2c(F)c(C(N)=O)nc(C)c2C(F)(F)F)c1C(=O)CC(C)C,-7.342,-5.823038000000001,1.5189619999999984,-3.2658734,Gen 5 (Human)
MOL_H_01196,Cc1c(C(N)=O)nc(C(C)C)c(F)c1C1C(C)CCC1C(N)=O,-6.467,-4.573829000000001,1.8931709999999988,-3.265319699999999,Gen 154 (Human)
MOL_H_01197,COc1c(C)nc(C(N)=O)c(F)c1C1CCC(C)C1OC,-6.434,-4.527156,1.9068440000000004,-3.2649908000000005,Gen 13 (Human)
MOL_H_01198,COc1c(C)nc(C2CCC(C)C2OC)c(Cl)c1C(N)=O,-6.583,-4.740071,1.842929,-3.2649503,Gen 14 (Human)
MOL_H_01199,Cc1c(C(F)(F)F)nc(-c2c(C)c(C(N)=O)nc(C(F)(F)F)c2F)c(F)c1C,-7.457,-5.989172,1.467828,-3.2645796,Gen 136 (Human)
MOL_H_01200,Cc1nc(C2CCC(C)C2C(F)(F)F)c(F)c(C(N)=O)c1C(=O)C(C)C(C)C,-7.229,-5.663901000000002,1.5650989999999982,-3.264269299999999,Gen 11 (Human)
MOL_H_01201,Cc1nc(C(N)=O)c(C)c(C2CCC(C)C2C(F)(F)F)c1F,-6.861,-5.138642000000002,1.722357999999998,-3.263950599999999,Gen 174 (Human)
MOL_H_01202,CCc1nc(C2CCC(C)C2C(N)=O)c(F)c(CC)c1C,-6.735,-4.960978000000001,1.7740219999999995,-3.2623154,Gen 137 (Human)
MOL_H_01203,Cc1nc(OC(C)C)c(F)c(C(F)(F)F)c1C1CCC(C)C1C(N)=O,-6.98,-5.311646000000001,1.668353999999999,-3.2618477999999995,Gen 37 (Human)
MOL_H_01204,Cc1c(-c2c(C)c(CC(C)C)nc(C(F)(F)F)c2F)nc(C(N)=O)c(Cl)c1C,-7.67,-6.2412040000000015,1.4287959999999984,-3.2595663519199984,Gen 152 (Human)
MOL_H_01205,Cc1c(-c2nc(CC(C)C)c(C)c(C(N)=O)c2F)nc(C(F)(F)F)c(F)c1C,-7.479,-6.028289,1.450711,-3.2591977000000005,Gen 157 (Human)
MOL_H_01206,Cc1nc(C(F)(F)F)c(Cl)c(C2CCC(C)C2C(F)(F)F)c1C(N)=O,-7.254,-5.7081300000000015,1.545869999999998,-3.258308999999999,Gen 57 (Human)
MOL_H_01207,CCc1nc(C2C(C)CCC2C(N)=O)c(F)c(CC)c1C,-6.73,-4.960978000000001,1.7690219999999997,-3.2573154,Gen 147 (Human)
MOL_H_01208,CCc1nc(-c2nc(C(N)=O)c(Cl)c(C)c2C)c(F)c(C)c1C,-7.181,-5.605888,1.5751119999999998,-3.2568784,Gen 173 (Human)
MOL_H_01209,Cc1c(C(C)C)nc(-c2c(C)c(C(N)=O)nc(C(C)C)c2F)c(Cl)c1C,-7.579,-6.171643000000001,1.4073569999999984,-3.2565078027549994,Gen 158 (Human)
MOL_H_01210,Cc1nc(C(N)=O)c(C)c(C2C(C)CCC2C(F)(F)F)c1F,-6.853,-5.138642000000002,1.714357999999998,-3.255950599999999,Gen 174 (Human)
MOL_H_01211,CCc1nc(C(N)=O)c(F)c(C(N)=O)c1CC(C)C,-6.091,-4.050188,2.040812,-3.2558684,Gen 153 (Human)
MOL_H_01212,Cc1nc(C(F)(F)F)c(F)c(-c2nc(C(N)=O)c(C)c(C)c2F)c1C(F)(F)F,-7.448,-5.989172,1.4588280000000005,-3.255579600000001,Gen 135 (Human)
MOL_H_01213,Cc1nc(C(N)=O)c(Cl)c(C(F)(F)F)c1C1CCC(C)C1C(F)(F)F,-7.251,-5.7081300000000015,1.5428699999999989,-3.255309,Gen 74 (Human)
MOL_H_01214,CCCOc1c(Cl)c(C(F)(F)F)nc(C)c1C(N)=O,-6.636,-4.8301940000000005,1.805806,-3.2548642,Gen 8 (Human)
MOL_H_01215,Cc1c(C2CCC(C)C2c2nc(C(F)(F)F)c(F)c(C)c2C)nc(C(N)=O)c(F)c1C,-7.948,-6.367496000000001,1.5805039999999997,-3.254230249919999,Gen 148 (Human)
MOL_H_01216,CCOc1c(Cl)c(C2CCC(C)C2C(F)(F)F)nc(C)c1C(N)=O,-7.044,-5.415517,1.6284829999999992,-3.2531381,Gen 46 (Human)
MOL_H_01217,Cc1c(C(N)=O)nc(C(F)(F)F)c(Cl)c1C,-6.474,-4.601645,1.872355,-3.2528485000000003,Gen 132 (Human)
MOL_H_01218,CCC(C)c1nc(C(N)=O)c(Cl)c(C(F)(F)F)c1C1CCC(C)C1C(N)=O,-6.967,-5.307906000000002,1.6590939999999978,-3.2514657999999987,Gen 125 (Human)
MOL_H_01219,COc1c(C)nc(C)c(C2C(C)CCC2C(=O)C(C)C(C)C)c1C(N)=O,-6.892,-5.203050000000002,1.6889499999999984,-3.249865,Gen 12 (Human)
MOL_H_01220,CCc1c(-c2c(C)ncc(F)c2C(N)=O)ccnc1C,-6.775,-5.036306,1.7386940000000006,-3.2495858000000006,Gen 2 (Human)
MOL_H_01221,Cc1c(C2C(C)CCC2C(F)(F)F)nc(C2C(C)CCC2C(N)=O)c(F)c1C,-7.333,-5.833569000000002,1.4994309999999975,-3.249501699999999,Gen 139 (Human)
MOL_H_01222,COc1nc(C)c(C2C(C)CCC2C(N)=O)c(C(F)(F)F)c1Cl,-6.885,-5.195943000000001,1.6890569999999991,-3.2478399,Gen 19 (Human)
MOL_H_01223,COc1c(C)nc(C(=O)CC(C)C)c(OC)c1C(N)=O,-6.251,-4.293340000000001,1.95766,-3.2456620000000003,Gen 105 (Human)
MOL_H_01224,CCc1c(C)c(C2CCC(C)C2C(N)=O)nc(C2C(C)CCC2C(N)=O)c1Cl,-6.925,-5.257267000000002,1.6677329999999977,-3.2449130999999984,Gen 132 (Human)
MOL_H_01225,CCc1c(C)c(C(N)=O)nc(-c2nc(C(F)(F)F)c(F)c(C)c2C)c1F,-7.269,-5.7495460000000005,1.5194539999999996,-3.2443178,Gen 182 (Human)
MOL_H_01226,Cc1nc(CC(C)C)c(C)c(-c2nc(C(N)=O)c(Cl)c(C)c2C)c1F,-7.363,-5.884631000000001,1.4783689999999998,-3.2437583000000005,Gen 178 (Human)
MOL_H_01227,CCc1c(C)c(C2CCC(C)C2CC)nc(C(N)=O)c1F,-6.829,-5.122398000000001,1.7066019999999984,-3.2433213999999992,Gen 126 (Human)
MOL_H_01228,CCc1nc(C(N)=O)c(C)c(-c2nc(C(F)(F)F)c(F)c(C)c2C)c1F,-7.268,-5.7495460000000005,1.5184539999999993,-3.2433178,Gen 182 (Human)
MOL_H_01229,CC(C)c1c(C2CCC(C)C2C(N)=O)nc(C(C)C(C)C)c(F)c1C(N)=O,-6.879,-5.193923000000002,1.685076999999998,-3.2432538999999987,Gen 182 (Human)
MOL_H_01230,COc1c(F)c(-c2ccnc(C)c2C(F)(F)F)nc(C)c1C(N)=O,-6.961,-5.311304,1.6496960000000005,-3.2430872000000006,Gen 6 (Human)
MOL_H_01231,CC(C)Cc1nc(C(F)(F)F)c(F)c(C(F)(F)F)c1C(N)=O,-6.841,-5.140993000000002,1.7000069999999985,-3.2423049,Gen 164 (Human)
MOL_H_01232,Cc1c(-c2nc(C(C)C)c(C)c(C(N)=O)c2F)nc(C(F)(F)F)c(F)c1C,-7.424,-5.97395,1.45005,-3.242235,Gen 157 (Human)
MOL_H_01233,COc1c(C)nc(C)c(C2CCC(C)C2C(=O)CC(C)C)c1C(N)=O,-6.803,-5.088896000000002,1.714103999999998,-3.240772799999999,Gen 16 (Human)
MOL_H_01234,CCc1nc(C(F)(F)F)c(C)c(C2CCC(C)C2C(N)=O)c1F,-6.881,-5.200604000000001,1.6803959999999991,-3.2405772,Gen 117 (Human)
MOL_H_01235,Cc1nc(C(F)(F)F)c(C)c(-c2nc(C(N)=O)c(Cl)c(C)c2C)c1F,-7.33,-5.8455140000000005,1.4844859999999995,-3.2381402,Gen 178 (Human)
MOL_H_01236,CCOc1c(C)ncc(C(F)(F)F)c1-c1c(F)c(C(N)=O)nc(C)c1C(F)(F)F,-7.415,-5.968467000000001,1.4465329999999987,-3.237073099999999,Gen 6 (Human)
MOL_H_01237,CCc1nc(-c2nc(C(N)=O)c(F)c(CC)c2C)c(C)c(C)c1F,-7.094,-5.509920000000001,1.5840799999999993,-3.237056,Gen 131 (Human)
MOL_H_01238,CCC(C(=O)C1CCC(C)C1c1nc(C)c(OC)c(C(N)=O)c1F)C(C)C,-6.957,-5.316303000000002,1.6406969999999976,-3.2355878999999987,Gen 25 (Human)
MOL_H_01239,Cc1c(C(N)=O)nc(C(N)=O)c(F)c1C1CCC(C)C1CC(C)C,-6.588,-4.789588000000001,1.798411999999999,-3.2352883999999995,Gen 151 (Human)
MOL_H_01240,COC1CCC(C)C1c1nc(C)c(C(F)(F)F)c(C(N)=O)c1Cl,-6.873,-5.197273000000001,1.6757269999999993,-3.2349089,Gen 34 (Human)
MOL_H_01241,CCC1CCC(C)C1c1c(F)c(C(N)=O)nc(C)c1C(F)(F)F,-6.988,-5.362024000000002,1.6259759999999988,-3.2345831999999994,Gen 106 (Human)
MOL_H_01242,Cc1nc(CC(C)C)c(C)c(-c2nc(C(N)=O)c(C)c(C)c2Cl)c1F,-7.353,-5.884631000000001,1.4683689999999991,-3.2337583,Gen 184 (Human)
MOL_H_01243,CCc1c(F)c(C(N)=O)nc(C)c1C1CCC(C)C1C(F)(F)F,-6.912,-5.255589000000001,1.6564109999999983,-3.233087699999999,Gen 124 (Human)
MOL_H_01244,Cc1nc(C(N)=O)c(C)c(-c2nc(CC(C)C)c(Cl)c(C)c2C)c1F,-7.352,-5.884631000000001,1.4673689999999997,-3.2327583000000004,Gen 178 (Human)
MOL_H_01245,CCC1C(C)CCC1c1nc(C(N)=O)c(F)c(C(F)(F)F)c1C,-6.986,-5.362024000000002,1.623975999999998,-3.2325831999999988,Gen 124 (Human)
MOL_H_01246,CC(C)c1nc(C(F)(F)F)c(F)c(C(N)=O)c1C(F)(F)F,-6.792,-5.086654,1.7053459999999996,-3.2313422,Gen 115 (Human)
MOL_H_01247,COc1nc(C)c(C(F)(F)F)c(C2C(C)CCC2C(N)=O)c1Cl,-6.868,-5.195943000000001,1.6720569999999997,-3.2308399000000003,Gen 19 (Human)
MOL_H_01248,CCc1nc(C2C(C)CCC2C(N)=O)c(F)c(C)c1C,-6.621,-4.844031000000001,1.7769689999999994,-3.2301783,Gen 173 (Human)
MOL_H_01249,CCc1nc(C2CCC(C)C2CC)c(F)c(C(N)=O)c1C,-6.815,-5.122398000000001,1.692601999999999,-3.2293214,Gen 150 (Human)
MOL_H_01250,CCc1nc(-c2nc(C(F)(F)F)c(F)c(C)c2C)c(C)c(C(N)=O)c1F,-7.253,-5.7495460000000005,1.5034539999999996,-3.2283178,Gen 160 (Human)
MOL_H_01251,COc1c(C)nc(C(=O)CC(C)C)c(F)c1C1CCC(C)C1C(N)=O,-6.754,-5.037560000000002,1.7164399999999975,-3.2277079999999985,Gen 40 (Human)
MOL_H_01252,CCC(C(=O)c1c(C)nc(C2CCC(C)C2C(N)=O)c(Cl)c1OC)C(C)C,-7.098,-5.529218000000002,1.568781999999998,-3.227547399999999,Gen 72 (Human)
MOL_H_01253,CCCCC(C)c1c(C2CCC(C)C2C(N)=O)nc(C(N)=O)c(F)c1C(F)(F)F,-7.024,-5.424169000000002,1.5998309999999982,-3.227081699999999,Gen 120 (Human)
MOL_H_01254,CCc1c(-c2c(-c3c(C)ncc(F)c3C(N)=O)ccnc2C)ccnc1C,-7.468,-6.059509000000001,1.4084909999999988,-3.2263437,Gen 2 (Human)
MOL_H_01255,CCc1nc(C2CCC(C)C2C(N)=O)c(C(C)C)c(C(N)=O)c1Cl,-6.657,-4.903691000000001,1.753308999999999,-3.2244162999999992,Gen 161 (Human)
MOL_H_01256,Cc1nc(C(F)(F)F)c(C(N)=O)c(C(F)(F)F)c1C(=O)CC(C)C,-6.868,-5.207744000000002,1.6602559999999986,-3.2225792,Gen 60 (Human)
MOL_H_01257,Cc1c(C(C)C)nc(C(F)(F)F)c(F)c1C1CCC(C)C1C(N)=O,-7.02,-5.425008000000002,1.5949919999999975,-3.222494399999998,Gen 117 (Human)
MOL_H_01258,Cc1c(C2C(C)CCC2C(F)(F)F)nc(C(F)(F)F)c(F)c1C(N)=O,-7.069,-5.495215000000001,1.573784999999999,-3.2223494999999995,Gen 110 (Human)
MOL_H_01259,CC(C)Cc1c(C(N)=O)nc(C(N)=O)c(F)c1C(C)C,-6.214,-4.274592,1.939408,-3.2217856000000005,Gen 169 (Human)
MOL_H_01260,COC1CCC(C)C1c1c(C)nc(C(=O)CC(C)C)c(Cl)c1C(N)=O,-6.897,-5.251805000000001,1.6451949999999993,-3.2207365,Gen 42 (Human)
MOL_H_01261,CCc1c(C)c(C(N)=O)nc(-c2nc(C(F)(F)F)c(C)c(C)c2F)c1F,-7.241,-5.7495460000000005,1.4914539999999992,-3.2163178,Gen 136 (Human)
MOL_H_01262,Cc1c(C2CCC(C)C2C(N)=O)nc(C(F)(F)F)c(Cl)c1C,-6.923,-5.296572000000002,1.626427999999998,-3.2153995999999987,Gen 132 (Human)
MOL_H_01263,COC1CCC(C)C1c1nc(C)c(C(=O)C(C)C(C)C)c(C(N)=O)c1F,-6.822,-5.153044000000002,1.668955999999998,-3.214869199999999,Gen 11 (Human)
MOL_H_01264,COC1CCC(C)C1c1c(-c2c(C)ncc(F)c2C(N)=O)ccnc1C,-7.075,-5.5149870000000005,1.5600129999999996,-3.2145091,Gen 2 (Human)
MOL_H_01265,CCc1c(C)nc(C(N)=O)c(F)c1C1CCC(C)C1C(F)(F)F,-6.892,-5.255589000000001,1.636410999999999,-3.2130876999999995,Gen 124 (Human)
MOL_H_01266,CCc1c(C)c(C(N)=O)nc(C2C(C)CCC2C(F)(F)F)c1F,-6.892,-5.255589000000001,1.636410999999999,-3.2130876999999995,Gen 126 (Human)
MOL_H_01267,COC1C(C)CCC1c1c(Cl)c(C(F)(F)F)nc(C)c1C(N)=O,-6.849,-5.197273000000001,1.6517269999999993,-3.2109089,Gen 57 (Human)
MOL_H_01268,Cc1nc(-c2nc(C(F)(F)F)c(C)c(C(F)(F)F)c2F)c(C)c(C(N)=O)c1F,-7.403,-5.989172,1.4138279999999996,-3.2105796,Gen 146 (Human)
MOL_H_01269,Cc1nc(C(F)(F)F)c(Cl)c(C2C(C)CCC2C(N)=O)c1C(F)(F)F,-7.167,-5.653145000000002,1.5138549999999975,-3.2097984999999984,Gen 30 (Human)
MOL_H_01270,CCCc1nc(C2CCC(C)C2C(N)=O)c(C(C)C)c(C(N)=O)c1Cl,-6.757,-5.0682800000000015,1.6887199999999982,-3.209203999999999,Gen 173 (Human)
MOL_H_01271,Cc1nc(C2CCC(C)C2C(F)(F)F)c(F)c(C(N)=O)c1C(=O)CC(C)C,-7.094,-5.549747000000002,1.5442529999999983,-3.2091771,Gen 31 (Human)
MOL_H_01272,CC(C)CC(=O)C1C(C)CCC1C(N)=O,-5.907,-3.8543499999999993,2.0526500000000008,-3.208955000000001,Gen 23 (Human)
MOL_H_01273,COc1c(C(F)(F)F)nc(C)c(C(N)=O)c1C(F)(F)F,-6.494,-4.69601,1.7979899999999995,-3.206793,Gen 37 (Human)
MOL_H_01274,Cc1nc(C2CCC(C)C2C(N)=O)c(F)c(C(=O)CC(C)C)c1C(F)(F)F,-7.052,-5.4947620000000015,1.557237999999998,-3.205666599999999,Gen 44 (Human)
MOL_H_01275,CCC1CCC(C)C1c1nc(C2CCC(C)C2C(N)=O)c(F)c(C)c1C,-7.195,-5.700378000000002,1.494621999999998,-3.204735399999999,Gen 133 (Human)
MOL_H_01276,COc1nc(C)c(C2CCC(C)C2C(F)(F)F)c(C(N)=O)c1F,-6.731,-5.038013,1.6929869999999996,-3.2043909,Gen 20 (Human)
MOL_H_01277,COC1C(C)CCC1c1c(C)nc(C(N)=O)c(Cl)c1C(F)(F)F,-6.842,-5.197273000000001,1.6447269999999987,-3.203908899999999,Gen 65 (Human)
MOL_H_01278,CC(C)Cc1c(C2CCC(C)C2C(N)=O)nc(C(N)=O)c(Cl)c1C(F)(F)F,-6.842,-5.197656000000001,1.6443439999999985,-3.203640799999999,Gen 160 (Human)
MOL_H_01279,Cc1nc(C(F)(F)F)c(Cl)c(C(N)=O)c1C1C(C)CCC1C(F)(F)F,-7.199,-5.7081300000000015,1.4908699999999984,-3.203308999999999,Gen 30 (Human)
MOL_H_01280,Cc1c(Cl)c(C2C(C)CCC2C(N)=O)nc(C(N)=O)c1C(C)C,-6.552,-4.786744000000001,1.7652559999999982,-3.2012791999999988,Gen 134 (Human)
MOL_H_01281,Cc1c(C2C(C)CCC2CC(C)C)nc(C(N)=O)c(F)c1C(N)=O,-6.552,-4.789588000000001,1.7624119999999983,-3.199288399999999,Gen 181 (Human)
MOL_H_01282,Cc1c(C(N)=O)nc(C2CCC(C)C2C(C)C)c(Cl)c1C,-6.932,-5.332520000000002,1.599479999999998,-3.199235999999999,Gen 144 (Human)
MOL_H_01283,Cc1nc(-c2nc(C(F)(F)F)c(F)c(C)c2C)c(C)c(C(N)=O)c1F,-7.142,-5.632599000000001,1.5094009999999995,-3.1991807,Gen 175 (Human)
MOL_H_01284,Cc1nc(C(N)=O)c(C)c(C2CCC(C)C2CC(C)C)c1F,-6.898,-5.284194000000001,1.6138059999999983,-3.199064199999999,Gen 171 (Human)
MOL_H_01285,COc1c(C)nc(C)c(C(N)=O)c1C(F)(F)F,-6.236,-4.339437,1.896563,-3.1983941,Gen 16 (Human)
MOL_H_01286,Cc1c(-c2nc(C(C)C)c(C)c(C(N)=O)c2F)nc(CC(C)C)c(F)c1C,-7.405,-6.013067000000001,1.391932999999999,-3.1958531,Gen 157 (Human)
MOL_H_01287,Cc1nc(C(F)(F)F)c(Cl)c(C(N)=O)c1C(F)(F)F,-6.666,-4.9582180000000005,1.707782,-3.1952474000000004,Gen 30 (Human)
MOL_H_01288,CCc1nc(CC)c(C(F)(F)F)c(C(N)=O)c1F,-6.431,-4.622624,1.808376,-3.1951632,Gen 106 (Human)
MOL_H_01289,CCC1C(C)CCC1C(N)=O,-5.8,-3.721612,2.078388,-3.1948716,Gen 150 (Human)
MOL_H_01290,CC(C)c1nc(C(N)=O)c(F)c(C(C)C)c1C(N)=O,-6.149,-4.220253000000001,1.9287469999999989,-3.1948228999999992,Gen 159 (Human)
MOL_H_01291,CCc1nc(C(N)=O)c(F)c(-c2nc(C(C)C)c(F)c(C)c2C)c1C,-7.207,-5.734324000000001,1.472675999999999,-3.192973199999999,Gen 149 (Human)
MOL_H_01292,CCc1nc(C(N)=O)c(F)c(-c2nc(CC)c(F)c(C)c2C)c1C,-7.049,-5.509920000000001,1.5390799999999991,-3.192056,Gen 131 (Human)
MOL_H_01293,CCc1nc(C(N)=O)c(F)c(C2CCC(C)C2CC(C)C)c1C,-6.972,-5.401141000000002,1.570858999999999,-3.1912012999999995,Gen 171 (Human)
MOL_H_01294,CC(C)CC(=O)C1CCC(C)C1C(N)=O,-5.889,-3.8543499999999993,2.034650000000001,-3.190955000000001,Gen 24 (Human)
MOL_H_01295,Cc1nc(-c2c(C)c(C(F)(F)F)nc(C(F)(F)F)c2F)c(C)c(C(N)=O)c1F,-7.383,-5.989171999999999,1.393828000000001,-3.1905796000000013,Gen 165 (Human)
MOL_H_01296,Cc1c(-c2nc(C(N)=O)c(C)c(C(C)C)c2F)nc(C(F)(F)F)c(F)c1C,-7.372,-5.97395,1.3980499999999996,-3.1902349999999995,Gen 154 (Human)
MOL_H_01297,Cc1nc(-c2nc(C(N)=O)c(F)c(C)c2C)c(C)c(C2C(C)CCC2C(F)(F)F)c1F,-7.927,-6.382511000000001,1.544488999999999,-3.1889354743949987,Gen 175 (Human)
MOL_H_01298,Cc1nc(-c2nc(C(F)(F)F)c(F)c(C(F)(F)F)c2C)c(C)c(C(N)=O)c1F,-7.38,-5.989172,1.390828,-3.1875796000000003,Gen 155 (Human)
MOL_H_01299,CCOc1nc(C)c(C(N)=O)c(C(F)(F)F)c1Cl,-6.452,-4.665605,1.7863949999999995,-3.1860765,Gen 18 (Human)
MOL_H_01300,Cc1c(C(N)=O)nc(C(F)(F)F)c(F)c1C1CCC(C)C1CC(C)C,-7.134,-5.640767000000002,1.4932329999999985,-3.1854631,Gen 151 (Human)
MOL_H_01301,CCC(C(=O)c1c(Cl)c(C2CCC(C)C2C(N)=O)nc(C)c1OC)C(C)C,-7.054,-5.529218000000002,1.5247819999999983,-3.1835474,Gen 64 (Human)
MOL_H_01302,Cc1c(C(N)=O)nc(C2CCC(C)C2c2nc(C(F)(F)F)c(C)c(C)c2F)c(F)c1C,-7.877,-6.367496000000001,1.5095039999999988,-3.1832302499199985,Gen 128 (Human)
MOL_H_01303,COc1c(C)nc(C(F)(F)F)c(F)c1C1C(C)CCC1c1c(C(N)=O)ccnc1C,-7.413,-6.046201000000002,1.3667989999999983,-3.1806592999999994,Gen 4 (Human)
MOL_H_01304,Cc1c(C(N)=O)nc(-c2nc(C(F)(F)F)c(Cl)c(C)c2C)c(Cl)c1C,-7.421,-6.058429,1.362571,-3.1800997000000004,Gen 132 (Human)
MOL_H_01305,Cc1c(-c2c(C)c(C(C)C)nc(C(N)=O)c2F)nc(C(C)C)c(F)c1C,-7.351,-5.958728000000001,1.3922719999999993,-3.1798904,Gen 149 (Human)
MOL_H_01306,Cc1nc(C2C(C)CCC2C(N)=O)c(C)c(-c2nc(CC(C)C)c(C)c(C)c2F)c1F,-7.869,-6.366643000000002,1.5023569999999982,-3.177678952754996,Gen 168 (Human)
MOL_H_01307,Cc1nc(C(=O)CC(C)C)c(Cl)c(C(F)(F)F)c1C1C(C)CCC1C(N)=O,-7.173,-5.707677000000002,1.465322999999998,-3.177626099999999,Gen 24 (Human)
MOL_H_01308,CC(C)c1nc(C(N)=O)c(C(C)C)c(C(N)=O)c1F,-6.13,-4.2202530000000005,1.909747,-3.1758229,Gen 149 (Human)
MOL_H_01309,Cc1c(C2C(C)CCC2C(N)=O)nc(C(F)(F)F)c(F)c1CC(C)C,-7.011,-5.4793470000000015,1.5316529999999986,-3.175457099999999,Gen 176 (Human)
MOL_H_01310,CCc1c(C)c(C(N)=O)nc(C2CCC(C)C2C(C)C)c1F,-6.841,-5.236552000000001,1.6044479999999988,-3.1754136,Gen 126 (Human)
MOL_H_01311,COc1c(Cl)c(C(N)=O)nc(C)c1C1CCC(C)C1C(F)(F)F,-6.85,-5.250928000000001,1.5990719999999987,-3.1743504,Gen 74 (Human)
MOL_H_01312,COc1c(C(=O)CC(C)C)nc(C)c(C(N)=O)c1C(=O)CC(C)C,-6.537,-4.805074000000001,1.7319259999999987,-3.1734482,Gen 105 (Human)
MOL_H_01313,CCC(C)c1c(C)c(C2CCC(C)C2C(N)=O)nc(C(N)=O)c1F,-6.49,-4.738418000000001,1.751581999999999,-3.1731074,Gen 127 (Human)
MOL_H_01314,Cc1nc(-c2nc(C(N)=O)c(C)c(C)c2F)c(C)c(C2CCC(C)C2C(F)(F)F)c1F,-7.911,-6.382511000000001,1.5284889999999989,-3.1729354743949987,Gen 142 (Human)
MOL_H_01315,CCc1nc(C(N)=O)c(F)c(CC)c1C(F)(F)F,-6.408,-4.622624,1.7853760000000003,-3.1721632000000004,Gen 112 (Human)
MOL_H_01316,CCOc1c(F)c(C2CCC(C)C2C(=O)C(C)C(C)C)nc(C)c1C(N)=O,-6.893,-5.316303000000002,1.5766969999999976,-3.1715878999999987,Gen 12 (Human)
MOL_H_01317,Cc1nc(C(F)(F)F)c(C(=O)CC(C)C)c(C(N)=O)c1C(F)(F)F,-6.817,-5.207744000000002,1.6092559999999985,-3.171579199999999,Gen 28 (Human)
MOL_H_01318,Cc1nc(C(N)=O)c(C)c(-c2c(C)c(C(F)(F)F)nc(C(F)(F)F)c2F)c1F,-7.363,-5.989172,1.3738280000000005,-3.170579600000001,Gen 165 (Human)
MOL_H_01319,Cc1c(-c2c(C)c(C(N)=O)nc(C(C)C)c2F)nc(C(C)C)c(Cl)c1C,-7.493,-6.171643000000001,1.321356999999999,-3.170507802755,Gen 158 (Human)
MOL_H_01320,Cc1c(C2CCC(C)C2C(F)(F)F)nc(C2C(C)CCC2C(N)=O)c(F)c1C,-7.254,-5.833569000000002,1.4204309999999971,-3.170501699999998,Gen 128 (Human)
MOL_H_01321,Cc1c(C(F)(F)F)nc(-c2nc(C(N)=O)c(C)c(C(C)C)c2F)c(F)c1C,-7.352,-5.97395,1.37805,-3.170235,Gen 154 (Human)
MOL_H_01322,Cc1nccc(-c2c(C)ncc(F)c2C(N)=O)c1C(=O)CC(C)C,-6.901,-5.330464000000001,1.5705359999999988,-3.1696751999999995,Gen 2 (Human)
MOL_H_01323,Cc1nc(C(=O)CC(C)C)c(F)c(C2C(C)CCC2C(N)=O)c1C(F)(F)F,-7.016,-5.4947620000000015,1.5212379999999983,-3.1696666,Gen 49 (Human)
MOL_H_01324,COc1nc(C)c(C(F)(F)F)c(C(N)=O)c1C(=O)CC(C)C,-6.494,-4.750542000000001,1.7434579999999986,-3.1686205999999992,Gen 28 (Human)
MOL_H_01325,CCC1C(C)CCC1c1nc(C)c(C(F)(F)F)c(C(N)=O)c1F,-6.922,-5.362024000000002,1.559975999999998,-3.1685831999999987,Gen 122 (Human)
MOL_H_01326,COC1C(C)CCC1c1nc(C)c(C(N)=O)c(C(=O)CC(C)C)c1F,-6.695,-5.038890000000001,1.656109999999999,-3.167777,Gen 39 (Human)
MOL_H_01327,Cc1nc(C(N)=O)c(F)c(C2CCC(C)C2C(F)(F)F)c1C(=O)CC(C)C,-7.052,-5.549747000000002,1.5022529999999978,-3.167177099999998,Gen 14 (Human)
MOL_H_01328,CC(C)c1c(F)c(C(F)(F)F)nc(C(F)(F)F)c1C(N)=O,-6.727,-5.086654000000001,1.6403459999999992,-3.1663422,Gen 120 (Human)
MOL_H_01329,CC(C)Cc1nc(C(F)(F)F)c(C(N)=O)c(C(F)(F)F)c1F,-6.765,-5.140993000000001,1.6240069999999989,-3.166304899999999,Gen 164 (Human)
MOL_H_01330,CC(C)c1nc(C(C)C)c(C(N)=O)c(C(F)(F)F)c1F,-6.716,-5.071432000000001,1.6445679999999996,-3.1659976,Gen 119 (Human)
MOL_H_01331,Cc1c(C(F)(F)F)nc(C2CCC(C)C2C(N)=O)c(F)c1CC(C)C,-7.0,-5.4793470000000015,1.5206529999999985,-3.164457099999999,Gen 179 (Human)
MOL_H_01332,CCc1nc(C(C)C)c(F)c(C(F)(F)F)c1C(N)=O,-6.556,-4.847028,1.7089720000000002,-3.1630804,Gen 159 (Human)
MOL_H_01333,COC1C(C)CCC1c1c(Cl)c(C(N)=O)nc(C)c1C(F)(F)F,-6.801,-5.197273000000001,1.6037269999999992,-3.1629089,Gen 84 (Human)
MOL_H_01334,Cc1c(C(C)C)nc(-c2nc(C(N)=O)c(C)c(C(C)C)c2F)c(F)c1C,-7.334,-5.958728000000001,1.375271999999999,-3.1628904,Gen 154 (Human)
MOL_H_01335,CCC1C(C)CCC1c1c(C)c(C(N)=O)nc(C(F)(F)F)c1F,-6.916,-5.362024000000002,1.5539759999999987,-3.1625832,Gen 111 (Human)
MOL_H_01336,Cc1nc(-c2nc(C(F)(F)F)c(C)c(C)c2F)c(C)c(C(N)=O)c1F,-7.105,-5.632599000000001,1.4724009999999996,-3.1621807,Gen 163 (Human)
MOL_H_01337,COc1c(C)nc(C(N)=O)c(F)c1C1C(C)CCC1OC,-6.331,-4.527156,1.803844000000001,-3.1619908000000008,Gen 13 (Human)
MOL_H_01338,Cc1nc(C(N)=O)c(C)c(-c2nc(CC(C)C)c(C)c(C)c2F)c1F,-7.131,-5.671716,1.4592840000000002,-3.1607988000000007,Gen 168 (Human)
MOL_H_01339,CCCc1nc(C(=O)CC(C)C)c(F)c(C(F)(F)F)c1C1CCC(C)C1C(N)=O,-7.204,-5.7762980000000015,1.4277019999999985,-3.1605913999999986,Gen 97 (Human)
MOL_H_01340,Cc1c(C2CCC(C)C2C(N)=O)nc(C(C)C)c(F)c1C(F)(F)F,-6.958,-5.425008000000002,1.5329919999999984,-3.1604944,Gen 121 (Human)
MOL_H_01341,CCc1nc(C2CCC(C)C2C(N)=O)c(C)c(C(F)(F)F)c1F,-6.8,-5.200604000000001,1.5993959999999987,-3.1595772,Gen 155 (Human)
MOL_H_01342,COC1C(C)CCC1c1nc(C)c(C(=O)CC(C)C)c(C(N)=O)c1F,-6.686,-5.038890000000001,1.6471099999999987,-3.158777,Gen 31 (Human)
MOL_H_01343,CC(C)Cc1c(C(N)=O)nc(C(F)(F)F)c(F)c1C(F)(F)F,-6.757,-5.140993000000001,1.6160069999999989,-3.158304899999999,Gen 164 (Human)
MOL_H_01344,Cc1nc(-c2nc(C(C)C)c(C)c(C)c2F)c(C)c(C(N)=O)c1F,-7.09,-5.617377000000001,1.472622999999999,-3.1578360999999995,Gen 163 (Human)
MOL_H_01345,Cc1c(-c2c(C)c(C(F)(F)F)nc(CC(C)C)c2F)nc(C(N)=O)c(Cl)c1C,-7.568,-6.2412040000000015,1.326795999999998,-3.157566351919998,Gen 152 (Human)
MOL_H_01346,COC1C(C)CCC1c1nc(C)c(C(N)=O)c(C(F)(F)F)c1F,-6.646,-4.984357999999999,1.6616420000000005,-3.1569494000000007,Gen 25 (Human)
MOL_H_01347,Cc1nc(C(N)=O)c(F)c(-c2nc(C(F)(F)F)c(C)c(C)c2Cl)c1C(F)(F)F,-7.511,-6.202087000000001,1.3089129999999995,-3.155973822155,Gen 135 (Human)
MOL_H_01348,CCc1ccnc(C)c1-c1c(-c2c(C)ncc(F)c2C(N)=O)ccnc1C,-7.397,-6.059509000000001,1.337490999999999,-3.1553436999999995,Gen 2 (Human)
MOL_H_01349,Cc1nc(C(N)=O)c(C)c(-c2nc(C)c(F)c(C3C(C)CCC3C(F)(F)F)c2C)c1F,-7.893,-6.382511000000002,1.510488999999998,-3.154935474394996,Gen 174 (Human)
MOL_H_01350,COC1CCC(C)C1c1nc(C)c(C(=O)CC(C)C)c(C(N)=O)c1Cl,-6.829,-5.251805000000001,1.5771949999999988,-3.152736499999999,Gen 34 (Human)
MOL_H_01351,Cc1nc(C(F)(F)F)c(C(=O)CC(C)C)c(C(F)(F)F)c1C(N)=O,-6.798,-5.207744000000002,1.5902559999999983,-3.152579199999999,Gen 46 (Human)
MOL_H_01352,COc1c(C)nc(C(F)(F)F)c(F)c1C1C(C)CCC1C(N)=O,-6.639,-4.983028,1.6559720000000002,-3.1508804000000006,Gen 24 (Human)
MOL_H_01353,Cc1nc(C2C(C)CCC2C(=O)C(C)C(C)C)c(F)c(C(F)(F)F)c1C(N)=O,-7.077,-5.608916000000002,1.4680839999999984,-3.1507588,Gen 18 (Human)
MOL_H_01354,Cc1nc(C2CCC(C)C2C(N)=O)c(Cl)c(C(=O)CC(C)C)c1C(F)(F)F,-7.146,-5.707677000000002,1.4383229999999978,-3.150626099999999,Gen 80 (Human)
MOL_H_01355,COc1c(C)nc(C)c(C(N)=O)c1C1C(C)CCC1C(F)(F)F,-6.713,-5.089349000000001,1.6236509999999988,-3.1504557,Gen 15 (Human)
MOL_H_01356,CC(C)Cc1nc(C2CCC(C)C2C(N)=O)c(C(C)C)c(C(N)=O)c1F,-6.629,-4.969519000000001,1.6594809999999989,-3.150336699999999,Gen 141 (Human)
MOL_H_01357,CCC(CC)c1c(C2CCC(C)C2C(N)=O)nc(C(N)=O)c(Cl)c1C(F)(F)F,-6.981,-5.472495000000002,1.5085049999999978,-3.1502534999999985,Gen 144 (Human)
MOL_H_01358,Cc1nc(-c2nc(C(N)=O)c(C)c(C)c2F)c(C)c(C(C)C)c1F,-7.081,-5.617377000000001,1.4636229999999992,-3.1488361,Gen 163 (Human)
MOL_H_01359,Cc1c(C2C(C)CCC2C(N)=O)nc(C2CCC(C)C2C(F)(F)F)c(F)c1C,-7.232,-5.833569000000002,1.3984309999999978,-3.148501699999999,Gen 179 (Human)
MOL_H_01360,COc1nc(C)c(C(N)=O)c(C(F)(F)F)c1OC,-6.115,-4.238808,1.8761920000000003,-3.1478344000000007,Gen 27 (Human)
MOL_H_01361,Cc1c(C(N)=O)nc(-c2nc(C3CCC(C)C3C(F)(F)F)c(F)c(C)c2C)c(F)c1C,-7.884,-6.382511000000002,1.5014889999999983,-3.145935474394996,Gen 133 (Human)
MOL_H_01362,Cc1nc(C(F)(F)F)c(F)c(C2C(C)CCC2C(=O)CC(C)C)c1C(N)=O,-6.992,-5.4947620000000015,1.4972379999999983,-3.1456666,Gen 25 (Human)
MOL_H_01363,Cc1nc(C(N)=O)c(C)c(C(F)(F)F)c1F,-6.217,-4.388730000000001,1.828269999999999,-3.144888999999999,Gen 174 (Human)
MOL_H_01364,CCc1nc(C(N)=O)c(C)c(C2CCC(C)C2CC(C)C)c1F,-6.925,-5.401141000000002,1.523858999999998,-3.144201299999999,Gen 171 (Human)
MOL_H_01365,CCc1c(F)c(C(N)=O)nc(C)c1C(=O)C(C)C(C)C,-6.416,-4.6743630000000005,1.741637,-3.1439459000000003,Gen 9 (Human)
MOL_H_01366,CC(C)CC1C(C)CCC1C(N)=O,-5.944,-4.000355,1.943645,-3.1437515,Gen 171 (Human)
MOL_H_01367,COc1nc(C)c(C(F)(F)F)c(C(N)=O)c1Cl,-6.294,-4.501016,1.7929839999999997,-3.1432888,Gen 19 (Human)
MOL_H_01368,CCc1c(C)nc(C2C(C)CCC2C(F)(F)F)c(F)c1C(N)=O,-6.822,-5.255589000000001,1.5664109999999989,-3.1430877,Gen 107 (Human)
MOL_H_01369,Cc1nc(C(F)(F)F)c(C)c(-c2nc(C(F)(F)F)c(F)c(C(N)=O)c2C)c1F,-7.335,-5.989172,1.345828,-3.1425796000000004,Gen 165 (Human)
MOL_H_01370,COC1C(C)CCC1c1c(C)nc(C(N)=O)c(F)c1C(=O)CC(C)C,-6.669,-5.038890000000001,1.6301099999999984,-3.141776999999999,Gen 41 (Human)
MOL_H_01371,COc1c(C(N)=O)nc(C)c(C(F)(F)F)c1OC,-6.108,-4.238808,1.869192,-3.1408344,Gen 37 (Human)
MOL_H_01372,COC1C(C)CCC1c1c(F)c(C(N)=O)nc(C)c1C(F)(F)F,-6.629,-4.984357999999999,1.6446420000000002,-3.1399494000000003,Gen 17 (Human)
MOL_H_01373,COc1c(C)nc(C2CCC(C)C2C(=O)C(C)C(C)C)c(F)c1C(N)=O,-6.746,-5.151714000000001,1.5942859999999994,-3.1398002,Gen 15 (Human)
MOL_H_01374,Cc1c(C2C(C)CCC2C(N)=O)nc(CC(C)C)c(Cl)c1C,-6.874,-5.335689000000001,1.5383109999999984,-3.1390176999999992,Gen 180 (Human)
MOL_H_01375,COc1c(C)nc(C2CCC(C)C2C(N)=O)c(F)c1OC,-6.307,-4.525826,1.781174,-3.1389218000000003,Gen 54 (Human)
MOL_H_01376,CCc1c(F)c(C(N)=O)nc(C(C)C)c1C(F)(F)F,-6.531,-4.847028000000002,1.683971999999998,-3.138080399999999,Gen 156 (Human)
MOL_H_01377,CCc1c(C)c(C2C(C)CCC2CC)nc(C(N)=O)c1F,-6.723,-5.122398000000001,1.6006019999999983,-3.1373214,Gen 126 (Human)
MOL_H_01378,CCc1c(C)nc(C2CCC(C)C2C(F)(F)F)c(F)c1C(N)=O,-6.815,-5.255589000000001,1.559410999999999,-3.1360877,Gen 107 (Human)
MOL_H_01379,CCCC(C)c1nc(C2CCC(C)C2C(N)=O)c(C)c(C(N)=O)c1Cl,-6.717,-5.115922000000001,1.6010779999999984,-3.135854599999999,Gen 160 (Human)
MOL_H_01380,CCc1nc(C(F)(F)F)c(F)c(-c2c(C)c(C(N)=O)nc(C)c2F)c1C,-7.16,-5.7495460000000005,1.4104539999999997,-3.1353178,Gen 174 (Human)
MOL_H_01381,COc1nc(C)c(C2CCC(C)C2C(N)=O)c(OC)c1F,-6.302,-4.525826,1.7761739999999993,-3.1339217999999995,Gen 27 (Human)
MOL_H_01382,CCc1nc(C)c(F)c(-c2nc(C(N)=O)c(C)c(C(F)(F)F)c2F)c1C,-7.157,-5.749546,1.4074540000000004,-3.132317800000001,Gen 145 (Human)
MOL_H_01383,CCc1nc(-c2nc(C(N)=O)c(C)c(C)c2F)c(C)c(C(C)C)c1F,-7.146,-5.734324000000001,1.411675999999999,-3.131973199999999,Gen 143 (Human)
MOL_H_01384,CCc1c(C)c(-c2nc(C(C)C)c(F)c(C)c2C)nc(C(N)=O)c1F,-7.145,-5.734324000000001,1.4106759999999987,-3.130973199999999,Gen 149 (Human)
MOL_H_01385,CCc1nc(OC)c(C(N)=O)c(C(F)(F)F)c1F,-6.213,-4.405048,1.807952,-3.1294664000000005,Gen 103 (Human)
MOL_H_01386,CC(C)c1c(C(N)=O)nc(C(F)(F)F)c(F)c1C(F)(F)F,-6.689,-5.086654000000001,1.602345999999999,-3.1283422,Gen 120 (Human)
MOL_H_01387,Cc1c(C(F)(F)F)nc(C(N)=O)c(F)c1C1CCC(C)C1C(C)C,-6.961,-5.476178000000002,1.4848219999999983,-3.1276754,Gen 113 (Human)
MOL_H_01388,Cc1nc(C(N)=O)c(C(=O)CC(C)C)c(C(F)(F)F)c1C(F)(F)F,-6.772,-5.207744000000001,1.5642559999999994,-3.1265792,Gen 28 (Human)
MOL_H_01389,Cc1nc(C(F)(F)F)c(F)c(C2C(C)CCC2C(N)=O)c1C(=O)CC(C)C,-6.972,-5.4947620000000015,1.477237999999999,-3.1256666,Gen 14 (Human)
MOL_H_01390,CCc1nc(C2CCC(C)C2C(F)(F)F)c(C)c(C(N)=O)c1F,-6.803,-5.255589000000001,1.5474109999999983,-3.124087699999999,Gen 117 (Human)
MOL_H_01391,CCOc1nc(C)c(C(F)(F)F)c(C(N)=O)c1Cl,-6.39,-4.665605,1.7243949999999997,-3.1240765,Gen 26 (Human)
MOL_H_01392,CCC1CCC(C)C1c1nc(C(N)=O)c(F)c(C(F)(F)F)c1C,-6.877,-5.362024000000002,1.514975999999998,-3.123583199999999,Gen 124 (Human)
MOL_H_01393,Cc1nc(C2CCC(C)C2C(F)(F)F)cc(C(=O)CC(C)C)c1C(N)=O,-6.949,-5.4650820000000015,1.4839179999999983,-3.123442599999999,Gen 4 (Human)
MOL_H_01394,COc1c(C)nc(C)c(OC)c1C(N)=O,-5.841,-3.882235,1.958765,-3.1234355000000003,Gen 15 (Human)
MOL_H_01395,Cc1nc(C(C)C)c(C)c(-c2nc(C(N)=O)c(C)c(C(F)(F)F)c2F)c1F,-7.305,-5.97395,1.3310499999999994,-3.123235,Gen 155 (Human)
MOL_H_01396,CCC1C(C)CCC1c1nc(C(N)=O)c(C)c(C)c1Cl,-6.776,-5.218366000000001,1.5576339999999984,-3.123143799999999,Gen 150 (Human)
MOL_H_01397,CCOc1c(Cl)c(C(N)=O)nc(C)c1C(F)(F)F,-6.388,-4.665605,1.7223949999999997,-3.1220765,Gen 18 (Human)
MOL_H_01398,CCOc1c(C)nc(C)c(C2CCC(C)C2C(F)(F)F)c1C(N)=O,-6.799,-5.253938000000001,1.5450619999999995,-3.1212434,Gen 16 (Human)
MOL_H_01399,Cc1c(CC(C)C)nc(C(F)(F)F)c(F)c1C1C(C)CCC1C(N)=O,-6.956,-5.4793470000000015,1.4766529999999989,-3.1204570999999994,Gen 180 (Human)
MOL_H_01400,CCc1nc(CC)c(C(N)=O)c(C(F)(F)F)c1F,-6.356,-4.622624,1.7333759999999998,-3.1201632,Gen 106 (Human)
MOL_H_01401,CCC1C(C)CCC1c1nc(C2CCC(C)C2C(N)=O)c(F)c(C)c1C,-7.11,-5.700378000000002,1.409621999999998,-3.119735399999999,Gen 148 (Human)
MOL_H_01402,CCc1nc(-c2nc(C(N)=O)c(C)c(C)c2Cl)c(C)c(C)c1F,-7.043,-5.605888,1.437112,-3.1188784000000003,Gen 166 (Human)
MOL_H_01403,CCc1nc(-c2nc(C3C(C)CCC3C(N)=O)c(C)c(C)c2F)c(Cl)c(C)c1C,-7.643,-6.300815000000002,1.342184999999998,-3.118703678874996,Gen 180 (Human)
MOL_H_01404,COc1c(C(N)=O)c(C)nc(C(=O)CC(C)C)c1C(=O)CC(C)C,-6.482,-4.805074000000001,1.676925999999999,-3.1184482,Gen 105 (Human)
MOL_H_01405,CCc1nc(C(=O)CC(C)C)c(F)c(C(F)(F)F)c1C1C(C)CCC1C(N)=O,-7.046,-5.611709000000002,1.4342909999999982,-3.117803699999999,Gen 25 (Human)
MOL_H_01406,Cc1nc(C(N)=O)c(C)c(C2CCC(C)C2C(C)C)c1F,-6.701,-5.119605000000002,1.581394999999998,-3.1172764999999987,Gen 170 (Human)
MOL_H_01407,Cc1nc(C2C(C)CCC2C(=O)CC(C)C)c(F)c(C(=O)CC(C)C)c1C(N)=O,-7.0,-5.5492940000000015,1.4507059999999985,-3.115494199999999,Gen 105 (Human)
MOL_H_01408,COc1c(C)nc(C(=O)CC(C)C)c(Cl)c1C1CCC(C)C1C(N)=O,-6.79,-5.250475000000002,1.5395249999999976,-3.1146674999999986,Gen 63 (Human)
MOL_H_01409,Cc1nc(C(F)(F)F)c(Cl)c(C2C(C)CCC2C(F)(F)F)c1C(N)=O,-7.11,-5.7081300000000015,1.4018699999999988,-3.1143089999999995,Gen 33 (Human)
MOL_H_01410,CCc1nc(-c2nc(C3CCC(C)C3C(N)=O)c(C)c(C)c2Cl)c(F)c(C)c1C,-7.638,-6.300815000000002,1.337184999999998,-3.1137036788749963,Gen 173 (Human)
MOL_H_01411,Cc1nc(C(F)(F)F)c(Cl)c(C(N)=O)c1C1C(C)CCC1C(=O)CC(C)C,-7.109,-5.707677000000002,1.401322999999998,-3.113626099999999,Gen 33 (Human)
MOL_H_01412,CCC1CCC(C)C1c1c(C)c(C(N)=O)nc(C(F)(F)F)c1F,-6.866,-5.362024000000002,1.503975999999998,-3.1125831999999987,Gen 111 (Human)
MOL_H_01413,CCC(C)Oc1c(F)c(C2CCC(C)C2C(N)=O)nc(C)c1C(=O)CC(C)C,-6.983,-5.530767000000002,1.452232999999998,-3.1114630999999986,Gen 30 (Human)
MOL_H_01414,CCCOc1c(C)nc(C2C(C)CCC2C(=O)CC(C)C)c(F)c1C(N)=O,-6.868,-5.3667380000000025,1.501261999999998,-3.1112833999999987,Gen 20 (Human)
MOL_H_01415,Cc1c(C(N)=O)nc(C2C(C)CCC2c2nc(C(F)(F)F)c(F)c(C)c2C)c(F)c1C,-7.804,-6.367496000000001,1.4365039999999991,-3.110230249919999,Gen 182 (Human)
MOL_H_01416,CCOc1c(F)c(OC)nc(C)c1C(N)=O,-5.907,-3.995488,1.911512,-3.1101584000000004,Gen 21 (Human)
MOL_H_01417,Cc1nc(C(C)C)c(F)c(C(N)=O)c1C(F)(F)F,-6.421,-4.730081,1.690919,-3.1099433000000003,Gen 121 (Human)
MOL_H_01418,COc1c(-c2c(C)ncc(F)c2C(N)=O)ccnc1C,-6.483,-4.81873,1.66427,-3.1098890000000003,Gen 2 (Human)
MOL_H_01419,CCC(C(=O)C1C(C)CCC1c1nc(C)c(OC)c(C(N)=O)c1Cl)C(C)C,-6.978,-5.529218000000002,1.4487819999999978,-3.1075473999999987,Gen 20 (Human)
MOL_H_01420,CCc1c(C(F)(F)F)nc(C(N)=O)c(F)c1CC,-6.343,-4.622624000000001,1.720375999999999,-3.1071632,Gen 112 (Human)
MOL_H_01421,CCc1nc(-c2c(C)c(C(N)=O)nc(CC)c2F)c(F)c(C)c1C,-6.964,-5.509920000000001,1.4540799999999994,-3.107056,Gen 146 (Human)
MOL_H_01422,CC(C)c1nc(C(N)=O)c(F)c(C(C)C)c1C(F)(F)F,-6.657,-5.071432000000001,1.5855679999999994,-3.1069976,Gen 119 (Human)
MOL_H_01423,Cc1nc(C2C(C)CCC2C(=O)CC(C)C)c(Cl)c(C(N)=O)c1C(F)(F)F,-7.102,-5.707677000000002,1.3943229999999982,-3.1066261,Gen 42 (Human)
MOL_H_01424,CCc1nc(C2C(C)CCC2C(N)=O)c(C)c(CC(C)C)c1F,-6.774,-5.239721000000001,1.5342789999999988,-3.1061952999999995,Gen 180 (Human)
MOL_H_01425,CCc1c(C)c(-c2c(C)c(CC(C)C)nc(C)c2F)nc(C(N)=O)c1F,-7.158,-5.788663,1.3693370000000007,-3.1059359000000004,Gen 184 (Human)
MOL_H_01426,CCC1C(C)CCC1c1nc(C2CCC(C)C2C(N)=O)c(C)c(C)c1F,-7.096,-5.700378000000002,1.3956219999999977,-3.1057353999999986,Gen 148 (Human)
MOL_H_01427,CCCOc1nc(C)c(C2CCC(C)C2C(N)=O)c(C(F)(F)F)c1F,-6.824,-5.312206000000001,1.5117939999999992,-3.1054558,Gen 33 (Human)
MOL_H_01428,CCc1c(C)c(CC(C)C)nc(C2CCC(C)C2C(N)=O)c1F,-6.773,-5.239721000000001,1.5332789999999985,-3.105195299999999,Gen 179 (Human)
MOL_H_01429,Cc1c(-c2c(C)c(C(N)=O)nc(CC(C)C)c2F)nc(C(F)(F)F)c(F)c1C,-7.324,-6.028289,1.2957109999999998,-3.1041977000000003,Gen 182 (Human)
MOL_H_01430,COc1nc(C)c(C(N)=O)c(C2C(C)CCC2C(F)(F)F)c1Cl,-6.779,-5.250928,1.528072,-3.1033504,Gen 34 (Human)
MOL_H_01431,CCc1c(F)c(C(N)=O)nc(C(F)(F)F)c1C(C)C,-6.496,-4.847028000000002,1.6489719999999988,-3.1030804,Gen 159 (Human)
MOL_H_01432,Cc1c(C(F)(F)F)nc(C(C)C)c(F)c1C1C(C)CCC1C(N)=O,-6.9,-5.425008000000002,1.4749919999999983,-3.1024943999999994,Gen 117 (Human)
MOL_H_01433,CCc1c(F)c(C(F)(F)F)nc(C(F)(F)F)c1C(N)=O,-6.506,-4.862250000000001,1.643749999999999,-3.102425,Gen 156 (Human)
MOL_H_01434,Cc1c(-c2nc(C(N)=O)c(F)c(CC(C)C)c2C)nc(CC(C)C)c(Cl)c1C,-7.583,-6.280321000000001,1.3026789999999997,-3.101857484795,Gen 181 (Human)
MOL_H_01435,COc1c(C(F)(F)F)nc(C)c(C(F)(F)F)c1C(N)=O,-6.388,-4.69601,1.6919899999999997,-3.100793,Gen 38 (Human)
MOL_H_01436,Cc1c(C(F)(F)F)nc(C2CCC(C)C2C(N)=O)c(Cl)c1C,-6.807,-5.296572000000001,1.5104279999999992,-3.0993996,Gen 130 (Human)
MOL_H_01437,Cc1nc(C(F)(F)F)cc(C(N)=O)c1C1CCC(C)C1C(=O)C(C)C(C)C,-6.966,-5.524251000000002,1.441748999999998,-3.099024299999999,Gen 3 (Human)
MOL_H_01438,CCc1nc(-c2c(C)c(C(N)=O)nc(C)c2F)c(C)c(C)c1Cl,-7.023,-5.605887999999999,1.4171120000000004,-3.0988784000000003,Gen 178 (Human)
MOL_H_01439,Cc1nc(-c2nc(CC(C)C)c(F)c(C)c2C)c(C)c(C(N)=O)c1F,-7.068,-5.671716,1.3962839999999996,-3.0977988,Gen 140 (Human)
MOL_H_01440,CCc1nc(C(F)(F)F)c(C)c(C(N)=O)c1F,-6.251,-4.505677,1.745323,-3.0970261000000003,Gen 117 (Human)
MOL_H_01441,Cc1nc(C(N)=O)c(F)c(C(F)(F)F)c1C(=O)C(C)C(C)C,-6.536,-4.913989000000001,1.6220109999999988,-3.096207699999999,Gen 11 (Human)
MOL_H_01442,Cc1c(CC(C)C)nc(-c2nc(C(N)=O)c(F)c(CC(C)C)c2C)c(Cl)c1C,-7.577,-6.280321000000001,1.2966789999999992,-3.095857484795,Gen 181 (Human)
MOL_H_01443,COc1c(C)nc(C2CCC(C)C2C(N)=O)c(Cl)c1C(F)(F)F,-6.733,-5.195943000000001,1.537056999999999,-3.0958399,Gen 63 (Human)
MOL_H_01444,Cc1c(-c2nc(C(N)=O)c(C)c(C(C)C)c2F)nc(C(C)C)c(F)c1C,-7.266,-5.958728000000001,1.307271999999999,-3.0948904,Gen 149 (Human)
MOL_H_01445,COc1c(Cl)c(C2C(C)CCC2C(N)=O)nc(C)c1C(=O)CC(C)C,-6.77,-5.250475000000002,1.519524999999998,-3.0946674999999986,Gen 61 (Human)
MOL_H_01446,CCc1nc(C)c(C(F)(F)F)c(C2C(C)CCC2C(N)=O)c1F,-6.735,-5.200604000000001,1.5343959999999992,-3.0945772,Gen 122 (Human)
MOL_H_01447,COc1c(C)nc(C(N)=O)c(Cl)c1C1C(C)CCC1C(F)(F)F,-6.77,-5.250928,1.5190719999999995,-3.0943504,Gen 52 (Human)
MOL_H_01448,CCc1nc(C(F)(F)F)c(F)c(CC)c1C(N)=O,-6.329,-4.622624000000001,1.7063759999999988,-3.0931632,Gen 156 (Human)
MOL_H_01449,COc1nc(C)c(OC)c(C(N)=O)c1C(F)(F)F,-6.059,-4.238808,1.8201920000000005,-3.0918344000000006,Gen 27 (Human)
MOL_H_01450,Cc1nc(C(N)=O)c(F)c(C2CCC(C)C2C(F)(F)F)c1C(=O)C(C)C(C)C,-7.056,-5.663901000000002,1.3920989999999982,-3.091269299999999,Gen 11 (Human)
MOL_H_01451,CCC1CCC(C)C1c1nc(C2CCC(C)C2C(N)=O)c(C)c(C)c1F,-7.081,-5.700378000000002,1.380621999999998,-3.090735399999999,Gen 148 (Human)
MOL_H_01452,COC1C(C)CCC1c1nc(C)c(OC(C)C)c(C(N)=O)c1F,-6.489,-4.855774000000001,1.6332259999999987,-3.0899581999999994,Gen 14 (Human)
MOL_H_01453,COc1c(C(N)=O)nc(C)c(C(F)(F)F)c1C(=O)CC(C)C,-6.415,-4.750542000000001,1.6644579999999989,-3.0896205999999995,Gen 37 (Human)
MOL_H_01454,CCc1nc(C2CCC(C)C2CC)c(C)c(C(N)=O)c1F,-6.674,-5.122398000000001,1.551601999999999,-3.0883214,Gen 150 (Human)
MOL_H_01455,COc1c(C(=O)CC(C)C)nc(C)c(C(N)=O)c1C(F)(F)F,-6.413,-4.750542,1.662458,-3.0876206,Gen 46 (Human)
MOL_H_01456,Cc1nc(C(=O)CC(C)C)c(F)c(C2CCC(C)C2C(N)=O)c1C(F)(F)F,-6.933,-5.4947620000000015,1.4382379999999984,-3.086666599999999,Gen 23 (Human)
MOL_H_01457,Cc1nc(C(N)=O)c(Cl)c(C2CCC(C)C2C(=O)CC(C)C)c1C(F)(F)F,-7.081,-5.707677000000002,1.3733229999999983,-3.0856261,Gen 92 (Human)
MOL_H_01458,Cc1nc(C(N)=O)c(F)c(C(F)(F)F)c1C(=O)CC(C)C,-6.445,-4.799835000000001,1.6451649999999995,-3.0851155,Gen 14 (Human)
MOL_H_01459,COc1c(F)c(C(N)=O)nc(C)c1C1C(C)CCC1C(F)(F)F,-6.611,-5.038013,1.5729869999999997,-3.0843909,Gen 29 (Human)
MOL_H_01460,CCCOc1c(C)nc(C2C(C)CCC2C(=O)CC(C)C)c(Cl)c1C(N)=O,-6.99,-5.579653000000002,1.410346999999998,-3.084242899999999,Gen 93 (Human)
MOL_H_01461,CCc1c(C)c(C(N)=O)nc(C2C(C)CCC2C(C)C)c1F,-6.749,-5.236552000000001,1.5124479999999982,-3.0834135999999988,Gen 126 (Human)
MOL_H_01462,COc1nc(C)c(C2C(C)CCC2C(F)(F)F)c(C(N)=O)c1Cl,-6.758,-5.250928000000001,1.507071999999999,-3.0823504,Gen 19 (Human)
MOL_H_01463,Cc1nc(-c2nc(C3C(C)CCC3C(N)=O)c(F)c(C)c2C)c(C)c(C(F)(F)F)c1F,-7.669,-6.3275260000000015,1.341473999999998,-3.0821543966199965,Gen 175 (Human)
MOL_H_01464,Cc1nc(-c2nc(C(F)(F)F)c(C)c(C)c2F)c(C)c(C2CCC(C)C2C(N)=O)c1F,-7.668,-6.3275260000000015,1.3404739999999986,-3.081154396619997,Gen 163 (Human)
MOL_H_01465,COc1c(Cl)c(C(=O)CC(C)C)nc(C)c1C1CCC(C)C1C(N)=O,-6.756,-5.250475000000002,1.5055249999999978,-3.080667499999999,Gen 74 (Human)
MOL_H_01466,COc1nc(C)c(C(N)=O)c(C2CCC(C)C2OC)c1Cl,-6.397,-4.740071,1.656929,-3.0789503000000003,Gen 77 (Human)
MOL_H_01467,COc1c(C(N)=O)c(C)nc(C)c1C1C(C)CCC1C(=O)C(C)C(C)C,-6.721,-5.203050000000002,1.517949999999998,-3.078864999999999,Gen 12 (Human)
MOL_H_01468,Cc1c(C(N)=O)nc(C(C)C)c(F)c1C1C(C)CCC1C(F)(F)F,-6.914,-5.479993000000002,1.4340069999999976,-3.0780048999999985,Gen 117 (Human)
MOL_H_01469,COc1c(C)nc(C2C(C)CCC2C(N)=O)c(F)c1C(=O)CC(C)C,-6.604,-5.037560000000002,1.5664399999999985,-3.077707999999999,Gen 24 (Human)
MOL_H_01470,CCc1c(C(N)=O)nc(C(F)(F)F)c(F)c1CC,-6.313,-4.622624,1.6903759999999997,-3.0771632,Gen 108 (Human)
MOL_H_01471,Cc1nc(C(N)=O)c(C)c(-c2nc(C(F)(F)F)c(Cl)c(C)c2C)c1F,-7.169,-5.8455140000000005,1.323485999999999,-3.0771402,Gen 174 (Human)
MOL_H_01472,COc1c(C)nc(C2CC2)c(F)c1-c1c(F)c(C(N)=O)nc(C)c1C(F)(F)F,-7.124,-5.783189000000001,1.3408109999999986,-3.075767699999999,Gen 6 (Human)
MOL_H_01473,CCc1nc(-c2nc(C3C(C)CCC3C(N)=O)c(F)c(C)c2C)c(Cl)c(C)c1C,-7.6,-6.300815000000002,1.2991849999999978,-3.075703678874996,Gen 166 (Human)
MOL_H_01474,Cc1nc(C(=O)CC(C)C)c(F)c(C(F)(F)F)c1C(N)=O,-6.434,-4.799835000000001,1.6341649999999994,-3.0741155,Gen 23 (Human)
MOL_H_01475,CC(C)Cc1c(F)c(C(C)C)nc(C(N)=O)c1C(F)(F)F,-6.662,-5.125771,1.5362289999999996,-3.0739603,Gen 169 (Human)
MOL_H_01476,CCC1C(C)CCC1c1cc(C(N)=O)c(C(=O)CC(C)C)c(C)n1,-6.806,-5.3318910000000015,1.4741089999999986,-3.0736763,Gen 4 (Human)
MOL_H_01477,CCc1nc(-c2nc(CC)c(C)c(C(N)=O)c2F)c(F)c(C)c1C,-6.93,-5.509920000000001,1.420079999999999,-3.073056,Gen 147 (Human)
MOL_H_01478,CCC1C(C)CCC1c1nc(C(N)=O)c(C)c(C)c1F,-6.573,-5.005451000000001,1.5675489999999996,-3.0691843000000003,Gen 172 (Human)
MOL_H_01479,Cc1c(C2CCC(C)C2CC(C)C)nc(C(N)=O)c(F)c1CC(C)C,-7.044,-5.679884000000002,1.3641159999999974,-3.068081199999998,Gen 171 (Human)
MOL_H_01480,COc1c(C(N)=O)c(C)nc(C(=O)CC(C)C)c1C(F)(F)F,-6.393,-4.750542,1.6424579999999995,-3.0676206,Gen 37 (Human)
MOL_H_01481,COc1c(C)nc(C(F)(F)F)c(OC)c1C(=O)CC(C)C,-6.668,-5.144519000000001,1.5234809999999994,-3.0668367,Gen 58 (Human)
MOL_H_01482,COC1C(C)CCC1c1c(C)nc(C(=O)CC(C)C)c(Cl)c1C(N)=O,-6.743,-5.251805000000001,1.4911949999999994,-3.0667365,Gen 42 (Human)
MOL_H_01483,CCc1nc(C(N)=O)c(C)c(CC)c1F,-6.051,-4.266051000000001,1.7849489999999992,-3.0647643,Gen 127 (Human)
MOL_H_01484,Cc1nc(C2CCC(C)C2C(N)=O)c(Cl)c(C(F)(F)F)c1C(=O)CC(C)C,-7.059,-5.707677000000002,1.351322999999998,-3.063626099999999,Gen 80 (Human)
MOL_H_01485,Cc1c(C2C(C)CCC2C(N)=O)nc(C(C)C)c(Cl)c1C,-6.759,-5.2813500000000015,1.4776499999999988,-3.0620549999999995,Gen 144 (Human)
MOL_H_01486,COc1c(C)nc(C2C(C)CCC2C(N)=O)c(Cl)c1OC,-6.379,-4.738741,1.6402589999999997,-3.0618813,Gen 61 (Human)
MOL_H_01487,CC(C)c1c(C(F)(F)F)nc(C(F)(F)F)c(F)c1C(N)=O,-6.622,-5.086654000000001,1.5353459999999988,-3.0613421999999995,Gen 120 (Human)
MOL_H_01488,CCOc1nc(C)c(C(N)=O)c(OC)c1F,-5.858,-3.995488,1.862512,-3.0611584,Gen 18 (Human)
MOL_H_01489,CCc1nc(-c2nc(C(F)(F)F)c(F)c(C)c2C)c(F)c(C(N)=O)c1C,-7.084,-5.7495460000000005,1.3344539999999991,-3.0593178,Gen 147 (Human)
MOL_H_01490,CCc1c(C)c(C(N)=O)nc(-c2c(C)c(CC(C)C)nc(C)c2F)c1F,-7.111,-5.7886630000000014,1.3223369999999983,-3.058935899999999,Gen 184 (Human)
MOL_H_01491,COc1nc(C)c(C(=O)CC(C)C)c(C(N)=O)c1C(F)(F)F,-6.384,-4.750542,1.633458,-3.0586206,Gen 48 (Human)
MOL_H_01492,Cc1nc(-c2nc(C3C(C)CCC3C(N)=O)c(F)c(C)c2C)c(C)c(CC(C)C)c1F,-7.749,-6.366643000000002,1.382356999999998,-3.057678952754996,Gen 176 (Human)
MOL_H_01493,COC1C(C)CCC1c1nc(C)c(C(=O)CC(C)C)c(C(N)=O)c1Cl,-6.732,-5.251805000000001,1.4801949999999993,-3.0557365,Gen 42 (Human)
MOL_H_01494,COc1c(-c2c(Cl)c(C(N)=O)nc(C)c2C(F)(F)F)ccnc1C,-6.922,-5.524219,1.3977809999999993,-3.0550467,Gen 6 (Human)
MOL_H_01495,CCCc1c(C(N)=O)nc(C(F)(F)F)c(Cl)c1C1CCC(C)C1C(N)=O,-6.613,-5.083502000000001,1.5294979999999994,-3.0545486,Gen 123 (Human)
MOL_H_01496,Cc1c(-c2c(C)c(C(N)=O)nc(C(C)C)c2F)nc(C(F)(F)F)c(Cl)c1C,-7.392,-6.186865,1.2051350000000003,-3.054399358875001,Gen 158 (Human)
MOL_H_01497,COc1c(C)nc(C(N)=O)c(F)c1C1CCC(C)C1C(=O)CC(C)C,-6.58,-5.037560000000002,1.5424399999999985,-3.053707999999999,Gen 40 (Human)
MOL_H_01498,COc1c(Cl)c(C(N)=O)nc(C)c1C(F)(F)F,-6.204,-4.501016,1.7029839999999998,-3.0532888,Gen 50 (Human)
MOL_H_01499,Cc1nc(C(F)(F)F)c(F)c(C(N)=O)c1C1C(C)CCC1C(=O)CC(C)C,-6.899,-5.4947620000000015,1.4042379999999983,-3.0526666,Gen 24 (Human)
MOL_H_01500,Cc1c(C(N)=O)nc(CC(C)C)c(F)c1C,-6.152,-4.427847000000001,1.7241529999999994,-3.0525071,Gen 151 (Human)
MOL_H_01501,CCc1nc(C(N)=O)c(C)c(C(F)(F)F)c1F,-6.206,-4.505677,1.700323,-3.0520261000000004,Gen 146 (Human)
MOL_H_01502,COc1nc(C)c(C(N)=O)c(C2C(C)CCC2OC)c1F,-6.221,-4.527156,1.6938440000000003,-3.0519908000000004,Gen 42 (Human)
MOL_H_01503,COc1c(C)nc(C(N)=O)c(Cl)c1C(F)(F)F,-6.201,-4.501016,1.6999839999999995,-3.0502888,Gen 63 (Human)
MOL_H_01504,COc1c(C)ncc(F)c1C1C(C)CCC1c1c(C)ncc(F)c1C(N)=O,-6.995,-5.638292,1.3567080000000002,-3.048195600000001,Gen 3 (Human)
MOL_H_01505,Cc1c(C(N)=O)nc(C(C)C)c(F)c1C(F)(F)F,-6.358,-4.730081000000001,1.6279189999999986,-3.0469432999999992,Gen 158 (Human)
MOL_H_01506,COc1nc(C)c(C2C(C)CCC2C(N)=O)c(C(=O)CC(C)C)c1F,-6.573,-5.037560000000002,1.5354399999999986,-3.046708,Gen 24 (Human)
MOL_H_01507,CCc1nc(C(N)=O)c(F)c(C2C(C)CCC2C(F)(F)F)c1C,-6.725,-5.255589000000001,1.4694109999999982,-3.046087699999999,Gen 110 (Human)
MOL_H_01508,Cc1nc(C(F)(F)F)c(F)c(C(F)(F)F)c1C1CCC(C)C1C(N)=O,-6.854,-5.4402300000000015,1.4137699999999986,-3.0458389999999995,Gen 22 (Human)
MOL_H_01509,CCCOc1cc(C2CCC(C)C2C(=O)C(C)C(C)C)nc(C)c1C(N)=O,-6.823,-5.396227000000002,1.426772999999998,-3.045641099999999,Gen 9 (Human)
MOL_H_01510,Cc1nc(C2CCC(C)C2CC(C)C)c(C)c(C(N)=O)c1F,-6.744,-5.284194000000001,1.4598059999999986,-3.045064199999999,Gen 171 (Human)
MOL_H_01511,COC1CCC(C)C1C(N)=O,-5.384,-3.343946,2.0400540000000005,-3.0432378000000004,Gen 34 (Human)
MOL_H_01512,CCc1nc(C(C)C)c(C(N)=O)c(C(F)(F)F)c1F,-6.435,-4.847028,1.5879719999999995,-3.0420804,Gen 159 (Human)
MOL_H_01513,COc1c(F)c(C(N)=O)nc(C)c1C(=O)C(C)C(C)C,-6.161,-4.456787,1.704212999999999,-3.0412490999999995,Gen 9 (Human)
MOL_H_01514,CC(C)Cc1c(C(C)C)nc(C(N)=O)c(F)c1C(F)(F)F,-6.629,-5.125771,1.5032289999999993,-3.0409603,Gen 141 (Human)
MOL_H_01515,Cc1nc(C(F)(F)F)c(Cl)c(C2CCC(C)C2C(N)=O)c1C(F)(F)F,-6.996,-5.653145000000002,1.3428549999999984,-3.038798499999999,Gen 30 (Human)
MOL_H_01516,COC1C(C)CCC1c1c(C)nc(C(F)(F)F)c(Cl)c1C(N)=O,-6.675,-5.197273000000001,1.477726999999999,-3.0369089,Gen 30 (Human)
MOL_H_01517,CC(C)c1c(F)c(C(F)(F)F)nc(C(N)=O)c1C(F)(F)F,-6.595,-5.086654,1.5083459999999995,-3.0343422,Gen 120 (Human)
MOL_H_01518,COc1nc(C(F)(F)F)c(F)c(C(=O)CC(C)C)c1OC,-6.599,-5.093183000000001,1.5058169999999995,-3.0337719,Gen 99 (Human)
MOL_H_01519,COc1c(Cl)c(C(N)=O)nc(C)c1C1C(C)CCC1C(=O)CC(C)C,-6.709,-5.250475000000002,1.458524999999998,-3.033667499999998,Gen 66 (Human)
MOL_H_01520,Cc1nc(C(N)=O)c(F)c(C(=O)CC(C)C)c1C1CCC(C)C1C(F)(F)F,-6.918,-5.549747000000002,1.3682529999999984,-3.033177099999999,Gen 41 (Human)
MOL_H_01521,CCc1c(F)c(C(C)C)nc(C(F)(F)F)c1C(N)=O,-6.426,-4.847028,1.5789720000000005,-3.0330804,Gen 159 (Human)
MOL_H_01522,Cc1nc(CC(C)C)c(C)c(C2CCC(C)C2C(N)=O)c1F,-6.619,-5.1227740000000015,1.4962259999999983,-3.033058199999999,Gen 184 (Human)
MOL_H_01523,COC1C(C)CCC1c1c(F)c(C(=O)CC(C)C)nc(C)c1C(N)=O,-6.559,-5.038890000000001,1.520109999999999,-3.0317769999999995,Gen 39 (Human)
MOL_H_01524,CCc1nc(C2CCC(C)C2C(=O)CC(C)C)c(Cl)c(C(N)=O)c1OC,-6.787,-5.367422000000002,1.4195779999999978,-3.0298045999999985,Gen 17 (Human)
MOL_H_01525,CCOc1c(C)nc(C(F)(F)F)c(F)c1C(=O)CC(C)C,-6.779,-5.358401000000002,1.4205989999999975,-3.0281192999999984,Gen 26 (Human)
MOL_H_01526,Cc1c(-c2nc(C(C)C)c(C)c(C(N)=O)c2F)nc(C(F)(F)F)c(Cl)c1C,-7.365,-6.186865,1.1781350000000002,-3.027399358875001,Gen 158 (Human)
MOL_H_01527,COc1c(Cl)c(C2C(C)CCC2C(N)=O)nc(C)c1C(F)(F)F,-6.664,-5.195943,1.468057,-3.0268399,Gen 50 (Human)
MOL_H_01528,COc1nc(C)c(OC)c(C(F)(F)F)c1C(N)=O,-5.994,-4.238808,1.755192,-3.0268344000000003,Gen 27 (Human)
MOL_H_01529,Cc1cc(C(N)=O)c(C2CCC(C)C2C(=O)C(C)C(C)C)c(C)n1,-6.644,-5.167678000000001,1.4763219999999988,-3.0266253999999995,Gen 3 (Human)
MOL_H_01530,COc1nc(C)c(C(N)=O)c(OC)c1C(F)(F)F,-5.993,-4.238808,1.7541920000000006,-3.025834400000001,Gen 27 (Human)
MOL_H_01531,Cc1nc(C(N)=O)c(F)c(C2C(C)CCC2C(F)(F)F)c1C(=O)CC(C)C,-6.91,-5.549747000000002,1.3602529999999984,-3.025177099999999,Gen 31 (Human)
MOL_H_01532,Cc1nc(C(F)(F)F)c(F)c(C(=O)CC(C)C)c1C(N)=O,-6.385,-4.799835000000001,1.585164999999999,-3.0251155,Gen 29 (Human)
MOL_H_01533,Cc1nc(-c2nc(C(N)=O)c(F)c(CC(C)C)c2C)c(C)c(CC(C)C)c1F,-7.272,-6.067406000000002,1.2045939999999984,-3.024815799999999,Gen 181 (Human)
MOL_H_01534,COc1nc(C)c(C(F)(F)F)c(C(=O)CC(C)C)c1C(N)=O,-6.35,-4.750542000000001,1.5994579999999985,-3.024620599999999,Gen 38 (Human)
MOL_H_01535,Cc1nc(C2CCC(C)C2C(F)(F)F)c(C)c(C(N)=O)c1C(=O)CC(C)C,-6.945,-5.601083000000002,1.3439169999999985,-3.0242419,Gen 5 (Human)
MOL_H_01536,Cc1nc(C2C(C)CCC2CC(C)C)c(F)c(C(F)(F)F)c1C(N)=O,-6.972,-5.640767000000002,1.3312329999999983,-3.0234630999999994,Gen 102 (Human)
MOL_H_01537,CCCC(C)c1c(C2CCC(C)C2C(N)=O)nc(C2C(C)CCC2C(N)=O)c(Cl)c1C,-7.091,-5.810849000000003,1.2801509999999974,-3.0234056999999988,Gen 169 (Human)
MOL_H_01538,Cc1nc(C)c(C(=O)CC(C)C)c(C2CCC(C)C2C(F)(F)F)c1C(N)=O,-6.942,-5.601083000000002,1.3409169999999984,-3.0212419,Gen 14 (Human)
MOL_H_01539,Cc1c(-c2nc(CC(C)C)c(C)c(C(N)=O)c2F)nc(C(C)C)c(F)c1C,-7.23,-6.013067000000001,1.2169329999999992,-3.0208531,Gen 157 (Human)
MOL_H_01540,CCOc1nc(C)c(C2CCC(C)C2C(N)=O)c(C(F)(F)F)c1F,-6.623,-5.147617,1.475383,-3.0196681,Gen 25 (Human)
MOL_H_01541,CCc1nc(C(N)=O)c(F)c(-c2nc(C(F)(F)F)c(C)c(C)c2Cl)c1C,-7.193,-5.962461,1.2305389999999994,-3.0192773,Gen 166 (Human)
MOL_H_01542,CCC1C(C)CCC1c1nc(C(N)=O)c(F)c(CC(C)C)c1C,-6.8,-5.401141000000002,1.398858999999998,-3.019201299999999,Gen 150 (Human)
MOL_H_01543,COc1nc(C)c(OC)c(C2CCC(C)C2C(N)=O)c1F,-6.187,-4.525826,1.661174,-3.0189218,Gen 40 (Human)
MOL_H_01544,COc1nc(C)c(C(=O)CC(C)C)c(C(N)=O)c1OC,-6.021,-4.293340000000001,1.7276599999999993,-3.015662,Gen 98 (Human)
MOL_H_01545,Cc1c(C(N)=O)nc(C2CCC(C)C2CC(C)C)c(F)c1C(F)(F)F,-6.964,-5.640767000000002,1.3232329999999983,-3.0154630999999994,Gen 151 (Human)
MOL_H_01546,COc1c(F)c(C(N)=O)nc(C)c1C1CCC(C)C1OC,-6.184,-4.527156,1.6568440000000004,-3.0149908000000005,Gen 41 (Human)
MOL_H_01547,COC1C(C)CCC1c1c(F)c(C(F)(F)F)nc(C)c1C(N)=O,-6.501,-4.984357999999999,1.516642000000001,-3.011949400000001,Gen 17 (Human)
MOL_H_01548,Cc1nc(C2CCC(C)C2C(N)=O)c(C)c(C2CCC(C)C2C(C)C)c1F,-7.082,-5.8145320000000025,1.2674679999999974,-3.0118275999999984,Gen 170 (Human)
MOL_H_01549,Cc1nc(C2CCC(C)C2C(=O)CC(C)C)cc(OC(C)C)c1C(N)=O,-6.708,-5.281513000000002,1.426486999999998,-3.010940899999999,Gen 5 (Human)
MOL_H_01550,COc1c(C(N)=O)c(C(F)(F)F)nc(C)c1C(F)(F)F,-6.298,-4.69601,1.6019899999999998,-3.010793,Gen 36 (Human)
MOL_H_01551,Cc1nc(C2C(C)CCC2C(F)(F)F)c(F)c(C(N)=O)c1C(C)C,-6.846,-5.479993000000002,1.366006999999998,-3.010004899999999,Gen 100 (Human)
MOL_H_01552,COc1c(F)c(C2C(C)CCC2OC)nc(C)c1C(=O)CC(C)C,-6.812,-5.432867000000002,1.3791329999999986,-3.008993099999999,Gen 51 (Human)
MOL_H_01553,COc1c(F)c(C(N)=O)nc(C)c1C1CCC(C)C1C(=O)CC(C)C,-6.535,-5.037560000000002,1.4974399999999983,-3.008707999999999,Gen 41 (Human)
MOL_H_01554,Cc1nc(C(=O)CC(C)C)c(F)c(C2C(C)CCC2C(F)(F)F)c1C(N)=O,-6.891,-5.549747000000002,1.3412529999999985,-3.006177099999999,Gen 42 (Human)
MOL_H_01555,Cc1c(CC(C)C)nc(-c2nc(CC(C)C)c(F)c(C(N)=O)c2C)c(F)c1C,-7.253,-6.067406000000002,1.1855939999999985,-3.005815799999999,Gen 168 (Human)
MOL_H_01556,CCc1nc(C2CCC(C)C2c2nc(C(N)=O)c(F)c(C)c2C)c(C)c(C)c1F,-7.295,-6.127870000000001,1.1671299999999991,-3.005491,Gen 131 (Human)
MOL_H_01557,CCc1nc(C(F)(F)F)c(CC)c(C(N)=O)c1F,-6.239,-4.622624000000001,1.616375999999999,-3.0031631999999995,Gen 159 (Human)
MOL_H_01558,Cc1nc(C(N)=O)c(F)c(C(=O)CC(C)C)c1C(F)(F)F,-6.362,-4.799835000000001,1.5621649999999994,-3.0021155,Gen 44 (Human)
MOL_H_01559,Cc1c(-c2nc(C(N)=O)c(C)c(C(C)C)c2F)nc(C(F)(F)F)c(Cl)c1C,-7.339,-6.186865,1.1521350000000004,-3.001399358875001,Gen 154 (Human)
MOL_H_01560,CCOc1c(C)nc(C(N)=O)c(F)c1C(=O)C(C)C(C)C,-6.236,-4.621376000000001,1.6146239999999992,-3.0010368,Gen 10 (Human)
MOL_H_01561,CCOc1c(C)nc(C(N)=O)c(F)c1C(=O)CC(C)C,-6.156,-4.5072220000000005,1.6487779999999992,-3.0009445999999995,Gen 18 (Human)
MOL_H_01562,Cc1nc(C(F)(F)F)c(F)c(C2C(C)CCC2C(N)=O)c1C(=O)C(C)C(C)C,-6.925,-5.608916000000002,1.3160839999999985,-2.998758799999999,Gen 9 (Human)
MOL_H_01563,COc1nc(C)c(C(F)(F)F)c(C2CCC(C)C2C(N)=O)c1Cl,-6.635,-5.195943000000001,1.4390569999999991,-2.9978399,Gen 19 (Human)
MOL_H_01564,CCCOc1c(C)nc(C2CCC(C)C2C(N)=O)c(Cl)c1C(=O)CC(C)C,-6.903,-5.579653000000002,1.3233469999999974,-2.9972428999999985,Gen 71 (Human)
MOL_H_01565,COC1C(C)CCC1c1cc(C(=O)CC(C)C)c(C(N)=O)c(C)n1,-6.465,-4.954225000000001,1.5107749999999989,-2.997042499999999,Gen 4 (Human)
MOL_H_01566,Cc1c(C2CCC(C)C2C(N)=O)nc(C2C(C)CCC2C(C)C)c(F)c1C,-7.067,-5.8145320000000025,1.2524679999999977,-2.9968275999999987,Gen 148 (Human)
MOL_H_01567,CCc1c(OC)nc(C(F)(F)F)c(F)c1C(N)=O,-6.08,-4.405048,1.6749520000000002,-2.9964664000000005,Gen 103 (Human)
MOL_H_01568,CCc1nc(C(F)(F)F)c(C)c(-c2nc(C)c(F)c(C(N)=O)c2C)c1F,-7.021,-5.749546000000001,1.2714539999999983,-2.996317799999999,Gen 146 (Human)
MOL_H_01569,CCc1nc(C(N)=O)c(C)c(C2CCC(C)C2CC)c1F,-6.581,-5.122398000000001,1.458601999999999,-2.9953214,Gen 146 (Human)
MOL_H_01570,COC1C(C)CCC1c1cc(C(N)=O)c(C(=O)CC(C)C)c(C)n1,-6.463,-4.954225000000002,1.5087749999999982,-2.995042499999999,Gen 4 (Human)
MOL_H_01571,CCOc1c(C(N)=O)c(C)nc(C)c1C(=O)CC(C)C,-6.185,-4.5585580000000006,1.626441999999999,-2.9940093999999995,Gen 21 (Human)
MOL_H_01572,CCc1nc(C(N)=O)c(CC)c(C(F)(F)F)c1F,-6.229,-4.622624,1.606376,-2.9931632,Gen 108 (Human)
MOL_H_01573,Cc1nc(C(N)=O)c(C(F)(F)F)c(C(=O)CC(C)C)c1C(F)(F)F,-6.638,-5.207744000000002,1.4302559999999982,-2.992579199999999,Gen 38 (Human)
MOL_H_01574,Cc1nc(C(F)(F)F)c(Cl)c(C2C(C)CCC2C(N)=O)c1C(=O)CC(C)C,-6.987,-5.707677000000002,1.279322999999998,-2.991626099999999,Gen 61 (Human)
MOL_H_01575,CCC1CCC(C)C1c1c(-c2c(C)ncc(F)c2C(N)=O)ccnc1C,-7.116,-5.892653000000001,1.2233469999999986,-2.991142899999999,Gen 2 (Human)
MOL_H_01576,CCc1c(C)ncc(F)c1-c1c(-c2c(C)ncc(F)c2C(N)=O)ccnc1C,-7.292,-6.144174000000001,1.1478259999999985,-2.9910782,Gen 2 (Human)
MOL_H_01577,COC1C(C)CCC1c1c(F)c(C(N)=O)nc(C)c1C(=O)C(C)C(C)C,-6.596,-5.153044000000002,1.442955999999998,-2.988869199999999,Gen 11 (Human)
MOL_H_01578,Cc1nc(C(F)(F)F)c(F)c(C(N)=O)c1C1CCC(C)C1C(C)C,-6.822,-5.476178000000002,1.3458219999999983,-2.988675399999999,Gen 121 (Human)
MOL_H_01579,CCc1c(F)c(C(N)=O)nc(C)c1OC,-5.822,-4.048475,1.7735250000000002,-2.9880675000000005,Gen 10 (Human)
MOL_H_01580,CC(C)CC(=O)C1CCC(C)C1OC1C(C)CCC1C(N)=O,-6.093,-4.437245,1.655755,-2.9869285000000003,Gen 35 (Human)
MOL_H_01581,COc1nc(C)c(C(F)(F)F)c(C(=O)CC(C)C)c1OC,-6.587,-5.144519000000001,1.442480999999999,-2.9858367,Gen 58 (Human)
MOL_H_01582,Cc1nc(C(F)(F)F)c(C)c(-c2nc(C(F)(F)F)c(C)c(C(N)=O)c2F)c1F,-7.177,-5.989172,1.1878279999999997,-2.9845796,Gen 165 (Human)
MOL_H_01583,CCc1nc(-c2nc(CC)c(F)c(C(N)=O)c2C)c(F)c(C)c1C,-6.841,-5.509920000000001,1.3310799999999992,-2.984056,Gen 146 (Human)
MOL_H_01584,CC(C)Cc1c(C(N)=O)nc(C(N)=O)c(F)c1CC(C)C,-6.014,-4.328931000000001,1.6850689999999997,-2.9837483,Gen 169 (Human)
MOL_H_01585,CCC1CCC(C)C1c1nc(C(N)=O)c(F)c(C)c1C,-6.487,-5.005451000000001,1.4815489999999991,-2.9831843,Gen 179 (Human)
MOL_H_01586,Cc1nc(C2CCC(C)C2C(F)(F)F)c(F)c(OC(C)C)c1C(N)=O,-6.739,-5.366631000000001,1.372368999999999,-2.9823583,Gen 49 (Human)
MOL_H_01587,COc1c(C(=O)CC(C)C)c(C)nc(C(F)(F)F)c1C(=O)CC(C)C,-6.941,-5.656253000000002,1.2847469999999976,-2.9816228999999987,Gen 39 (Human)
MOL_H_01588,COc1nc(C)c(C2C(C)CCC2C(N)=O)c(OC)c1Cl,-6.298,-4.738741,1.559259,-2.9808813,Gen 19 (Human)
MOL_H_01589,Cc1nc(C(F)(F)F)c(F)c(C2CCC(C)C2C(F)(F)F)c1C(N)=O,-6.827,-5.495215000000001,1.331784999999999,-2.9803494999999995,Gen 17 (Human)
MOL_H_01590,Cc1c(C2C(C)CCC2C(C)C)nc(C(N)=O)c(Cl)c1C,-6.713,-5.3325200000000015,1.3804799999999986,-2.980235999999999,Gen 144 (Human)
MOL_H_01591,CCOC1CCC(C)C1C(N)=O,-5.436,-3.508535,1.927465,-2.9800255,Gen 26 (Human)
MOL_H_01592,CCc1nc(-c2nc(C(N)=O)c(F)c(C)c2C)c(Cl)c(C)c1C,-6.904,-5.605888,1.2981119999999997,-2.9798784,Gen 166 (Human)
MOL_H_01593,CCC1CCC(C)C1c1c(F)cnc(C)c1-c1ccnc(C)c1C(N)=O,-7.102,-5.892653000000001,1.2093469999999993,-2.9771429,Gen 2 (Human)
MOL_H_01594,CCc1c(C)c(C(N)=O)nc(C2CCC(C)C2CC)c1F,-6.561,-5.122398000000001,1.4386019999999986,-2.9753213999999994,Gen 126 (Human)
MOL_H_01595,CC(C)CC(=O)C1C(C)CCC1OC1C(C)CCC1C(N)=O,-6.08,-4.437245,1.6427550000000002,-2.9739285000000004,Gen 28 (Human)
MOL_H_01596,CCc1nc(C(=O)CC(C)C)c(F)c(C(F)(F)F)c1C1CCC(C)C1C(N)=O,-6.902,-5.611709000000002,1.290290999999998,-2.973803699999999,Gen 23 (Human)
MOL_H_01597,COc1c(C(N)=O)c(C)nc(C2CCC(C)C2C(=O)CC(C)C)c1C1CC1,-6.711,-5.340115000000002,1.3708849999999986,-2.9729195,Gen 5 (Human)
MOL_H_01598,COc1c(C)nc(C(=O)CC(C)C)c(F)c1C1C(C)CCC1C(N)=O,-6.498,-5.037560000000002,1.4604399999999984,-2.971707999999999,Gen 49 (Human)
MOL_H_01599,COc1nc(C)c(C2CCC(C)C2C(=O)CC(C)C)c(C(N)=O)c1Cl,-6.647,-5.250475000000002,1.396524999999999,-2.9716674999999992,Gen 34 (Human)
MOL_H_01600,CCc1nc(C2CCC(C)C2CC(C)C)c(C)c(C(N)=O)c1F,-6.752,-5.401141000000002,1.350858999999998,-2.971201299999999,Gen 171 (Human)
MOL_H_01601,Cc1nc(C(=O)CC(C)C)c(Cl)c(C(N)=O)c1C(F)(F)F,-6.48,-5.0127500000000005,1.46725,-2.9710750000000004,Gen 42 (Human)
MOL_H_01602,COC1C(C)CCC1c1c(C)nc(C(F)(F)F)c(F)c1C(N)=O,-6.46,-4.984358000000001,1.4756419999999988,-2.9709493999999994,Gen 41 (Human)
MOL_H_01603,COc1nc(C)c(C2C(C)CCC2OC)c(C(N)=O)c1Cl,-6.288,-4.740071,1.547929,-2.9699503000000003,Gen 19 (Human)
MOL_H_01604,Cc1nc(CC(C)C)c(C)c(-c2nc(C(N)=O)c(F)c(CC(C)C)c2C)c1F,-7.216,-6.067406000000002,1.1485939999999983,-2.968815799999999,Gen 184 (Human)
MOL_H_01605,Cc1c(-c2nc(C(C)C)c(C)c(C(N)=O)c2F)nc(C(C)C)c(F)c1C,-7.137,-5.958728000000001,1.1782719999999989,-2.9658904,Gen 157 (Human)
MOL_H_01606,COc1c(C)nc(C(=O)CC(C)C)c(C(N)=O)c1C(F)(F)F,-6.291,-4.750542,1.540458,-2.9656206000000003,Gen 46 (Human)
MOL_H_01607,COc1c(F)c(C(F)(F)F)nc(C)c1C(=O)CC(C)C,-6.601,-5.193812000000002,1.407187999999998,-2.965331599999999,Gen 47 (Human)
MOL_H_01608,CC(C)CC(=O)C1C(C)CCC1OC1CCC(C)C1C(N)=O,-6.07,-4.437245,1.6327550000000004,-2.9639285000000006,Gen 28 (Human)
MOL_H_01609,COc1c(C)nc(C(N)=O)c(OC)c1C(F)(F)F,-5.931,-4.238808,1.6921920000000004,-2.9638344000000005,Gen 37 (Human)
MOL_H_01610,CCOc1c(C)ncc(C)c1-c1c(F)c(C(N)=O)nc(C)c1C(F)(F)F,-6.892,-5.611894,1.280106,-2.9636742000000003,Gen 6 (Human)
MOL_H_01611,CCCc1c(C(N)=O)nc(C(N)=O)c(F)c1C1C(C)CCC1C(F)(F)F,-6.411,-4.925572000000002,1.485427999999998,-2.9630995999999987,Gen 115 (Human)
MOL_H_01612,CCOc1c(C)nc(C(F)(F)F)c(Cl)c1C(=O)CC(C)C,-6.863,-5.571316000000002,1.2916839999999985,-2.963078799999999,Gen 35 (Human)
MOL_H_01613,COc1nc(C)c(C2CCC(C)C2C(N)=O)c(OC)c1Cl,-6.279,-4.738741,1.5402589999999998,-2.9618813,Gen 19 (Human)
MOL_H_01614,Cc1c(C(N)=O)nc(C(C)C)c(F)c1C,-6.022,-4.373508,1.648492,-2.9605444000000003,Gen 149 (Human)
MOL_H_01615,CCc1nc(C2C(C)CCC2C(N)=O)c(C)c(C)c1Cl,-6.5,-5.056946000000001,1.4430539999999992,-2.9601378,Gen 180 (Human)
MOL_H_01616,COc1c(Cl)c(C2C(C)CCC2C(=O)CC(C)C)nc(C)c1C(N)=O,-6.635,-5.250475000000002,1.3845249999999982,-2.959667499999999,Gen 66 (Human)
MOL_H_01617,COc1nc(C)c(OC)c(C2C(C)CCC2C(N)=O)c1F,-6.124,-4.525826,1.598173999999999,-2.9559218,Gen 49 (Human)
MOL_H_01618,CCc1nc(C2CCC(C)C2OC)c(Cl)c(C(N)=O)c1OC,-6.355,-4.857018000000001,1.4979819999999997,-2.9550874,Gen 26 (Human)
MOL_H_01619,COc1c(C)nc(C(F)(F)F)c(Cl)c1C1CCC(C)C1C(N)=O,-6.592,-5.195943000000001,1.396056999999999,-2.9548399,Gen 33 (Human)
MOL_H_01620,COC1CCC(C)C1c1nc(C)c(C(=O)CC(C)C)c(C(N)=O)c1F,-6.481,-5.038890000000001,1.442109999999999,-2.953776999999999,Gen 14 (Human)
MOL_H_01621,COc1c(F)c(C(F)(F)F)nc(C)c1C(F)(F)F,-6.551,-5.13928,1.41172,-2.953504,Gen 29 (Human)
MOL_H_01622,Cc1nc(C2C(C)CCC2C(F)(F)F)c(F)c(C(N)=O)c1C(=O)CC(C)C,-6.838,-5.549747000000002,1.2882529999999983,-2.953177099999999,Gen 31 (Human)
MOL_H_01623,COc1nc(C)c(C(F)(F)F)c(C2C(C)CCC2C(N)=O)c1F,-6.441,-4.983028,1.4579719999999998,-2.9528804,Gen 20 (Human)
MOL_H_01624,CCc1nc(-c2nc(C3C(C)CCC3C(N)=O)c(C)c(C)c2Cl)c(C)c(C)c1F,-7.477,-6.300815000000001,1.1761849999999994,-2.9527036788749994,Gen 166 (Human)
MOL_H_01625,CCCC(C)c1c(C2CCC(C)C2C(N)=O)nc(C(N)=O)c(Cl)c1C(F)(F)F,-6.782,-5.472495000000002,1.309504999999998,-2.951253499999998,Gen 156 (Human)
MOL_H_01626,Cc1c(C2CCC(C)C2C(N)=O)nc(C(F)(F)F)c(F)c1C(C)C,-6.747,-5.425008000000002,1.321991999999998,-2.949494399999999,Gen 115 (Human)
MOL_H_01627,CC(C)CC(=O)c1nc(C(C)C)c(C2C(C)CCC2C(N)=O)c(C(F)(F)F)c1F,-7.034,-5.836113000000002,1.197886999999998,-2.9487208999999988,Gen 97 (Human)
MOL_H_01628,Cc1nc(C(F)(F)F)c(F)c(C(N)=O)c1C(=O)C(C)C(C)C,-6.387,-4.913989000000002,1.4730109999999978,-2.9472076999999985,Gen 9 (Human)
MOL_H_01629,COc1c(C)nc(C(F)(F)F)c(Cl)c1C1C(C)CCC1C(N)=O,-6.584,-5.195943000000001,1.388056999999999,-2.9468399,Gen 33 (Human)
MOL_H_01630,CCc1nc(C(C)C)c(F)c(C(N)=O)c1C(F)(F)F,-6.339,-4.847028000000001,1.4919719999999996,-2.9460804,Gen 159 (Human)
MOL_H_01631,COC1C(C)CCC1c1nc(C)c(C(N)=O)c(C(=O)CC(C)C)c1Cl,-6.62,-5.251805000000001,1.3681949999999992,-2.9437364999999995,Gen 77 (Human)
MOL_H_01632,CCc1nc(-c2nc(C3C(C)CCC3C(N)=O)c(Cl)c(C)c2C)c(F)c(C)c1C,-7.468,-6.300815000000002,1.167184999999998,-2.9437036788749964,Gen 173 (Human)
MOL_H_01633,Cc1nc(-c2nc(CC(C)C)c(F)c(C)c2C)c(C)c(C2CCC(C)C2C(N)=O)c1F,-7.634,-6.366643000000001,1.2673569999999996,-2.9426789527549992,Gen 140 (Human)
MOL_H_01634,COc1nc(C)c(C(N)=O)c(C2C(C)CCC2C(=O)CC(C)C)c1Cl,-6.618,-5.250475000000002,1.3675249999999988,-2.9426675,Gen 66 (Human)
MOL_H_01635,Cc1nc(C2C(C)CCC2C(N)=O)c(F)c(C(F)(F)F)c1C(C)C,-6.739,-5.425008000000002,1.313991999999998,-2.941494399999999,Gen 100 (Human)
MOL_H_01636,CCC(c1nc(C(N)=O)c(F)c(C(F)(F)F)c1C1C(C)CCC1C(N)=O)C(C)C,-6.703,-5.373734000000002,1.3292659999999987,-2.9413862,Gen 101 (Human)
MOL_H_01637,CCc1c(C(F)(F)F)nc(C(F)(F)F)c(F)c1C(N)=O,-6.344,-4.862250000000001,1.481749999999999,-2.9404249999999994,Gen 156 (Human)
MOL_H_01638,COc1c(C)nc(C(N)=O)c(Cl)c1C1CCC(C)C1C(F)(F)F,-6.616,-5.250928,1.3650719999999996,-2.9403504,Gen 63 (Human)
MOL_H_01639,Cc1ncc(C2CCC(C)C2C(=O)CC(C)C)c(C(N)=O)c1C(F)(F)F,-6.727,-5.410097000000001,1.316902999999999,-2.9399321,Gen 7 (Human)
MOL_H_01640,COc1c(C)nc(C(N)=O)c(C(F)(F)F)c1C(=O)CC(C)C,-6.264,-4.750542000000001,1.513457999999999,-2.9386206,Gen 38 (Human)
MOL_H_01641,Cc1nc(C(N)=O)c(Cl)c(C(=O)CC(C)C)c1C(F)(F)F,-6.447,-5.0127500000000005,1.4342499999999996,-2.938075,Gen 90 (Human)
MOL_H_01642,COc1nc(C)c(C(=O)CC(C)C)c(C2C(C)CCC2C(N)=O)c1F,-6.464,-5.037560000000002,1.4264399999999986,-2.937708,Gen 31 (Human)
MOL_H_01643,COc1c(C)nc(C(=O)CC(C)C)c(C(F)(F)F)c1C(N)=O,-6.263,-4.750542000000001,1.5124579999999987,-2.9376206,Gen 38 (Human)
MOL_H_01644,Cc1nc(C(F)(F)F)c(C(N)=O)c(C(=O)CC(C)C)c1C(F)(F)F,-6.58,-5.207744000000002,1.3722559999999984,-2.934579199999999,Gen 38 (Human)
MOL_H_01645,COC1C(C)CCC1OC1CCC(C)C1C(N)=O,-5.683,-3.926841,1.7561589999999998,-2.9342113,Gen 35 (Human)
MOL_H_01646,CCOc1c(C)nc(C)c(C(N)=O)c1C(F)(F)F,-6.087,-4.504026,1.582974,-2.9341818,Gen 8 (Human)
MOL_H_01647,CCC(C(=O)C1C(C)CCC1c1nc(C)c(C(N)=O)c(OC)c1C(F)(F)F)C(C)C,-6.941,-5.724212000000002,1.2167879999999975,-2.9340515999999983,Gen 27 (Human)
MOL_H_01648,Fc1c(C(F)(F)F)nc(C(F)(F)F)c(C(F)(F)F)c1C(F)(F)F,-7.101,-5.953055,1.147945,-2.9338615,Gen 177 (Human)
MOL_H_01649,COc1c(C)nc(C(F)(F)F)c(Cl)c1C(=O)CC(C)C,-6.718,-5.406727000000002,1.311272999999998,-2.933291099999999,Gen 63 (Human)
MOL_H_01650,CCc1nc(C(F)(F)F)c(C(N)=O)c(C(C)C)c1F,-6.326,-4.847028000000002,1.478971999999998,-2.933080399999999,Gen 156 (Human)
MOL_H_01651,COc1nc(C)c(C(N)=O)c(C2C(C)CCC2C(=O)CC(C)C)c1F,-6.459,-5.037560000000002,1.4214399999999978,-2.9327079999999985,Gen 31 (Human)
MOL_H_01652,COC1C(C)CCC1c1nc(C)c(C(=O)C(C)C(C)C)c(C(N)=O)c1F,-6.539,-5.153044000000002,1.3859559999999975,-2.9318691999999986,Gen 11 (Human)
MOL_H_01653,Cc1nc(C2C(C)CCC2C(N)=O)c(Cl)c(C(=O)CC(C)C)c1C(F)(F)F,-6.926,-5.707677000000002,1.218322999999998,-2.930626099999999,Gen 61 (Human)
MOL_H_01654,COc1nc(C)c(C(F)(F)F)c(OC)c1F,-6.206,-4.682078000000001,1.5239219999999998,-2.9285454,Gen 50 (Human)
MOL_H_01655,CCc1nc(C)c(C(F)(F)F)c(C(N)=O)c1C1C(C)CCC1C(=O)CC(C)C,-6.892,-5.663045000000003,1.2289549999999974,-2.9278684999999984,Gen 14 (Human)
MOL_H_01656,Cc1nc(C(F)(F)F)c(Cl)c(C(N)=O)c1OC(C)C(C)C,-6.503,-5.108377000000001,1.3946229999999993,-2.9271361,Gen 13 (Human)
MOL_H_01657,Cc1nc(C(F)(F)F)c(F)c(C2CCC(C)C2C(N)=O)c1C(=O)CC(C)C,-6.771,-5.4947620000000015,1.2762379999999984,-2.9246665999999992,Gen 29 (Human)
MOL_H_01658,Cc1c(CC(C)C)nc(C2CCC(C)C2CC(C)C)c(F)c1C(N)=O,-6.9,-5.679884000000002,1.2201159999999982,-2.924081199999999,Gen 171 (Human)
MOL_H_01659,CCc1c(C(N)=O)nc(C(C)C)c(F)c1C(F)(F)F,-6.317,-4.847028000000002,1.4699719999999985,-2.9240804,Gen 170 (Human)
MOL_H_01660,Cc1nc(CC(C)C)c(C)c(-c2nc(C(N)=O)c(C)c(CC(C)C)c2F)c1F,-7.171,-6.067406000000002,1.1035939999999984,-2.923815799999999,Gen 184 (Human)
MOL_H_01661,Cc1nc(C(=O)CC(C)C)c(C(=O)CC(C)C)c(C(N)=O)c1C(F)(F)F,-6.607,-5.262276000000002,1.3447239999999985,-2.923406799999999,Gen 105 (Human)
MOL_H_01662,Cc1c(CC(C)C)nc(C2CCC(C)C2C(N)=O)c(F)c1CC(C)C,-6.786,-5.518464000000002,1.267535999999998,-2.9230751999999987,Gen 179 (Human)
MOL_H_01663,COc1nc(C)c(C(=O)CC(C)C)c(C2C(C)CCC2C(N)=O)c1Cl,-6.598,-5.250475000000002,1.3475249999999983,-2.922667499999999,Gen 34 (Human)
MOL_H_01664,Cc1nc(C(N)=O)c(Cl)c(C(F)(F)F)c1C(=O)CC(C)C,-6.431,-5.0127500000000005,1.4182499999999996,-2.922075,Gen 88 (Human)
MOL_H_01665,COC1C(C)CCC1c1c(C)nc(C(=O)CC(C)C)c(F)c1C(N)=O,-6.445,-5.038890000000001,1.406109999999999,-2.917777,Gen 41 (Human)
MOL_H_01666,Cc1nccc(-c2c(C)ncc(F)c2C(N)=O)c1C(=O)C(C)C(C)C,-6.728,-5.444618000000001,1.2833819999999987,-2.9167673999999995,Gen 2 (Human)
MOL_H_01667,Cc1nc(C2C(C)CCC2C(F)(F)F)c(F)c(C(=O)CC(C)C)c1C(N)=O,-6.801,-5.549747000000002,1.2512529999999984,-2.916177099999999,Gen 29 (Human)
MOL_H_01668,Cc1nc(C2CCC(C)C2C(N)=O)c(C)c(-c2nc(CC(C)C)c(F)c(C)c2C)c1F,-7.607,-6.366643000000002,1.2403569999999986,-2.9156789527549964,Gen 140 (Human)
MOL_H_01669,COc1c(C(=O)CC(C)C)c(C)nc(C(F)(F)F)c1C(F)(F)F,-6.835,-5.601721000000001,1.233278999999999,-2.9137952999999994,Gen 36 (Human)
MOL_H_01670,Cc1nc(C(F)(F)F)c(F)c(C(N)=O)c1C(=O)CC(C)C,-6.273,-4.799835000000001,1.473164999999999,-2.9131154999999995,Gen 14 (Human)
MOL_H_01671,CCc1c(F)c(C2CCC(C)C2C(F)(F)F)nc(C)c1C(N)=O,-6.592,-5.255589000000001,1.3364109999999982,-2.913087699999999,Gen 124 (Human)
MOL_H_01672,CCC1C(C)CCC1c1nc(C)c(F)c(-c2nc(C(N)=O)c(F)c(C)c2C)c1C,-7.336,-6.249320000000001,1.0866799999999994,-2.912153688,Gen 172 (Human)
MOL_H_01673,COc1c(F)c(C2CCC(C)C2OC)nc(C)c1C(=O)CC(C)C,-6.714,-5.432867000000002,1.2811329999999987,-2.9109931,Gen 54 (Human)
MOL_H_01674,CCOc1c(C(N)=O)c(C)nc(C2CCC(C)C2C(=O)CC(C)C)c1C(F)(F)F,-6.836,-5.610058000000003,1.2259419999999972,-2.9089593999999983,Gen 8 (Human)
MOL_H_01675,Cc1c(C2CCC(C)C2C(N)=O)nc(C(C(C)C)C(C)C)c(F)c1C(N)=O,-6.5,-5.131315000000002,1.3686849999999984,-2.908079499999999,Gen 153 (Human)
MOL_H_01676,COc1nc(C)c(C(N)=O)c(C(=O)CC(C)C)c1F,-5.943,-4.342632999999999,1.6003670000000003,-2.9031569000000004,Gen 44 (Human)
MOL_H_01677,CCc1nc(C)c(OC)c(C2C(C)CCC2c2c(C(N)=O)ccnc2C)c1F,-6.965,-5.806575000000001,1.1584249999999985,-2.9003974999999995,Gen 4 (Human)
MOL_H_01678,CCc1nc(C(N)=O)c(C)c(-c2nc(C(F)(F)F)c(C)c(C)c2Cl)c1F,-7.073,-5.962461,1.1105390000000002,-2.8992773000000005,Gen 166 (Human)
MOL_H_01679,Cc1c(C(C)C)nc(C(N)=O)c(F)c1C1C(C)CCC1C(F)(F)F,-6.735,-5.479993000000002,1.2550069999999982,-2.899004899999999,Gen 117 (Human)
MOL_H_01680,COC1CCC(C)C1c1c(F)cnc(C)c1-c1ccnc(C)c1C(N)=O,-6.759,-5.5149870000000005,1.2440129999999998,-2.8985091,Gen 2 (Human)
MOL_H_01681,Cc1c(CC(C)C)nc(C(N)=O)c(F)c1C1CCC(C)C1CC(C)C,-6.874,-5.679884000000002,1.1941159999999975,-2.8980811999999982,Gen 151 (Human)
MOL_H_01682,COc1nc(C)c(C2CCC(C)C2OC)c(C(N)=O)c1Cl,-6.216,-4.740071,1.4759289999999998,-2.8979503,Gen 34 (Human)
MOL_H_01683,Cc1nc(C(N)=O)c(F)c(C2C(C)CCC2C(F)(F)F)c1C(=O)C(C)C(C)C,-6.862,-5.663901000000002,1.1980989999999982,-2.897269299999999,Gen 11 (Human)
MOL_H_01684,Cc1nc(C(F)(F)F)c(F)c(C(N)=O)c1C1C(C)CCC1C(C)C,-6.728,-5.476178000000003,1.251821999999997,-2.8946753999999983,Gen 121 (Human)
MOL_H_01685,CCc1nc(C)c(C(=O)C(C)C(C)C)c(C(N)=O)c1F,-6.166,-4.6743630000000005,1.491637,-2.8939459000000003,Gen 9 (Human)
MOL_H_01686,CCc1c(F)c(C(C)C)nc(C(C)C)c1C(N)=O,-6.276,-4.831806000000001,1.4441939999999986,-2.893735799999999,Gen 159 (Human)
MOL_H_01687,Cc1c(C2CCC(C)C2C(F)(F)F)nc(C(N)=O)c(F)c1C(C)C,-6.729,-5.479993000000002,1.249006999999998,-2.893004899999999,Gen 113 (Human)
MOL_H_01688,Cc1nc(C(F)(F)F)c(F)c(C(N)=O)c1C1CCC(C)C1C(=O)CC(C)C,-6.739,-5.4947620000000015,1.2442379999999984,-2.892666599999999,Gen 23 (Human)
MOL_H_01689,COc1nc(C)c(C(=O)CC(C)C)c(C(F)(F)F)c1C(N)=O,-6.218,-4.750542000000001,1.4674579999999988,-2.8926205999999994,Gen 60 (Human)
MOL_H_01690,CCOc1nc(C)c(C(F)(F)F)c(OC)c1F,-6.284,-4.846667,1.4373329999999995,-2.8913331,Gen 26 (Human)
MOL_H_01691,CCCc1c(C(N)=O)nc(C(N)=O)c(Cl)c1C1C(C)CCC1C(F)(F)F,-6.488,-5.138487000000001,1.349512999999999,-2.8910591,Gen 118 (Human)
MOL_H_01692,CCc1c(C2CCC(C)C2C(N)=O)nc(C(N)=O)c(Cl)c1CC,-6.165,-4.679287,1.4857129999999996,-2.8894991,Gen 137 (Human)
MOL_H_01693,CCOC1C(C)CCC1C(N)=O,-5.345,-3.508535,1.836465,-2.8890255,Gen 26 (Human)
MOL_H_01694,CCC1C(C)CCC1c1nc(CC(C)C)c(C)c(C(N)=O)c1F,-6.669,-5.401141000000002,1.2678589999999978,-2.888201299999998,Gen 150 (Human)
MOL_H_01695,CCc1c(F)c(C(F)(F)F)nc(C(F)(F)F)c1C(F)(F)F,-6.887,-5.7134290000000005,1.173570999999999,-2.8875996999999995,Gen 177 (Human)
MOL_H_01696,COc1c(C)nc(C)c(C(N)=O)c1C1C(C)CCC1OC,-6.09,-4.578492,1.511508,-2.8850556000000003,Gen 15 (Human)
MOL_H_01697,Cc1nc(C2CCC(C)C2C(=O)C(C)C(C)C)c(F)c(C(F)(F)F)c1C(N)=O,-6.811,-5.608916000000002,1.2020839999999984,-2.8847588,Gen 8 (Human)
MOL_H_01698,CCc1c(C)c(C2C(C)CCC2C(C)C)nc(C(N)=O)c1F,-6.55,-5.236552000000001,1.3134479999999984,-2.884413599999999,Gen 126 (Human)
MOL_H_01699,CC(C)Cc1nc(C(N)=O)c(F)c(C(F)(F)F)c1CC(C)C,-6.51,-5.180110000000002,1.329889999999998,-2.883922999999999,Gen 164 (Human)
MOL_H_01700,COc1c(C(F)(F)F)nc(C)c(C(N)=O)c1C(=O)CC(C)C,-6.207,-4.750542000000001,1.4564579999999987,-2.8816206,Gen 37 (Human)
MOL_H_01701,CCOc1c(F)c(C(N)=O)nc(C)c1OC,-5.676,-3.995488,1.6805120000000002,-2.879158400000001,Gen 32 (Human)
MOL_H_01702,Cc1c(-c2nc(CC(C)C)c(C)c(C(N)=O)c2F)nc(CC(C)C)c(F)c1C,-7.124,-6.067406000000002,1.0565939999999978,-2.8768157999999984,Gen 157 (Human)
MOL_H_01703,COc1c(C)nc(C(N)=O)c(C(=O)CC(C)C)c1C(F)(F)F,-6.202,-4.750542,1.4514579999999997,-2.8766206,Gen 76 (Human)
MOL_H_01704,COc1c(C)nc(C(N)=O)c(OC)c1C(=O)CC(C)C,-5.88,-4.293340000000001,1.5866599999999993,-2.874662,Gen 105 (Human)
MOL_H_01705,Cc1c(CC(C)C)nc(C(N)=O)c(Cl)c1C,-6.123,-4.6407620000000005,1.4822379999999995,-2.8744666,Gen 152 (Human)
MOL_H_01706,COC1CCC(C)C1c1c(F)c(C(=O)CC(C)C)nc(C)c1C(N)=O,-6.4,-5.038890000000001,1.3611099999999992,-2.872777,Gen 42 (Human)
MOL_H_01707,Cc1nc(C(=O)CC(C)C)c(C(F)(F)F)c(C(N)=O)c1C(=O)CC(C)C,-6.556,-5.262276000000002,1.2937239999999983,-2.872406799999999,Gen 98 (Human)
MOL_H_01708,Cc1nc(C(F)(F)F)c(Cl)c(C(N)=O)c1C(=O)CC(C)C,-6.379,-5.012750000000001,1.3662499999999982,-2.870074999999999,Gen 42 (Human)
MOL_H_01709,Cc1nc(C2C(C)CCC2C(N)=O)c(F)c(C(C)C)c1C(F)(F)F,-6.667,-5.425008000000002,1.241991999999998,-2.869494399999999,Gen 100 (Human)
MOL_H_01710,CCOc1c(Cl)c(C2CCC(C)C2C(N)=O)nc(C)c1C(=O)C(C)C(C)C,-6.739,-5.529218000000002,1.209781999999998,-2.868547399999999,Gen 95 (Human)
MOL_H_01711,Cc1nc(C2CCC(C)C2CC(C)C)c(F)c(C(F)(F)F)c1C(N)=O,-6.817,-5.640767000000002,1.176232999999998,-2.868463099999999,Gen 102 (Human)
MOL_H_01712,COC1C(C)CCC1C(N)=O,-5.209,-3.343946,1.865054,-2.8682378,Gen 24 (Human)
MOL_H_01713,Cc1c(C(C)C)nc(C(F)(F)F)c(F)c1C(N)=O,-6.178,-4.730081000000001,1.4479189999999988,-2.8669432999999995,Gen 120 (Human)
MOL_H_01714,COc1c(C(N)=O)nc(C)c(C(=O)CC(C)C)c1C(F)(F)F,-6.192,-4.750542,1.441458,-2.8666206,Gen 76 (Human)
MOL_H_01715,COc1nc(C)c(C(F)(F)F)c(C(F)(F)F)c1C(F)(F)F,-6.748,-5.547189,1.200811,-2.8649677,Gen 53 (Human)
MOL_H_01716,Cc1nc(C(C)C)c(F)c(C(N)=O)c1C1CCC(C)C1C(F)(F)F,-6.7,-5.479993000000002,1.220006999999998,-2.864004899999999,Gen 121 (Human)
MOL_H_01717,CCc1nc(C(C)C)c(C(N)=O)c(CC)c1F,-6.089,-4.607402,1.481598,-2.8638186,Gen 159 (Human)
MOL_H_01718,CCC(C(=O)C1CCC(C)C1c1nc(C)c(OC)c(C(N)=O)c1Cl)C(C)C,-6.734,-5.529218000000002,1.204781999999998,-2.863547399999999,Gen 42 (Human)
MOL_H_01719,CCc1nc(CC)c(C(N)=O)c(CC)c1F,-5.929,-4.382998000000001,1.5460019999999997,-2.8609014,Gen 160 (Human)
MOL_H_01720,Cc1c(C2CCC(C)C2C(C)C)nc(C(F)(F)F)c(F)c1C(N)=O,-6.694,-5.476178000000002,1.2178219999999982,-2.860675399999999,Gen 120 (Human)
MOL_H_01721,Cc1nc(C(F)(F)F)c(Cl)c(C(N)=O)c1C1CCC(C)C1C(F)(F)F,-6.856,-5.7081300000000015,1.1478699999999984,-2.860308999999999,Gen 30 (Human)
MOL_H_01722,CCc1nc(C(C)C)c(C(F)(F)F)c(C(N)=O)c1F,-6.253,-4.847028000000001,1.4059719999999991,-2.8600804,Gen 159 (Human)
MOL_H_01723,Cc1nc(C2CCC(C)C2C(F)(F)F)c(F)c(C(=O)CC(C)C)c1C(N)=O,-6.744,-5.549747000000002,1.194252999999998,-2.859177099999999,Gen 45 (Human)
MOL_H_01724,COc1cc(C(N)=O)c(C2CCC(C)C2C(=O)C(C)C(C)C)c(C)n1,-6.406,-5.067049000000002,1.338950999999998,-2.8590656999999986,Gen 5 (Human)
MOL_H_01725,CCOc1nc(C)c(C2CCC(C)C2C(N)=O)c(C(F)(F)F)c1Cl,-6.611,-5.360532000000001,1.2504679999999988,-2.8586276,Gen 25 (Human)
MOL_H_01726,Cc1c(C2C(C)CCC2C(N)=O)nc(CC(C)C)c(F)c1CC(C)C,-6.721,-5.518464000000002,1.2025359999999985,-2.858075199999999,Gen 180 (Human)
MOL_H_01727,CCc1nc(C(N)=O)c(F)c(C2CCC(C)C2CC)c1C,-6.443,-5.122398000000001,1.3206019999999985,-2.857321399999999,Gen 172 (Human)
MOL_H_01728,CC(C)c1nc(C(F)(F)F)c(C(C)C)c(C(N)=O)c1F,-6.407,-5.0714320000000015,1.3355679999999983,-2.8569975999999992,Gen 120 (Human)
MOL_H_01729,CCc1nc(-c2nc(C(F)(F)F)c(C)c(C)c2F)c(F)c(C(N)=O)c1C,-6.881,-5.7495460000000005,1.1314539999999995,-2.8563178,Gen 147 (Human)
MOL_H_01730,COc1c(Cl)c(C(F)(F)F)nc(C)c1C1C(C)CCC1C(N)=O,-6.493,-5.195943000000001,1.2970569999999997,-2.8558399000000003,Gen 30 (Human)
MOL_H_01731,COc1nc(C)c(C(N)=O)c(C2CCC(C)C2C(=O)CC(C)C)c1F,-6.382,-5.037560000000002,1.344439999999998,-2.8557079999999986,Gen 40 (Human)
MOL_H_01732,COc1nc(C)c(C2C(C)CCC2C(N)=O)c(C(=O)CC(C)C)c1Cl,-6.53,-5.250475000000002,1.2795249999999987,-2.8546674999999992,Gen 34 (Human)
MOL_H_01733,COc1nc(C)c(C(=O)CC(C)C)c(C2CCC(C)C2C(N)=O)c1Cl,-6.53,-5.250475000000002,1.2795249999999987,-2.8546674999999992,Gen 69 (Human)
MOL_H_01734,COc1c(C)nc(C(F)(F)F)c(C(N)=O)c1OC,-5.821,-4.238808,1.582192,-2.8538344,Gen 36 (Human)
MOL_H_01735,CCOc1c(F)c(C(F)(F)F)nc(C)c1C(=O)CC(C)C,-6.604,-5.358401000000002,1.2455989999999977,-2.8531192999999986,Gen 43 (Human)
MOL_H_01736,COc1c(C)nc(C(N)=O)c(F)c1C1C(C)CCC1C(=O)CC(C)C,-6.379,-5.037560000000002,1.3414399999999975,-2.8527079999999985,Gen 13 (Human)
MOL_H_01737,COc1c(C)nc(C2CCC(C)C2OC)c(Cl)c1C(F)(F)F,-6.764,-5.591250000000001,1.1727499999999988,-2.850125,Gen 65 (Human)
MOL_H_01738,CCc1nc(C)c(F)c(-c2nc(C3C(C)CCC3C(N)=O)c(Cl)c(C)c2C)c1C,-7.372,-6.300815000000001,1.071184999999999,-2.847703678874999,Gen 178 (Human)
MOL_H_01739,CCc1nc(C(N)=O)c(C(C)C)c(C(F)(F)F)c1F,-6.238,-4.847028000000002,1.3909719999999988,-2.8450804,Gen 156 (Human)
MOL_H_01740,Cc1nc(C2C(C)CCC2C(F)(F)F)c(F)c(C(C)C)c1C(N)=O,-6.678,-5.479993000000002,1.1980069999999978,-2.8420048999999987,Gen 100 (Human)
MOL_H_01741,COc1cnc(C)c(OC)c1-c1c(C)nc(C(F)(F)F)c(F)c1C(N)=O,-6.583,-5.346676,1.2363240000000006,-2.8403268000000006,Gen 3 (Human)
MOL_H_01742,COC1C(C)CCC1c1c(Cl)c(C(=O)CC(C)C)nc(C)c1C(N)=O,-6.516,-5.251805000000001,1.264194999999999,-2.8397364999999994,Gen 69 (Human)
MOL_H_01743,CCc1nc(CC)c(F)c(C2C(C)CCC2C(N)=O)c1C,-6.312,-4.960978000000001,1.3510219999999995,-2.8393154,Gen 180 (Human)
MOL_H_01744,CCOc1c(C)nc(C(N)=O)c(Cl)c1C(F)(F)F,-6.105,-4.665605,1.4393950000000002,-2.8390765000000004,Gen 18 (Human)
MOL_H_01745,Cc1nc(C(N)=O)c(Cl)c(C2C(C)CCC2C(=O)CC(C)C)c1C(F)(F)F,-6.834,-5.707677000000002,1.1263229999999975,-2.8386260999999986,Gen 66 (Human)
MOL_H_01746,Cc1c(CC(C)C)nc(C(N)=O)c(F)c1C,-5.937,-4.427847000000001,1.5091529999999995,-2.8375071,Gen 168 (Human)
MOL_H_01747,Cc1nc(C(F)(F)F)c(F)c(C2CCC(C)C2C(=O)CC(C)C)c1C(N)=O,-6.682,-5.4947620000000015,1.187237999999999,-2.8356666,Gen 40 (Human)
MOL_H_01748,Cc1nccc(-c2c(F)c(C(F)(F)F)nc(C)c2C(=O)CC(C)C)c1C(N)=O,-6.911,-5.823038000000001,1.0879619999999983,-2.8348734,Gen 5 (Human)
MOL_H_01749,Cc1nc(C(N)=O)c(C(=O)CC(C)C)c(C(=O)CC(C)C)c1C(F)(F)F,-6.518,-5.262276000000002,1.255723999999998,-2.8344067999999987,Gen 105 (Human)
MOL_H_01750,Cc1nc(C(=O)CC(C)C)c(F)c(C2CCC(C)C2C(F)(F)F)c1C(N)=O,-6.719,-5.549747000000002,1.1692529999999983,-2.8341771,Gen 40 (Human)
MOL_H_01751,Cc1c(C2CCC(C)C2CC(C)C)nc(C(N)=O)c(F)c1C,-6.533,-5.284194000000001,1.2488059999999992,-2.8340642,Gen 151 (Human)
MOL_H_01752,COc1c(C)nc(C(F)(F)F)c(C(F)(F)F)c1C(F)(F)F,-6.71,-5.547189,1.1628109999999996,-2.8269677,Gen 60 (Human)
MOL_H_01753,CC(C)c1nc(C(C)C)c(C(F)(F)F)c(C(N)=O)c1F,-6.376,-5.071432000000001,1.3045679999999995,-2.8259976,Gen 159 (Human)
MOL_H_01754,COc1c(C(F)(F)F)nc(C)c(C(=O)CC(C)C)c1C(N)=O,-6.15,-4.750542000000001,1.3994579999999992,-2.8246206,Gen 37 (Human)
MOL_H_01755,CCc1ccnc(C)c1-c1c(F)cnc(C)c1-c1ccnc(C)c1C(N)=O,-7.063,-6.059509000000001,1.0034909999999986,-2.821343699999999,Gen 2 (Human)
MOL_H_01756,CCc1c(C(C)C)nc(C(N)=O)c(F)c1CC,-6.046,-4.607402,1.4385979999999998,-2.8208186,Gen 159 (Human)
MOL_H_01757,COc1c(C)nc(C(=O)CC(C)C)c(Cl)c1C1C(C)CCC1C(N)=O,-6.496,-5.250475000000002,1.245524999999998,-2.820667499999999,Gen 61 (Human)
MOL_H_01758,CCOc1c(F)c(C(F)(F)F)nc(C)c1C(F)(F)F,-6.533,-5.303869000000001,1.2291309999999998,-2.8202917000000003,Gen 26 (Human)
MOL_H_01759,CCOc1c(F)c(C(=O)CC(C)C)nc(C)c1C(N)=O,-5.975,-4.5072220000000005,1.4677779999999991,-2.8199445999999995,Gen 21 (Human)
MOL_H_01760,COc1c(F)c(C(N)=O)nc(C)c1C1C(C)CCC1C(=O)CC(C)C,-6.344,-5.037560000000002,1.3064399999999985,-2.817707999999999,Gen 24 (Human)
MOL_H_01761,CCc1nc(C(F)(F)F)c(F)c(C2C(C)CCC2C(N)=O)c1C,-6.458,-5.200604000000001,1.257395999999999,-2.8175772,Gen 117 (Human)
MOL_H_01762,CCC1C(C)CCC1c1c(F)c(C(N)=O)nc(C)c1C(=O)C(C)C(C)C,-6.689,-5.530710000000002,1.1582899999999985,-2.817502999999999,Gen 9 (Human)
MOL_H_01763,Cc1c(-c2nc(C3CCC(C)C3C(N)=O)c(F)c(C)c2C)nc(CC(C)C)c(F)c1C,-7.508,-6.366643000000002,1.1413569999999984,-2.816678952754996,Gen 140 (Human)
MOL_H_01764,COC1CCC(C)C1c1nc(C)c(C(N)=O)c(C(=O)CC(C)C)c1Cl,-6.492,-5.251805000000001,1.240194999999999,-2.8157364999999994,Gen 55 (Human)
MOL_H_01765,CCc1nc(C(F)(F)F)c(F)c(C(N)=O)c1OC(C)C,-6.127,-4.733666000000001,1.3933339999999983,-2.813433799999999,Gen 11 (Human)
MOL_H_01766,CC(C)c1nc(C(F)(F)F)c(C(N)=O)c(C(C)C)c1F,-6.363,-5.0714320000000015,1.291567999999999,-2.8129976,Gen 120 (Human)
MOL_H_01767,COc1c(C)nc(C(N)=O)c(F)c1OC,-5.494,-3.830899,1.6631010000000002,-2.8123707,Gen 67 (Human)
MOL_H_01768,CCc1nc(C(N)=O)c(CC)c(CC)c1F,-5.88,-4.382998000000001,1.4970019999999993,-2.8119014,Gen 160 (Human)
MOL_H_01769,CCc1cc(C2CCC(C)C2C(=O)CC(C)C)nc(C)c1C(N)=O,-6.43,-5.170471000000002,1.259528999999998,-2.810670299999998,Gen 4 (Human)
MOL_H_01770,COc1nc(C)c(C(N)=O)c(C(=O)CC(C)C)c1C(F)(F)F,-6.136,-4.750542,1.385458,-2.8106206,Gen 46 (Human)
MOL_H_01771,Cc1nc(C(F)(F)F)c(Cl)c(C(N)=O)c1C1CCC(C)C1C(=O)CC(C)C,-6.803,-5.707677000000002,1.0953229999999978,-2.807626099999999,Gen 42 (Human)
MOL_H_01772,COc1c(Cl)c(C(N)=O)nc(C)c1C1C(C)CCC1OC,-6.125,-4.740071,1.3849289999999996,-2.8069503,Gen 51 (Human)
MOL_H_01773,Cc1c(-c2nc(C(N)=O)c(C)c(CC(C)C)c2F)nc(CC(C)C)c(F)c1C,-7.053,-6.067406000000002,0.985593999999998,-2.805815799999998,Gen 140 (Human)
MOL_H_01774,Cc1nc(C(F)(F)F)c(Cl)c(C(=O)CC(C)C)c1C1CCC(C)C1C(N)=O,-6.801,-5.707677000000002,1.093322999999998,-2.805626099999999,Gen 74 (Human)
MOL_H_01775,Cc1nc(C(F)(F)F)c(F)c(C(=O)CC(C)C)c1C1CCC(C)C1C(N)=O,-6.651,-5.4947620000000015,1.1562379999999983,-2.804666599999999,Gen 41 (Human)
MOL_H_01776,CCc1c(C)c(C(N)=O)nc(C2C(C)CCC2CC)c1F,-6.39,-5.122398000000001,1.2676019999999983,-2.804321399999999,Gen 126 (Human)
MOL_H_01777,COc1c(Cl)c(C(N)=O)nc(C)c1C1CCC(C)C1OC,-6.122,-4.740071,1.3819289999999995,-2.8039503,Gen 65 (Human)
MOL_H_01778,Cc1nc(C2CCC(C)C2C(N)=O)c(F)c(OC(C)C)c1C(=O)C(C)C(C)C,-6.639,-5.4803320000000015,1.1586679999999987,-2.8027675999999992,Gen 31 (Human)
MOL_H_01779,CC(=O)c1c(O)cnc(C)c1C1CCC(C)C1C(=O)C(C)C(C)C,-6.555,-5.362324000000002,1.1926759999999978,-2.8013731999999987,Gen 1 (Human)
MOL_H_01780,Cc1nc(C2C(C)CCC2C(N)=O)c(C)c(C2CCC(C)C2C(C)C)c1F,-6.87,-5.8145320000000025,1.0554679999999976,-2.799827599999998,Gen 170 (Human)
MOL_H_01781,CCCc1nc(C2C(C)CCC2C(=O)CC(C)C)c(Cl)c(C(N)=O)c1OC,-6.667,-5.5320110000000025,1.1349889999999974,-2.7945922999999984,Gen 24 (Human)
MOL_H_01782,COc1nc(C)c(C(F)(F)F)c(C(F)(F)F)c1F,-6.392,-5.13928,1.25272,-2.7945040000000003,Gen 36 (Human)
MOL_H_01783,Cc1nc(C(F)(F)F)c(F)c(C2CCC(C)C2C(N)=O)c1C(=O)C(C)C(C)C,-6.716,-5.608916000000002,1.1070839999999986,-2.7897587999999995,Gen 9 (Human)
MOL_H_01784,COc1nc(C)c(C(N)=O)c(C2CCC(C)C2C(F)(F)F)c1Cl,-6.465,-5.250928,1.2140719999999998,-2.7893504,Gen 19 (Human)
MOL_H_01785,COc1c(F)c(C(N)=O)nc(C)c1C(=O)CC(C)C,-5.828,-4.342632999999999,1.485367000000001,-2.788156900000001,Gen 31 (Human)
MOL_H_01786,COc1c(C2CCC(C)C2C(F)(F)F)nc(C)c(C(=O)CC(C)C)c1C(N)=O,-6.638,-5.500454000000002,1.1375459999999975,-2.7876821999999986,Gen 5 (Human)
MOL_H_01787,COc1c(Cl)c(C2C(C)CCC2OC)nc(C)c1C(F)(F)F,-6.701,-5.591250000000001,1.1097499999999982,-2.7871249999999987,Gen 50 (Human)
MOL_H_01788,CCOc1c(C)nc(C(=O)C(C)C(C)C)c(F)c1C(N)=O,-6.022,-4.621376000000001,1.4006239999999996,-2.7870368,Gen 10 (Human)
MOL_H_01789,CCc1c(C(N)=O)nc(C(C)C)c(F)c1CC,-6.012,-4.607402000000001,1.4045979999999982,-2.786818599999999,Gen 159 (Human)
MOL_H_01790,COC1CCC(C)C1c1c(Cl)c(C(F)(F)F)nc(C)c1C(N)=O,-6.424,-5.197273000000001,1.2267269999999997,-2.7859089,Gen 33 (Human)
MOL_H_01791,Cc1nc(C(=O)CC(C)C)c(Cl)c(C2CCC(C)C2C(N)=O)c1C(F)(F)F,-6.781,-5.707677000000002,1.0733229999999976,-2.7856260999999987,Gen 69 (Human)
MOL_H_01792,CCOc1c(C)nc(C(=O)CC(C)C)c(F)c1C(N)=O,-5.94,-4.5072220000000005,1.432778,-2.7849446,Gen 10 (Human)
MOL_H_01793,Cc1c(CC(C)C)nc(C2C(C)CCC2C(N)=O)c(F)c1C(F)(F)F,-6.618,-5.4793470000000015,1.1386529999999988,-2.7824571,Gen 176 (Human)
MOL_H_01794,COc1c(C(F)(F)F)nc(C)c(C(=O)CC(C)C)c1OC,-6.383,-5.144519000000001,1.2384809999999993,-2.7818367,Gen 53 (Human)
MOL_H_01795,CCOc1c(C)nc(C(N)=O)c(F)c1OC,-5.578,-3.995488,1.5825120000000004,-2.7811584000000007,Gen 18 (Human)
MOL_H_01796,Cc1c(CC(C)C)nc(C2C(C)CCC2C(N)=O)c(Cl)c1C,-6.515,-5.335689000000001,1.1793109999999984,-2.7800177,Gen 180 (Human)
MOL_H_01797,CCC1C(C)CCC1c1nc(C(C)C)c(F)c(C(N)=O)c1C,-6.519,-5.346802000000001,1.172197999999999,-2.7762386,Gen 150 (Human)
MOL_H_01798,Cc1nc(C2C(C)CCC2C(N)=O)c(Cl)c(C(F)(F)F)c1C(=O)CC(C)C,-6.771,-5.707677000000002,1.0633229999999978,-2.775626099999999,Gen 61 (Human)
MOL_H_01799,Cc1nc(C(F)(F)F)c(F)c(C(F)(F)F)c1C(F)(F)F,-6.693,-5.596482,1.0965179999999997,-2.7754626,Gen 29 (Human)
MOL_H_01800,COc1c(C)nc(C(N)=O)c(Cl)c1OC,-5.604,-4.043813999999999,1.5601860000000007,-2.7733302000000006,Gen 63 (Human)
MOL_H_01801,COc1nc(C)c(OC)c(C(=O)CC(C)C)c1OC,-6.053,-4.687317,1.3656829999999998,-2.7718781,Gen 58 (Human)
MOL_H_01802,COc1nc(C)c(C(N)=O)c(C2C(C)CCC2OC)c1Cl,-6.089,-4.740071,1.348929,-2.7709503000000004,Gen 34 (Human)
MOL_H_01803,COC1CCC(C)C1c1c(-c2c(C)nc(C3CC3)c(F)c2C(N)=O)ccnc1C,-6.902,-5.902207000000001,0.9997929999999996,-2.7704550999999995,Gen 3 (Human)
MOL_H_01804,Cc1nc(CC(C)C)c(C)c(C(N)=O)c1F,-5.869,-4.427847000000001,1.441152999999999,-2.7695070999999993,Gen 184 (Human)
MOL_H_01805,CC(C)c1c(C(N)=O)nc(C(F)(F)F)c(F)c1C(C)C,-6.318,-5.0714320000000015,1.246567999999998,-2.767997599999999,Gen 120 (Human)
MOL_H_01806,COc1nc(C)c(OC)c(C2C(C)CCC2C(N)=O)c1Cl,-6.085,-4.738741,1.346259,-2.7678813,Gen 34 (Human)
MOL_H_01807,COC1CCC(C)C1c1c(F)c(C(N)=O)nc(C)c1C(=O)C(C)C(C)C,-6.374,-5.153044000000002,1.2209559999999977,-2.7668691999999986,Gen 11 (Human)
MOL_H_01808,COc1nc(C)c(C2C(C)CCC2OC)c(C(F)(F)F)c1F,-6.531,-5.378335000000002,1.152664999999998,-2.7661654999999987,Gen 25 (Human)
MOL_H_01809,CC(C)c1c(C(F)(F)F)nc(C(N)=O)c(F)c1C(C)C,-6.316,-5.0714320000000015,1.2445679999999983,-2.765997599999999,Gen 119 (Human)
MOL_H_01810,COc1c(Cl)c(C(F)(F)F)nc(C)c1C(=O)CC(C)C,-6.55,-5.406727000000002,1.143272999999998,-2.765291099999999,Gen 78 (Human)
MOL_H_01811,Cc1nc(CC(C)C)c(C)c(-c2nc(CC(C)C)c(C)c(C(N)=O)c2F)c1F,-7.01,-6.067406000000002,0.9425939999999979,-2.7628157999999985,Gen 184 (Human)
MOL_H_01812,Cc1nc(C2CC2)cc(C(N)=O)c1C1CCC(C)C1C(=O)C(C)C(C)C,-6.555,-5.418897000000002,1.1361029999999976,-2.7617720999999986,Gen 3 (Human)
MOL_H_01813,CCOc1c(C)nc(C(N)=O)c(Cl)c1OC,-5.707,-4.208403,1.4985970000000002,-2.7611179000000003,Gen 32 (Human)
MOL_H_01814,COc1nc(C)c(C(=O)CC(C)C)c(C(N)=O)c1F,-5.8,-4.342632999999999,1.4573670000000003,-2.7601569000000006,Gen 31 (Human)
MOL_H_01815,COc1c(C(=O)CC(C)C)c(C)nc(C(N)=O)c1C(F)(F)F,-6.084,-4.750542,1.3334579999999994,-2.7586205999999995,Gen 37 (Human)
MOL_H_01816,CCC1C(C)CCC1c1c(C)c(C(N)=O)nc(C)c1F,-6.261,-5.005451000000001,1.2555489999999994,-2.7571843,Gen 172 (Human)
MOL_H_01817,COc1nc(C)c(C)c(C(N)=O)c1C1CCC(C)C1C(=O)CC(C)C,-6.319,-5.088896000000002,1.230103999999998,-2.756772799999999,Gen 1 (Human)
MOL_H_01818,CCC1C(C)CCC1c1cc(C(=O)CC(C)C)c(C(N)=O)c(C)n1,-6.489,-5.3318910000000015,1.1571089999999984,-2.756676299999999,Gen 4 (Human)
MOL_H_01819,COc1c(C)nc(C)c(C(N)=O)c1C1CCC(C)C1OC,-5.959,-4.578492,1.3805079999999998,-2.7540556,Gen 16 (Human)
MOL_H_01820,Cc1c(-c2nc(C(C)C)c(C)c(C(C)C)c2F)nc(C(N)=O)c(Cl)c1C,-7.076,-6.171643000000001,0.9043569999999984,-2.753507802755,Gen 158 (Human)
MOL_H_01821,CCOc1c(F)c(C(N)=O)nc(C)c1C(=O)C(C)C(C)C,-5.987,-4.621376000000001,1.3656239999999995,-2.7520368,Gen 11 (Human)
MOL_H_01822,COc1nc(C)c(OC)c(C2CCC(C)C2C(N)=O)c1Cl,-6.069,-4.738741,1.330259,-2.7518813,Gen 34 (Human)
MOL_H_01823,CC(C)c1nc(C(N)=O)c(C(C)C)c(C(F)(F)F)c1F,-6.299,-5.0714320000000015,1.2275679999999989,-2.7489976,Gen 170 (Human)
MOL_H_01824,COC1CCC(C)C1c1c(C)nc(C(F)(F)F)c(Cl)c1C(N)=O,-6.387,-5.197273000000001,1.1897269999999986,-2.748908899999999,Gen 30 (Human)
MOL_H_01825,COc1c(C)nc(C(N)=O)c(C(F)(F)F)c1OC,-5.715,-4.238808,1.4761920000000002,-2.7478344000000003,Gen 37 (Human)
MOL_H_01826,Cc1nc(C)c(C2CCC(C)C2C(=O)C(C)C(C)C)c(C(N)=O)c1F,-6.424,-5.2523430000000015,1.1716569999999988,-2.7473599,Gen 3 (Human)
MOL_H_01827,COc1c(C)nc(C(=O)CC(C)C)c(F)c1C(N)=O,-5.784,-4.342632999999999,1.4413670000000005,-2.744156900000001,Gen 13 (Human)
MOL_H_01828,COC1CCC(C)C1c1c(F)c(C(N)=O)nc(C)c1C(=O)CC(C)C,-6.269,-5.038890000000001,1.230109999999999,-2.7417769999999995,Gen 31 (Human)
MOL_H_01829,COc1nc(C)c(OC)c(C(N)=O)c1F,-5.422,-3.830899,1.591101,-2.7403707,Gen 50 (Human)
MOL_H_01830,CCOc1nc(C)c(C(F)(F)F)c(C(F)(F)F)c1F,-6.452,-5.303869000000001,1.1481309999999991,-2.7392917,Gen 25 (Human)
MOL_H_01831,Cc1nc(C(F)(F)F)c(Cl)c(C(=O)CC(C)C)c1C(N)=O,-6.247,-5.012750000000001,1.2342499999999983,-2.738075,Gen 33 (Human)
MOL_H_01832,CCc1nc(C(F)(F)F)c(F)c(C(N)=O)c1CC,-5.971,-4.622624000000001,1.3483759999999991,-2.7351632,Gen 160 (Human)
MOL_H_01833,CCc1nc(C(N)=O)c(C(F)(F)F)c(C(C)C)c1F,-6.126,-4.847028000000002,1.2789719999999989,-2.7330803999999995,Gen 156 (Human)
MOL_H_01834,COc1nc(C)c(OC)c(OC)c1C(=O)CC(C)C,-6.011,-4.687317,1.323683,-2.7298781,Gen 68 (Human)
MOL_H_01835,Cc1c(-c2nc(CC(C)C)c(F)c(C(N)=O)c2C)nc(CC(C)C)c(F)c1C,-6.977,-6.067406000000002,0.9095939999999983,-2.729815799999999,Gen 140 (Human)
MOL_H_01836,Cc1nc(C(=O)CC(C)C)c(F)c(C(F)(F)F)c1C(F)(F)F,-6.685,-5.651014000000001,1.0339859999999987,-2.7292901999999994,Gen 36 (Human)
MOL_H_01837,CC(=O)C1CCC(C)C1c1c(F)cnc(C)c1-c1ccnc(C)c1C(N)=O,-6.636,-5.582059000000001,1.0539409999999991,-2.7285587,Gen 2 (Human)
MOL_H_01838,COc1c(C)nc(C2CCC(C)C2OC)c(F)c1C(=O)CC(C)C,-6.531,-5.432867000000002,1.098132999999998,-2.7279930999999986,Gen 48 (Human)
MOL_H_01839,Cc1nc(C)c(C(F)(F)F)c(C(N)=O)c1C1C(C)CCC1C(=O)C(C)C(C)C,-6.69,-5.6602520000000025,1.029747999999998,-2.727823599999999,Gen 12 (Human)
MOL_H_01840,Cc1nc(C2C(C)CCC2C(=O)CC(C)C)c(F)c(C(N)=O)c1C(=O)CC(C)C,-6.612,-5.5492940000000015,1.0627059999999986,-2.7274942,Gen 105 (Human)
MOL_H_01841,Cc1nc(C(=O)CC(C)C)c(C(N)=O)c(C(=O)CC(C)C)c1C(F)(F)F,-6.41,-5.262276000000002,1.1477239999999984,-2.726406799999999,Gen 105 (Human)
MOL_H_01842,COC1CCC(C)C1c1c(Cl)c(C(=O)CC(C)C)nc(C)c1C(N)=O,-6.401,-5.251805000000001,1.1491949999999989,-2.7247364999999992,Gen 51 (Human)
MOL_H_01843,CCc1nc(C)c(C2C(C)CCC2OC)c(C(N)=O)c1F,-6.044,-4.744732,1.2992679999999996,-2.7226876,Gen 99 (Human)
MOL_H_01844,CCOc1c(C)nc(C(N)=O)c(F)c1CC,-5.671,-4.213064,1.457936,-2.7218552000000003,Gen 10 (Human)
MOL_H_01845,CCc1c(C)nc(C)c(C2CCC(C)C2C(=O)C(C)C(C)C)c1C(N)=O,-6.516,-5.420626000000001,1.0953739999999987,-2.7215617999999995,Gen 3 (Human)
MOL_H_01846,Cc1c(C(C)C)nc(C(N)=O)c(F)c1C1C(C)CCC1C(C)C,-6.543,-5.460956000000002,1.082043999999998,-2.720330799999999,Gen 154 (Human)
MOL_H_01847,COc1nc(C)c(OC)c(C2C(C)CCC2c2c(C(N)=O)ccnc2C)c1F,-6.631,-5.588999000000001,1.042000999999999,-2.7187007,Gen 4 (Human)
MOL_H_01848,CCOc1c(C)ncc(F)c1C1C(C)CCC1c1c(C(N)=O)ccnc1C,-6.721,-5.718216000000001,1.0027839999999992,-2.7182488,Gen 4 (Human)
MOL_H_01849,CCCc1nc(C(F)(F)F)c(F)c(C(N)=O)c1OC(C)C,-6.146,-4.898255000000001,1.2477449999999992,-2.7172214999999995,Gen 11 (Human)
MOL_H_01850,Cc1nc(C(=O)CC(C)C)c(F)c(C(N)=O)c1C1C(C)CCC1C(=O)CC(C)C,-6.597,-5.5492940000000015,1.047705999999999,-2.7124942,Gen 97 (Human)
MOL_H_01851,CCc1nc(-c2nc(C)c(F)c(C(F)(F)F)c2C)c(C)c(C(N)=O)c1F,-6.735,-5.7495460000000005,0.9854539999999998,-2.7103178000000003,Gen 146 (Human)
MOL_H_01852,Cc1nc(C(N)=O)c(F)c(OC(C)C)c1C(=O)C(C)C(C)C,-6.058,-4.785405000000002,1.272594999999998,-2.708216499999999,Gen 11 (Human)
MOL_H_01853,COc1nc(C)c(C2CCC(C)C2C(=O)CC(C)C)c(C(N)=O)c1F,-6.23,-5.037560000000002,1.1924399999999986,-2.703708,Gen 41 (Human)
MOL_H_01854,Cc1nc(C(N)=O)c(F)c(C2CCC(C)C2C(=O)CC(C)C)c1C(F)(F)F,-6.55,-5.494762000000002,1.0552379999999977,-2.7036665999999983,Gen 17 (Human)
MOL_H_01855,CCC1C(C)CCC1c1nc(-c2nc(C(N)=O)c(C)c(C)c2F)c(F)c(C)c1C,-7.127,-6.249320000000001,0.8776799999999989,-2.703153688,Gen 150 (Human)
MOL_H_01856,Cc1c(C(F)(F)F)nc(C(F)(F)F)c(F)c1C(F)(F)F,-6.614,-5.596482,1.017518,-2.6964626000000003,Gen 114 (Human)
MOL_H_01857,COC1CCC(C)C1c1c(-c2c(C)nc(C(F)(F)F)c(F)c2C(N)=O)ccnc1C,-6.899,-6.007561000000002,0.8914389999999983,-2.693707299999999,Gen 3 (Human)
MOL_H_01858,COc1c(C)nc(C2CCC(C)C2C(N)=O)c(Cl)c1OC,-6.01,-4.738741,1.2712589999999997,-2.6928813,Gen 63 (Human)
MOL_H_01859,COc1c(C)nc(C(N)=O)c(Cl)c1C1CCC(C)C1OC,-6.009,-4.740071,1.268929,-2.6909503000000004,Gen 63 (Human)
MOL_H_01860,COc1c(C)nc(C2C(C)CCC2C(N)=O)c(F)c1C(C)C,-6.167,-4.967806,1.1991939999999994,-2.6895358,Gen 100 (Human)
MOL_H_01861,COc1c(C)nc(C(N)=O)c(Cl)c1C1C(C)CCC1OC,-6.007,-4.740071,1.2669289999999993,-2.6889503,Gen 51 (Human)
MOL_H_01862,COc1nc(C)c(C(F)(F)F)c(C(F)(F)F)c1Cl,-6.434,-5.352195000000001,1.0818049999999992,-2.6874635,Gen 80 (Human)
MOL_H_01863,CCc1c(C(N)=O)cc(C2CCC(C)C2C(=O)CC(C)C)nc1C,-6.306,-5.170471000000002,1.1355289999999982,-2.686670299999999,Gen 4 (Human)
MOL_H_01864,COc1c(C)nc(C(N)=O)c(Cl)c1C1C(C)CCC1C(=O)CC(C)C,-6.356,-5.250475000000002,1.1055249999999974,-2.6806674999999984,Gen 63 (Human)
MOL_H_01865,COc1c(F)c(C(F)(F)F)nc(C)c1C1CCC(C)C1OC,-6.445,-5.378335000000002,1.0666649999999986,-2.6801655,Gen 39 (Human)
MOL_H_01866,COc1c(F)c(C(=O)CC(C)C)nc(C)c1C(N)=O,-5.72,-4.342632999999999,1.3773670000000005,-2.6801569000000005,Gen 23 (Human)
MOL_H_01867,CCc1c(C)c(C2CCC(C)C2CC(C)C)nc(C(N)=O)c1F,-6.458,-5.401141000000002,1.0568589999999984,-2.6772012999999992,Gen 171 (Human)
MOL_H_01868,COc1c(C(F)(F)F)c(C)nc(C(=O)CC(C)C)c1C(F)(F)F,-6.598,-5.601721000000001,0.9962789999999986,-2.6767953,Gen 53 (Human)
MOL_H_01869,CCOc1c(C)nc(C(=O)CC(C)C)c(Cl)c1C(N)=O,-5.98,-4.720137000000001,1.2598629999999993,-2.6759041,Gen 35 (Human)
MOL_H_01870,CCOc1c(F)c(C(N)=O)nc(C)c1C(=O)CC(C)C,-5.828,-4.5072220000000005,1.3207779999999998,-2.6729446,Gen 21 (Human)
MOL_H_01871,COc1c(F)c(C2C(C)CCC2OC)nc(C)c1C(F)(F)F,-6.437,-5.378335000000002,1.0586649999999986,-2.6721655,Gen 51 (Human)
MOL_H_01872,COc1nc(C)c(C(=O)CC(C)C)c(C(N)=O)c1Cl,-5.861,-4.555548,1.3054519999999998,-2.6721164,Gen 88 (Human)
MOL_H_01873,COc1nc(C)c(C(N)=O)c(C(F)(F)F)c1C(=O)CC(C)C,-5.997,-4.750542000000001,1.2464579999999987,-2.6716206,Gen 53 (Human)
MOL_H_01874,CCc1nc(CC)c(CC)c(C(N)=O)c1F,-5.738,-4.382998000000001,1.3550019999999998,-2.6699014,Gen 160 (Human)
MOL_H_01875,COc1nc(C)c(C(=O)CC(C)C)c(C(F)(F)F)c1C(F)(F)F,-6.587,-5.601721000000001,0.9852789999999984,-2.665795299999999,Gen 81 (Human)
MOL_H_01876,COC1CCC(C)C1c1nc(C)c(C(N)=O)c(C(=O)CC(C)C)c1F,-6.192,-5.038890000000001,1.153109999999999,-2.6647769999999995,Gen 45 (Human)
MOL_H_01877,Cc1nc(C(F)(F)F)c(Cl)c(C(=O)CC(C)C)c1C1C(C)CCC1C(N)=O,-6.66,-5.707677000000002,0.952322999999998,-2.664626099999999,Gen 30 (Human)
MOL_H_01878,CC(C)c1nc(C(F)(F)F)c(F)c(C(N)=O)c1C(C)C,-6.212,-5.0714320000000015,1.1405679999999982,-2.661997599999999,Gen 120 (Human)
MOL_H_01879,CCc1nccc(C(N)=O)c1C1CCC(C)C1C(=O)C(C)C(C)C,-6.266,-5.1486240000000025,1.1173759999999977,-2.6619631999999984,Gen 1 (Human)
MOL_H_01880,COc1c(C(F)(F)F)c(C)nc(C(F)(F)F)c1C(F)(F)F,-6.542,-5.547189,0.9948109999999994,-2.6589677,Gen 39 (Human)
MOL_H_01881,CCc1c(F)cnc(C)c1-c1c(-c2c(C)ncc(F)c2C(N)=O)ccnc1C,-6.958,-6.144174000000001,0.8138259999999988,-2.6570782,Gen 2 (Human)
MOL_H_01882,Cc1nc(C(F)(F)F)c(Cl)c(C2CCC(C)C2C(N)=O)c1C(=O)CC(C)C,-6.65,-5.707677000000002,0.9423229999999982,-2.6546261,Gen 69 (Human)
MOL_H_01883,CC1CCC(C(F)(F)F)C1OC1CCC(C)C1C(F)(F)F,-6.394,-5.3438620000000014,1.050137999999999,-2.6532966,Gen 35 (Human)
MOL_H_01884,CCOc1cnc(C)c(C2CCC(C)C2C(=O)C(C)C(C)C)c1C(C)=O,-6.639,-5.694017000000002,0.944982999999998,-2.653188099999999,Gen 1 (Human)
MOL_H_01885,Cc1c(C2CCC(C)C2CC(C)C)nc(CC(C)C)c(F)c1C(N)=O,-6.628,-5.679884000000002,0.948115999999998,-2.6520811999999987,Gen 151 (Human)
MOL_H_01886,COc1c(Cl)c(C2C(C)CCC2OC)nc(C)c1C(=O)CC(C)C,-6.603,-5.645782000000001,0.9572179999999983,-2.650952599999999,Gen 55 (Human)
MOL_H_01887,COc1c(C)nc(C2C(C)CCC2OC)c(Cl)c1C(=O)CC(C)C,-6.603,-5.645782000000001,0.9572179999999983,-2.650952599999999,Gen 55 (Human)
MOL_H_01888,CCOc1nc(C)c(C(N)=O)c(C(=O)CC(C)C)c1F,-5.805,-4.5072220000000005,1.2977779999999992,-2.6499445999999995,Gen 32 (Human)
MOL_H_01889,CC(C)C1C(C)CCC1C(N)=O,-5.334,-3.835766,1.4982339999999996,-2.6489638,Gen 170 (Human)
MOL_H_01890,CCc1nc(C(=O)CC(C)C)c(Cl)c(C(F)(F)F)c1C1CCC(C)C1C(N)=O,-6.724,-5.824624000000002,0.8993759999999984,-2.6467631999999988,Gen 97 (Human)
MOL_H_01891,CCOc1c(Cl)c(C(F)(F)F)nc(C)c1C(F)(F)F,-6.508,-5.516784,0.9912159999999997,-2.6462512,Gen 32 (Human)
MOL_H_01892,COc1c(Cl)c(C(N)=O)nc(C)c1C(=O)CC(C)C,-5.835,-4.555548000000001,1.2794519999999991,-2.6461163999999995,Gen 78 (Human)
MOL_H_01893,COc1c(C)nc(C(=O)CC(C)C)c(C(F)(F)F)c1C(F)(F)F,-6.564,-5.601721000000001,0.9622789999999988,-2.6427952999999995,Gen 46 (Human)
MOL_H_01894,COc1cnc(C)c(C2C(C)CCC2OC)c1-c1c(C)nc(C2CC2)c(F)c1C(N)=O,-6.798,-5.937579000000001,0.8604209999999988,-2.6416946999999995,Gen 3 (Human)
MOL_H_01895,COC1CCC(C)C1c1c(Cl)c(C(N)=O)nc(C)c1C(=O)CC(C)C,-6.317,-5.251805000000002,1.0651949999999983,-2.640736499999999,Gen 51 (Human)
MOL_H_01896,CCOc1c(F)c(OC)nc(C)c1C(F)(F)F,-6.032,-4.846667,1.185333,-2.6393331,Gen 26 (Human)
MOL_H_01897,CCc1nc(C(N)=O)c(F)c(CC)c1CC,-5.705,-4.382998000000001,1.3220019999999997,-2.6369014,Gen 156 (Human)
MOL_H_01898,Cc1nc(C)c(C(=O)CC(C)C)c(C(F)(F)F)c1C(N)=O,-6.028,-4.851171000000001,1.1768289999999988,-2.632180299999999,Gen 14 (Human)
MOL_H_01899,COc1c(C)nc(C(=O)CC(C)C)c(Cl)c1C(N)=O,-5.82,-4.555548000000001,1.2644519999999997,-2.6311164,Gen 63 (Human)
MOL_H_01900,COc1nc(C)c(C(N)=O)c(C2CCC(C)C2C(=O)CC(C)C)c1Cl,-6.306,-5.250475000000002,1.0555249999999985,-2.630667499999999,Gen 77 (Human)
MOL_H_01901,Cc1nc(C(F)(F)F)c(Cl)c(C2C(C)CCC2C(=O)CC(C)C)c1C(N)=O,-6.625,-5.707677000000002,0.917322999999998,-2.629626099999999,Gen 33 (Human)
MOL_H_01902,CC1CCC(C(F)(F)F)C1OC1C(C)CCC1C(F)(F)F,-6.37,-5.3438620000000014,1.0261379999999989,-2.6292965999999995,Gen 35 (Human)
MOL_H_01903,CCOc1nc(C)c(C(F)(F)F)c(C(F)(F)F)c1Cl,-6.49,-5.516784,0.973216,-2.6282512,Gen 43 (Human)
MOL_H_01904,Cc1nc(C(F)(F)F)c(Cl)c(C2CCC(C)C2C(=O)CC(C)C)c1C(N)=O,-6.623,-5.707677000000002,0.915322999999998,-2.627626099999999,Gen 57 (Human)
MOL_H_01905,Cc1cc(C=NO)c(C2CCC(C)C2C(=O)CC(C)C)cn1,-6.259,-5.197243000000001,1.0617569999999992,-2.6209299,Gen 0 (Cross-Docking)
MOL_H_01906,COc1c(C)nc(C2C(C)CCC2OC)c(F)c1C(F)(F)F,-6.385,-5.378335000000002,1.006664999999998,-2.620165499999999,Gen 47 (Human)
MOL_H_01907,COc1c(C(=O)CC(C)C)nc(C)c(C(F)(F)F)c1C(F)(F)F,-6.541,-5.601721000000001,0.9392789999999992,-2.6197953,Gen 46 (Human)
MOL_H_01908,CCc1c(C(F)(F)F)nc(C(F)(F)F)c(F)c1C(F)(F)F,-6.619,-5.7134290000000005,0.9055709999999992,-2.6195997,Gen 177 (Human)
MOL_H_01909,CCC1C(C)CCC1c1nc(C)c(F)c(C2C(C)CCC2C(N)=O)c1C,-6.608,-5.700378000000002,0.9076219999999972,-2.617735399999998,Gen 172 (Human)
MOL_H_01910,Cc1nc(C(=O)C(C)C(C)C)c(Cl)c(C(F)(F)F)c1C1CCC(C)C1C(N)=O,-6.693,-5.821831000000002,0.8711689999999974,-2.617718299999998,Gen 97 (Human)
MOL_H_01911,CCOc1nc(C)c(C(=O)CC(C)C)c(C(N)=O)c1F,-5.772,-4.5072220000000005,1.2647779999999995,-2.6169446,Gen 32 (Human)
MOL_H_01912,COc1c(Cl)c(C(=O)CC(C)C)nc(C)c1C1C(C)CCC1OC,-6.565,-5.645782000000001,0.919217999999999,-2.6129526,Gen 55 (Human)
MOL_H_01913,COc1c(-c2c(C)nc(C3CC3)c(Cl)c2C(N)=O)ccnc1C,-6.398,-5.418865,0.9791349999999994,-2.6047945,Gen 3 (Human)
MOL_H_01914,COC1C(C)CCC1c1c(C)nc(C(N)=O)c(Cl)c1C(=O)CC(C)C,-6.279,-5.251805000000001,1.027194999999999,-2.6027365,Gen 65 (Human)
MOL_H_01915,CCc1nc(C(F)(F)F)c(F)c(C(F)(F)F)c1C(F)(F)F,-6.601,-5.7134290000000005,0.8875709999999994,-2.6015997,Gen 177 (Human)
MOL_H_01916,Cc1nc(C(F)(F)F)c(C(N)=O)c(C(=O)CC(C)C)c1C(=O)CC(C)C,-6.284,-5.262276000000002,1.021723999999998,-2.6004067999999987,Gen 98 (Human)
MOL_H_01917,COC1C(C)CCC1c1c(C(N)=O)c(C)nc(C)c1C(=O)CC(C)C,-6.162,-5.090226000000002,1.0717739999999978,-2.598841799999999,Gen 14 (Human)
MOL_H_01918,COC1CCC(C)C1c1c(C)nc(C(N)=O)c(Cl)c1C(=O)CC(C)C,-6.269,-5.251805000000001,1.0171949999999992,-2.5927365,Gen 51 (Human)
MOL_H_01919,COc1nc(C)c(C2CCC(C)C2OC)c(C(F)(F)F)c1F,-6.356,-5.378335000000002,0.9776649999999982,-2.591165499999999,Gen 36 (Human)
MOL_H_01920,CCc1nc(C(N)=O)c(F)c(-c2c(C)c(CC(C)C)nc(C)c2F)c1C,-6.643,-5.7886630000000014,0.8543369999999983,-2.590935899999999,Gen 184 (Human)
MOL_H_01921,Cc1nc(C(N)=O)c(C)c(C2C(C)CCC2c2nc(C)c(F)c(C(F)(F)F)c2C)c1F,-7.283,-6.367496000000001,0.9155039999999994,-2.589230249919999,Gen 174 (Human)
MOL_H_01922,CC(C)CC(=O)C1CCC(C)C1C(F)(F)F,-5.921,-4.760514000000001,1.1604859999999997,-2.5886402,Gen 66 (Human)
MOL_H_01923,CCc1nc(C(N)=O)c(C)c(-c2c(C)c(CC(C)C)nc(C)c2F)c1F,-6.64,-5.7886630000000014,0.8513369999999982,-2.587935899999999,Gen 184 (Human)
MOL_H_01924,Cc1c(CC(C)C)nc(CC(C)C)c(F)c1C1C(C)CCC1C(N)=O,-6.45,-5.518464000000002,0.9315359999999986,-2.5870751999999992,Gen 180 (Human)
MOL_H_01925,CCOc1c(Cl)c(C(N)=O)nc(C)c1OC,-5.53,-4.208403,1.3215970000000006,-2.5841179000000007,Gen 35 (Human)
MOL_H_01926,COc1nc(C)c(C2CCC(C)C2C(N)=O)c(C(=O)CC(C)C)c1F,-6.11,-5.037560000000002,1.0724399999999985,-2.5837079999999992,Gen 41 (Human)
MOL_H_01927,COc1nc(C)c(C(F)(F)F)c(C(F)(F)F)c1OC,-6.145,-5.089987000000002,1.055012999999998,-2.5820090999999987,Gen 53 (Human)
MOL_H_01928,COc1nc(C)c(C(F)(F)F)c(OC)c1C(=O)CC(C)C,-6.182,-5.144519000000001,1.0374809999999997,-2.5808367000000003,Gen 53 (Human)
MOL_H_01929,COc1c(C(=O)CC(C)C)c(C(=O)CC(C)C)nc(C)c1C(F)(F)F,-6.54,-5.656253000000002,0.8837469999999978,-2.580622899999999,Gen 39 (Human)
MOL_H_01930,COc1c(C(F)(F)F)nc(C)c(C(F)(F)F)c1C(F)(F)F,-6.463,-5.547189,0.9158109999999996,-2.5799677,Gen 81 (Human)
MOL_H_01931,Cc1nc(C2CCC(C)C2C(=O)CC(C)C)c(F)c(C(N)=O)c1C(F)(F)F,-6.424,-5.4947620000000015,0.9292379999999988,-2.5776666,Gen 7 (Human)
MOL_H_01932,COc1c(C)nc(C2C(C)CCC2OC)c(Cl)c1C(F)(F)F,-6.491,-5.591250000000001,0.8997499999999983,-2.5771249999999988,Gen 51 (Human)
MOL_H_01933,COc1cnc(C)c(C2CCC(C)C2C(=O)C(C)C(C)C)c1C(C)=O,-6.446,-5.529428000000002,0.9165719999999976,-2.5754003999999986,Gen 1 (Human)
MOL_H_01934,CCCOc1c(C)ncc(F)c1C1C(C)CCC1c1c(C(N)=O)ccnc1C,-6.688,-5.882805000000001,0.8051949999999986,-2.5700364999999987,Gen 4 (Human)
MOL_H_01935,COc1c(Cl)c(C(N)=O)nc(C)c1C1CCC(C)C1C(=O)CC(C)C,-6.244,-5.250475000000002,0.9935249999999982,-2.5686674999999988,Gen 74 (Human)
MOL_H_01936,COc1c(C)nc(C(F)(F)F)c(F)c1C(F)(F)F,-6.164,-5.13928,1.0247199999999994,-2.566504,Gen 47 (Human)
MOL_H_01937,CCOc1c(C)nc(OC)c(F)c1C(N)=O,-5.363,-3.995488,1.3675120000000005,-2.566158400000001,Gen 10 (Human)
MOL_H_01938,COc1nc(C)c(C2CCC(C)C2C(=O)CC(C)C)c(OC)c1F,-6.368,-5.431537000000001,0.9364629999999988,-2.5659241,Gen 59 (Human)
MOL_H_01939,CCOc1nc(C)c(OC)c(C(N)=O)c1F,-5.358,-3.995488,1.3625119999999995,-2.5611584,Gen 21 (Human)
MOL_H_01940,COc1nc(C)c(C(N)=O)c(OC)c1OC,-5.207,-3.781606,1.4253939999999998,-2.5598758,Gen 39 (Human)
MOL_H_01941,CCOc1c(Cl)c(OC)nc(C)c1C(N)=O,-5.505,-4.208403,1.2965970000000002,-2.5591179000000004,Gen 21 (Human)
MOL_H_01942,COc1nc(C)c(C(N)=O)c(C(=O)CC(C)C)c1Cl,-5.746,-4.555548000000001,1.1904519999999996,-2.5571164,Gen 77 (Human)
MOL_H_01943,COc1c(C)nc(C(F)(F)F)c(C(F)(F)F)c1C(=O)CC(C)C,-6.474,-5.601721000000001,0.8722789999999989,-2.5527953,Gen 36 (Human)
MOL_H_01944,COc1c(C)nc(C(F)(F)F)c(C(=O)CC(C)C)c1C(=O)CC(C)C,-6.51,-5.656253000000002,0.8537469999999976,-2.5506228999999987,Gen 58 (Human)
MOL_H_01945,COc1nc(C)c(OC)c(C(F)(F)F)c1C(F)(F)F,-6.106,-5.089987000000002,1.0160129999999985,-2.543009099999999,Gen 53 (Human)
MOL_H_01946,COc1nc(C)c(C(F)(F)F)c(C2CCC(C)C2OC)c1F,-6.307,-5.378335000000002,0.9286649999999989,-2.5421654999999994,Gen 40 (Human)
MOL_H_01947,CC(=O)c1c(C)c(O)nc(C)c1C1CCC(C)C1C(=O)C(C)C(C)C,-6.388,-5.498325000000001,0.8896749999999987,-2.5391724999999994,Gen 1 (Human)
MOL_H_01948,Cc1c(C(C)C)nc(C(C)C)c(F)c1C1C(C)CCC1C(N)=O,-6.326,-5.409786000000001,0.9162139999999984,-2.539149799999999,Gen 154 (Human)
MOL_H_01949,COc1c(C)nc(C(F)(F)F)c(OC)c1C(F)(F)F,-6.102,-5.089987000000002,1.0120129999999987,-2.5390090999999995,Gen 81 (Human)
MOL_H_01950,Cc1ncc(C(N)=O)c(C(F)(F)F)c1C1CCC(C)C1C(=O)CC(C)C,-6.326,-5.410097000000001,0.9159029999999984,-2.538932099999999,Gen 7 (Human)
MOL_H_01951,CCc1nc(C(F)(F)F)c(C)c(C(F)(F)F)c1F,-6.283,-5.356856000000001,0.926143999999999,-2.5332007999999995,Gen 177 (Human)
MOL_H_01952,Cc1nc(CC(C)C)c(C)c(-c2c(C)c(C(N)=O)nc(CC(C)C)c2F)c1F,-6.78,-6.067406000000002,0.7125939999999984,-2.532815799999999,Gen 184 (Human)
MOL_H_01953,COC1C(C)CCC1c1c(Cl)c(C(N)=O)nc(C)c1C(=O)CC(C)C,-6.209,-5.251805000000002,0.9571949999999978,-2.5327364999999986,Gen 84 (Human)
MOL_H_01954,COc1c(Cl)c(C(F)(F)F)nc(C)c1C(F)(F)F,-6.276,-5.352195,0.9238049999999998,-2.5294635,Gen 50 (Human)
MOL_H_01955,COC1C(C)CCC1OC1C(C)CCC1C(F)(F)F,-5.912,-4.833005000000001,1.078994999999999,-2.5288965,Gen 35 (Human)
MOL_H_01956,CCc1nc(-c2nc(CC)c(F)c(C)c2C)c(F)c(C(F)(F)F)c1C,-7.204,-6.361099,0.8429009999999995,-2.5284167609950003,Gen 177 (Human)
MOL_H_01957,Cc1nc(C(F)(F)F)cc(-c2c(C)ncc(F)c2C(N)=O)c1C(=O)CC(C)C,-6.603,-5.823038000000001,0.7799619999999985,-2.5268733999999995,Gen 4 (Human)
MOL_H_01958,CCc1nc(C(F)(F)F)c(F)c(CC)c1C(F)(F)F,-6.358,-5.473803,0.8841969999999995,-2.5263379,Gen 177 (Human)
MOL_H_01959,CC(=O)c1c(F)cnc(C)c1C1CCC(C)C1C(=O)C(C)C(C)C,-6.426,-5.578721000000002,0.8472789999999986,-2.5208952999999994,Gen 1 (Human)
MOL_H_01960,COc1nc(C)c(C(=O)CC(C)C)c(OC)c1C(=O)CC(C)C,-6.16,-5.1990510000000025,0.9609489999999976,-2.520664299999998,Gen 68 (Human)
MOL_H_01961,CCc1nc(C2CCC(C)C2CC(C)C)c(F)c(C(N)=O)c1C,-6.299,-5.401141000000002,0.8978589999999986,-2.5182012999999994,Gen 171 (Human)
MOL_H_01962,COc1c(C)nc(C2CCC(C)C2OC)c(F)c1C(F)(F)F,-6.283,-5.378335000000002,0.9046649999999988,-2.5181654999999994,Gen 47 (Human)
MOL_H_01963,Cc1nc(C(F)(F)F)c(C(=O)CC(C)C)c(C(=O)CC(C)C)c1C(N)=O,-6.201,-5.262276000000001,0.9387239999999988,-2.5174067999999994,Gen 98 (Human)
MOL_H_01964,Cc1nc(C(F)(F)F)c(F)c(C(=O)CC(C)C)c1C(F)(F)F,-6.473,-5.651014000000001,0.821985999999999,-2.5172902,Gen 44 (Human)
MOL_H_01965,CCOc1nc(C)c(C(N)=O)c(C(=O)CC(C)C)c1Cl,-5.821,-4.720137,1.1008629999999997,-2.5169041,Gen 43 (Human)
MOL_H_01966,CCOc1c(Cl)c(C(=O)CC(C)C)nc(C)c1C(N)=O,-5.819,-4.720137000000001,1.0988629999999988,-2.5149040999999994,Gen 21 (Human)
MOL_H_01967,CCc1c(C2CCC(C)C2C(F)(F)F)nc(C)c(C(=O)CC(C)C)c1C(N)=O,-6.517,-5.718030000000003,0.7989699999999971,-2.514378999999998,Gen 5 (Human)
MOL_H_01968,COc1c(Cl)c(C2CCC(C)C2OC)nc(C)c1C(=O)CC(C)C,-6.465,-5.645782000000001,0.8192179999999984,-2.5129526,Gen 78 (Human)
MOL_H_01969,COc1nc(C)c(-c2ccnc(C)c2C2C(C)CCC2OC)c(C(N)=O)c1Cl,-6.542,-5.763274000000001,0.7787259999999989,-2.5077082,Gen 3 (Human)
MOL_H_01970,CCOc1c(C)nc(C(N)=O)c(Cl)c1C(=O)CC(C)C,-5.806,-4.720137,1.0858629999999998,-2.5019041,Gen 18 (Human)
MOL_H_01971,COc1c(C)nc(C(F)(F)F)c(Cl)c1C(F)(F)F,-6.248,-5.352195000000001,0.8958049999999993,-2.5014635,Gen 65 (Human)
MOL_H_01972,COc1c(C)nc(C(N)=O)c(Cl)c1C(=O)CC(C)C,-5.69,-4.555548000000001,1.1344519999999996,-2.5011164,Gen 63 (Human)
MOL_H_01973,CCc1nc(-c2nc(C(F)(F)F)c(F)c(C)c2C)c(F)c(C)c1C,-6.915,-6.244152,0.6708480000000003,-2.499770604480002,Gen 182 (Human)
MOL_H_01974,COc1c(Cl)c(C2CCC(C)C2OC)nc(C)c1C(F)(F)F,-6.413,-5.591250000000001,0.8217499999999989,-2.499125,Gen 78 (Human)
MOL_H_01975,Cc1nc(C2CCC(C)C2C(N)=O)c(Cl)c(C(=O)CC(C)C)c1OCC(C)C,-6.482,-5.693807000000002,0.7881929999999979,-2.4963350999999987,Gen 86 (Human)
MOL_H_01976,Cc1nc(C(=O)CC(C)C)c(F)c(C(=O)CC(C)C)c1C1C(C)CCC1C(N)=O,-6.38,-5.5492940000000015,0.8307059999999984,-2.495494199999999,Gen 97 (Human)
MOL_H_01977,Cc1nc(C(F)(F)F)c(F)c(C(F)(F)F)c1C(=O)CC(C)C,-6.45,-5.651014000000002,0.7989859999999984,-2.494290199999999,Gen 36 (Human)
MOL_H_01978,CC1CCC(OC2CCC(C)C2C(F)(F)F)C1C(F)(F)F,-6.233,-5.3438620000000014,0.8891379999999982,-2.492296599999999,Gen 82 (Human)
MOL_H_01979,COc1nc(C)c(C(F)(F)F)c(C2C(C)CCC2OC)c1F,-6.257,-5.378335000000002,0.878664999999998,-2.4921654999999987,Gen 49 (Human)
MOL_H_01980,CC(C)C(C)C(N)=O,-4.85,-3.368412,1.481588,-2.4921116,Gen 35 (Human)
MOL_H_01981,COc1nc(C)c(C(F)(F)F)c(OC)c1C(F)(F)F,-6.055,-5.089987000000002,0.965012999999998,-2.492009099999999,Gen 53 (Human)
MOL_H_01982,COc1c(F)c(C2CCC(C)C2OC)nc(C)c1C(F)(F)F,-6.256,-5.378335000000002,0.8776649999999986,-2.4911655,Gen 39 (Human)
MOL_H_01983,CCc1nc(C(F)(F)F)c(F)c(C(F)(F)F)c1C,-6.238,-5.356856000000001,0.881143999999999,-2.4882007999999995,Gen 177 (Human)
MOL_H_01984,Cc1ncc(F)c(C(N)=O)c1-c1ccnc(C)c1C1CCC(C)C1C(=O)CC(C)C,-6.705,-6.025391000000003,0.6796089999999975,-2.487226299999999,Gen 2 (Human)
MOL_H_01985,CCOc1nc(C)c(C(=O)C(C)C(C)C)c(C(N)=O)c1F,-5.72,-4.621376000000001,1.0986239999999992,-2.4850368,Gen 11 (Human)
MOL_H_01986,COc1nc(C)c(C(=O)CC(C)C)c(C2CCC(C)C2C(N)=O)c1F,-6.011,-5.037560000000002,0.9734399999999984,-2.484707999999999,Gen 31 (Human)
MOL_H_01987,COc1c(C)nc(C2C(C)CCC2OC)c(F)c1C(=O)CC(C)C,-6.286,-5.432867000000002,0.8531329999999979,-2.4829930999999985,Gen 48 (Human)
MOL_H_01988,CCc1c(F)c(C(=O)C(C)C(C)C)nc(C)c1C(N)=O,-5.754,-4.6743630000000005,1.079636999999999,-2.4819458999999995,Gen 10 (Human)
MOL_H_01989,CCOc1c(Cl)c(C(F)(F)F)nc(C)c1C(=O)CC(C)C,-6.379,-5.571316000000002,0.8076839999999974,-2.479078799999998,Gen 43 (Human)
MOL_H_01990,CCOc1c(Cl)c(C(N)=O)nc(C)c1C(=O)CC(C)C,-5.783,-4.720137,1.062863,-2.4789041000000003,Gen 32 (Human)
MOL_H_01991,CCc1nc(-c2nc(CC)c(C)c(C(F)(F)F)c2F)c(F)c(C)c1C,-7.152,-6.361099000000001,0.790900999999999,-2.476416760994997,Gen 177 (Human)
MOL_H_01992,COc1c(C)nc(C(N)=O)c(Cl)c1C1CCC(C)C1C(=O)CC(C)C,-6.149,-5.250475000000002,0.8985249999999985,-2.473667499999999,Gen 63 (Human)
MOL_H_01993,COc1c(F)c(C(F)(F)F)nc(C)c1C1C(C)CCC1OC,-6.233,-5.378335000000002,0.854664999999998,-2.4681654999999987,Gen 47 (Human)
MOL_H_01994,CCOc1nc(C)c(C(N)=O)c(OC)c1Cl,-5.408,-4.208403,1.1995970000000007,-2.462117900000001,Gen 32 (Human)
MOL_H_01995,COc1c(C(F)(F)F)nc(C)c(C(=O)CC(C)C)c1C(F)(F)F,-6.38,-5.601721000000001,0.7782789999999986,-2.4587953,Gen 81 (Human)
MOL_H_01996,COc1c(C2CCC(C)C2C(=O)CC(C)C)cnc(C)c1C(N)=O,-5.923,-4.952895000000002,0.9701049999999984,-2.455973499999999,Gen 7 (Human)
MOL_H_01997,COc1nc(C)c(OC)c(C2CCC(C)C2C(F)(F)F)c1F,-6.257,-5.431990000000002,0.825009999999998,-2.454606999999999,Gen 40 (Human)
MOL_H_01998,COC1CCC(C)C1OC1C(C)CCC1C(=O)CC(C)C,-5.837,-4.832552000000001,1.0044479999999991,-2.4542136,Gen 55 (Human)
MOL_H_01999,COc1c(C)nc(C(=O)CC(C)C)c(F)c1C(F)(F)F,-6.083,-5.193812000000002,0.8891879999999981,-2.447331599999999,Gen 47 (Human)
MOL_H_02000,COc1nc(C)c(C(F)(F)F)c(C(=O)CC(C)C)c1F,-6.076,-5.193812000000002,0.8821879999999975,-2.4403315999999986,Gen 44 (Human)
MOL_H_02001,Cc1c(C(F)(F)F)nc(C(F)(F)F)c(F)c1C,-6.107,-5.239909000000001,0.8670909999999994,-2.4390637,Gen 177 (Human)
MOL_H_02002,COc1c(Cl)c(C(=O)CC(C)C)nc(C)c1C(N)=O,-5.623,-4.555548000000001,1.0674519999999994,-2.4341164,Gen 77 (Human)
MOL_H_02003,COC1CCC(C)C1OC1C(C)CCC1C(F)(F)F,-5.817,-4.833005000000001,0.9839949999999992,-2.4338965,Gen 35 (Human)
MOL_H_02004,COc1nc(C)c(OC)c(C(N)=O)c1Cl,-5.261,-4.043813999999999,1.2171860000000008,-2.4303302000000007,Gen 65 (Human)
MOL_H_02005,COc1nc(C)c(C2C(C)CCC2C(=O)CC(C)C)c(OC)c1Cl,-6.38,-5.644452000000002,0.7355479999999979,-2.428883599999999,Gen 66 (Human)
MOL_H_02006,Cc1nc(CC(C)C)c(C)c(-c2c(C)c(CC(C)C)nc(C(N)=O)c2F)c1F,-6.676,-6.067406000000002,0.6085939999999983,-2.428815799999999,Gen 184 (Human)
MOL_H_02007,C=C=Cc1cc(F)ncc1C1CCC(C)C1C(=O)C(C)=CC,-6.312,-5.548228000000002,0.7637719999999986,-2.4282403999999995,Gen 0 (Cross-Docking)
MOL_H_02008,COc1nc(C)c(-c2c(C3CC3)cnc(C)c2C2C(C)CCC2OC)c(C(N)=O)c1Cl,-6.732,-6.150494000000002,0.5815059999999983,-2.426652979819999,Gen 3 (Human)
MOL_H_02009,COc1c(C)nc(C(N)=O)c(OC)c1OC,-5.073,-3.781606,1.2913940000000004,-2.4258758000000005,Gen 53 (Human)
MOL_H_02010,CCOc1c(C)nc(OC)c(Cl)c1C(N)=O,-5.369,-4.208403,1.160597,-2.4231179000000003,Gen 21 (Human)
MOL_H_02011,CC(=O)c1c(C2CCC(C)C2C(=O)CC(C)C)cnc(F)c1F,-6.212,-5.4132310000000015,0.7987689999999983,-2.422738299999999,Gen 0 (Cross-Docking)
MOL_H_02012,CCOc1c(C)nc(C(=O)CC(C)C)c(F)c1C(F)(F)F,-6.173,-5.358401000000002,0.8145989999999976,-2.4221192999999985,Gen 43 (Human)
MOL_H_02013,Cc1c(C(N)=O)nc(CC(C)C)c(F)c1C1CCC(C)C1CC(C)C,-6.398,-5.679884000000002,0.7181159999999975,-2.4220811999999983,Gen 151 (Human)
MOL_H_02014,COc1nc(C)c(C2C(C)CCC2C(F)(F)F)c(OC)c1F,-6.221,-5.431990000000002,0.7890099999999984,-2.418607,Gen 50 (Human)
MOL_H_02015,COc1nc(C)c(C(N)=O)c(OC)c1Cl,-5.249,-4.043814,1.2051859999999994,-2.4183302,Gen 34 (Human)
MOL_H_02016,COc1c(C)nc(C2CCC(C)C2C(F)(F)F)c(F)c1OC,-6.22,-5.431990000000002,0.7880099999999981,-2.417606999999999,Gen 54 (Human)
MOL_H_02017,CCOc1c(CC)nc(C2C(C)CCC2C(=O)CC(C)C)c(Cl)c1C(N)=O,-6.29,-5.5320110000000025,0.7579889999999976,-2.4175922999999986,Gen 40 (Human)
MOL_H_02018,Cc1nc(C)c(C2C(C)CCC2C(F)(F)F)c(C(N)=O)c1C(=O)C(C)C(C)C,-6.417,-5.715237000000002,0.7017629999999979,-2.4163340999999985,Gen 12 (Human)
MOL_H_02019,COc1nc(C)c(OC)c(C2CCC(C)C2C(=O)CC(C)C)c1F,-6.218,-5.431537000000001,0.7864629999999986,-2.4159241,Gen 50 (Human)
MOL_H_02020,COc1nc(C)c(OC)c(C(F)(F)F)c1C(=O)CC(C)C,-6.017,-5.144519000000001,0.8724809999999996,-2.4158367000000003,Gen 81 (Human)
MOL_H_02021,COc1nc(C)c(C2C(C)CCC2OC)c(C(=O)CC(C)C)c1F,-6.215,-5.432867000000002,0.7821329999999982,-2.411993099999999,Gen 48 (Human)
MOL_H_02022,CCOc1nc(C)c(C(=O)CC(C)C)c(C(F)(F)F)c1F,-6.16,-5.358401000000002,0.8015989999999977,-2.409119299999998,Gen 43 (Human)
MOL_H_02023,COc1c(C)nc(C(F)(F)F)c(C(F)(F)F)c1OC,-5.972,-5.089987000000002,0.8820129999999988,-2.4090091,Gen 39 (Human)
MOL_H_02024,CCOc1c(C)nc(C(F)(F)F)c(F)c1C(F)(F)F,-6.121,-5.303869000000001,0.8171309999999998,-2.4082917000000004,Gen 26 (Human)
MOL_H_02025,COc1nc(C)c(C2C(C)CCC2OC)c(C(F)(F)F)c1Cl,-6.317,-5.591250000000001,0.7257499999999988,-2.403125,Gen 51 (Human)
MOL_H_02026,COc1c(F)c(C(=O)CC(C)C)nc(C)c1C1C(C)CCC1OC,-6.205,-5.432867000000002,0.7721329999999984,-2.401993099999999,Gen 40 (Human)
MOL_H_02027,COc1nc(C)c(C)c(C(C)=O)c1C1CCC(C)C1C(=O)CC(C)C,-6.287,-5.551275000000002,0.7357249999999977,-2.401107499999999,Gen 0 (Cross-Docking)
MOL_H_02028,CCc1nc(C(F)(F)F)c(F)c(C(F)(F)F)c1CC,-6.231,-5.473803000000001,0.7571969999999988,-2.3993378999999995,Gen 177 (Human)
MOL_H_02029,CC(=O)c1ccncc1C1CCC(C)C1C(=O)CC(C)C,-6.07,-5.243901000000001,0.8260989999999993,-2.3992693,Gen 0 (Cross-Docking)
MOL_H_02030,CCOc1c(C)nc(C(=O)CC(C)C)c(Cl)c1C(F)(F)F,-6.292,-5.571316000000002,0.7206839999999977,-2.3920787999999984,Gen 62 (Human)
MOL_H_02031,CCOc1c(C)nc(OC)c(F)c1C(F)(F)F,-5.784,-4.846667,0.9373329999999996,-2.3913331,Gen 26 (Human)
MOL_H_02032,CCOc1c(F)c(C(=O)CC(C)C)nc(C)c1C(F)(F)F,-6.14,-5.358401000000002,0.7815989999999973,-2.389119299999998,Gen 32 (Human)
MOL_H_02033,COc1nc(C)c(OC)c(C(F)(F)F)c1F,-5.665,-4.682078000000001,0.9829219999999994,-2.3875454,Gen 47 (Human)
MOL_H_02034,CC(C)c1nc(C(F)(F)F)c(F)c(C(C)C)c1C(N)=O,-5.931,-5.0714320000000015,0.8595679999999986,-2.3809976,Gen 120 (Human)
MOL_H_02035,CCOc1c(C(N)=O)c(C)nc(C2CCC(C)C2C(=O)C(C)C(C)C)c1C(F)(F)F,-6.384,-5.724212000000003,0.6597879999999972,-2.377051599999998,Gen 9 (Human)
MOL_H_02036,COc1c(C)nc(C2CCC(C)C2OC)c(Cl)c1C(=O)CC(C)C,-6.329,-5.645782000000001,0.6832179999999983,-2.376952599999999,Gen 63 (Human)
MOL_H_02037,COc1c(C(=O)CC(C)C)nc(C)c(C(F)(F)F)c1C(=O)CC(C)C,-6.333,-5.656253000000002,0.676746999999998,-2.373622899999999,Gen 46 (Human)
MOL_H_02038,COc1c(C)nc(C(=O)CC(C)C)c(Cl)c1C(F)(F)F,-6.158,-5.406727000000001,0.7512729999999994,-2.3732911,Gen 65 (Human)
MOL_H_02039,Cc1ncc(C2CCC(C)C2C(=O)CC(C)C)c(C(F)(F)F)c1C(N)=O,-6.158,-5.410097000000001,0.7479029999999991,-2.3709321,Gen 7 (Human)
MOL_H_02040,COc1nc(C)c(OC)c(C2C(C)CCC2C(F)(F)F)c1F,-6.17,-5.431990000000002,0.7380099999999983,-2.367606999999999,Gen 49 (Human)
MOL_H_02041,COc1nc(C)c(C(F)(F)F)c(C(F)(F)F)c1C(=O)CC(C)C,-6.286,-5.601721000000001,0.6842789999999983,-2.364795299999999,Gen 53 (Human)
MOL_H_02042,COc1c(C)nc(C(F)(F)F)c(Cl)c1C1CCC(C)C1OC,-6.276,-5.591250000000002,0.6847499999999975,-2.3621249999999985,Gen 65 (Human)
MOL_H_02043,COC1CCC(C)C1OC1CCC(C)C1C(=O)CC(C)C,-5.744,-4.832552000000001,0.9114479999999991,-2.3612136,Gen 55 (Human)
MOL_H_02044,COc1nc(C)c(OC)c(C2CCC(C)C2OC)c1F,-5.802,-4.921133000000001,0.8808669999999985,-2.357206899999999,Gen 40 (Human)
MOL_H_02045,COc1nc(C)c(C(F)(F)F)c(C2CCC(C)C2OC)c1Cl,-6.271,-5.591250000000001,0.6797499999999985,-2.357124999999999,Gen 78 (Human)
MOL_H_02046,COc1nc(C)c(C(F)(F)F)c(C2C(C)CCC2OC)c1Cl,-6.267,-5.591250000000001,0.675749999999999,-2.3531249999999995,Gen 51 (Human)
MOL_H_02047,COc1nc(C)c(C2CCC(C)C2C(F)(F)F)c(OC)c1F,-6.154,-5.431990000000002,0.7220099999999983,-2.351606999999999,Gen 41 (Human)
MOL_H_02048,COC1CCC(C)C1OC1C(C)CCC1OC,-5.373,-4.322147999999999,1.0508520000000008,-2.3474964000000007,Gen 55 (Human)
MOL_H_02049,COc1nc(C)c(C(=O)CC(C)C)c(C(=O)CC(C)C)c1OC,-5.986,-5.1990510000000025,0.7869489999999972,-2.3466642999999983,Gen 58 (Human)
MOL_H_02050,CCOc1c(Cl)c(OC)nc(C)c1C(F)(F)F,-5.887,-5.059582000000001,0.8274179999999989,-2.345292599999999,Gen 32 (Human)
MOL_H_02051,COc1nc(C)c(C(=O)CC(C)C)c(C(F)(F)F)c1F,-5.98,-5.193812000000002,0.7861879999999983,-2.3443315999999994,Gen 50 (Human)
MOL_H_02052,COc1c(C(F)(F)F)nc(C)c(C(F)(F)F)c1C(=O)CC(C)C,-6.265,-5.601721000000001,0.6632789999999984,-2.343795299999999,Gen 58 (Human)
MOL_H_02053,COc1c(C(=O)CC(C)C)c(C)nc(C(=O)CC(C)C)c1C(F)(F)F,-6.302,-5.656253000000002,0.6457469999999974,-2.3426228999999985,Gen 46 (Human)
MOL_H_02054,COc1nc(C)c(OC)c(C(=O)CC(C)C)c1C(F)(F)F,-5.942,-5.144519,0.7974810000000003,-2.3408367000000005,Gen 58 (Human)
MOL_H_02055,CC(C)C(C)CC(N)=O,-4.813,-3.533001,1.2799989999999997,-2.3398993,Gen 47 (Human)
MOL_H_02056,COC1CCC(C)C1OC1CCC(C)C1OC,-5.363,-4.322147999999999,1.040852000000001,-2.337496400000001,Gen 55 (Human)
MOL_H_02057,COc1c(C)nc(C(=O)CC(C)C)c(OC)c1C(=O)CC(C)C,-5.976,-5.1990510000000025,0.7769489999999974,-2.3366642999999985,Gen 58 (Human)
MOL_H_02058,CCc1nc(-c2nc(CC)c(F)c(C(F)(F)F)c2C)c(F)c(C)c1C,-7.009,-6.361099000000001,0.6479009999999992,-2.3334167609949974,Gen 177 (Human)
MOL_H_02059,Cc1nc(C(N)=O)c(Cl)c(C(F)(F)F)c1C1CCC(C)C1C(=O)CC(C)C,-6.327,-5.707677000000002,0.6193229999999978,-2.331626099999999,Gen 74 (Human)
MOL_H_02060,CCc1nc(-c2nc(CC)c(F)c(C(F)(F)F)c2C)c(C)c(C)c1F,-7.006,-6.361099000000001,0.6449009999999991,-2.3304167609949973,Gen 177 (Human)
MOL_H_02061,CCOc1nc(C)c(C(=O)CC(C)C)c(C(N)=O)c1Cl,-5.633,-4.720137,0.9128629999999998,-2.3289041,Gen 43 (Human)
MOL_H_02062,Cc1nc(C2C(C)CCC2C(N)=O)c(F)c(C(=O)CC(C)C)c1C(F)(F)F,-6.173,-5.4947620000000015,0.6782379999999986,-2.3266666,Gen 44 (Human)
MOL_H_02063,COc1c(C)nc(C)c(C(N)=O)c1OC,-5.042,-3.882235,1.1597649999999995,-2.3244355,Gen 15 (Human)
MOL_H_02064,Cc1nc(C(N)=O)c(F)c(-c2ccnc(C)c2C(F)(F)F)c1C(=O)CC(C)C,-6.4,-5.823038000000001,0.5769619999999991,-2.3238734,Gen 5 (Human)
MOL_H_02065,COc1c(C(=O)CC(C)C)c(C(F)(F)F)nc(C)c1C(F)(F)F,-6.235,-5.601721000000001,0.633278999999999,-2.3137953,Gen 53 (Human)
MOL_H_02066,CCc1c(F)c(C(C)C)nc(C(N)=O)c1C(C)C,-5.694,-4.831806000000001,0.8621939999999988,-2.3117357999999992,Gen 170 (Human)
MOL_H_02067,COc1nc(C)c(C(=O)CC(C)C)c(C(F)(F)F)c1OC,-5.907,-5.144519000000001,0.7624809999999993,-2.3058367,Gen 81 (Human)
MOL_H_02068,COc1c(C)nc(C(F)(F)F)c(F)c1C1CCC(C)C1OC,-6.065,-5.378335000000002,0.6866649999999987,-2.3001654999999994,Gen 17 (Human)
MOL_H_02069,COC1CCC(C)C1OC1CCC(C)C1C(F)(F)F,-5.677,-4.833005000000001,0.8439949999999987,-2.2938965,Gen 35 (Human)
MOL_H_02070,COc1c(C)nc(C(F)(F)F)c(C(=O)CC(C)C)c1C(F)(F)F,-6.213,-5.601721000000001,0.6112789999999988,-2.2917952999999995,Gen 81 (Human)
MOL_H_02071,COC1C(C)CCC1OC1C(C)CCC1C(=O)CC(C)C,-5.674,-4.832552000000001,0.8414479999999998,-2.2912136000000003,Gen 70 (Human)
MOL_H_02072,Cc1c(C(F)(F)F)nc(C(F)(F)F)c(Cl)c1C,-6.1,-5.4528240000000014,0.6471759999999982,-2.283023199999999,Gen 166 (Human)
MOL_H_02073,CCOc1nc(C)c(OC)c(C(F)(F)F)c1F,-5.674,-4.846667,0.8273330000000003,-2.2813331000000003,Gen 26 (Human)
MOL_H_02074,CC(=O)c1c(O)c(C)nc(O)c1C1CCC(C)C1C(=O)CC(C)C,-5.857,-5.116438000000001,0.7405619999999988,-2.2754934,Gen 0 (Cross-Docking)
MOL_H_02075,COc1nc(C)c(C2C(C)CCC2OC)c(OC)c1F,-5.719,-4.921133000000001,0.7978669999999992,-2.2742069,Gen 50 (Human)
MOL_H_02076,COc1c(C(=O)CC(C)C)nc(C)c(C(=O)CC(C)C)c1OC,-5.913,-5.1990510000000025,0.7139489999999977,-2.2736642999999988,Gen 68 (Human)
MOL_H_02077,COc1c(Cl)c(C(F)(F)F)nc(C)c1C1C(C)CCC1OC,-6.183,-5.591250000000002,0.5917499999999976,-2.2691249999999985,Gen 55 (Human)
MOL_H_02078,COc1nc(C)c(C(F)(F)F)c(C(=O)CC(C)C)c1C(F)(F)F,-6.188,-5.601721000000001,0.5862789999999984,-2.266795299999999,Gen 58 (Human)
MOL_H_02079,COc1nc(C)c(OC)c(C2C(C)CCC2C(=O)CC(C)C)c1F,-6.063,-5.431537000000001,0.6314629999999983,-2.260924099999999,Gen 49 (Human)
MOL_H_02080,COC1C(C)CCC1OC1CCC(C)C1C(F)(F)F,-5.644,-4.833005000000001,0.8109949999999992,-2.2608965,Gen 75 (Human)
MOL_H_02081,COc1nc(C)c(OC)c(OC)c1C(F)(F)F,-5.499,-4.632785,0.8662149999999995,-2.2560505,Gen 60 (Human)
MOL_H_02082,COc1c(C)nc(C(F)(F)F)c(F)c1C1C(C)CCC1OC,-6.015,-5.378335000000002,0.636664999999998,-2.2501654999999987,Gen 47 (Human)
MOL_H_02083,COc1nc(C)c(C2CCC(C)C2OC)c(C(F)(F)F)c1Cl,-6.161,-5.591250000000001,0.5697499999999982,-2.2471249999999987,Gen 65 (Human)
MOL_H_02084,COc1nc(C)c(C2CCC(C)C2C(=O)CC(C)C)c(OC)c1Cl,-6.196,-5.644452000000002,0.5515479999999977,-2.2448835999999988,Gen 74 (Human)
MOL_H_02085,COc1c(C)nc(C(=O)CC(C)C)c(C(=O)CC(C)C)c1OC,-5.881,-5.1990510000000025,0.6819489999999977,-2.2416642999999987,Gen 68 (Human)
MOL_H_02086,COc1nc(C)c(OC)c(OC)c1F,-5.199,-4.224876,0.9741239999999998,-2.2415868,Gen 67 (Human)
MOL_H_02087,CCOc1c(C)nc(C(F)(F)F)c(F)c1OC,-5.634,-4.846667,0.7873330000000003,-2.2413331000000003,Gen 26 (Human)
MOL_H_02088,CCOc1c(C)nc(C(F)(F)F)c(Cl)c1C(F)(F)F,-6.102,-5.516784,0.585216,-2.2402512000000003,Gen 35 (Human)
MOL_H_02089,CCOc1nc(C)c(OC)c(C(N)=O)c1Cl,-5.186,-4.208403,0.9775970000000004,-2.2401179000000004,Gen 62 (Human)
MOL_H_02090,COc1c(C(F)(F)F)nc(C)c(C(F)(F)F)c1OC,-5.803,-5.089987000000002,0.7130129999999983,-2.240009099999999,Gen 53 (Human)
MOL_H_02091,COc1c(F)c(C(=O)CC(C)C)nc(C)c1C1CCC(C)C1OC,-6.041,-5.432867000000002,0.6081329999999987,-2.2379931,Gen 40 (Human)
MOL_H_02092,COc1nc(C)c(C(F)(F)F)c(C(=O)CC(C)C)c1Cl,-6.019,-5.406727000000002,0.6122729999999983,-2.234291099999999,Gen 90 (Human)
MOL_H_02093,CCOC1C(C)CCC1C(F)(F)F,-5.324,-4.414699000000001,0.9093009999999992,-2.2337107,Gen 43 (Human)
MOL_H_02094,COc1nc(C)c(C(F)(F)F)c(OC)c1Cl,-5.658,-4.894993,0.763007,-2.2315049000000005,Gen 50 (Human)
MOL_H_02095,COc1c(C)ncc(C2CC2)c1-c1c(C)nc(C2CC2)c(Cl)c1C(N)=O,-6.294,-5.806085000000001,0.4879149999999983,-2.2297404999999992,Gen 3 (Human)
MOL_H_02096,CCc1c(-c2c(F)c(C(N)=O)nc(C)c2C(=O)CC(C)C)ccnc1C,-6.134,-5.583412000000002,0.5505879999999985,-2.2256115999999992,Gen 5 (Human)
MOL_H_02097,COc1nc(C)c(C(F)(F)F)c(C(=O)CC(C)C)c1C(=O)CC(C)C,-6.183,-5.656253000000002,0.5267469999999976,-2.2236228999999987,Gen 53 (Human)
MOL_H_02098,CCOc1nc(C)c(C(F)(F)F)c(OC)c1Cl,-5.76,-5.059582000000001,0.7004179999999991,-2.2182925999999994,Gen 32 (Human)
MOL_H_02099,COc1nc(C)c(C(=O)CC(C)C)c(C(F)(F)F)c1Cl,-6.0,-5.406727000000002,0.5932729999999982,-2.215291099999999,Gen 80 (Human)
MOL_H_02100,CCOc1c(F)c(OC)nc(C)c1OC,-5.283,-4.389465,0.893535,-2.2103745000000004,Gen 62 (Human)
MOL_H_02101,CCOc1nc(C)c(C(F)(F)F)c(C(=O)CC(C)C)c1F,-5.953,-5.358401000000002,0.5945989999999979,-2.202119299999999,Gen 26 (Human)
MOL_H_02102,COc1c(C)nc(C2C(C)CCC2C(=O)CC(C)C)c(F)c1OC,-6.004,-5.431537000000001,0.5724629999999982,-2.201924099999999,Gen 66 (Human)
MOL_H_02103,CCC(C)CC(N)=O,-4.595,-3.418847,1.1761529999999998,-2.2018071,Gen 40 (Human)
MOL_H_02104,COc1c(F)c(C(=O)CC(C)C)nc(C)c1C(F)(F)F,-5.837,-5.193812000000002,0.6431879999999977,-2.2013315999999987,Gen 40 (Human)
MOL_H_02105,CCOc1c(Cl)c(C(=O)CC(C)C)nc(C)c1C(F)(F)F,-6.098,-5.571316000000002,0.5266839999999977,-2.1980787999999984,Gen 32 (Human)
MOL_H_02106,COc1nc(C)c(C2C(C)CCC2C(F)(F)F)c(OC)c1Cl,-6.148,-5.6449050000000005,0.5030949999999992,-2.1965664999999994,Gen 52 (Human)
MOL_H_02107,COC1C(C)CCC1C(F)(F)F,-5.169,-4.25011,0.9188899999999992,-2.1939229999999994,Gen 52 (Human)
MOL_H_02108,COc1nc(C)c(OC)c(C2C(C)CCC2OC)c1Cl,-5.787,-5.134048000000001,0.6529519999999991,-2.1931663999999995,Gen 87 (Human)
MOL_H_02109,Cc1c(CC(C)C)nc(C(F)(F)F)c(F)c1C,-5.888,-5.279026000000002,0.6089739999999981,-2.192681799999999,Gen 168 (Human)
MOL_H_02110,CC1CCC(C(F)(F)F)C1C(F)(F)F,-5.523,-4.760967,0.7620329999999997,-2.1903231,Gen 52 (Human)
MOL_H_02111,CCOc1nc(C)c(OC)c(C(F)(F)F)c1Cl,-5.725,-5.059582000000001,0.665417999999999,-2.1832926,Gen 62 (Human)
MOL_H_02112,COc1nc(C)c(OC)c(C(F)(F)F)c1OC,-5.417,-4.632785,0.7842149999999997,-2.1740505,Gen 81 (Human)
MOL_H_02113,CCOc1nc(C)c(OC)c(OC)c1F,-5.243,-4.389465,0.8535349999999999,-2.1703745000000003,Gen 62 (Human)
MOL_H_02114,CCc1nc(-c2nc(C(F)(F)F)c(F)c(C)c2C)c(F)c(CC)c1C,-6.844,-6.361099000000001,0.4829009999999991,-2.1684167609949974,Gen 182 (Human)
MOL_H_02115,COc1c(C)nc(C(=O)CC(C)C)c(OC)c1C(F)(F)F,-5.769,-5.144519,0.6244810000000003,-2.1678367000000005,Gen 46 (Human)
MOL_H_02116,COC1C(C)CCC1OC1CCC(C)C1OC,-5.191,-4.322147999999999,0.8688520000000004,-2.1654964000000003,Gen 75 (Human)
MOL_H_02117,COc1nc(C)c(OC)c(C(F)(F)F)c1Cl,-5.591,-4.894993,0.6960069999999998,-2.1645049000000003,Gen 65 (Human)
MOL_H_02118,COc1nc(C)c(C(F)(F)F)c(OC)c1OC,-5.403,-4.632785,0.7702149999999994,-2.1600505,Gen 39 (Human)
MOL_H_02119,COc1c(C)nc(C(F)(F)F)c(F)c1OC,-5.435,-4.682078,0.7529219999999999,-2.1575454,Gen 47 (Human)
MOL_H_02120,COc1nc(C)c(OC)c(C(=O)CC(C)C)c1F,-5.473,-4.736610000000001,0.7363899999999992,-2.157373,Gen 48 (Human)
MOL_H_02121,COC1CCC(C)C1C(F)(F)F,-5.129,-4.25011,0.8788899999999993,-2.153923,Gen 51 (Human)
MOL_H_02122,COc1c(C)nc(C(=O)CC(C)C)c(F)c1OC,-5.468,-4.736610000000001,0.7313899999999993,-2.152373,Gen 67 (Human)
MOL_H_02123,COc1c(C)nc(C2C(C)CCC2C(F)(F)F)c(F)c1OC,-5.951,-5.431990000000002,0.519009999999998,-2.148606999999999,Gen 52 (Human)
MOL_H_02124,CCc1nc(C(F)(F)F)c(C)c(C)c1Cl,-5.792,-5.213198000000002,0.5788019999999978,-2.1427613999999986,Gen 166 (Human)
MOL_H_02125,COc1nc(C)c(C2CCC(C)C2OC)c(OC)c1F,-5.585,-4.921133000000001,0.6638669999999989,-2.1402068999999995,Gen 41 (Human)
MOL_H_02126,COc1c(C)nc(C2C(C)CCC2C(F)(F)F)c(Cl)c1OC,-6.088,-5.644905000000002,0.4430949999999978,-2.136566499999999,Gen 52 (Human)
MOL_H_02127,COc1nc(C)c(C2CCC(C)C2C(F)(F)F)c(OC)c1Cl,-6.087,-5.6449050000000005,0.4420949999999992,-2.1355664999999995,Gen 74 (Human)
MOL_H_02128,CC(C)CC(=O)C1C(C)CCC1C(F)(F)F,-5.466,-4.760514000000001,0.7054859999999996,-2.1336402,Gen 52 (Human)
MOL_H_02129,COc1nc(C)c(C(=O)CC(C)C)c(OC)c1C(F)(F)F,-5.731,-5.144519,0.586481,-2.1298367,Gen 48 (Human)
MOL_H_02130,COc1nc(C)c(C(=O)CC(C)C)c(C(F)(F)F)c1C(=O)CC(C)C,-6.085,-5.656253000000002,0.4287469999999977,-2.125622899999999,Gen 81 (Human)
MOL_H_02131,CCOC1CCC(C)C1C(=O)CC(C)C,-5.213,-4.414246,0.7987539999999997,-2.1230278,Gen 62 (Human)
MOL_H_02132,COc1c(C)nc(C(=O)CC(C)C)c(F)c1C1CCC(C)C1OC,-5.919,-5.432867000000002,0.4861329999999979,-2.1159930999999985,Gen 69 (Human)
MOL_H_02133,CCCCC(C)CC(N)=O,-4.733,-3.748025,0.984975,-2.1093825,Gen 89 (Human)
MOL_H_02134,CCC(C(N)=O)C(C)C,-4.582,-3.533001,1.0489989999999998,-2.1088993,Gen 96 (Human)
MOL_H_02135,COc1nc(C)c(C(=O)CC(C)C)c(C(=O)CC(C)C)c1C(F)(F)F,-6.068,-5.656253000000002,0.4117469999999974,-2.1086228999999985,Gen 58 (Human)
MOL_H_02136,COc1nc(C)c(OC)c(C2C(C)CCC2OC)c1F,-5.551,-4.921133000000001,0.6298669999999991,-2.1062069,Gen 49 (Human)
MOL_H_02137,COc1c(C)nc(C(=O)CC(C)C)c(F)c1C1C(C)CCC1OC,-5.906,-5.432867000000002,0.473132999999998,-2.1029930999999986,Gen 49 (Human)
MOL_H_02138,COc1c(C(=O)CC(C)C)nc(C)c(C(=O)CC(C)C)c1C(F)(F)F,-6.058,-5.656253000000002,0.4017469999999976,-2.0986228999999987,Gen 46 (Human)
MOL_H_02139,COc1c(C(=O)CC(C)C)nc(C)c(C(F)(F)F)c1OC,-5.697,-5.144519000000001,0.5524809999999993,-2.0958367,Gen 68 (Human)
MOL_H_02140,CCCC(C)CC(N)=O,-4.603,-3.583436,1.019564,-2.0945948,Gen 61 (Human)
MOL_H_02141,CCOc1nc(C)c(C(=O)CC(C)C)c(C(F)(F)F)c1Cl,-5.993,-5.571316000000002,0.4216839999999981,-2.093078799999999,Gen 43 (Human)
MOL_H_02142,COc1c(Cl)c(C(=O)CC(C)C)nc(C)c1C(F)(F)F,-5.872,-5.406727000000001,0.4652729999999989,-2.0872910999999994,Gen 78 (Human)
MOL_H_02143,CCOC1CCC(C)C1C(F)(F)F,-5.175,-4.414699000000001,0.7603009999999992,-2.0847107,Gen 44 (Human)
MOL_H_02144,CCOc1nc(C)c(C(F)(F)F)c(C(=O)CC(C)C)c1Cl,-5.984,-5.571316000000002,0.4126839999999978,-2.0840787999999986,Gen 62 (Human)
MOL_H_02145,COc1nc(C)c(C2CCC(C)C2OC)c(OC)c1Cl,-5.675,-5.134048000000001,0.540951999999999,-2.0811663999999994,Gen 74 (Human)
MOL_H_02146,COc1nc(C)c(C2CCC(C)C2C(N)=O)c(C(=O)CC(C)C)c1Cl,-5.754,-5.250475000000002,0.503524999999998,-2.0786674999999986,Gen 34 (Human)
MOL_H_02147,CCc1nc(C)c(F)c(-c2nc(CC)c(Cl)c(C)c2C)c1C,-6.448,-6.217441000000001,0.2305589999999995,-2.073049857595,Gen 178 (Human)
MOL_H_02148,COc1c(C)nc(C2CCC(C)C2OC)c(Cl)c1OC,-5.663,-5.134048000000001,0.5289519999999994,-2.0691664,Gen 78 (Human)
MOL_H_02149,COc1c(C)nc(C2CCC(C)C2OC)c(F)c1OC,-5.505,-4.921133000000001,0.5838669999999988,-2.0602068999999994,Gen 54 (Human)
MOL_H_02150,COc1nc(C)c(C(=O)CC(C)C)c(C2C(C)CCC2OC)c1F,-5.86,-5.432867000000002,0.4271329999999986,-2.0569930999999992,Gen 49 (Human)
MOL_H_02151,COc1c(Cl)c(C(=O)CC(C)C)nc(C)c1C1CCC(C)C1OC,-6.004,-5.645782000000001,0.3582179999999981,-2.051952599999999,Gen 74 (Human)
MOL_H_02152,CCOc1c(F)c(C(F)(F)F)nc(C)c1OC,-5.442,-4.846667,0.5953330000000001,-2.0493331,Gen 43 (Human)
MOL_H_02153,COc1c(C)nc(C2C(C)CCC2OC)c(F)c1OC,-5.49,-4.921133000000001,0.5688669999999991,-2.0452069,Gen 55 (Human)
MOL_H_02154,COC1C(C)CCC1C(=O)CC(C)C,-5.015,-4.249657,0.7653429999999997,-2.0402401,Gen 66 (Human)
MOL_H_02155,COc1c(C)nc(C(=O)CC(C)C)c(C(=O)CC(C)C)c1C(F)(F)F,-5.998,-5.656253000000002,0.341746999999998,-2.038622899999999,Gen 46 (Human)
MOL_H_02156,COc1c(F)c(C(=O)CC(C)C)nc(C)c1C(=O)CC(C)C,-5.702,-5.248344000000001,0.4536559999999987,-2.0281592,Gen 67 (Human)
MOL_H_02157,COc1c(C)nc(C(F)(F)F)c(OC)c1OC,-5.265,-4.632785,0.6322149999999995,-2.0220505,Gen 68 (Human)
MOL_H_02158,COc1nc(C)c(C(=O)CC(C)C)c(C2CCC(C)C2OC)c1F,-5.821,-5.432867000000002,0.388132999999998,-2.0179930999999987,Gen 69 (Human)
MOL_H_02159,CCOc1c(C)nc(OC)c(Cl)c1C(F)(F)F,-5.557,-5.059582000000001,0.4974179999999997,-2.0152926,Gen 43 (Human)
MOL_H_02160,COc1nc(C)c(C2C(C)CCC2OC)c(OC)c1Cl,-5.609,-5.134048000000001,0.4749519999999991,-2.0151664,Gen 55 (Human)
MOL_H_02161,COc1c(C)nc(C2CCC(C)C2C(F)(F)F)c(Cl)c1OC,-5.966,-5.644905000000002,0.3210949999999979,-2.014566499999999,Gen 78 (Human)
MOL_H_02162,COc1c(C)nc(C(=O)CC(C)C)c(F)c1C(=O)CC(C)C,-5.676,-5.248344000000001,0.4276559999999989,-2.0021591999999995,Gen 48 (Human)
MOL_H_02163,COc1nc(C)c(C2CCC(C)C2OC)c(C(=O)CC(C)C)c1F,-5.805,-5.432867000000002,0.372132999999998,-2.001993099999998,Gen 44 (Human)
MOL_H_02164,CCc1nc(-c2nc(-c3nc(C(N)=O)c(F)c(C)c3C)c(C)c(C)c2F)c(C)c(C)c1F,-7.829,-6.6368420000000015,1.1921579999999985,-1.9981349351799933,Gen 131 (Human)
MOL_H_02165,CC(C)CC(N)=O,-4.274,-3.254258,1.019742,-1.9960194,Gen 1 (Human)
MOL_H_02166,COc1c(Cl)ncc(C2CCC(C)C2C(=O)CC(C)C)c1C(C)=O,-5.899,-5.576853000000002,0.3221469999999984,-1.9952029,Gen 0 (Cross-Docking)
MOL_H_02167,COc1nc(C)c(C)c(C(C)=O)c1C1CCC(C)C1C(=O)C(C)C(C)C,-5.957,-5.665429000000002,0.2915709999999976,-1.9911996999999984,Gen 1 (Human)
MOL_H_02168,CCC(=O)c1ccnc(C)c1C1CCC(C)C1C(=O)C(C)C(C)C,-5.949,-5.658645000000002,0.2903549999999981,-1.987948499999999,Gen 1 (Human)
MOL_H_02169,COc1nc(C)c(C(=O)CC(C)C)c(C(=O)CC(C)C)c1F,-5.66,-5.248344000000001,0.4116559999999989,-1.9861592,Gen 48 (Human)
MOL_H_02170,CC(=O)c1c(C)cnc(C)c1C1CCC(C)C1C(=O)C(C)C(C)C,-5.926,-5.630057000000002,0.2959429999999985,-1.9849601,Gen 1 (Human)
MOL_H_02171,COc1c(C)nc(C(=O)CC(C)C)c(Cl)c1C1C(C)CCC1OC,-5.936,-5.645782000000001,0.2902179999999985,-1.9839526,Gen 65 (Human)
MOL_H_02172,CC(C)CC1C(C)CCC1C(F)(F)F,-5.415,-4.906519000000001,0.5084809999999989,-1.9804367,Gen 171 (Human)
MOL_H_02173,COC1CCC(C)C1C(=O)CC(C)C,-4.948,-4.249657,0.6983430000000004,-1.9732401000000004,Gen 55 (Human)
MOL_H_02174,CCOc1c(F)c(C(=O)CC(C)C)nc(C)c1OC,-5.404,-4.901199,0.5028009999999998,-1.9731607,Gen 44 (Human)
MOL_H_02175,COc1c(C)nc(C2CCC(C)C2C(=O)CC(C)C)c(Cl)c1OC,-5.924,-5.644452000000002,0.2795479999999983,-1.9728836,Gen 78 (Human)
MOL_H_02176,COc1nc(C)c(OC)c(C2C(C)CCC2C(F)(F)F)c1Cl,-5.92,-5.6449050000000005,0.2750949999999994,-1.9685665,Gen 52 (Human)
MOL_H_02177,CCOc1c(Cl)c(C(F)(F)F)nc(C)c1OC,-5.509,-5.059582000000001,0.4494179999999996,-1.9672926,Gen 43 (Human)
MOL_H_02178,CCOc1c(F)c(C(=O)CC(C)C)nc(C)c1C(=O)CC(C)C,-5.755,-5.412933000000002,0.3420669999999974,-1.9659468999999985,Gen 44 (Human)
MOL_H_02179,CC(C)CC(=O)C1CCC(C)C1C(=O)CC(C)C,-5.294,-4.760061,0.5339389999999993,-1.9619573,Gen 66 (Human)
MOL_H_02180,CC(=O)c1ccnc(C)c1C1CCC(C)C1C(=O)C(C)C(C)C,-5.805,-5.494056000000002,0.3109439999999974,-1.9591607999999985,Gen 0 (Cross-Docking)
MOL_H_02181,COc1c(C(F)(F)F)nc(C)c(C(=O)CC(C)C)c1C(=O)CC(C)C,-5.918,-5.656253000000002,0.2617469999999979,-1.958622899999999,Gen 58 (Human)
MOL_H_02182,CCOc1c(C)nc(OC)c(F)c1C(=O)CC(C)C,-5.386,-4.901199,0.484801,-1.9551607000000004,Gen 32 (Human)
MOL_H_02183,CCOc1c(C)nc(OC)c(F)c1OC,-5.02,-4.389465,0.6305349999999992,-1.9473745,Gen 26 (Human)
MOL_H_02184,COc1c(C)nc(C(=O)CC(C)C)c(C(F)(F)F)c1C(=O)CC(C)C,-5.903,-5.656253000000002,0.2467469999999973,-1.9436228999999985,Gen 58 (Human)
MOL_H_02185,COc1c(C)nc(C2CCC(C)C2C(=O)CC(C)C)c(F)c1OC,-5.74,-5.431537000000001,0.3084629999999988,-1.9379241,Gen 54 (Human)
MOL_H_02186,COc1c(Cl)c(C(F)(F)F)nc(C)c1C1CCC(C)C1OC,-5.85,-5.591250000000002,0.2587499999999973,-1.9361249999999983,Gen 74 (Human)
MOL_H_02187,COc1nc(C)c(C2C(C)CCC2OC)c(C(=O)CC(C)C)c1Cl,-5.871,-5.645782000000002,0.2252179999999981,-1.918952599999999,Gen 79 (Human)
MOL_H_02188,Cc1c(CC(C)C)nc(CC(C)C)c(F)c1C,-5.641,-5.318143000000002,0.3228569999999982,-1.9182998999999992,Gen 168 (Human)
MOL_H_02189,COC1C(C)CCC1OC1CCC(C)C1C(=O)CC(C)C,-5.294,-4.832552000000001,0.4614479999999989,-1.9112135999999995,Gen 75 (Human)
MOL_H_02190,COc1nc(C)c(OC)c(C2CCC(C)C2C(=O)CC(C)C)c1Cl,-5.86,-5.644452000000002,0.2155479999999983,-1.9088836,Gen 65 (Human)
MOL_H_02191,COc1nc(C)c(OC)c(C2CCC(C)C2OC)c1Cl,-5.486,-5.134048000000001,0.3519519999999989,-1.8921664,Gen 69 (Human)
MOL_H_02192,CCOc1c(Cl)c(C(=O)CC(C)C)nc(C)c1C(=O)CC(C)C,-5.816,-5.625848000000002,0.1901519999999976,-1.8779063999999988,Gen 62 (Human)
MOL_H_02193,COc1nc(C)c(OC)c(C2C(C)CCC2C(=O)CC(C)C)c1Cl,-5.82,-5.644452000000002,0.1755479999999982,-1.8688835999999995,Gen 66 (Human)
MOL_H_02194,CCOc1c(C)nc(C(=O)CC(C)C)c(F)c1OC,-5.296,-4.901199,0.3948010000000002,-1.8651607000000008,Gen 49 (Human)
MOL_H_02195,COc1c(C)nc(C(F)(F)F)c(C(=O)CC(C)C)c1OC,-5.462,-5.144519000000001,0.317480999999999,-1.8608367,Gen 53 (Human)
MOL_H_02196,COc1c(C)nc(C(=O)CC(C)C)c(Cl)c1C1CCC(C)C1OC,-5.8,-5.645782000000001,0.1542179999999984,-1.8479525999999995,Gen 65 (Human)
MOL_H_02197,CCOc1c(C)nc(C(=O)CC(C)C)c(F)c1C(=O)CC(C)C,-5.632,-5.412933000000002,0.2190669999999972,-1.842946899999998,Gen 32 (Human)
MOL_H_02198,COc1nc(C)c(OC)c(C2CCC(C)C2C(F)(F)F)c1Cl,-5.789,-5.6449050000000005,0.1440949999999992,-1.8375665,Gen 69 (Human)
MOL_H_02199,COc1c(C)nc(C(F)(F)F)c(Cl)c1C1C(C)CCC1OC,-5.749,-5.591250000000002,0.1577499999999974,-1.8351249999999983,Gen 55 (Human)
MOL_H_02200,COc1nc(C)c(C2C(C)CCC2C(=O)CC(C)C)c(OC)c1F,-5.636,-5.431537000000001,0.2044629999999987,-1.8339240999999995,Gen 50 (Human)
MOL_H_02201,CCOc1nc(C)c(OC)c(C(=O)CC(C)C)c1F,-5.263,-4.901199,0.3618009999999998,-1.8321607,Gen 64 (Human)
MOL_H_02202,CCOc1nc(C)c(C(=O)CC(C)C)c(C(=O)CC(C)C)c1F,-5.619,-5.412933000000002,0.2060669999999973,-1.8299468999999984,Gen 62 (Human)
MOL_H_02203,COc1nc(C)c(C(=O)CC(C)C)c(OC)c1F,-5.139,-4.736610000000001,0.4023899999999996,-1.823373,Gen 67 (Human)
MOL_H_02204,COc1nc(C)c(C2CCC(C)C2OC)c(C(=O)CC(C)C)c1Cl,-5.773,-5.645782000000002,0.1272179999999974,-1.8209525999999985,Gen 74 (Human)
MOL_H_02205,COc1nc(C)c(C(=O)CC(C)C)c(OC)c1Cl,-5.284,-4.949525,0.3344749999999994,-1.8193325,Gen 78 (Human)
MOL_H_02206,COc1c(C)nc(C(F)(F)F)c(Cl)c1OC,-5.236,-4.894993,0.3410069999999994,-1.8095049,Gen 78 (Human)
MOL_H_02207,COc1c(C)nc(C2C(C)CCC2C(=O)CC(C)C)c(Cl)c1OC,-5.757,-5.644452000000002,0.1125479999999976,-1.8058835999999987,Gen 66 (Human)
MOL_H_02208,COc1c(C)nc(C(=O)CC(C)C)c(C(F)(F)F)c1OC,-5.404,-5.144519000000001,0.2594809999999992,-1.8028367,Gen 60 (Human)
MOL_H_02209,CCOc1c(C)nc(C(=O)CC(C)C)c(Cl)c1C(=O)CC(C)C,-5.737,-5.625848000000002,0.1111519999999979,-1.798906399999999,Gen 62 (Human)
MOL_H_02210,CC(=O)c1c(C2CCC(C)C2C(=O)CC(C)C)cnc(Cl)c1F,-5.732,-5.626146000000001,0.105853999999999,-1.7936977999999997,Gen 0 (Cross-Docking)
MOL_H_02211,CCOc1c(F)c(OC)nc(C)c1C(=O)CC(C)C,-5.221,-4.901199,0.319801,-1.7901607000000004,Gen 44 (Human)
MOL_H_02212,COc1nc(C)c(C(=O)CC(C)C)c(C2C(C)CCC2OC)c1Cl,-5.735,-5.645782000000002,0.089217999999998,-1.7829525999999989,Gen 87 (Human)
MOL_H_02213,CCOc1nc(C)c(OC)c(C(=O)CC(C)C)c1Cl,-5.351,-5.114114000000001,0.2368859999999992,-1.7711202,Gen 64 (Human)
MOL_H_02214,COc1nc(C)c(C(=O)CC(C)C)c(OC)c1OC,-5.048,-4.687317,0.3606829999999998,-1.7668781,Gen 68 (Human)
MOL_H_02215,COc1c(C)nc(C(=O)CC(C)C)c(OC)c1OC,-5.048,-4.687317,0.3606829999999998,-1.7668781,Gen 68 (Human)
MOL_H_02216,COc1nc(C)c(OC)c(C(=O)CC(C)C)c1Cl,-5.203,-4.949525,0.2534749999999999,-1.7383325000000005,Gen 65 (Human)
MOL_H_02217,CCOc1c(Cl)c(OC)nc(C)c1OC,-4.955,-4.60238,0.3526199999999999,-1.7333340000000002,Gen 64 (Human)
MOL_H_02218,COc1nc(C)c(OC)c(OC)c1Cl,-4.836,-4.437791000000001,0.3982089999999996,-1.7295463,Gen 78 (Human)
MOL_H_02219,CCC1CCC(C)C1CC(C)C,-5.069,-4.773328000000001,0.2956719999999988,-1.7276703999999992,Gen 171 (Human)
MOL_H_02220,CCOc1nc(C)c(C(=O)CC(C)C)c(OC)c1F,-5.158,-4.901199,0.2568010000000003,-1.7271607000000009,Gen 62 (Human)
MOL_H_02221,CCOc1c(C)nc(C(=O)CC(C)C)c(Cl)c1OC,-5.296,-5.114114000000001,0.1818859999999995,-1.7161202000000002,Gen 72 (Human)
MOL_H_02222,COc1nc(C)c(C(=O)CC(C)C)c(C(=O)CC(C)C)c1Cl,-5.535,-5.461259000000002,0.0737409999999982,-1.712118699999999,Gen 88 (Human)
MOL_H_02223,COc1c(C)nc(C2C(C)CCC2OC)c(Cl)c1OC,-5.299,-5.134048000000001,0.1649519999999995,-1.7051664,Gen 55 (Human)
MOL_H_02224,COc1nc(C)c(OC)c(C(=O)CC(C)C)c1C(=O)CC(C)C,-5.337,-5.1990510000000025,0.1379489999999972,-1.6976642999999982,Gen 58 (Human)
MOL_H_02225,COc1c(Cl)c(C(=O)CC(C)C)nc(C)c1C(=O)CC(C)C,-5.514,-5.461259000000002,0.0527409999999983,-1.6911186999999992,Gen 78 (Human)
MOL_H_02226,CCOC1C(C)CCC1OC,-4.42,-3.903842,0.5161579999999999,-1.6873106,Gen 43 (Human)
MOL_H_02227,CCOc1c(C)nc(C(F)(F)F)c(Cl)c1OC,-5.226,-5.059582000000001,0.1664179999999993,-1.6842925999999996,Gen 43 (Human)
MOL_H_02228,COc1nc(C)c(C(=O)CC(C)C)c(C2CCC(C)C2OC)c1Cl,-5.621,-5.645782000000002,-0.0247820000000018,-1.668952599999999,Gen 78 (Human)
MOL_H_02229,CCOC1C(C)CCC1C(=O)CC(C)C,-4.752,-4.414246,0.3377539999999994,-1.6620277999999995,Gen 62 (Human)
MOL_H_02230,CCOc1c(Cl)c(C(=O)CC(C)C)nc(C)c1OC,-5.227,-5.114114000000001,0.1128859999999996,-1.6471202000000005,Gen 62 (Human)
MOL_H_02231,COc1cc(C=CF)c(C2CCC(C)C2C(=O)CCC(C)C)c(OC)n1,-5.698,-5.792586000000002,-0.0945860000000013,-1.6431897999999991,Gen 0 (Cross-Docking)
MOL_H_02232,CCOc1c(Cl)c(OC)nc(C)c1C(=O)CC(C)C,-5.222,-5.114114000000001,0.1078859999999997,-1.6421202000000004,Gen 62 (Human)
MOL_H_02233,CCOC1CCC(C)C1OCC,-4.471,-4.068431,0.4025690000000006,-1.6230983000000003,Gen 43 (Human)
MOL_H_02234,CCOC1CCC(C)C1OC,-4.332,-3.903842,0.4281579999999998,-1.5993106,Gen 64 (Human)
MOL_H_02235,COc1nc(C)c(OC)c(OC)c1OC,-4.52,-4.175583,0.344417,-1.5970919,Gen 68 (Human)
MOL_H_02236,CCOc1c(C)nc(OC)c(Cl)c1OC,-4.818,-4.60238,0.2156199999999994,-1.5963339999999997,Gen 64 (Human)
MOL_H_02237,COc1c(C)nc(C(=O)CC(C)C)c(Cl)c1C(=O)CC(C)C,-5.413,-5.461259000000002,-0.0482590000000016,-1.5901186999999992,Gen 65 (Human)
MOL_H_02238,CCOc1nc(C)c(C(=O)CC(C)C)c(OC)c1Cl,-5.162,-5.114114000000001,0.0478859999999992,-1.5821202,Gen 62 (Human)
MOL_H_02239,COc1c(C)nc(C(=O)CC(C)C)c(Cl)c1OC,-5.029,-4.949525,0.0794749999999995,-1.5643325,Gen 78 (Human)
MOL_H_02240,COC1CCC(C)C1OC,-4.167,-3.739253,0.4277469999999996,-1.5495229,Gen 55 (Human)
MOL_H_02241,CCOc1nc(C)c(OC)c(OC)c1Cl,-4.762,-4.60238,0.1596199999999994,-1.5403339999999996,Gen 64 (Human)
MOL_H_02242,CCOc1nc(C)c(C(=O)CC(C)C)c(C(=O)CC(C)C)c1Cl,-5.447,-5.625848000000002,-0.1788480000000021,-1.508906399999999,Gen 64 (Human)
MOL_H_02243,CCOc1c(C)nc(OC)c(Cl)c1C(=O)CC(C)C,-4.992,-5.114114000000001,-0.1221140000000007,-1.4121202,Gen 32 (Human)
MOL_H_02244,CC(C)CC1CCC(C)C1CC(C)C,-4.778,-5.0520710000000015,-0.2740710000000019,-1.2415502999999988,Gen 171 (Human)
