ID_Mestre,SMILES,1EVE_Eficacia,5W8K_Risco,Indice_Seletividade,Fitness_Score,Origem_Historica
MOL_00001,COc1c(Cl)ncc(C2CCC(C)C2C(=O)CC(C)C)c1C(C)=O,-9.993,-5.624,4.369000000000001,-6.0562000000000005,Gen 43
MOL_00002,Cc1cc(C=NO)c(C2CCC(C)C2C(=O)CC(C)C)cn1,-10.18,-6.083,4.097,-5.9219,Fase 4_Mutantes Geração 2
MOL_00003,COc1cc(C=CF)c(C2CCC(C)C2C(=O)CCC(C)C)c(OC)n1,-10.06,-6.04,4.0200000000000005,-5.832000000000001,Gen 27
MOL_00004,CC(=O)c1ccncc1C1CCC(C)C1C(=O)CC(C)C,-9.735,-5.679,4.056,-5.7597,Fase 4_Mutantes Geração 2
MOL_00005,CC(=O)c1c(O)c(C)nc(O)c1C1CCC(C)C1C(=O)CC(C)C,-10.1,-6.193,3.907,-5.755655,Gen 105
MOL_00006,CC(=O)c1c(C2CCC(C)C2C(=O)CC(C)C)cnc(Cl)c1F,-9.89,-5.944,3.9460000000000006,-5.7292000000000005,Gen 37
MOL_00007,CC(=O)c1ccnc(C)c1C1CCC(C)C1C(=O)C(C)C(C)C,-9.707,-5.784,3.923000000000001,-5.658200000000001,Gen 48
MOL_00008,C=C=Cc1cc(F)ncc1C1CCC(C)C1C(=O)C(C)=CC,-10.07,-6.243,3.827,-5.656655000000001,Gen 8
MOL_00009,CC(=O)c1c(C2CCC(C)C2C(=O)CC(C)C)cnc(F)c1F,-9.891,-6.058,3.833,-5.6504,Gen 30
MOL_00010,COc1nc(C)c(C)c(C(C)=O)c1C1CCC(C)C1C(=O)CC(C)C,-9.94,-6.144,3.796,-5.6392,Gen 84
MOL_00011,CCC(=O)c1c(F)c(Cl)nc(F)c1C1CCC(C)C1C(=O)CC(C)C,-9.925,-6.182,3.743,-5.592480000000001,Gen 31
MOL_00012,CC(C)CC(=O)C1C(C)CCC1c1cncc(O)c1C(=O)C(C)C,-9.991,-6.292,3.699,-5.485780000000001,Gen 49
MOL_00013,CCC(=O)c1cnccc1-c1ccncc1C1C(C)CCC1C(=O)CC,-10.0,-6.298,3.702,-5.48188,Gen 83
MOL_00014,CCCCC(=O)C1C(C)CCC1c1c(OC)nc(OC)c(F)c1C=CF,-9.802,-6.211,3.591,-5.435695,Gen 30
MOL_00015,CCC(=O)c1c(C(C)=O)nc(C)c(C)c1C1CCC(C)C1OC,-9.608,-5.968,3.640000000000001,-5.430400000000001,Gen 90
MOL_00016,CCOc1nc(C)c(O)c(C(C)=O)c1C1CCC(C)C1C(=O)CC(C)C,-9.676,-6.114,3.5620000000000003,-5.3962,Gen 88
MOL_00017,CC(=O)C1C(C)CCC1c1c(C(=O)C(C)C(C)C)ccnc1C,-10.06,-6.363,3.697,-5.379055,Gen 58
MOL_00018,CC(=O)c1c(C2CCC(C)C2C(=O)CC(C)C)cncc1C(F)(F)Cl,-9.609,-6.051,3.558,-5.3733,Gen 42
MOL_00019,CCC(=O)c1c(C2CC2)cncc1C1CCC(C)C1C(=O)CC(C)C,-9.379,-5.726,3.653,-5.3708,Gen 40
MOL_00020,COc1c(F)ncc(C2CCC(C)C2C(=O)CC(C)C)c1C(C)=O,-9.522,-5.948,3.574,-5.3584000000000005,Gen 41
MOL_00021,COc1nc(C)c(C)c(C(C)=O)c1C1CCC(C)C1C(C)=O,-9.599,-6.059,3.54,-5.3577,Gen 146
MOL_00022,CCCCCCC(=O)C1C(C)CCC1c1c(OC)ncc(Cl)c1C=CF,-9.431,-5.849,3.581999999999999,-5.3366999999999996,Gen 29
MOL_00023,CCCCC(=O)C1C(C)CCC1c1c(OC)ncc(F)c1C=CF,-9.523,-6.032,3.491,-5.3006,Gen 26
MOL_00024,COC1C(C)CCC1c1c(O)nc(C)c(O)c1C(=O)CCC(C)C,-9.584,-6.126,3.458,-5.2958,Gen 129
MOL_00025,CC1CCC(c2cncc(C3CC3)c2C#N)C1C(N)=O,-9.247,-5.646,3.601,-5.2948,Gen 13
MOL_00026,CCCCC(=O)C1C(C)CCC1c1c(C=CF)ccnc1OC,-9.354,-5.838,3.515999999999999,-5.267399999999999,Gen 24
MOL_00027,CCC(=O)c1c(C2CCC(C)C2C(=O)CC(C)C)cnc(F)c1OC,-9.494,-6.046,3.4479999999999995,-5.2618,Gen 43
MOL_00028,CC(=O)c1c(C)c(C)nc(C(=O)CC(C)C)c1C1CCC(C)C1C(C)=O,-9.72,-6.278,3.442000000000001,-5.243480000000002,Gen 146
MOL_00029,COc1c(O)ncc(C2CCC(C)C2C(=O)C(C)C(C)C)c1C(C)=O,-9.646,-6.237,3.4090000000000007,-5.242255000000001,Gen 61
MOL_00030,CCCCC(=O)C1C(C)CCC1c1c(C=CF)cc(OC)nc1OC,-9.303,-5.814,3.4890000000000008,-5.233200000000001,Gen 26
MOL_00031,CC(=O)c1c(C2CC2)cncc1C1CCC(C)C1C(N)=O,-9.771,-6.312,3.4590000000000005,-5.221380000000001,Gen 42
MOL_00032,CC(=O)c1c(C2CCC(C)C2C(=O)CC(C)C)cnc(C)c1O,-9.466,-6.077,3.389,-5.2120999999999995,Gen 42
MOL_00033,COC1C(C)CCC1c1cnccc1-c1cnccc1C(=O)CC(C)C,-9.523,-6.185,3.338,-5.187375,Gen 158
MOL_00034,CCC1CCC(c2c(F)ncc(C3CC3)c2C#N)C1C(N)=O,-9.474,-6.134,3.34,-5.1802,Gen 28
MOL_00035,CCC(C)C(=O)C1C(C)CCC1c1c(C#N)ccnc1C(F)(F)F,-9.215,-5.766,3.449,-5.1788,Gen 15
MOL_00036,COc1nc(C)c(C)c(C(C)=O)c1C1CCC(C)C1OC,-9.079,-5.596,3.4830000000000005,-5.161800000000001,Gen 146
MOL_00037,CCCCCCC(=O)C1C(C)CCC1c1c(OC)nc(F)c(Cl)c1C=CF,-9.76,-6.333,3.427,-5.159455,Gen 36
MOL_00038,CCCCCCC(=O)C1C(C)CCC1c1c(OC)ncc(F)c1C=CF,-9.099,-5.65,3.449,-5.144,Gen 27
MOL_00039,C=C=Cc1ccncc1C1CCC(C)C1C(=O)C(C)=CCC,-9.434,-6.131,3.302999999999999,-5.1423,Gen 8
MOL_00040,CCC(=O)c1c(C2CCC(C)C2C(C)=O)nc(C)c(C)c1C(=O)CC,-9.453,-6.176,3.2769999999999992,-5.1264199999999995,Gen 98
MOL_00041,COc1ncc(C2CCC(C)C2C(=O)CC(C)C)c(C(C)=O)c1O,-9.274,-5.931,3.342999999999999,-5.122299999999999,Gen 60
MOL_00042,Cc1nc(O)c(C2CCC(C)C2C(=O)CC(C)C)c(C=NO)c1C,-9.49,-6.216,3.274,-5.117020000000001,Gen 24
MOL_00043,CC(=O)c1cncc(C2CC2)c1C1CCC(C)C1C(C)=O,-9.314,-6.021,3.293,-5.0993,Gen 73
MOL_00044,COc1ncc(C)c(C=CF)c1C1CCC(C)C1C(=O)CCC(C)C,-9.433,-6.192,3.241,-5.08978,Gen 30
MOL_00045,Cc1ncc(C2CCC(C)C2C(=O)CC(C)C)c(C=NO)c1C,-9.187,-5.869,3.318,-5.0786999999999995,Evolução Interativa Gen 6
MOL_00046,CCC(=O)c1cncc(C2CC2)c1C1CCC(C)C1C(=O)CC,-9.232,-5.934,3.297999999999999,-5.0782,Gen 73
MOL_00047,CCC(=O)C1C(C)CCC1c1cncc(C2CC2)c1C#N,-9.368,-6.13,3.2380000000000004,-5.077000000000001,Gen 13
MOL_00048,CCCC(=O)C1C(C)CCC1c1c(C#N)ccnc1C(F)(F)F,-9.294,-6.027,3.2670000000000003,-5.075100000000001,Gen 11
MOL_00049,CC(C)CC(=O)C1C(C)CCC1c1c(C#N)ccnc1C1CC1,-9.595,-6.302,3.293000000000001,-5.068080000000002,Gen 21
MOL_00050,CCc1nccc(C(N)=O)c1C1CCC(C)C1C(=O)C(C)C(C)C,-9.476,-6.241,3.235000000000001,-5.065895000000002,Gen 50
MOL_00051,CC(=O)c1cncc(C2C(C)CCC2C(C)=O)c1C1CC1,-9.278,-6.02,3.258000000000001,-5.064000000000001,Gen 67
MOL_00052,COC1CCC(C)C1c1c(C2CC2)cncc1C1CC1,-9.219,-5.949,3.27,-5.0546999999999995,Gen 79
MOL_00053,COc1c(C=CF)cc(C(=O)CCC(C)C)nc1C(C)=O,-9.428,-6.221,3.2070000000000007,-5.048095000000002,Gen 144
MOL_00054,CCCCCCC(=O)C1C(C)CCC1c1c(OC)nc(OC)c(F)c1C=CF,-9.232,-5.979,3.2529999999999992,-5.0466999999999995,Gen 29
MOL_00055,CCC(C)CC(=O)C1C(C)CCC1c1cnc(C)cc1C=NO,-9.422,-6.218,3.2040000000000006,-5.046280000000001,Fase 5_Híbridos Geração 3
MOL_00056,CC(=O)c1c(F)cncc1C1CCC(C)C1C(N)=O,-9.141,-5.885,3.256,-5.0215000000000005,Gen 108
MOL_00057,COc1cc(C=CF)c(C(=O)CC(C)C)c(C2CCC(C)C2C(C)=O)n1,-9.478,-6.268,3.21,-5.02078,Gen 68
MOL_00058,Cc1nccc(C=NO)c1C1CCC(C)C1C(=O)CC(C)C,-9.313,-6.151,3.162,-5.007295000000001,Fase 4_Mutantes Geração 2
MOL_00059,CC(C)C(=O)C1C(C)CCC1c1c(C#N)ccnc1C(F)(F)F,-9.324,-6.17,3.154,-5.003,Gen 17
MOL_00060,CCC(=O)c1cc(C)ncc1C1CCC(C)C1C(=O)CC(C)C,-9.099,-5.864,3.2350000000000003,-4.9942,Gen 51
MOL_00061,CCCC(=O)C1C(C)CCC1c1cnc(C)cc1C#N,-8.958,-5.666,3.292,-4.9918,Fase 4_Mutantes Geração 2
MOL_00062,Cc1cc(C(N)=O)c(C2CCC(C)C2C(=O)CC(C)C)cn1,-9.257,-6.098,3.159,-4.9884,Gen 32
MOL_00063,COc1nc(C(C)=O)cc(C=CF)c1C1CCC(C)C1OC,-9.237,-6.098,3.139,-4.968400000000001,Gen 159
MOL_00064,Cc1cc(C=NO)c(C2CCC(C)C2C(=O)CC(C)C)c(C2CC2)n1,-9.145,-5.972,3.172999999999999,-4.9646,Gen 24
MOL_00065,COc1nc(F)c(F)c(C=CF)c1C1CCC(C)C1C(=O)CCC(C)C,-9.665,-6.37,3.294999999999999,-4.964,Gen 32
MOL_00066,CC(C)CC(=O)C1C(C)CCC1c1cnccc1C=NO,-9.4,-6.258,3.142,-4.961080000000002,Fase 1_Lote Inicial
MOL_00067,CC(C)CC(=O)C1C(C)CCC1c1cnccc1C#N,-8.822,-5.517,3.305,-4.960099999999999,Fase 4_Mutantes Geração 2
MOL_00068,CC(=O)c1c(F)cnc(C)c1C1CCC(C)C1C(=O)C(C)C(C)C,-9.225,-6.098,3.127,-4.9564,Gen 50
MOL_00069,COc1nc(C(=O)CC(C)C)cc(C=CF)c1C1CCC(C)C1OC,-9.234,-6.116,3.1180000000000003,-4.952800000000001,Gen 159
MOL_00070,CCC(C)C(=O)C1C(C)CCC1c1cnccc1C#N,-8.65,-5.285,3.365,-4.9505,Fase 4_Mutantes Geração 2
MOL_00071,CC(=O)c1c(C2CCC(C)C2C(=O)CC(C)C)cnc(C2CC2)c1O,-9.981,-6.469,3.512,-4.943895,Gen 56
MOL_00072,CC(C)C(=O)C1C(F)CCC1c1cnccc1C=CF,-9.064,-5.899,3.165,-4.9347,Fase 1_Lote Inicial
MOL_00073,COc1nc(C)cc(C(C)=O)c1C1CCC(C)C1C(=O)C(C)C(C)C,-9.429,-6.292,3.1370000000000005,-4.923780000000002,Gen 57
MOL_00074,COc1ncc(C2CCC(C)C2C(=O)CC(C)C)c(C(C)=O)c1F,-9.089,-5.956,3.133,-4.9198,Gen 76
MOL_00075,CCC(=O)C1C(C)CCC1c1cncc(C2CC2)c1C1CC1,-9.59,-6.36,3.2299999999999995,-4.9175,Gen 51
MOL_00076,CC(=O)C1CCC(C)C1c1cncc(C2CC2)c1C1CC1,-9.646,-6.38,3.266000000000001,-4.915500000000002,Gen 67
MOL_00077,CCC(C)CC(=O)C1C(C)CCC1c1cnc(F)c(OC)c1C(C)=O,-8.856,-5.638,3.218,-4.9094,Gen 43
MOL_00078,CCCC(=O)C1C(C)CCC1c1cnccc1C=NO,-9.016,-5.873,3.143,-4.9049000000000005,Fase 4_Mutantes Geração 2
MOL_00079,CCC1CCC(c2cnc(C)cc2C=NO)C1C(=O)CC(C)C,-9.257,-6.201,3.056,-4.903295000000001,Fase 5_Híbridos Geração 3
MOL_00080,COC1C(C)CCC1c1c(O)nc(C)c(O)c1C(=O)CC(C)C,-9.664,-6.39,3.274,-4.903000000000001,Gen 129
MOL_00081,CC(=O)c1c(F)c(C)nc(O)c1C1CCC(C)C1C(=O)CC(C)C,-9.652,-6.388,3.264,-4.8971800000000005,Gen 159
MOL_00082,CCC(=O)c1nc(C2CCC(C)C2C(=O)CC)cc(C=CF)c1C(C)=O,-9.068,-5.968,3.1,-4.8904,Gen 97
MOL_00083,CCC(=O)c1c(F)c(F)nc(OC)c1C1CCC(C)C1C(=O)CC(C)C,-9.213,-6.173,3.039999999999999,-4.8892549999999995,Gen 37
MOL_00084,CCC(=O)c1c(C2CCC(C)C2C(=O)CC(C)C)cnc(O)c1OC,-9.02,-5.934,3.0859999999999994,-4.8662,Gen 93
MOL_00085,CCCC(=O)C1C(C)CCC1c1cnccc1C#N,-8.733,-5.528,3.205,-4.863400000000001,Fase 3_Super Elite
MOL_00086,CCCCC(=O)C1C(C)CCC1c1cnccc1C=CF,-8.79,-5.61,3.18,-4.8629999999999995,Fase 1_Lote Inicial
MOL_00087,COc1c(C)c(C)nc(C(C)=O)c1C1C(C)CCC1C(C)=O,-9.189,-6.177,3.0120000000000005,-4.861455000000001,Gen 152
MOL_00088,CC(C)C(=O)C1C(C)CCC1c1cnccc1C1CO1,-8.943,-5.841,3.102,-4.854299999999999,Fase 1_Lote Inicial
MOL_00089,CCC(=O)C1CCC(C)C1c1c(OC)cncc1C(C)=O,-8.771,-5.599,3.1720000000000006,-4.851700000000001,Gen 79
MOL_00090,CC(C)C(C)C(=O)c1ccncc1C(=O)C(C)C(C)C,-8.769,-5.622,3.147,-4.833600000000001,Gen 91
MOL_00091,COc1cc(C#N)c(C2CCC(C)C2C(=O)CC(C)C)cn1,-9.017,-5.981,3.036,-4.830299999999999,Gen 23
MOL_00092,COc1nc(C)c(C)c(C(C)=O)c1C1CCC(C)C1C(N)=O,-9.302,-6.276,3.026,-4.829420000000001,Gen 100
MOL_00093,COc1nccc(C=CF)c1C1CCC(C)C1C(=O)CCCC(C)C,-8.938,-5.87,3.0680000000000005,-4.829000000000001,Gen 33
MOL_00094,CCC(C)CCCC(=O)C1C(C)CCC1c1c(OC)ncc(F)c1C=CF,-9.517,-6.368,3.148999999999999,-4.8217799999999995,Gen 29
MOL_00095,COc1c(-c2ccnc(C)c2C(C)=O)ccnc1C,-8.822,-5.728,3.0939999999999994,-4.812399999999999,Gen 72
MOL_00096,COc1cc(C=CF)c(C2CCC(C)C2OC)c(OC)n1,-8.924,-5.874,3.05,-4.8122,Gen 159
MOL_00097,CC(=O)c1c(C2CCC(C)C2C(=O)C(C)C(C)C)cnc(C)c1C,-9.082,-6.111,2.971000000000001,-4.804300000000001,Gen 34
MOL_00098,CC(=O)c1cnccc1-c1ccncc1C(=O)C(C)C(C)C,-8.985,-5.974,3.0109999999999992,-4.8031999999999995,Gen 91
MOL_00099,CC(C)CCC(=O)c1cnccc1C(=O)C(C)C(C)C,-8.551,-5.371,3.18,-4.7913,Gen 132
MOL_00100,CCCC(C)C(=O)C1C(C)CCC1c1c(C=CF)ccnc1OC,-9.0,-6.021,2.979,-4.7853,Gen 28
MOL_00101,CC(=O)c1cc(C=CF)c(C(C)=O)c(C(=O)C(C)C(C)C)n1,-9.073,-6.126,2.947,-4.784800000000001,Gen 140
MOL_00102,CCC(C)CC(=O)C1C(C)CCC1c1cnc(F)c(F)c1C(C)=O,-9.246,-6.271,2.9750000000000005,-4.783095000000001,Gen 31
MOL_00103,C=C=Cc1ccncc1C1CCC(C)C1C(=O)C(C)=CC,-9.231,-6.263,2.968,-4.783055000000001,Fase 1_Lote Inicial
MOL_00104,COc1nc(OC)c(C2CCC(C)C2C(N)=O)c(C=CF)c1F,-9.229,-6.263,2.966,-4.781055,Gen 101
MOL_00105,CCCC(=O)C1C(C)CCC1c1c(F)ncc(C2CC2)c1C#N,-9.154,-6.218,2.936,-4.7782800000000005,Gen 13
MOL_00106,COc1cnccc1-c1cc(C=CF)c(OC)c(C(=O)C(C)C(C)C)n1,-9.514,-6.382,3.132,-4.7774800000000015,Gen 130
MOL_00107,CCCCC(=O)C1C(C)CCC1c1c(C=CF)cc(C)nc1F,-9.522,-6.385,3.1370000000000005,-4.7763750000000025,Gen 24
MOL_00108,COc1ccnc(C)c1C1CCC(C)C1C(=O)CCC(C)C,-8.945,-5.961,2.984,-4.7723,Gen 150
MOL_00109,CCC(=O)C1C(C)CCC1c1c(C=CF)ccnc1OC,-9.038,-6.103,2.9350000000000005,-4.765900000000001,Gen 26
MOL_00110,COc1ncc(C2CCC(C)C2C(=O)CC(C)C)c(C(C)=O)c1C,-8.954,-5.985,2.9690000000000003,-4.764500000000001,Gen 41
MOL_00111,CCC(=O)C1C(C)CCC1c1cncc(C(C)=O)c1C1CC1,-9.024,-6.085,2.938999999999999,-4.764499999999999,Gen 51
MOL_00112,CC(=O)c1ccncc1-c1ccnc(C)c1C(C)=O,-8.752,-5.698,3.0540000000000003,-4.763400000000001,Gen 93
MOL_00113,Cc1nccc(C(N)=O)c1C1CCC(C)C1C(=O)C(C)C(C)C,-9.421,-6.355,3.065999999999999,-4.762374999999999,Gen 50
MOL_00114,COc1c(C=CF)cc(C(C)=O)nc1C1CCC(C)C1OC,-8.956,-5.993,2.962999999999999,-4.7608999999999995,Gen 68
MOL_00115,COc1nccc(C=CF)c1C1CCC(C)C1C(=O)CCC(C)C,-8.981,-6.031,2.95,-4.7593000000000005,Gen 26
MOL_00116,CCC(C)C(=O)C1C(C)CCC1c1cncc(C(F)(F)F)c1C#N,-9.188,-6.254,2.934000000000001,-4.756120000000002,Gen 15
MOL_00117,Cc1ncc(C2CCC(C)C2C(=O)C(C)C(C)C)c(C=NO)c1Cl,-9.405,-6.352,3.052999999999999,-4.75458,Gen 42
MOL_00118,CCOc1nc(C)c(C)c(C(N)=O)c1C1CCC(C)C1C(=O)CC(C)C,-9.565,-6.406,3.159,-4.753120000000002,Gen 100
MOL_00119,COc1cc(C=CF)c(C(C)=O)c(C2CCC(C)C2C(C)=O)n1,-9.394,-6.35,3.0440000000000005,-4.749000000000002,Gen 68
MOL_00120,CCCC(=O)C1C(C)CCC1c1c(C#N)cc(C)nc1C(F)(F)F,-9.179,-6.253,2.926,-4.748855000000001,Gen 18
MOL_00121,CCC(=O)C1C(C)CCC1c1ccnc(C)c1C(C)=O,-8.996,-6.071,2.9250000000000007,-4.746300000000001,Gen 93
MOL_00122,COc1c(C=CF)cc(C(=O)CC(C)C)nc1C(C)=O,-9.005,-6.084,2.921000000000001,-4.746200000000002,Gen 144
MOL_00123,CCC(=O)c1cncc(C2CC2)c1C1C(C)CCC1C(C)=O,-8.932,-5.985,2.947,-4.742500000000001,Gen 52
MOL_00124,COc1nccc(C=CF)c1C1CCC(C)C1C(N)=O,-9.156,-6.245,2.9110000000000005,-4.739375000000001,Gen 33
MOL_00125,CCC(=O)c1c(CC)cncc1C1CCC(C)C1C(=O)CC(C)C,-9.021,-6.117,2.904000000000001,-4.739100000000001,Gen 61
MOL_00126,Cc1cc(C=NO)c(C2CCC(C)C2C(=O)CC(C)C)c(O)n1,-8.72,-5.689,3.0310000000000006,-4.7377,Gen 22
MOL_00127,CCCC(=O)C1C(C)CCC1c1cncc(C2CC2)c1C#N,-8.659,-5.603,3.056000000000001,-4.736900000000001,Gen 11
MOL_00128,CC(=O)c1cc(C=CF)c(C(=O)CC(C)C)c(C(=O)CC(C)C)n1,-8.955,-6.034,2.9210000000000003,-4.7312,Gen 108
MOL_00129,CC(=O)C1CCC(C)C1c1ccnc(C)c1C(=O)CC(C)C,-9.047,-6.165,2.882000000000001,-4.730375,Gen 89
MOL_00130,CC(C)CC(=O)C1C(C)CCC1c1cnc(C(F)(F)F)cc1C#N,-9.043,-6.162,2.881,-4.728879999999999,Gen 21
MOL_00131,CCCCC(=O)C1C(C)CCC1c1c(C=CCl)cc(OC)nc1OC,-8.793,-5.806,2.986999999999999,-4.7288,Gen 30
MOL_00132,CCC(=O)c1c(OC)cncc1C1CCC(C)C1C(=O)CC(C)C,-9.686,-6.448,3.2379999999999995,-4.72838,Gen 47
MOL_00133,COc1nc(C)c(C2CCC(C)C2C(=O)C(C)C(C)C)c(C(N)=O)c1C1CC1,-9.618,-6.431,3.1870000000000003,-4.721495000000002,Gen 112
MOL_00134,CC(=O)c1c(F)c(C)nc(C)c1C1CCC(C)C1C(=O)CC(C)C,-9.833,-6.488,3.345,-4.72018,Gen 76
MOL_00135,COc1c(C(C)=O)nc(C)c(C)c1C1CCC(C)C1OC,-8.916,-5.996,2.92,-4.7188,Gen 90
MOL_00136,COc1c(O)nc(C)c(O)c1C1C(C)CCC1C(C)=O,-8.869,-5.933,2.936,-4.7159,Gen 153
MOL_00137,CCCCCCC(=O)C1C(C)CCC1c1c(OC)nc(F)c(F)c1C=CF,-8.953,-6.053,2.8999999999999995,-4.7158999999999995,Gen 29
MOL_00138,C=C=Cc1c(C2CCC(C)C2C(=O)C(C)=CC)cnc(C)c1C,-9.867,-6.498,3.3690000000000007,-4.712880000000002,Gen 9
MOL_00139,CCc1cncc(C2CCC(C)C2C(=O)CC(C)C)c1C(N)=O,-9.796,-6.481,3.3149999999999995,-4.711495000000001,Gen 86
MOL_00140,CC(=O)c1c(C2CCC(C)C2C(=O)C(C)C(C)C)cnc(C)c1F,-9.521,-6.406,3.115000000000001,-4.709120000000003,Gen 80
MOL_00141,CCCC(=O)C1C(C)CCC1c1cnc(C(F)(F)F)cc1C#N,-9.339,-6.346,2.9930000000000003,-4.704720000000001,Gen 11
MOL_00142,CCC(C)C(C)C(=O)C1C(C)CCC1c1c(C#N)ccnc1C(F)(F)F,-8.976,-6.105,2.8710000000000004,-4.702500000000001,Gen 29
MOL_00143,CCCC(=O)C1C(C)CCC1c1c(C=CCl)cc(OC)nc1OC,-8.6,-5.572,3.028,-4.6996,Gen 28
MOL_00144,Cc1cc(C=NO)c(C2CCC(C)C2C(=O)C(C)C(C)C)c(O)n1,-8.964,-6.094,2.87,-4.698200000000001,Gen 38
MOL_00145,Cc1nc(O)c(C2CCC(C)C2C(=O)CC(C)C)c(C(=O)C(C)C)c1O,-9.203,-6.293,2.91,-4.6956549999999995,Gen 112
MOL_00146,CC(=O)c1c(F)cncc1C1CCC(C)C1C(=O)C(C)C(C)C,-9.042,-6.196,2.846,-4.6942200000000005,Gen 48
MOL_00147,COc1c(C)ncc(C2CCC(C)C2C(=O)CC(C)C)c1C=NO,-8.965,-6.106,2.859,-4.6908,Gen 22
MOL_00148,Cc1cc(C=NO)c(C2CCC(C)C2C(=O)CC(C)C)c(F)n1,-8.829,-5.913,2.9160000000000004,-4.689900000000001,Evolução Interativa Gen 6
MOL_00149,CCC(=O)c1ccnc(C)c1-c1cncc(C(=O)C(C)C(C)C)c1C(C)=O,-9.307,-6.34,2.9670000000000005,-4.688500000000001,Gen 80
MOL_00150,CCC(C)CC(=O)C1C(C)CCC1c1c(C=CF)cc(OC)nc1OC,-9.295,-6.336,2.959,-4.68682,Gen 27
MOL_00151,CC(C)C(=O)C1C(C)CCC1c1cnccc1N,-9.065,-6.22,2.845,-4.6865000000000006,Fase 3_Super Elite
MOL_00152,C=C=Cc1ccncc1C1CC1C(=O)C1CCCC1C,-8.805,-5.887,2.918,-4.6841,Fase 1_Lote Inicial
MOL_00153,CCCCC(=O)C1C(C)CCC1c1cncc(OC)c1C=CF,-8.783,-5.856,2.927,-4.6838,Gen 22
MOL_00154,CCC(=O)c1cncc(OC)c1C1C(C)CCC1C(C)=O,-8.731,-5.787,2.944,-4.6801,Gen 79
MOL_00155,C=CCC(=O)C1C(C)CCC1c1cnccc1C1CC1,-8.608,-5.615,2.993,-4.6775,Fase 1_Lote Inicial
MOL_00156,CCC(=O)c1cncc(C2CCC(C)C2C(=O)CC)c1C(=O)CC,-8.625,-5.644,2.981,-4.674200000000001,Gen 51
MOL_00157,CC(C)CCC(=O)C1C(C)CCC1C(=O)C(C)C(C)C,-8.473,-5.437,3.0360000000000005,-4.667100000000001,Gen 150
MOL_00158,COc1ncc(C2CCC(C)C2C(=O)CC(C)C)c(C(N)=O)c1F,-8.889,-6.033,2.855999999999999,-4.6659,Gen 82
MOL_00159,COc1nc(C)c(C2CCC(C)C2C(=O)C(C)C(C)C)c(C(C)=O)c1C,-9.007,-6.197,2.81,-4.658055,Gen 50
MOL_00160,CCC(C)CC(=O)C1C(C)CCC1c1c(C=CF)ccnc1OC,-8.681,-5.749,2.9319999999999995,-4.6567,Gen 28
MOL_00161,CCC(C)C(=O)C1C(C)CCC1c1c(C#N)ccnc1OC,-8.586,-5.617,2.9690000000000003,-4.654100000000001,Gen 22
MOL_00162,C=C=Cc1ccncc1C1CCC(F)C1C(=O)CCC,-8.663,-5.729,2.934,-4.6527,Fase 1_Lote Inicial
MOL_00163,Cc1ncc(C2CCC(C)C2C(=O)CC(C)C)c(C=NO)c1F,-8.872,-6.033,2.8389999999999995,-4.6489,Evolução Interativa Gen 7
MOL_00164,CC1CCC(c2c(F)ncc(C3CC3)c2C#N)C1C(N)=O,-8.982,-6.183,2.7989999999999995,-4.648455,Gen 14
MOL_00165,CCCCC(C)CC(=O)C1C(C)CCC1c1c(OC)ncc(Cl)c1C=CF,-8.822,-5.965,2.857,-4.6465,Gen 36
MOL_00166,COc1cnccc1-c1nc(C)c(C)c(C(=O)C(C)C(C)C)c1C(C)=O,-8.953,-6.156,2.797,-4.643619999999999,Gen 162
MOL_00167,CC(=O)c1cc(C=CF)c(C(=O)CC(C)C)c(C(=O)C(C)C(C)C)n1,-9.104,-6.271,2.833,-4.641095,Gen 140
MOL_00168,CCC1CCC(c2c(C=CF)cc(OC)nc2OC)C1C(N)=O,-9.33,-6.366,2.9640000000000004,-4.640520000000002,Gen 56
MOL_00169,CCCC(=O)C1C(C)CCC1c1c(C)ncc(C2CC2)c1C#N,-8.867,-6.04,2.827000000000001,-4.639000000000001,Gen 13
MOL_00170,COC1C(C)CCC1c1c(C(=O)CC(C)C)nc(C)c(C)c1C(C)=O,-9.039,-6.235,2.8039999999999994,-4.638375,Gen 146
MOL_00171,CCC(C(=O)C1C(C)CCC1c1cncc(OC)c1C(C)=O)C(C)C,-9.327,-6.366,2.9610000000000003,-4.637520000000002,Gen 70
MOL_00172,CC(=O)c1ccnc(C)c1C1C(C)CCC1C(C)=O,-8.884,-6.079,2.8050000000000006,-4.628700000000001,Gen 53
MOL_00173,CC(=O)c1cnccc1-c1cnccc1C(=O)CC(C)C,-8.768,-5.916,2.8520000000000003,-4.6268,Gen 70
MOL_00174,CCCC(C)C(=O)C1C(C)CCC1c1c(OC)ncc(F)c1C=CF,-8.955,-6.18,2.7750000000000004,-4.6245,Gen 27
MOL_00175,CCCC(=O)C1C(C)CCC1c1cnc(C)c(O)c1C#N,-8.699,-5.823,2.8759999999999994,-4.6229,Gen 23
MOL_00176,Cc1ncc(C2CCC(C)C2C(=O)CC(C)C)c(C=NO)c1O,-8.865,-6.061,2.8040000000000003,-4.622300000000001,Gen 22
MOL_00177,C=CCC(=O)C1C(C)CCC1c1cnccc1C=CF,-8.887,-6.096,2.791,-4.619800000000001,Fase 1_Lote Inicial
MOL_00178,COc1c(C=CF)cc(C(C)=O)nc1C(=O)C(C)C(C)C,-9.028,-6.241,2.787000000000001,-4.617895000000002,Gen 130
MOL_00179,Cc1nccc(C(=O)C(C)C(C)C)c1C(=O)C(C)C(C)C,-8.55,-5.619,2.931000000000001,-4.616700000000002,Gen 58
MOL_00180,COc1nc(C)c(C)c(-c2ccnc(C)c2OC)c1C(=O)C(C)C(C)C,-9.324,-6.373,2.951,-4.614255,Gen 139
MOL_00181,CC(=O)c1cc(C)ncc1C1CCC(C)C1C(=O)C(C)C(C)C,-9.394,-6.396,2.998,-4.614220000000001,Gen 34
MOL_00182,CC(C)C(=O)C1C(F)CCC1c1cnccc1Br,-8.651,-5.768,2.883,-4.6134,Fase 3_Super Elite
MOL_00183,COc1cc(C=CF)c(C2C(C)CCC2OC)c(OC)n1,-8.84,-6.041,2.7989999999999995,-4.6113,Gen 142
MOL_00184,CC(=O)c1c(C2CCC(C)C2C(N)=O)cnc(Cl)c1F,-9.116,-6.292,2.824,-4.610780000000001,Gen 38
MOL_00185,COc1cc(C=CF)c(C2CCC(C)C2OC)c(C(=O)CC(C)C)n1,-8.902,-6.134,2.767999999999999,-4.608199999999999,Gen 90
MOL_00186,CC(=O)C1CCC(C)C1c1c(C2CC2)cncc1C1CC1,-8.954,-6.196,2.758000000000001,-4.606220000000001,Gen 52
MOL_00187,CC(=O)c1cncc(C2CC2)c1C1C(C)CCC1C(C)=O,-8.842,-6.053,2.7890000000000006,-4.604900000000001,Gen 52
MOL_00188,CC(=O)c1cc(C)ncc1C1CCC(C)C1C(N)=O,-9.522,-6.437,3.085,-4.604255000000001,Gen 112
MOL_00189,COc1nc(C)c(C)c(C(=O)CCC(C)C)c1C(=O)CCC(C)C,-8.97,-6.212,2.758000000000001,-4.602380000000001,Gen 110
MOL_00190,CCC(=O)C1C(C)CCC1c1c(C(C)=O)cncc1C1CC1,-8.878,-6.114,2.764,-4.5982,Gen 73
MOL_00191,CC(=O)c1c(O)c(O)nc(C)c1C1CCC(C)C1C(=O)C(C)C(C)C,-9.115,-6.298,2.817,-4.5968800000000005,Gen 63
MOL_00192,CCCC(=O)C1C(C)CCC1c1c(C=CF)cc(OC)nc1OC,-8.914,-6.166,2.748,-4.596519999999999,Gen 27
MOL_00193,NC(=O)C(=O)C1C(F)CCC1c1cnccc1F,-8.941,-6.194,2.747,-4.595520000000001,Fase 3_Super Elite
MOL_00194,COc1ncc(C2CCC(C)C2C(=O)CC(C)C)c(C(C)=O)c1OC,-8.592,-5.712,2.880000000000001,-4.5936,Gen 57
MOL_00195,N#CC1CCC(c2cnccc2C2CC2)C1C(=O)C1CCC1,-8.956,-6.209,2.747,-4.592295000000001,Fase 2_Seletividade
MOL_00196,CCCCCCC(=O)C1C(C)CCC1c1c(OC)nc(OC)c(Cl)c1C=CF,-9.049,-6.268,2.781,-4.59178,Gen 36
MOL_00197,CCCC(C)CCC(=O)C1C(C)CCC1c1c(OC)ncc(Cl)c1C=CF,-8.905,-6.164,2.741,-4.58922,Gen 38
MOL_00198,CC(=O)c1c(C2CCC(C)C2C(=O)C(C)C(C)C)ccnc1C,-8.878,-6.129,2.749000000000001,-4.587700000000001,Gen 93
MOL_00199,Cc1nc(C)c(C2CCC(C)C2C(N)=O)c(C#N)c1C1CC1,-8.939,-6.2,2.739,-4.5865,Gen 34
MOL_00200,CCCCCCC(=O)C1C(C)CCC1c1c(OCC)ncc(F)c1C=CF,-8.938,-6.2,2.7380000000000004,-4.585500000000001,Gen 29
MOL_00201,CCC(=O)c1c(C2CC2)cncc1C1CCC(C)C1C(=O)CC,-8.9,-6.165,2.7350000000000003,-4.583375,Gen 51
MOL_00202,CCC(=O)C1C(C)CCC1c1ccncc1C1C(C)CCC1OC,-8.891,-6.154,2.737,-4.583120000000001,Gen 81
MOL_00203,COc1cc(C=CF)c(C2CCC(C)C2C(=O)CC(C)C(C)C)c(OC)n1,-8.935,-6.2,2.7350000000000003,-4.5825000000000005,Gen 27
MOL_00204,COc1c(C=CF)cc(C(C)=O)nc1C1CCC(C)C1C(C)=O,-9.164,-6.326,2.838,-4.580920000000002,Gen 68
MOL_00205,CC(=O)c1cc(C=CF)c(C(C)=O)c(-c2ccncc2C(C)=O)n1,-9.047,-6.273,2.774000000000001,-4.580255000000002,Gen 103
MOL_00206,COc1nc(OC)c(C2CCC(C)C2C(N)=O)c(C=CF)c1OC,-8.893,-6.161,2.732000000000001,-4.579695000000001,Gen 120
MOL_00207,CCC(=O)c1c(O)cnc(C)c1C1CCC(C)C1C(=O)C(C)C(C)C,-9.281,-6.373,2.9080000000000004,-4.571255000000001,Gen 64
MOL_00208,CCCC(=O)C1C(C)CCC1c1cnccc1C,-8.679,-5.871,2.808,-4.5693,Fase 2_Seletividade
MOL_00209,CC(=O)c1cncc(C2CC2)c1C1C(C)CCC1C(=O)CC(C)C,-8.649,-5.833,2.815999999999999,-4.565899999999999,Gen 52
MOL_00210,CC(C)C(=O)C1C(C)CCC1c1cnccc1F,-8.8,-6.052,2.748,-4.563600000000001,Fase 3_Super Elite
MOL_00211,CCCCCCCC(=O)C1C(C)CCC1c1c(OC)ncc(Cl)c1C=CF,-8.747,-5.978,2.769,-4.5624,Gen 36
MOL_00212,COc1c(C)ncc(C2CCC(C)C2C(=O)C(C)C(C)C)c1C(C)=O,-8.884,-6.173,2.7110000000000003,-4.560255000000001,Gen 46
MOL_00213,CC(C)C(=O)C1C(O)CCC1c1cnccc1CF,-8.693,-5.905,2.788,-4.5595,Fase 2_Seletividade
MOL_00214,Cc1cc(C(N)=O)c(C2CCC(C)C2C(=O)C(C)C(C)C)cn1,-9.544,-6.456,3.088,-4.556620000000001,Gen 42
MOL_00215,COc1c(C2CCC(C)C2OC)nc(C)c(C)c1C(=O)CC(C)C,-8.808,-6.079,2.729,-4.552700000000001,Gen 102
MOL_00216,COc1cc(C=CF)c(C2C(C)CCC2C(C)=O)c(OC)n1,-8.735,-5.975,2.76,-4.5525,Gen 142
MOL_00217,CCCC(=O)C1C(C)CCC1c1c(OC)ncc(F)c1C=CF,-8.954,-6.238,2.716,-4.548680000000001,Gen 27
MOL_00218,COc1ncc(C2CCC(C)C2C(=O)CC(C)C)c(C(N)=O)c1C,-9.235,-6.366,2.869,-4.545520000000002,Gen 122
MOL_00219,COc1nc(C)c(F)c(C(C)=O)c1C1CCC(C)C1C(=O)CC(C)C,-9.14,-6.331,2.809,-4.544495,Gen 82
MOL_00220,CCc1cc(C(C)=O)c(C2CCC(C)C2C(=O)CC(C)C)cn1,-8.844,-6.146,2.6979999999999995,-4.541799999999999,Gen 46
MOL_00221,C=C=Cc1ccncc1C1CCC(C)C1C(=O)CCC,-8.406,-5.522,2.884,-4.540600000000001,Fase 1_Lote Inicial
MOL_00222,CCC(=O)C1C(C)CCC1c1cncc(C(=O)CC(C)C)c1C(C)=O,-8.792,-6.074,2.718,-4.5402000000000005,Gen 51
MOL_00223,COc1c(C)nc(C)c(C2CCC(C)C2C(=O)CC(C)C)c1C=NO,-9.025,-6.284,2.7410000000000005,-4.5364200000000015,Gen 42
MOL_00224,COc1ncc(C2CCC(C)C2C(=O)CC(C)C)c(C(C)=O)c1C1CC1,-9.335,-6.402,2.9330000000000007,-4.536080000000002,Gen 44
MOL_00225,O=C(C1CCC1)C1C(O)CCC1c1cnccc1C(F)F,-8.746,-6.016,2.73,-4.534800000000001,Fase 2_Seletividade
MOL_00226,COc1ccncc1C1CCC(C)C1C(=O)C(C)C,-8.623,-5.842,2.781,-4.5336,Fase 2_Seletividade
MOL_00227,Cc1ccncc1C1CCC(F)C1C(=O)C(N)=O,-8.908,-6.218,2.69,-4.53228,Fase 2_Seletividade
MOL_00228,CC1CCC(c2cnccc2N=[N+]=[N-])C1C(=O)CC(F)(F)F,-8.76,-6.041,2.719,-4.5313,Fase 1_Lote Inicial
MOL_00229,CCc1ncc(C2CCC(C)C2C(=O)CC(C)C)c(C(C)=O)c1C,-8.732,-6.001,2.730999999999999,-4.531299999999999,Gen 104
MOL_00230,[N-]=[N+]=Nc1ccncc1C1CCC(F)C1C(=O)CC(F)(F)F,-8.854,-6.179,2.675,-4.524495,Fase 1_Lote Inicial
MOL_00231,CCCCCC(=O)C1C(C)CCC1c1c(OC)ncc(OC)c1C=CF,-8.86,-6.185,2.675,-4.524375,Gen 29
MOL_00232,CCCCCC(=O)C1C(C)CCC1c1c(C=CF)cc(OC)nc1OC,-8.681,-5.946,2.7349999999999994,-4.5188,Gen 28
MOL_00233,CC(=O)c1c(F)c(Cl)nc(F)c1C1CCC(C)C1C(=O)CC(C)C,-9.31,-6.4,2.91,-4.517500000000001,Gen 33
MOL_00234,CC(C)C(=O)C1C(F)CCC1c1cnccc1F,-8.732,-6.027,2.705,-4.5131,Fase 2_Seletividade
MOL_00235,CCC(C)C(=O)C1C(C)CCC1c1c(C#N)ccnc1C1CC1,-9.041,-6.306,2.7350000000000003,-4.505120000000001,Gen 15
MOL_00236,COC1CCC(C)C1c1nc(C(C)=O)cc(C=CF)c1C(C)=O,-9.337,-6.413,2.9239999999999995,-4.502055,Gen 95
MOL_00237,CCC(=O)c1ccnc(C)c1C(=O)C(C)C(C)C,-8.282,-5.4,2.882,-4.502000000000001,Gen 80
MOL_00238,CC(=O)c1cnccc1-c1nc(C)c(C)c(C(C)=O)c1C(C)=O,-9.099,-6.332,2.7670000000000003,-4.500980000000002,Gen 162
MOL_00239,COc1nc(C)c(C)c(-c2ccnc(C)c2OC)c1C(=O)CC(C)C,-8.83,-6.179,2.651,-4.500495000000001,Gen 139
MOL_00240,Cc1nccc(C(=O)CCC(C)C)c1C(=O)CC(C)C,-8.253,-5.367,2.886,-4.4961,Gen 116
MOL_00241,COc1c(C)ncc(C2CCC(C)C2C(N)=O)c1C(C)=O,-8.671,-5.971,2.7,-4.4913,Gen 112
MOL_00242,CCCC(=O)C1C(C)CCC1c1cnc(C)c(C2CC2)c1C#N,-9.195,-6.371,2.824,-4.4910950000000005,Gen 13
MOL_00243,CC(=O)c1ccnc(C(F)(F)F)c1C1CCC(C)C1C(N)=O,-9.443,-6.447,2.996,-4.4890550000000005,Gen 57
MOL_00244,CCCCC(=O)C1C(C)CCC1c1c(C=CF)cc(OC)nc1OCC,-8.754,-6.099,2.655,-4.4847,Gen 27
MOL_00245,CC(=O)c1cc(C=CF)c(C(=O)CCC(C)C)c(C(C)=O)n1,-8.649,-5.949,2.7,-4.484699999999999,Gen 103
MOL_00246,COC1C(C)CCC1c1ccncc1C(=O)CCC(C)C,-8.964,-6.281,2.6830000000000007,-4.4814950000000024,Gen 159
MOL_00247,COc1cc(C=CF)c(C(=O)CCC(C)C)c(OC)n1,-8.798,-6.165,2.633,-4.481375,Gen 128
MOL_00248,CCC(=O)c1cc(C=CF)c(C2CCC(C)C2OC)c(C(=O)CC)n1,-9.017,-6.306,2.7109999999999994,-4.48112,Gen 90
MOL_00249,CCCC(=O)C1C(C)CCC1c1c(OC)ncc(OC)c1C=CF,-8.772,-6.131,2.641,-4.480300000000001,Gen 28
MOL_00250,COc1nc(O)c(C2CCC(C)C2C(=O)CC(C)C)c(C(C)=O)c1C1CC1,-8.677,-5.998,2.6789999999999994,-4.4784,Gen 71
MOL_00251,CC(=O)c1ccncc1-c1cncc(C2CC2)c1C1CC1,-9.31,-6.412,2.898000000000001,-4.478380000000002,Gen 73
MOL_00252,COC(=O)c1ccncc1C1CCC(F)C1C(=O)C(C)C,-8.839,-6.211,2.628,-4.472695000000001,Fase 1_Lote Inicial
MOL_00253,CCC(=O)C1C(C)CCC1c1cnccc1C(F)F,-8.605,-5.904,2.701,-4.472200000000001,Fase 3_Super Elite
MOL_00254,CC(=O)c1cc(C=CF)c(C(C)=O)c(C(=O)CC(C)C)n1,-8.619,-5.924,2.6949999999999994,-4.4722,Gen 108
MOL_00255,Cc1ncc(C2CCC(C)C2C(N)=O)c(C#N)c1C1CC1,-8.787,-6.163,2.624000000000001,-4.472055000000001,Gen 14
MOL_00256,COc1nc(C)c(C)c(C(C)=O)c1C1C(C)CCC1OC,-8.489,-5.739,2.750000000000001,-4.471700000000001,Gen 115
MOL_00257,CC(=O)c1c(-c2ccnc(C)c2C(=O)CC(C)C)ccnc1C,-9.433,-6.449,2.984,-4.471695000000002,Gen 72
MOL_00258,COC1C(C)CCC1c1c(C=CF)cc(C(C)=O)nc1C(C)=O,-9.003,-6.304,2.699,-4.471620000000001,Gen 159
MOL_00259,CCCCC(C)CC(=O)C1C(C)CCC1c1c(OC)ncc(F)c1C=CF,-8.65,-5.978,2.6720000000000006,-4.465400000000001,Gen 29
MOL_00260,CC(C)C(=O)C1C(F)CCC1c1cnccc1I,-8.51,-5.778,2.732,-4.465400000000001,Fase 3_Super Elite
MOL_00261,CCC(=O)c1ccncc1-c1nc(C)c(C)c(OC)c1C(=O)CC,-10.28,-6.634,3.645999999999999,-4.464919999999999,Gen 98
MOL_00262,COc1cc(C=CF)c(C2C(C)CCC2C(C)=O)c(C(=O)CC(C)C)n1,-8.82,-6.203,2.617,-4.463855,Gen 142
MOL_00263,COc1c(C(C)=O)nc(C)c(C)c1C1C(C)CCC1OC,-8.796,-6.182,2.613999999999999,-4.46348,Gen 94
MOL_00264,C=C=Cc1ccncc1C1CCC(F)C1C(=O)C=CC,-8.774,-6.162,2.612,-4.459879999999999,Fase 1_Lote Inicial
MOL_00265,CCCC(=O)c1c(F)c(Cl)nc(F)c1C1CCC(C)C1C(=O)CC(C)C,-9.721,-6.523,3.1980000000000004,-4.459255000000003,Gen 33
MOL_00266,CC=CC(=O)C1C(C)CCC1c1cnccc1C(F)F,-8.755,-6.143,2.612,-4.454900000000001,Fase 1_Lote Inicial
MOL_00267,CCC(C)C(=O)C1C(F)CCC1c1cnccc1C=CF,-8.723,-6.101,2.622,-4.452300000000001,Fase 4_Mutantes Geração 2
MOL_00268,CC1CCCC1C(=O)C1CC1c1cnccc1CF,-8.33,-5.54,2.79,-4.452,Fase 1_Lote Inicial
MOL_00269,CCCCC(=O)C1C(C)CCC1c1cnccc1C#N,-8.517,-5.808,2.709,-4.4514,Fase 4_Mutantes Geração 2
MOL_00270,CCC(=O)C1CCC(C)C1c1c(C(C)=O)cncc1C(C)=O,-8.853,-6.237,2.616,-4.449255,Gen 52
MOL_00271,Cc1ccncc1C1CCC(C)C1C(=O)C(N)=O,-8.906,-6.268,2.638,-4.448780000000001,Fase 2_Seletividade
MOL_00272,CC(=O)c1nc(C)c(C)c(C(C)=O)c1C1C(C)CCC1C(C)=O,-8.842,-6.234,2.6080000000000005,-4.442920000000002,Gen 152
MOL_00273,Cc1nccc(C(=O)CC(C)C)c1C(=O)C(C)C(C)C,-8.268,-5.465,2.803000000000001,-4.442500000000001,Gen 141
MOL_00274,CCOc1c(C)ncc(C2CCC(C)C2C(=O)CC(C)C)c1C(C)=O,-8.653,-6.015,2.638000000000001,-4.442500000000001,Gen 67
MOL_00275,COc1c(C)c(C)nc(-c2ccncc2C(C)=O)c1C(C)=O,-8.914,-6.276,2.638,-4.441420000000001,Gen 162
MOL_00276,COc1cc(C(C)=O)c(C2CCC(C)C2C(=O)CC(C)C)cn1,-8.543,-5.862,2.680999999999999,-4.4395999999999995,Gen 23
MOL_00277,CCC(=O)c1ccncc1-c1c(C(=O)CC)cncc1C(=O)CC(C)C,-8.743,-6.148,2.5950000000000006,-4.439400000000001,Gen 48
MOL_00278,COc1nc(C)c(C)c(C(=O)CCC(C)C)c1C(=O)CC(C)C,-8.572,-5.905,2.666999999999999,-4.4384999999999994,Gen 121
MOL_00279,COc1nc(C)c(C2CCC(C)C2C(=O)C(C)C(C)C)c(C(C)=O)c1F,-8.937,-6.29,2.647,-4.436,Gen 58
MOL_00280,C=C=Cc1ccncc1C1CCC(C)C1C(=O)CCCC,-8.536,-5.859,2.677,-4.434699999999999,Fase 1_Lote Inicial
MOL_00281,CCC(=O)C1C(C)CCC1c1cnccc1C=CF,-8.456,-5.747,2.709,-4.4331,Fase 1_Lote Inicial
MOL_00282,C=C=Cc1ccncc1C1CCC(C)C1C(=O)CC(C)C,-8.658,-6.036,2.622,-4.4328,Fase 1_Lote Inicial
MOL_00283,CC=CC(=O)C1C(C)CCC1c1cnccc1C#CF,-8.699,-6.096,2.603,-4.4318,Fase 1_Lote Inicial
MOL_00284,CC(=O)c1c(Cl)c(Cl)nc(F)c1C1CCC(C)C1C(=O)CC(C)C,-8.966,-6.308,2.6579999999999995,-4.425580000000001,Gen 34
MOL_00285,CCC(=O)c1c(F)c(Cl)nc(F)c1C1CCC(C)C1C(=O)CC(C)CC,-9.137,-6.374,2.763000000000001,-4.4243200000000025,Gen 33
MOL_00286,CC(=O)c1c(O)nc(C)c(O)c1C1CCC(C)C1C(=O)C(C)C(C)C,-9.286,-6.421,2.865,-4.4240949999999994,Gen 123
MOL_00287,CCCCCCC(=O)C1C(C)CCC1c1c(OC)ncc(F)c1C=CCl,-8.883,-6.274,2.608999999999999,-4.41432,Gen 29
MOL_00288,CCC(=O)c1cncc(OC)c1C1C(C)CCC1OC,-8.29,-5.537,2.7529999999999992,-4.4140999999999995,Gen 79
MOL_00289,CCCCCC(C)C(=O)C1C(C)CCC1c1c(OC)ncc(F)c1C=CF,-9.168,-6.388,2.78,-4.4131800000000005,Gen 29
MOL_00290,C=C=Cc1ccncc1C1CCC(C)C1C(=O)C=CC,-8.41,-5.71,2.7,-4.413,Fase 1_Lote Inicial
MOL_00291,COC1CCC(C)C1c1ccncc1C1C(C)CCC1C(C)=O,-9.665,-6.521,3.1439999999999992,-4.412095000000002,Gen 133
MOL_00292,CC(C)CC(=O)C1C(C)CCC1c1c(F)nc(Cl)c(F)c1C(N)=O,-9.083,-6.36,2.723,-4.410500000000001,Gen 33
MOL_00293,CCC(=O)C1C(F)CCC1c1cnccc1C#N,-8.567,-5.939,2.628,-4.4097,Fase 1_Lote Inicial
MOL_00294,CCCC(=O)C1C(C)CCC1c1c(C=CF)ccnc1OC,-8.534,-5.893,2.641000000000001,-4.408900000000001,Gen 26
MOL_00295,CCCCC(=O)C1C(C)CCC1c1c(OC)nc(F)c(F)c1C=CF,-9.544,-6.494,3.0500000000000007,-4.406520000000002,Gen 30
MOL_00296,CCC(=O)C1C(C)CCC1c1cnccc1F,-8.485,-5.831,2.654,-4.4033,Fase 3_Super Elite
MOL_00297,CC(C)C(C)C(=O)C1C(C)CCC1c1cnccc1C(N)=O,-9.224,-6.409,2.8150000000000004,-4.402295000000001,Gen 56
MOL_00298,Cc1ccncc1C1CCC(F)C1C(=O)C(=O)O,-8.674,-6.103,2.571,-4.4019,Fase 2_Seletividade
MOL_00299,CC(C)CC(=O)C1C(C)CCC1c1cncc(C2CC2)c1C#N,-8.752,-6.198,2.5540000000000003,-4.401880000000001,Gen 13
MOL_00300,COC1C(C)CCC1c1c(C(=O)C(C)C(C)C)ccnc1C,-8.561,-5.943,2.6180000000000003,-4.4009,Gen 58
MOL_00301,CC(=O)c1c(C2CCC(C)C2C(=O)CC(C)C)cnc(C2CC2)c1C1CC1,-8.778,-6.22,2.5580000000000007,-4.3995000000000015,Gen 42
MOL_00302,CC(=O)c1ccncc1C1CCC(C)C1C(=O)C(C(C)C)C(C)C,-8.816,-6.246,2.5700000000000003,-4.3977200000000005,Gen 119
MOL_00303,CC(=O)c1nc(C)c(C)c(C2C(C)CCC2C(C)=O)c1C(C)=O,-9.067,-6.359,2.708,-4.3972950000000015,Gen 94
MOL_00304,CCC(C)CC(=O)C1C(C)CCC1c1cnccc1C=NO,-9.164,-6.392,2.772,-4.39678,Fase 4_Mutantes Geração 2
MOL_00305,CCC1CCC(c2cncc(C3CC3)c2C#N)C1C(N)=O,-8.739,-6.192,2.5470000000000006,-4.395780000000001,Gen 14
MOL_00306,CCC(C)CCC(=O)C1C(C)CCC1c1c(C=CF)cc(OC)nc1OC,-8.706,-6.161,2.545,-4.392695,Gen 32
MOL_00307,Cc1nc(F)c(C2CCC(C)C2C(=O)CC(C)C)c(C=NO)c1F,-9.48,-6.482,2.998,-4.391480000000001,Gen 25
MOL_00308,C=CCC(=O)C1C(F)CCC1c1cnccc1C#CF,-8.407,-5.738,2.669,-4.3904,Fase 1_Lote Inicial
MOL_00309,CC(=O)c1ccnc(C)c1-c1cnccc1C(=O)C(C)C(C)C,-8.572,-5.974,2.597999999999999,-4.390199999999999,Gen 132
MOL_00310,CC(C)CC(=O)C1C(C)CCC1c1cnccc1C=O,-8.664,-6.106,2.558,-4.3898,Fase 1_Lote Inicial
MOL_00311,COc1ncc(Cl)c(C=CF)c1C1CCC(C)C1C(N)=O,-9.08,-6.367,2.713,-4.3876550000000005,Gen 39
MOL_00312,CCCCCCC(=O)C1C(C)CCC1c1c(OC)nc(Cl)c(Cl)c1C=CF,-9.694,-6.533,3.1610000000000005,-4.387455000000001,Gen 38
MOL_00313,Cc1cnc(C(F)(F)F)c(C2CCC(C)C2C(N)=O)c1C#N,-8.65,-6.09,2.5600000000000005,-4.3870000000000005,Gen 25
MOL_00314,CC(C)CC(=O)C1C(C)CCC1c1cnc(F)c(F)c1C(N)=O,-9.752,-6.546,3.2060000000000004,-4.385720000000001,Gen 31
MOL_00315,COC1C(C)CCC1c1ccnc(C)c1C(=O)C(C)C(C)C,-8.776,-6.229,2.547,-4.384495,Gen 141
MOL_00316,Cc1nccc(C(=O)C(C)C(C)C)c1C(=O)CC(C)C,-8.46,-5.824,2.636000000000001,-4.383200000000001,Gen 58
MOL_00317,COC1CCC(C)C1c1nc(C)c(C)c(C(=O)CC(C)C)c1C(C)=O,-9.29,-6.434,2.855999999999999,-4.3829199999999995,Gen 102
MOL_00318,COc1nc(C)c(C)c(OC)c1C1C(C)CCC1C(C)=O,-8.618,-6.054,2.564,-4.3802,Gen 152
MOL_00319,CCc1c(C)ncc(C2CCC(C)C2C(=O)CC(C)C)c1C(C)=O,-8.775,-6.233,2.5420000000000007,-4.377455000000001,Gen 91
MOL_00320,Cc1nccc(C(=O)C(C)C(C)C)c1C(=O)CCC(C)C,-8.403,-5.751,2.652,-4.377300000000001,Gen 58
MOL_00321,O=C(C1CC1)C1C(F)CCC1c1cnccc1C(F)F,-8.505,-5.898,2.607,-4.376400000000001,Fase 3_Super Elite
MOL_00322,O=C(CC(F)(F)F)C1C(F)CCC1c1cnccc1C1CO1,-8.957,-6.325,2.632,-4.376375000000001,Fase 1_Lote Inicial
MOL_00323,CCc1ncc(C2CCC(C)C2C(=O)CC(C)C)c(C(C)=O)c1F,-8.51,-5.907,2.6029999999999998,-4.3751,Gen 167
MOL_00324,COc1c(-c2ccnc(C)c2OC)ccnc1C,-8.35,-5.68,2.67,-4.3740000000000006,Gen 72
MOL_00325,CCC(=O)c1cnccc1-c1cnccc1C1CCC(C)C1C(=O)CC,-9.396,-6.466,2.9300000000000006,-4.370520000000001,Gen 81
MOL_00326,CCCCCCCC(=O)C1C(C)CCC1c1c(OC)nc(C)c(Cl)c1C=CF,-9.002,-6.345,2.657000000000001,-4.370375000000002,Gen 42
MOL_00327,CC(=O)c1c(C2CCC(C)C2C(=O)CC(C)C)ccnc1C,-8.627,-6.087,2.540000000000001,-4.366100000000001,Gen 93
MOL_00328,CCC(=O)c1c(C2CCC(C)C2C(=O)CC(C)C)cnc(Cl)c1F,-8.944,-6.324,2.620000000000001,-4.365820000000003,Gen 35
MOL_00329,CCCC(=O)C1C(C)CCC1c1cnc(C2CC2)cc1C#N,-8.73,-6.21,2.5200000000000005,-4.365000000000001,Gen 11
MOL_00330,CC(=O)c1c(F)cncc1C1CCC(C)C1C(=O)CC(C)C,-9.557,-6.507,3.0500000000000007,-4.364855000000004,Gen 12
MOL_00331,CCc1ccncc1C1CCC(C)C1C(N)=O,-8.522,-5.94,2.582,-4.364,Fase 2_Seletividade
MOL_00332,COC1C(C)CCC1c1c(C(C)=O)nc(C)c(C)c1C(C)=O,-8.58,-6.023,2.5570000000000004,-4.363900000000001,Gen 146
MOL_00333,CC=CC(=O)C1C(F)CCC1c1cnccc1C#N,-8.527,-5.951,2.576,-4.3613,Fase 1_Lote Inicial
MOL_00334,CCCCC(=O)C1C(C)CCC1c1c(OC)ncc(OC)c1C=CF,-8.74,-6.221,2.519,-4.360095000000001,Gen 26
MOL_00335,CC(=O)c1cnccc1-c1cnccc1C(C)=O,-8.197,-5.485,2.711999999999999,-4.357499999999999,Gen 70
MOL_00336,CCC(=O)C1CCC(C)C1c1cnccc1C(C)=O,-8.528,-5.959,2.569000000000001,-4.356700000000001,Gen 83
MOL_00337,COc1ncc(F)c(C=CF)c1C1CCC(C)C1C(=O)CCC(C)C,-9.007,-6.352,2.655,-4.35658,Gen 27
MOL_00338,CCCCCC(C)C(=O)C1C(C)CCC1c1c(OC)ncc(Cl)c1C=CF,-9.101,-6.386,2.7150000000000007,-4.3523200000000015,Gen 38
MOL_00339,N#Cc1ccncc1C1CCC(O)C1C(=O)C1CCC1,-8.95,-6.332,2.618,-4.351980000000001,Fase 2_Seletividade
MOL_00340,CC1CCC(c2cnccc2F)C1C(=O)C1CCC1,-8.707,-6.204,2.503,-4.349620000000002,Fase 2_Seletividade
MOL_00341,CC=CC(=O)C1C(F)CCC1c1cnccc1C#CF,-8.618,-6.099,2.519,-4.348700000000001,Fase 1_Lote Inicial
MOL_00342,CC(C)CC(=O)C1CCC(C)C1C(=O)C(C)C(C)C,-8.41,-5.802,2.6080000000000005,-4.3486,Gen 65
MOL_00343,Cc1ccncc1C1CCC(C)C1C(=O)C(C)C,-8.581,-6.052,2.529,-4.3446,Fase 2_Seletividade
MOL_00344,COc1cc(C=CF)c(C2C(C)CCC2OC)c(C(C)=O)n1,-8.684,-6.191,2.4929999999999994,-4.341895,Gen 142
MOL_00345,CC(C)C(=O)C1C(F)CCC1c1cnccc1C=O,-8.543,-6.003,2.54,-4.3408999999999995,Fase 2_Seletividade
MOL_00346,COc1nc(C)c(OC)c(C(C)=O)c1C1CCC(C)C1C(=O)CC(C)C,-8.697,-6.203,2.493999999999999,-4.340854999999999,Gen 118
MOL_00347,[C-]#[N+]c1ccncc1C1CCC(C)C1C(=O)CC,-8.561,-6.029,2.532,-4.3407,Fase 1_Lote Inicial
MOL_00348,COc1cnccc1-c1c(C=CF)cc(C(C)=O)nc1C(=O)CC(C)C,-9.018,-6.362,2.6560000000000006,-4.339880000000002,Gen 108
MOL_00349,CCC(=O)c1c(C2CCC(C)C2OC)nc(C)c(C)c1OC,-8.643,-6.149,2.4940000000000007,-4.338700000000001,Gen 98
MOL_00350,CCCC(=O)C1C(C)CCC1c1c(OC)ncc(Cl)c1C=CF,-8.928,-6.331,2.5970000000000004,-4.332495000000001,Gen 28
MOL_00351,CCCCC(=O)C1C(C)CCC1c1c(OC)nc(C)c(F)c1C=CF,-9.16,-6.412,2.748,-4.328380000000002,Gen 37
MOL_00352,CCC(C(=O)C1C(C)CCC1c1c(O)nc(C)c(O)c1C(C)=O)C(C)C,-9.827,-6.574,3.253,-4.326320000000003,Gen 109
MOL_00353,COc1nc(C)c(C)c(C(=O)CC(C)C)c1C1CCC(C)C1OC,-8.474,-5.926,2.548,-4.3258,Gen 164
MOL_00354,C=C=Cc1ccncc1C1CCC(C)C1C(=O)CC=C,-8.162,-5.481,2.681,-4.325300000000001,Fase 1_Lote Inicial
MOL_00355,CC(C)CCC(=O)c1ccncc1C(=O)C(C)C(C)C,-8.413,-5.84,2.5730000000000004,-4.325,Gen 64
MOL_00356,CC(C)c1ccncc1C1CCC(CF)C1C(=O)C(N)=O,-8.977,-6.353,2.624,-4.323855000000002,Fase 2_Seletividade
MOL_00357,CCC1CCC(c2cncc(F)c2C(N)=O)C1C(=O)CC(C)C,-8.848,-6.301,2.5470000000000006,-4.323295000000002,Gen 126
MOL_00358,CCCC(=O)C1C(CC)CCC1c1cnccc1C#N,-8.188,-5.522,2.666,-4.322600000000001,Fase 4_Mutantes Geração 2
MOL_00359,CCC(=O)c1c(C2CCC(C)C2C(=O)CC(C)C)cnc(OC)c1F,-9.106,-6.398,2.708,-4.319880000000002,Gen 68
MOL_00360,N#CC1CCC(c2cnccc2CF)C1C(=O)C1CC1,-8.568,-6.071,2.497,-4.3183,Fase 2_Seletividade
MOL_00361,CCc1nccc(C(C)=O)c1C1CCC(C)C1C(=O)C(C)C(C)C,-9.593,-6.526,3.067,-4.317920000000003,Gen 111
MOL_00362,CC(=O)c1nc(C)c(C)c(C(C)=O)c1C(=O)CC(C)C,-8.361,-5.776,2.585000000000001,-4.317800000000001,Gen 121
MOL_00363,CC=CC(=O)C1C(F)CCC1c1cnccc1N=[N+]=[N-],-8.622,-6.149,2.473,-4.3177,Fase 1_Lote Inicial
MOL_00364,CCC(=O)C1C(C)CCC1c1ccncc1C(=O)CC(C)C,-8.475,-5.939,2.536,-4.317699999999999,Gen 81
MOL_00365,CC(=O)c1nc(C)c(C)c(C(=O)CC(C)C)c1C(=O)CC(C)C,-8.565,-6.068,2.497,-4.3174,Gen 121
MOL_00366,CCCC(=O)C1C(F)CCC1c1cnccc1C#CF,-8.327,-5.73,2.597,-4.316,Fase 1_Lote Inicial
MOL_00367,C=C=Cc1cc(C)ncc1C1CCC(C)C1C(=O)C(C)=CCC,-8.599,-6.12,2.479,-4.315,Gen 9
MOL_00368,C=C=Cc1ccncc1C1CCC(CC)C1C(=O)CCC,-8.314,-5.719,2.595,-4.3107,Fase 1_Lote Inicial
MOL_00369,O=C(CC(F)(F)F)C1C(F)CCC1c1cnccc1CF,-8.756,-6.264,2.492,-4.30622,Fase 1_Lote Inicial
MOL_00370,NC(=O)C(=O)C1C(F)CCC1c1cnccc1Br,-8.509,-6.006,2.503,-4.3048,Fase 3_Super Elite
MOL_00371,CCc1ccncc1C1CCC(C#N)C1C(=O)C1CCC1,-8.607,-6.149,2.458,-4.3027,Fase 2_Seletividade
MOL_00372,CC(=O)c1c(C2CCC(C)C2C(=O)CC(C)C)cnc(C)c1C(F)(F)F,-9.524,-6.514,3.009999999999999,-4.3017199999999995,Gen 42
MOL_00373,CCCCC(=O)C1C(C)CCC1c1cnccc1C(=O)OC,-8.092,-5.416,2.676,-4.300800000000001,Fase 1_Lote Inicial
MOL_00374,CC(C)C(=O)C1C(Cl)CCC1c1cnccc1C=CF,-8.54,-6.057,2.483,-4.3001,Fase 4_Mutantes Geração 2
MOL_00375,COc1nc(F)c(F)c(C(C)=O)c1C1CCC(C)C1C(=O)CC(C)C,-8.593,-6.133,2.46,-4.2999,Gen 35
MOL_00376,CC(=O)c1cc(C=CF)c(C(=O)C(C)C(C)C)c(-c2ccncc2C(C)=O)n1,-9.511,-6.512,2.999,-4.297380000000002,Gen 103
MOL_00377,COc1c(C)c(C)nc(C(C)=O)c1C1C(C)CCC1OC,-8.406,-5.872,2.5340000000000007,-4.295600000000001,Gen 94
MOL_00378,CCC(=O)C1C(F)CCC1c1cnccc1C(=O)OC,-8.137,-5.489,2.648,-4.294700000000001,Fase 1_Lote Inicial
MOL_00379,CCC(=O)C1C(F)CCC1c1cnccc1CF,-8.434,-5.916,2.518,-4.292799999999999,Fase 2_Seletividade
MOL_00380,COc1c(C=CF)cc(C(C)=O)nc1C(=O)CC(C)C,-8.709,-6.245,2.4639999999999995,-4.292375,Gen 108
MOL_00381,Cc1cnc(C)c(C2CCC(C)C2C(=O)CC(C)C)c1C=NO,-8.521,-6.042,2.479000000000001,-4.291600000000002,Gen 8
MOL_00382,COc1c(C(C)=O)nc(C)c(C)c1-c1ccncc1C(=O)C(C)C(C)C,-9.209,-6.437,2.772,-4.2912550000000005,Gen 91
MOL_00383,COc1nc(C)c(C)c(C2CCC(C)C2C(C)=O)c1C(=O)CC(C)C,-8.785,-6.287,2.498,-4.290255000000001,Gen 121
MOL_00384,COc1c(-c2ccnc(C)c2C(=O)CCC(C)C)ccnc1C,-9.511,-6.514,2.996999999999999,-4.28872,Gen 72
MOL_00385,COC(=O)c1ccncc1C1CCC(F)C1C(=O)CC(F)(F)F,-8.431,-5.918,2.513,-4.288399999999999,Fase 1_Lote Inicial
MOL_00386,COC1CCC(C)C1c1ccncc1C(=O)CC(C)C,-8.653,-6.212,2.4410000000000007,-4.285380000000001,Gen 100
MOL_00387,CC(F)CC(=O)C1C(C)CCC1c1cnccc1C=NO,-8.392,-5.87,2.522,-4.2829999999999995,Fase 1_Lote Inicial
MOL_00388,COc1nc(C)c(C)c(C(C)=O)c1C(=O)CC(C)C,-8.154,-5.53,2.624,-4.2829999999999995,Gen 121
MOL_00389,COc1nc(O)c(C2CCC(C)C2C(=O)CC(C)C)c(C(C)=O)c1F,-8.572,-6.13,2.442,-4.281,Gen 140
MOL_00390,CCC1CCC(c2c(C)ncc(C3CC3)c2C#N)C1C(N)=O,-8.721,-6.26,2.4610000000000003,-4.278500000000001,Gen 29
MOL_00391,CCc1ncc(C2CCC(C)C2C(=O)CC(C)C)c(C(C)=O)c1O,-8.598,-6.169,2.429000000000001,-4.277895000000001,Gen 47
MOL_00392,COc1c(-c2cnccc2C2C(C)CCC2C(C)=O)ccnc1C,-9.49,-6.512,2.9780000000000006,-4.276380000000003,Gen 122
MOL_00393,CC(=O)c1cnccc1-c1cncc(C2CC2)c1C1CC1,-8.581,-6.152,2.4289999999999994,-4.274579999999999,Gen 73
MOL_00394,CCC(=O)c1cncc(C2CC2)c1C1CCC(C)C1C(C)=O,-8.649,-6.219,2.429999999999999,-4.271894999999999,Gen 73
MOL_00395,CC(=O)c1c(C2C(C)CCC2C(C)=O)nc(C)c(C)c1C(C)=O,-8.827,-6.315,2.512,-4.2703750000000005,Gen 155
MOL_00396,CC1CCC(c2cnccc2C=O)C1C(=O)C1CC1,-8.543,-6.105,2.438,-4.269499999999999,Fase 2_Seletividade
MOL_00397,O=C(C1CC1)C1C(F)CCC1c1cnccc1CF,-8.232,-5.661,2.571,-4.269299999999999,Fase 2_Seletividade
MOL_00398,CC1CCC(c2cnccc2CF)C1C(=O)O,-8.387,-5.883,2.504,-4.2689,Fase 2_Seletividade
MOL_00399,C=CCC(=O)C1C(C)CCC1c1cnccc1C=C,-8.326,-5.796,2.53,-4.268800000000001,Fase 1_Lote Inicial
MOL_00400,CC(=O)c1cncc(C2CC2)c1C1CCC(C)C1C(=O)CC(C)C,-8.859,-6.329,2.53,-4.2684950000000015,Gen 73
MOL_00401,COc1nc(OC)c(C2CCC(C)C2C(=O)CCC(C)C)c(C=CF)c1O,-8.701,-6.255,2.4460000000000006,-4.267375000000001,Gen 34
MOL_00402,C=Cc1ccncc1C1CCC(C)C1C(=O)CC,-8.411,-5.922,2.489,-4.2656,Fase 1_Lote Inicial
MOL_00403,COc1ccncc1-c1c(C(=O)CC(C)C)cncc1C1CC1,-8.543,-6.114,2.4289999999999994,-4.263199999999999,Gen 48
MOL_00404,CC(C)C(=O)C1C(F)CCC1c1cnccc1N,-8.3,-5.767,2.533,-4.2631000000000006,Fase 3_Super Elite
MOL_00405,CCC(=O)C1C(F)CCC1c1cnccc1C1CC1,-8.432,-5.959,2.473,-4.260700000000001,Fase 2_Seletividade
MOL_00406,CC(=O)c1nc(C)c(C)c(C(=O)C(C)C(C)C)c1C(=O)CC(C)C,-8.595,-6.184,2.4110000000000005,-4.260420000000001,Gen 121
MOL_00407,CCC(=O)c1ccncc1-c1c(C(C)=O)cncc1C(=O)CC(C)C,-8.532,-6.103,2.4290000000000003,-4.259900000000001,Gen 48
MOL_00408,CC1CCC(c2cnccc2C2CC2)C1C(N)=O,-8.528,-6.099,2.429,-4.258700000000001,Fase 2_Seletividade
MOL_00409,CCC(=O)c1cncc(C(C)=O)c1C1C(C)CCC1OC,-8.257,-5.716,2.5409999999999995,-4.2558,Gen 79
MOL_00410,CC(C)C(=O)C1C(C)CCC1c1cnccc1C(F)F,-9.043,-6.399,2.644,-4.2536950000000004,Fase 3_Super Elite
MOL_00411,COc1cncc(C2CC2)c1C1C(C)CCC1OC,-8.219,-5.665,2.5539999999999994,-4.2535,Gen 79
MOL_00412,CC(=O)c1nc(C)c(C)c(C(=O)CCC(C)C)c1C(C)=O,-8.3,-5.793,2.507000000000001,-4.244900000000001,Gen 110
MOL_00413,CCCCC(=O)C1C(C)CCC1c1cnc(OC)cc1C=CF,-9.27,-6.466,2.8039999999999994,-4.24452,Gen 22
MOL_00414,COc1cnccc1-c1ccncc1-c1cnccc1C(=O)CCC(C)C,-9.239,-6.458,2.7810000000000006,-4.244080000000001,Gen 64
MOL_00415,COC1C(C)CCC1c1c(C)c(C)nc(C(C)=O)c1C(C)=O,-8.605,-6.207,2.398000000000001,-4.243855000000001,Gen 94
MOL_00416,CCCC(=O)c1c(C(C)=O)nc(C)c(C)c1C1CCC(C)C1OC,-8.616,-6.216,2.3999999999999995,-4.2430200000000005,Gen 96
MOL_00417,CCC(=O)c1c(C2CCC(C)C2C(C)=O)nc(C)c(C)c1OC,-8.34,-5.853,2.487,-4.242900000000001,Gen 98
MOL_00418,CCCCCC(C)C(=O)C1C(C)CCC1c1c(OC)nc(O)c(Cl)c1C=CF,-8.967,-6.378,2.5890000000000004,-4.242480000000001,Gen 40
MOL_00419,COc1c(C=CF)cc(C(=O)C(C)C(C)C)nc1C(=O)C(C)C(C)C,-9.43,-6.506,2.9239999999999995,-4.24212,Gen 130
MOL_00420,O=C(O)C(=O)C1C(F)CCC1c1cnccc1CF,-8.559,-6.167,2.392,-4.240655,Fase 2_Seletividade
MOL_00421,CC1CCC(c2cnccc2C#N)C1C(=O)CC(F)(F)F,-8.543,-6.149,2.394,-4.2387,Fase 1_Lote Inicial
MOL_00422,CC1CCC(c2cnccc2C=CF)C1C(=O)CC(F)(F)F,-8.935,-6.369,2.566,-4.236895000000002,Fase 1_Lote Inicial
MOL_00423,CC(C)CCC(=O)C1CCC(C)C1C(=O)CCC(C)C,-8.058,-5.461,2.5969999999999995,-4.2353000000000005,Gen 127
MOL_00424,COc1ccnc(C)c1-c1cc(C=CF)c(C(=O)C(C)C(C)C)c(OC)n1,-8.647,-6.242,2.405,-4.235280000000001,Gen 75
MOL_00425,O=Cc1ccncc1C1CCC(F)C1C(=O)C1CCC1,-8.313,-5.826,2.487,-4.234800000000001,Fase 2_Seletividade
MOL_00426,CCC1CCC(c2cnccc2C=NO)C1C(=O)CC(C)C,-8.688,-6.266,2.422,-4.234520000000002,Fase 4_Mutantes Geração 2
MOL_00427,CCOc1ncc(C2CCC(C)C2C(=O)CC(C)C)c(C(C)=O)c1O,-8.483,-6.071,2.412000000000001,-4.233300000000001,Gen 60
MOL_00428,O=Cc1ccncc1C1CCC(F)C1C(=O)C1CC1,-8.495,-6.091,2.404,-4.231299999999999,Fase 2_Seletividade
MOL_00429,CCC(=O)c1cncc(C2C(C)CCC2C(C)=O)c1C1CC1,-8.551,-6.17,2.381,-4.23,Gen 67
MOL_00430,COc1c(C)c(C)nc(C2C(C)CCC2OC)c1C(=O)CC(C)C,-8.313,-5.833,2.4800000000000004,-4.229900000000001,Gen 155
MOL_00431,CC1CCC(c2cnccc2C#N)C1C(=O)CC1CC1,-8.166,-5.625,2.541,-4.2285,Fase 1_Lote Inicial
MOL_00432,COc1nc(C)c(C2CCC(C)C2C(=O)CC(C)C)c(C(C)=O)c1F,-8.932,-6.371,2.561,-4.228095000000001,Gen 76
MOL_00433,CCC(=O)c1c(C2CCC(C)C2C(=O)CC)nc(C)c(C)c1OC,-8.437,-6.013,2.4239999999999995,-4.2279,Gen 98
MOL_00434,COC(=O)C1C(F)CCC1c1cnccc1F,-8.092,-5.521,2.571,-4.227300000000001,Fase 3_Super Elite
MOL_00435,CCC(=O)c1c(C2CCC(C)C2C(=O)CC(C)C)cnc(C)c1OC,-8.618,-6.229,2.389,-4.226495000000001,Gen 53
MOL_00436,COC1CCC(C)C1c1c(C)c(C)nc(C(C)=O)c1C(=O)CC(C)C,-8.93,-6.371,2.559,-4.226095,Gen 121
MOL_00437,COc1c(-c2c(C)c(C)nc(C(C)=O)c2OC)ccnc1C,-8.384,-5.941,2.4430000000000005,-4.225300000000001,Gen 139
MOL_00438,C=C=Cc1ccncc1C1CCC(F)C1C(=O)CC(F)(F)F,-8.705,-6.28,2.425,-4.2245,Fase 1_Lote Inicial
MOL_00439,COc1ncc(C2CCC(C)C2C(=O)C(C)C(C)C)c(C(C)=O)c1O,-9.313,-6.482,2.8310000000000004,-4.224480000000002,Gen 86
MOL_00440,[C-]#[N+]c1ccncc1C1CCC(C)C1C(=O)C(C)=CC,-8.489,-6.093,2.396,-4.223900000000001,Fase 1_Lote Inicial
MOL_00441,CCC=CC(=O)C1C(C)CCC1c1cnccc1C=O,-8.253,-5.758,2.495,-4.2224,Fase 1_Lote Inicial
MOL_00442,CC(C)C(=O)C1C(CF)CCC1c1cnccc1N,-8.365,-5.918,2.447,-4.2224,Fase 2_Seletividade
MOL_00443,CCC(=O)c1ccncc1-c1ccncc1C(C)=O,-8.205,-5.691,2.514,-4.2213,Gen 70
MOL_00444,O=C(C1CCC1)C1C(F)CCC1c1cnccc1S,-8.597,-6.218,2.379,-4.22128,Fase 2_Seletividade
MOL_00445,N#Cc1ccncc1C1CCC(CF)C1C(=O)C1CCC1,-8.956,-6.382,2.574,-4.219480000000002,Fase 2_Seletividade
MOL_00446,CCCC(=O)c1ccncc1C1CCC(C)C1C(=O)CC(C)C,-8.66,-6.259,2.401,-4.219295000000001,Gen 23
MOL_00447,CCCCC(=O)C1C(CC)CCC1c1c(C=CF)cc(OC)nc1OC,-8.752,-6.305,2.447000000000001,-4.218375000000003,Gen 28
MOL_00448,CC=CC(=O)C1C(F)CCC1c1cnccc1C1CC1,-8.862,-6.35,2.512,-4.217000000000002,Fase 1_Lote Inicial
MOL_00449,CC(C)CC(=O)C1C(C)CCC1c1cnccc1C#CF,-8.415,-6.0,2.415,-4.215,Fase 1_Lote Inicial
MOL_00450,CCC(=O)C1C(CF)CCC1c1cnccc1C1CC1,-8.498,-6.12,2.378,-4.2139999999999995,Fase 3_Super Elite
MOL_00451,Cc1ncc(F)c(C=NO)c1C1CCC(C)C1C(=O)CC(C)C,-8.827,-6.338,2.489,-4.213680000000001,Gen 8
MOL_00452,CCCCC(=O)C1C(C)CCC1c1cnc(O)cc1C=CF,-8.532,-6.171,2.361,-4.210095,Gen 22
MOL_00453,CCCC(=O)C1C(C)CCC1c1cnccc1N,-8.145,-5.622,2.523,-4.2096,Fase 3_Super Elite
MOL_00454,CCCC(=O)C1C(C)CCC1c1cncc(C(F)(F)F)c1C#N,-8.613,-6.237,2.3759999999999994,-4.209255,Gen 11
MOL_00455,COC(=O)C1C(CF)CCC1c1cnccc1C(C)C,-8.239,-5.757,2.482,-4.209100000000001,Fase 2_Seletividade
MOL_00456,CCCCC(=O)C1C(C)CCC1c1cnccc1C#CF,-8.369,-5.943,2.426,-4.2089,Fase 1_Lote Inicial
MOL_00457,CC(C)C(=O)C1C(F)CCC1c1cnccc1N=[N+]=[N-],-8.6,-6.23,2.37,-4.207,Fase 1_Lote Inicial
MOL_00458,CC(=O)c1c(C2CCC(C)C2C(N)=O)cncc1C(F)(F)Cl,-9.133,-6.44,2.6929999999999987,-4.2044999999999995,Gen 43
MOL_00459,CCCC(=O)C1C(C)CCC1c1c(C=CCl)ccnc1OC,-8.496,-6.131,2.365,-4.204300000000001,Gen 30
MOL_00460,CCCC(=O)C1C(C)CCC1c1c(C#N)cc(C)nc1OCC,-8.431,-6.041,2.389999999999999,-4.202299999999999,Gen 23
MOL_00461,COc1cnccc1-c1cnccc1C(=O)CC(C)C,-8.276,-5.82,2.4559999999999995,-4.202,Gen 158
MOL_00462,Cc1nccc(C(=O)CCC(C)C)c1C(=O)C(C)C(C)C,-8.415,-6.019,2.395999999999999,-4.2017,Gen 116
MOL_00463,CC(C)C(=O)C1C(C=O)CCC1c1cnccc1CF,-8.196,-5.707,2.489,-4.2011,Fase 2_Seletividade
MOL_00464,COc1cc(C=CF)c(C2CCC(C)C2OC)c(C(C)=O)n1,-8.44,-6.058,2.382,-4.1994,Gen 159
MOL_00465,COc1nc(C)c(C)c(C2CCC(C)C2OC)c1OC,-8.263,-5.809,2.454,-4.1967,Gen 90
MOL_00466,COc1ccncc1C1C(C)CCC1c1cnccc1C(C)=O,-8.717,-6.299,2.418,-4.196695,Gen 133
MOL_00467,CC(C)C(=O)C1C(C)CCC1c1cnccc1Br,-8.197,-5.717,2.48,-4.1951,Fase 3_Super Elite
MOL_00468,O=CC1CCC(c2cnccc2C2CC2)C1C(=O)C1CCC1,-8.494,-6.145,2.349,-4.192500000000001,Fase 2_Seletividade
MOL_00469,CCC(C)CC(=O)C1C(C)CCC1c1cncc(C(F)(F)Cl)c1C(C)=O,-8.584,-6.229,2.3549999999999995,-4.192495,Gen 43
MOL_00470,COc1cncc(C2CC2)c1C1C(C)CCC1C(C)=O,-8.446,-6.081,2.365,-4.189299999999999,Gen 79
MOL_00471,COc1c(O)c(C)nc(O)c1C1CCC(C)C1OC,-8.402,-6.024,2.3779999999999992,-4.185199999999999,Gen 129
MOL_00472,CCC(=O)c1c(C)cncc1C1CCC(C)C1C(=O)CC(C)C,-8.694,-6.295,2.399000000000001,-4.182375000000002,Gen 47
MOL_00473,CC(=O)c1cc(C(F)(F)F)ncc1C1CCC(C)C1C(=O)CC(C)C,-9.643,-6.566,3.077000000000001,-4.1815200000000035,Gen 16
MOL_00474,[C-]#[N+]c1ccncc1C1CCC(C)C1C(=O)C(F)CC,-8.421,-6.061,2.36,-4.1783,Fase 1_Lote Inicial
MOL_00475,C=CCC(=O)C1C(F)CCC1c1cnccc1C#N,-8.451,-6.104,2.347,-4.1782,Fase 1_Lote Inicial
MOL_00476,CC=CC(=O)C1C(F)CCC1c1cnccc1C(=O)OC,-8.35,-5.96,2.39,-4.178,Fase 1_Lote Inicial
MOL_00477,C=Cc1ccncc1C1CCC(C)C1C(=O)C(C)CC,-8.221,-5.776,2.445,-4.1778,Fase 1_Lote Inicial
MOL_00478,CCCCCC(=O)C1C(C)CCC1c1c(OC)ncc(Cl)c1C=CF,-8.241,-5.805,2.436,-4.1775,Gen 32
MOL_00479,COc1cc(C=CF)c(OC)c(C(=O)C(C)C(C)C)n1,-8.532,-6.203,2.329,-4.175854999999999,Gen 130
MOL_00480,CC(=O)c1c(Cl)c(O)nc(C)c1C1CCC(C)C1C(=O)C(C)C(C)C,-8.74,-6.319,2.4210000000000003,-4.173895000000002,Gen 132
MOL_00481,CCOC(=O)C1C(C)CCC1c1cnccc1F,-8.164,-5.701,2.463,-4.1733,Fase 2_Seletividade
MOL_00482,CCCC(=O)C1C(CC)CCC1c1cnccc1C#CF,-8.184,-5.73,2.454,-4.172999999999999,Fase 1_Lote Inicial
MOL_00483,Cc1ccncc1C1CCC(C)C1C(=O)C(=O)O,-8.36,-5.984,2.376,-4.1712,Fase 2_Seletividade
MOL_00484,O=C(O)C(=O)C1C(CF)CCC1c1cnccc1C(F)F,-8.458,-6.125,2.333,-4.1705000000000005,Fase 2_Seletividade
MOL_00485,CCc1c(O)ncc(C2CCC(C)C2C(=O)CC(C)C)c1C(C)=O,-8.615,-6.263,2.3520000000000003,-4.167055000000001,Gen 74
MOL_00486,CCC(=O)C1C(C)CCC1c1cnccc1C#N,-7.975,-5.44,2.535,-4.167,Fase 4_Mutantes Geração 2
MOL_00487,CCc1nc(O)c(F)c(C(C)=O)c1C1CCC(C)C1C(=O)C(C)C(C)C,-9.528,-6.545,2.9830000000000005,-4.166375000000003,Gen 113
MOL_00488,CC(=O)c1c(C2CC2)cncc1C1CCC(C)C1C(=O)C(C)C(C)C,-8.578,-6.243,2.334999999999999,-4.164655,Gen 42
MOL_00489,CCC(C)C(=O)C1C(C)CCC1c1c(C#N)cc(OC)nc1C(F)(F)F,-9.197,-6.468,2.728999999999999,-4.163780000000001,Gen 25
MOL_00490,CCC(=O)c1c(C2CCC(C)C2OC)nc(C)c(C)c1C(C)=O,-8.426,-6.09,2.3360000000000003,-4.163,Gen 98
MOL_00491,[C-]#[N+]c1ccncc1C1CCC(C)C1C(=O)CC(C)F,-8.408,-6.066,2.342,-4.1617999999999995,Fase 1_Lote Inicial
MOL_00492,C=Cc1ccncc1C1CCC(F)C1C(=O)C=CC,-8.129,-5.671,2.458,-4.1593,Fase 1_Lote Inicial
MOL_00493,COc1cc(C=CF)c(OC)c(C2C(C)CCC2OC)n1,-8.43,-6.103,2.327,-4.157900000000001,Gen 95
MOL_00494,CCCCC(=O)C1C(C)CCC1c1cnccc1C1CC1,-8.306,-5.929,2.377,-4.1556999999999995,Fase 1_Lote Inicial
MOL_00495,CC(C)C(=O)C1C(C)CCC1c1cnccc1C#N,-8.245,-5.843,2.402,-4.1549,Fase 2_Seletividade
MOL_00496,COc1cnccc1-c1ccncc1C(=O)C(C)C(C)C,-8.34,-5.983,2.357,-4.1519,Gen 91
MOL_00497,CCCOc1nc(C)c(C)c(C(N)=O)c1C1CCC(C)C1C(=O)CC(C)C,-9.499,-6.542,2.9570000000000007,-4.151280000000003,Gen 112
MOL_00498,O=C(O)C(=O)C1C(F)CCC1c1cnccc1F,-8.569,-6.247,2.322,-4.1490550000000015,Fase 2_Seletividade
MOL_00499,CCCC(=O)C1C(F)CCC1c1cnccc1C(F)F,-8.183,-5.765,2.418,-4.1475,Fase 3_Super Elite
MOL_00500,COC(=O)c1ccncc1C1CCC(C)C1C(=O)CC(C)F,-8.509,-6.208,2.301,-4.14658,Fase 1_Lote Inicial
MOL_00501,CCOc1cc(C=CF)c(C2CCC(C)C2C(=O)CCC(C)C)c(OC)n1,-8.722,-6.323,2.398999999999999,-4.146254999999999,Gen 32
MOL_00502,COC1CCC(C)C1c1c(C(=O)C(C)C(C)C)cncc1C1CC1,-9.304,-6.499,2.8050000000000006,-4.1456950000000035,Gen 79
MOL_00503,CCC(=O)c1ccnc(C)c1C(=O)CCC(C)C,-8.098,-5.647,2.4510000000000005,-4.145100000000001,Gen 80
MOL_00504,COc1cnccc1-c1ccncc1C1C(C)CCC1C(C)=O,-8.506,-6.207,2.2990000000000004,-4.144855000000001,Gen 133
MOL_00505,Cc1nccc(C(=O)CCC(C)C)c1C(=O)CCC(C)C,-8.251,-5.866,2.385,-4.1448,Gen 116
MOL_00506,C=CCC(=O)C1C(C)CCC1c1cnccc1C=NO,-8.061,-5.596,2.465,-4.143800000000001,Fase 1_Lote Inicial
MOL_00507,CC=C(C)C(=O)C1C(C)CCC1c1cnccc1C=NO,-8.537,-6.231,2.306,-4.142495000000001,Fase 1_Lote Inicial
MOL_00508,COc1ccncc1C1CCC(C)C1C(=O)C(=O)O,-8.37,-6.043,2.327,-4.139899999999999,Fase 2_Seletividade
MOL_00509,C=CCC(=O)C1C(F)CCC1c1cnccc1C1CC1,-8.389,-6.071,2.318,-4.1392999999999995,Fase 1_Lote Inicial
MOL_00510,CCC1CCC(c2cnccc2C#N)C1C(N)=O,-8.344,-6.007,2.337,-4.1391,Fase 2_Seletividade
MOL_00511,COc1ccncc1-c1ccnc(C)c1C(C)=O,-8.22,-5.831,2.389,-4.138300000000001,Gen 93
MOL_00512,CCC(=O)C1C(C)CCC1c1cnccc1CC,-8.248,-5.872,2.376,-4.1376,Fase 2_Seletividade
MOL_00513,Cc1ccncc1C1CCC(CF)C1C(=O)C1CC1,-8.238,-5.858,2.38,-4.1374,Fase 2_Seletividade
MOL_00514,CCC(=O)C1C(F)CCC1c1cnccc1C(F)F,-8.134,-5.71,2.424,-4.1370000000000005,Fase 3_Super Elite
MOL_00515,COc1nc(C)c(C)c(C(=O)C(C)C(C)C)c1C(=O)CC(C)C,-8.415,-6.112,2.302999999999999,-4.1366,Gen 121
MOL_00516,CC(C)CCC(=O)C1C(C)CCC1C(=O)CC(C)C,-8.188,-5.797,2.391000000000001,-4.130100000000001,Gen 127
MOL_00517,COC1C(C)CCC1c1ccncc1C(=O)CC(C)C,-8.372,-6.061,2.311,-4.129300000000001,Gen 159
MOL_00518,CC(C)CC(=O)C1C(C)CCC1c1cnccc1CF,-8.081,-5.648,2.433,-4.1274,Fase 1_Lote Inicial
MOL_00519,COC1C(C)CCC1c1c(O)nc(C)c(O)c1C(=O)C(C)C(C)C,-8.879,-6.387,2.492,-4.127255000000002,Gen 159
MOL_00520,COc1c(O)nc(C)c(O)c1C(=O)CC(C)C,-8.346,-6.028,2.3180000000000005,-4.1264,Gen 163
MOL_00521,O=C(O)C(=O)C1C(F)CCC1c1cnccc1Br,-8.384,-6.087,2.297,-4.123100000000001,Fase 2_Seletividade
MOL_00522,COc1c(C)c(C)nc(C2C(C)CCC2OC)c1C(C)=O,-8.377,-6.077,2.3000000000000007,-4.123100000000001,Gen 155
MOL_00523,CCOc1cncc(C2CCC(C)C2C(=O)CC(C)C)c1C(N)=O,-9.318,-6.508,2.81,-4.121580000000001,Gen 119
MOL_00524,COC(=O)C1C(F)CCC1c1cnccc1C(C)C,-8.353,-6.046,2.307,-4.1208,Fase 2_Seletividade
MOL_00525,CCC(=O)C1C(F)CCC1c1cnccc1C1CO1,-8.218,-5.854,2.364,-4.1202000000000005,Fase 1_Lote Inicial
MOL_00526,NC(=O)C(=O)C1C(CF)CCC1c1cnccc1C(F)F,-8.674,-6.314,2.36,-4.11972,Fase 2_Seletividade
MOL_00527,COc1ccncc1C1CCC(C)C1C(=O)C1CC1,-8.117,-5.712,2.405,-4.118600000000001,Fase 2_Seletividade
MOL_00528,COc1nc(OC)c(C2CCC(C)C2C(=O)CCC(C)C)c(C=CCl)c1O,-8.401,-6.121,2.28,-4.1163,Gen 38
MOL_00529,CC1CCC(c2cnccc2C2CO2)C1C(=O)C(C)(C)C,-8.185,-5.815,2.37,-4.1145000000000005,Fase 1_Lote Inicial
MOL_00530,N#Cc1ccncc1C1CCC(S)C1C(N)=O,-8.264,-5.929,2.335,-4.1137,Fase 2_Seletividade
MOL_00531,CC(C)c1ccncc1C1CCC(O)C1C(=O)C1CCC1,-8.366,-6.075,2.291,-4.1135,Fase 2_Seletividade
MOL_00532,CCC(=O)c1c(O)c(C)nc(O)c1C1CCC(C)C1C(=O)CC(C)C,-9.619,-6.575,3.044,-4.1133750000000004,Gen 106
MOL_00533,COc1nc(C(C)=O)cc(C=CF)c1C(=O)CCC(C)C,-8.255,-5.917,2.338000000000001,-4.113100000000001,Gen 103
MOL_00534,O=CC1CCC(c2cnccc2CF)C1C(=O)C(=O)O,-8.101,-5.7,2.401,-4.111000000000001,Fase 2_Seletividade
MOL_00535,CC=CC(=O)C1C(F)CCC1c1cnccc1C=O,-8.126,-5.736,2.39,-4.1108,Fase 1_Lote Inicial
MOL_00536,CCC(=O)C1C(F)CCC1c1cnccc1C=CF,-8.249,-5.912,2.337,-4.110600000000001,Fase 4_Mutantes Geração 2
MOL_00537,CC1CCC(c2cnccc2CF)C1C(=O)C(=O)O,-8.478,-6.212,2.266,-4.11038,Fase 2_Seletividade
MOL_00538,[C-]#[N+]c1ccncc1C1CCC(C)C1C(=O)C=CCC,-8.373,-6.093,2.28,-4.1079,Fase 1_Lote Inicial
MOL_00539,CCC=CC(=O)C1C(C)CCC1c1cnccc1C(F)F,-8.333,-6.039,2.294,-4.105700000000001,Fase 1_Lote Inicial
MOL_00540,CCC(=O)c1cncc(C(C)=O)c1C1C(C)CCC1C(=O)CC,-8.365,-6.086,2.279,-4.1048,Gen 52
MOL_00541,CC(=O)c1cc(C=CF)c(-c2cnccc2C(C)=O)c(C(=O)C(C)C(C)C)n1,-9.197,-6.483,2.7139999999999995,-4.104455000000002,Gen 140
MOL_00542,CC(C)CCC(=O)c1ccncc1C(=O)CCC(C)C,-8.163,-5.799,2.364,-4.1037,Gen 64
MOL_00543,CCCCCCC(=O)C1C(C)CCC1c1c(OC)nc(O)c(Cl)c1C=CCl,-8.231,-5.897,2.334,-4.1030999999999995,Gen 41
MOL_00544,CCCCC(=O)C1C(C)CCC1c1c(OCC)ncc(F)c1C=CF,-8.69,-6.329,2.361,-4.099495000000001,Gen 27
MOL_00545,COC(=O)c1ccncc1C1CCC(C)C1C(=O)CC1CCC1F,-8.649,-6.312,2.337,-4.099379999999999,Fase 1_Lote Inicial
MOL_00546,COc1nc(C(=O)CCC(C)C)cc(C=CF)c1C(=O)CC(C)C,-8.351,-6.077,2.274000000000001,-4.097100000000001,Gen 120
MOL_00547,CC(C)CC(=O)c1ccncc1C(=O)C(C)C(C)C,-8.163,-5.809,2.354,-4.0967,Gen 91
MOL_00548,COC(=O)C1C(F)CCC1c1cnccc1CF,-8.082,-5.694,2.388,-4.096200000000001,Fase 2_Seletividade
MOL_00549,COc1nc(C)c(C)c(C(=O)CCC(C)C)c1C(C)=O,-8.098,-5.72,2.378000000000001,-4.094000000000001,Gen 143
MOL_00550,CCCC(=O)C1C(C)CCC1c1cnccc1C(F)F,-8.197,-5.862,2.335,-4.0935999999999995,Fase 1_Lote Inicial
MOL_00551,O=C(O)C(=O)C1C(F)CCC1c1cnccc1C1CC1,-8.4,-6.153,2.247,-4.092855000000001,Fase 2_Seletividade
MOL_00552,CCC(=O)c1cncc(C2CCC(C)C2C(=O)CC)c1C(C)=O,-8.364,-6.109,2.255000000000001,-4.087700000000001,Gen 51
MOL_00553,COc1nc(OC)c(C2CCC(C)C2C(=O)CCC(C)C)c(C=CF)c1OC,-8.238,-5.929,2.309,-4.0877,Gen 32
MOL_00554,COc1cncc(C(=O)C(C)C(C)C)c1C1C(C)CCC1C(C)=O,-8.361,-6.105,2.256,-4.0875,Gen 79
MOL_00555,CC1CCC(c2cnccc2CF)C1C(=O)C(N)=O,-8.68,-6.33,2.35,-4.087,Fase 2_Seletividade
MOL_00556,CC(=O)c1c(C2CCC(C)C2C(=O)C(C)C(C)C)cnc(C)c1O,-9.004,-6.437,2.567,-4.086255,Gen 117
MOL_00557,CC(=O)c1ccnc(C)c1C(=O)C(C)C(C)C,-7.812,-5.327,2.4850000000000003,-4.0831,Gen 141
MOL_00558,CC(C)C(=O)C1C(C#N)CCC1c1cnccc1C=O,-8.385,-6.146,2.239,-4.0828,Fase 2_Seletividade
MOL_00559,CC(=O)C1CCC(C)C1C(=O)CCC(C)C,-7.553,-4.959,2.5940000000000003,-4.0817000000000005,Gen 127
MOL_00560,CCC(C)C(=O)C1C(C)CCC1c1cnccc1C=O,-8.126,-5.779,2.347,-4.080699999999999,Fase 1_Lote Inicial
MOL_00561,CC1CCC(c2cnccc2F)C1C(=O)C(N)=O,-8.4,-6.171,2.229,-4.078095,Fase 3_Super Elite
MOL_00562,COC(=O)c1ccncc1C1CCC(C)C1C(=O)CC(C)C,-8.254,-5.966,2.288,-4.0778,Fase 1_Lote Inicial
MOL_00563,COC1CCC(c2cnccc2C)C1C(=O)C(N)=O,-8.255,-5.97,2.285,-4.076000000000001,Fase 2_Seletividade
MOL_00564,CCC(=O)C1CCC(C)C1c1c(C(C)=O)cncc1C1CC1,-9.367,-6.53,2.8370000000000006,-4.074000000000002,Gen 52
MOL_00565,COC(=O)C1C(F)CCC1c1cnccc1C#N,-8.082,-5.727,2.355,-4.073100000000001,Fase 2_Seletividade
MOL_00566,COc1c(C)c(C)nc(C(=O)CC(C)C)c1C1C(C)CCC1OC,-8.353,-6.115,2.2379999999999995,-4.0725,Gen 115
MOL_00567,CC=CC(=O)C1C(C)CCC1c1cnccc1C=O,-8.07,-5.713,2.357,-4.0709,Fase 1_Lote Inicial
MOL_00568,CCC1CCC(c2cnccc2C2CC2)C1C(N)=O,-8.51,-6.259,2.251,-4.069295,Fase 2_Seletividade
MOL_00569,CCCC(=O)C1C(F)CCC1c1cnccc1N,-8.213,-5.92,2.293,-4.068999999999999,Fase 2_Seletividade
MOL_00570,CC(F)CC(=O)C1C(C)CCC1c1cnccc1C=CF,-8.751,-6.364,2.387,-4.067220000000001,Fase 1_Lote Inicial
MOL_00571,Cc1nc(C2CC2)c(C2CCC(C)C2C(=O)CC(C)C)c(C=NO)c1C1CC1,-8.918,-6.418,2.499999999999999,-4.066280000000001,Gen 34
MOL_00572,CCC1CCC(c2cnccc2C#N)C1C(=O)OC,-8.074,-5.728,2.346,-4.0644,Fase 2_Seletividade
MOL_00573,CC1CCC(c2cnccc2C2CC2)C1C(=O)C=O,-8.298,-6.048,2.25,-4.0644,Fase 2_Seletividade
MOL_00574,CCC(F)C(=O)C1C(C)CCC1c1cnccc1C1CC1,-8.311,-6.067,2.244,-4.0641,Fase 1_Lote Inicial
MOL_00575,COc1nc(C2CCC(C)C2OC)cc(C=CF)c1C(C)=O,-8.859,-6.401,2.458,-4.063295000000002,Gen 97
MOL_00576,C=CCC(=O)C1C(F)CCC1c1cnccc1C=O,-7.793,-5.337,2.456,-4.0571,Fase 1_Lote Inicial
MOL_00577,CCC(=O)C1C(C)CCC1c1cnccc1CF,-7.683,-5.18,2.503,-4.057,Fase 1_Lote Inicial
MOL_00578,CC(=O)c1c(F)c(F)nc(F)c1C1CCC(C)C1C(=O)CC(C)C,-9.47,-6.556,2.9140000000000006,-4.056620000000002,Gen 31
MOL_00579,CCCC(=O)C1C(C)CCC1c1cnccc1C1CO1,-8.351,-6.135,2.216,-4.0565000000000015,Fase 1_Lote Inicial
MOL_00580,CC(=O)c1c(C2CCC(C)C2C(=O)CC(C)C)cnc(Cl)c1Cl,-8.965,-6.435,2.53,-4.054375000000003,Gen 38
MOL_00581,CCC(=O)c1cc(C=CF)c(C2CCC(C)C2OC)c(OC)n1,-8.532,-6.279,2.253,-4.053495000000001,Gen 90
MOL_00582,CCC(=O)C1C(C)CCC1C(=O)CC(C)C,-7.626,-5.106,2.5200000000000005,-4.0518,Gen 51
MOL_00583,CC(=O)C1C(C)CCC1c1cncc(C2CC2)c1C1CC1,-8.645,-6.331,2.313999999999999,-4.049494999999999,Gen 73
MOL_00584,CCC(=O)C1C(F)CCC1c1cnccc1CC,-8.216,-5.954,2.262,-4.0482,Fase 2_Seletividade
MOL_00585,CCC(=O)c1cncc(C2C(C)CCC2C(C)=O)c1C(=O)CC,-8.127,-5.832,2.295000000000001,-4.044600000000001,Gen 67
MOL_00586,COC1CCC(C)C1c1c(O)c(C)nc(O)c1C1CCC(C)C1OC,-8.973,-6.44,2.5330000000000004,-4.044500000000001,Gen 115
MOL_00587,CC(=O)c1c(F)c(F)nc(Cl)c1C1CCC(C)C1C(=O)CC(C)C,-9.153,-6.487,2.6660000000000004,-4.0442550000000015,Gen 37
MOL_00588,CC1CCCC1C(=O)C1CC1c1cnccc1C1CO1,-8.29,-6.067,2.223,-4.043099999999999,Fase 1_Lote Inicial
MOL_00589,CC=C(C)C(=O)C1C(C)CCC1c1cnccc1CF,-8.306,-6.091,2.215,-4.042299999999999,Fase 1_Lote Inicial
MOL_00590,CCCC(=O)c1c(C2CCC(C)C2C(=O)CC(C)C)cnc(O)c1O,-8.893,-6.418,2.4750000000000005,-4.041280000000002,Gen 61
MOL_00591,COc1c(C)c(C)nc(C2C(C)CCC2C(C)=O)c1C(C)=O,-8.199,-5.942,2.257,-4.0396,Gen 155
MOL_00592,C=CCC(=O)C1C(F)CCC1c1cnccc1C=C,-7.855,-5.454,2.401,-4.0372,Fase 1_Lote Inicial
MOL_00593,CC(=O)c1c(O)cncc1C1CCC(C)C1C(=O)C(C)C(C)C,-9.618,-6.59,3.0280000000000005,-4.037000000000003,Gen 57
MOL_00594,CC=C(C)C(=O)C1C(C)CCC1c1cnccc1C(F)F,-8.217,-5.973,2.244,-4.035900000000001,Fase 1_Lote Inicial
MOL_00595,CCC(=O)c1c(F)c(Cl)nc(F)c1C1CCC(C)C1C(=O)C(C)C(C)C,-9.441,-6.555,2.886000000000001,-4.032375000000004,Gen 34
MOL_00596,O=C(O)C1C(CF)CCC1c1cnccc1C1CC1,-8.294,-6.09,2.204,-4.031000000000001,Fase 2_Seletividade
MOL_00597,CCc1ccncc1C1CCC(C)C1C(=O)OC,-7.968,-5.626,2.342,-4.0298,Fase 2_Seletividade
MOL_00598,COc1ccnc(C)c1C(=O)C(C)C(C)C,-7.383,-4.792,2.591,-4.028600000000001,Gen 141
MOL_00599,CC(C)CC(=O)C1CCC(C)C1C(=O)CC(C)C,-8.016,-5.697,2.319,-4.0281,Gen 65
MOL_00600,CC1CCC(c2cnccc2C=O)C1C(=O)C1CCC1,-8.06,-5.763,2.297,-4.025900000000001,Fase 2_Seletividade
MOL_00601,COc1nc(C)c(C)c(C(=O)CC(C)C)c1C(=O)CC(C)C,-8.245,-6.028,2.217,-4.025399999999999,Gen 121
MOL_00602,CC1CCC(c2cnccc2C(F)F)C1C(N)=O,-8.366,-6.191,2.175,-4.023895,Fase 2_Seletividade
MOL_00603,N#Cc1ccncc1C1CCC(F)C1C(=O)C1CC1,-8.371,-6.197,2.174,-4.022055000000001,Fase 2_Seletividade
MOL_00604,CC(C)c1ccncc1C1CCC(F)C1C(=O)C(N)=O,-8.725,-6.371,2.354,-4.021095,Fase 2_Seletividade
MOL_00605,CCCC(=O)C1C(C)CCC1c1cnccc1C=CF,-8.228,-6.014,2.214,-4.0182,Fase 1_Lote Inicial
MOL_00606,CCC(=O)c1c(F)c(Cl)nc(F)c1C1CCC(CC)C1C(=O)CC(C)C,-9.222,-6.51,2.712,-4.017000000000002,Gen 34
MOL_00607,CC(=O)c1ccnc(C)c1C1CCC(C)C1C(=O)CCC(C)C,-8.14,-5.89,2.250000000000001,-4.017000000000001,Gen 150
MOL_00608,COC1C(C)CCC1C(=O)CCC(C)C,-7.498,-4.973,2.5250000000000004,-4.016900000000001,Gen 90
MOL_00609,CCc1ccncc1C1CCC(F)C1C(=O)C(C)C,-8.331,-6.164,2.167,-4.01522,Fase 2_Seletividade
MOL_00610,CCC(=O)c1c(C2CCC(C)C2C(=O)CC(C)C)cncc1C(F)(F)Cl,-8.503,-6.284,2.2190000000000003,-4.014420000000001,Gen 43
MOL_00611,COc1cnccc1C1CCC(C)C1OC,-7.704,-5.277,2.427,-4.0100999999999996,Gen 159
MOL_00612,COc1nc(C)c(C)c(-c2ccnc(C)c2OC)c1OC,-8.134,-5.893,2.2410000000000005,-4.008900000000001,Gen 139
MOL_00613,Cc1cc(C=NO)c(C2CCC(C)C2C(=O)C(C)C(C)C)c(C)n1,-9.867,-6.642,3.2250000000000005,-4.007280000000001,Gen 41
MOL_00614,C=C=Cc1ccncc1C1CCC(C)C1C(=O)C(=CC)CC,-8.444,-6.257,2.187000000000001,-4.0068550000000025,Gen 8
MOL_00615,COc1c(F)ncc(C2CCC(C)C2C(=O)CC(C)C)c1C(N)=O,-8.773,-6.392,2.381,-4.00578,Gen 43
MOL_00616,CC1CCC(c2cnccc2C(F)F)C1C(=O)CC1CC1,-8.237,-6.047,2.19,-4.0041,Fase 1_Lote Inicial
MOL_00617,O=C(C1CC1)C1C(F)CCC1c1cnccc1C1CC1,-8.702,-6.369,2.333,-4.003895000000002,Fase 2_Seletividade
MOL_00618,CC(C)C(=O)C1C(C)CCC1c1cnccc1I,-8.074,-5.815,2.259,-4.0035,Fase 3_Super Elite
MOL_00619,C=CCC(=O)C1C(F)CCC1c1cnccc1C=NO,-8.055,-5.79,2.265,-4.002,Fase 1_Lote Inicial
MOL_00620,CCCC(=O)C1C(S)CCC1c1cnccc1C=O,-7.744,-5.347,2.397,-4.001099999999999,Fase 2_Seletividade
MOL_00621,CC(C)C(=O)C1C(C)CCC1c1cnccc1CF,-8.197,-5.997,2.2,-3.9990999999999994,Fase 3_Super Elite
MOL_00622,CCCC(=O)C1C(C)CCC1c1cnccc1C=O,-7.674,-5.25,2.424,-3.9990000000000006,Fase 1_Lote Inicial
MOL_00623,COc1nc(C)c(C)c(-c2ccnc(C)c2C(C)=O)c1C(=O)CC(C)C,-8.79,-6.4,2.389999999999999,-3.9974999999999996,Gen 121
MOL_00624,CCC(C)CC(=O)C1C(C)CCC1c1cnc(Cl)c(F)c1C(C)=O,-8.45,-6.267,2.182999999999999,-3.994655,Gen 38
MOL_00625,CC(C)C(=O)C1C(N)CCC1c1cnccc1C1CC1,-8.327,-6.182,2.145,-3.9944800000000003,Fase 2_Seletividade
MOL_00626,COC(=O)C1C(C)CCC1c1cnccc1CF,-7.992,-5.715,2.277,-3.9915000000000003,Fase 2_Seletividade
MOL_00627,CCc1ccncc1C1CCC(C)C1C(=O)C=O,-7.901,-5.586,2.315,-3.9907999999999997,Fase 2_Seletividade
MOL_00628,COc1cnccc1-c1nc(C)c(C)c(OC)c1C(=O)C(C)C(C)C,-9.333,-6.541,2.792,-3.9898950000000006,Gen 162
MOL_00629,CC(C)CC(=O)c1cnccc1C(=O)C(C)C(C)C,-8.063,-5.819,2.2440000000000007,-3.989700000000001,Gen 113
MOL_00630,C=C=Cc1ccncc1C1CCC(C)C1C(=O)C(F)CC,-8.492,-6.291,2.201,-3.988895000000001,Fase 1_Lote Inicial
MOL_00631,CCC(=O)c1c(C(C)=O)nc(C)c(C)c1C(=O)CC(C)C,-8.062,-5.819,2.2429999999999994,-3.9886999999999997,Gen 98
MOL_00632,[C-]#[N+]c1ccncc1C1CCC(F)C1C(=O)CC,-8.139,-5.931,2.208,-3.9872999999999994,Fase 1_Lote Inicial
MOL_00633,COc1ccncc1C1CCC(F)C1C(=O)C(C)C,-7.953,-5.666,2.287,-3.9868,Fase 2_Seletividade
MOL_00634,CCC(=O)C1C(F)CCC1c1cnccc1C#CF,-7.968,-5.689,2.279,-3.9857,Fase 1_Lote Inicial
MOL_00635,CC(=O)C1C(F)CCC1c1cnccc1CF,-8.107,-5.889,2.218,-3.9846999999999992,Fase 2_Seletividade
MOL_00636,CCCCCCCC(=O)C1C(C)CCC1c1c(OC)ncc(F)c1C=CF,-8.041,-5.799,2.242,-3.9817,Gen 29
MOL_00637,COc1c(F)nc(F)c(C2CCC(C)C2C(=O)CC(C)C)c1C(C)=O,-9.874,-6.648,3.226000000000001,-3.9803800000000047,Gen 43
MOL_00638,CCC(=O)c1ccnc(C)c1C(=O)CC(C)C,-7.887,-5.581,2.305999999999999,-3.9802999999999997,Gen 80
MOL_00639,CCc1ccncc1C1CCC(F)C1C(=O)C(N)=O,-8.296,-6.165,2.131,-3.979374999999999,Fase 2_Seletividade
MOL_00640,CC(=O)c1c(O)nc(C)c(O)c1C1CCC(C)C1C(C)=O,-8.922,-6.444,2.4780000000000006,-3.979020000000002,Gen 123
MOL_00641,O=C(C1CCC1)C1C(CF)CCC1c1cnccc1O,-8.399,-6.248,2.151,-3.9773799999999992,Fase 2_Seletividade
MOL_00642,CCC(C)C(=O)C1C(C)CCC1c1c(C#N)ccnc1O,-8.39,-6.243,2.147,-3.976655000000001,Gen 22
MOL_00643,c1cc(-c2cncc(C3CC3)c2C2CC2)c(C2CC2)cn1,-9.366,-6.551,2.8149999999999995,-3.9762950000000004,Gen 73
MOL_00644,O=C(C1CC1)C1C(F)CCC1c1cnccc1F,-8.393,-6.247,2.146,-3.9730550000000013,Fase 3_Super Elite
MOL_00645,CC(=O)c1nc(C(=O)CC(C)C)cc(C=CF)c1C(=O)CC(C)C,-8.582,-6.337,2.245000000000001,-3.971255000000003,Gen 96
MOL_00646,CC(=O)c1c(C(=O)CCC(C)C)ccnc1C,-7.841,-5.529,2.3120000000000003,-3.9707000000000003,Gen 116
MOL_00647,N#Cc1ccncc1C1CCC(N)C1C(=O)C1CC1,-8.132,-5.949,2.183,-3.9677,Fase 2_Seletividade
MOL_00648,COC1CCC(c2cnccc2C)C1C(=O)C1CCC1,-8.083,-5.88,2.203,-3.9670000000000005,Fase 2_Seletividade
MOL_00649,COc1nc(C)c(C)c(-c2ccnc(C)c2OC)c1C(C)=O,-8.18,-6.021,2.159,-3.9653,Gen 139
MOL_00650,COc1ccncc1-c1c(OC)nc(C)c(C)c1C(=O)CC(C)C,-8.409,-6.261,2.148000000000001,-3.9646950000000007,Gen 164
MOL_00651,CC1CCC(c2cnccc2C2CC2)C1C(=O)C1CC1,-8.193,-6.043,2.15,-3.9628999999999994,Fase 3_Super Elite
MOL_00652,C=C=Cc1ccncc1C1CCC(F)C1C(=O)C(C)C,-8.532,-6.321,2.211,-3.961095000000001,Fase 1_Lote Inicial
MOL_00653,COc1nc(C(=O)CCC(C)C)cc(C=CF)c1C(C)=O,-8.098,-5.911,2.187000000000001,-3.960300000000001,Gen 120
MOL_00654,CCCC(=O)C1C(F)CCC1c1cnccc1C1CC1,-8.146,-5.98,2.166,-3.960000000000001,Fase 1_Lote Inicial
MOL_00655,CCC(=O)C1C(CF)CCC1c1cnccc1I,-8.118,-5.94,2.178,-3.96,Fase 3_Super Elite
MOL_00656,COc1nc(C)c(C)c(C(=O)CC(C)C)c1C1C(C)CCC1OC,-8.174,-6.021,2.153,-3.9593,Gen 164
MOL_00657,CCC(=O)C1C(C)CCC1c1cnccc1N,-8.031,-5.821,2.21,-3.9563000000000006,Fase 3_Super Elite
MOL_00658,COc1cc(C=CF)c(OC)c(C2CCC(C)C2OC)n1,-8.446,-6.285,2.161,-3.955375,Gen 68
MOL_00659,CCCC(=O)C1C(C)CCC1c1cnccc1C1CC1,-8.039,-5.834,2.205,-3.9552000000000005,Fase 3_Super Elite
MOL_00660,COc1ccncc1C1C(C)CCC1C(C)=O,-7.851,-5.566,2.285,-3.9548000000000005,Gen 133
MOL_00661,CC1CCC(c2cnccc2C=NO)C1C(=O)CC(F)(F)F,-8.318,-6.209,2.109,-3.954295000000001,Fase 1_Lote Inicial
MOL_00662,O=C(C1CC1)C1C(F)CCC1c1cnccc1Br,-8.171,-6.024,2.147,-3.9541999999999993,Fase 2_Seletividade
MOL_00663,CCCC(=O)c1c(F)cncc1C1CCC(C)C1C(=O)CC(C)C,-8.934,-6.454,2.4799999999999995,-3.9541200000000014,Gen 23
MOL_00664,CCc1ccncc1C1CCC(C=O)C1C(=O)C(C)C,-7.872,-5.599,2.273,-3.9527,Fase 2_Seletividade
MOL_00665,CCC(=O)c1ccncc1-c1ccnc(C)c1C(C)=O,-8.821,-6.423,2.398,-3.952255000000001,Gen 93
MOL_00666,COc1nc(OC)c(C2CCC(C)C2C(N)=O)c(C=CF)c1C1CC1,-9.8,-6.64,3.160000000000001,-3.9515000000000047,Gen 101
MOL_00667,Cc1cncc(C2CCC(C)C2C(=O)CC(C)C)c1C(N)=O,-8.55,-6.333,2.2170000000000005,-3.9494550000000013,Gen 44
MOL_00668,COC(=O)C1C(C)CCC1c1cnccc1C#N,-8.131,-5.974,2.157,-3.9492000000000003,Fase 2_Seletividade
MOL_00669,CC(C)C(=O)C1C(F)CCC1c1cnccc1C#CF,-8.097,-5.926,2.171,-3.9487999999999994,Fase 1_Lote Inicial
MOL_00670,CCCC(=O)C1C(C)CCC1c1cnccc1NC#N,-8.256,-6.155,2.101,-3.947375000000001,Fase 1_Lote Inicial
MOL_00671,CCc1cc(C(N)=O)c(C2CCC(C)C2C(=O)CC(C)C)cn1,-8.374,-6.251,2.123,-3.9472950000000004,Gen 125
MOL_00672,CCC(=O)c1cncc(-c2c(C(=O)CC)ccnc2C)c1C(C)=O,-8.201,-6.08,2.1210000000000004,-3.945000000000001,Gen 80
MOL_00673,O=C(C1CC1)C1C(F)CCC1c1cnccc1I,-8.019,-5.82,2.199,-3.9450000000000003,Fase 3_Super Elite
MOL_00674,COC1C(C)CCC1C(=O)C(C)C(C)C,-7.599,-5.221,2.378,-3.9443000000000006,Gen 159
MOL_00675,Cc1ncc(C2CCC(C)C2C(=O)CC(C)C)c(C(N)=O)c1C,-9.184,-6.518,2.6659999999999995,-3.944280000000002,Gen 136
MOL_00676,COC(=O)c1ccncc1C1CCC(C)C1C(=O)CC(F)(F)F,-8.059,-5.879,2.18,-3.9436999999999998,Fase 1_Lote Inicial
MOL_00677,CCCCC(=O)C1C(C)CCC1c1c(C=CF)cc(OCC)nc1OC,-8.252,-6.157,2.0950000000000006,-3.941855000000001,Gen 28
MOL_00678,C=Cc1ccncc1C1CCC(F)C1C(=O)CCC,-7.835,-5.562,2.273,-3.9416,Fase 1_Lote Inicial
MOL_00679,CC(C)C(=O)C1C(C=O)CCC1c1cnccc1C=O,-7.754,-5.448,2.306,-3.9403999999999995,Fase 2_Seletividade
MOL_00680,CC(=O)c1c(C2C(C)CCC2C(=O)CC(C)C)ccnc1C,-9.316,-6.548,2.7680000000000007,-3.940380000000002,Gen 65
MOL_00681,Cc1ccncc1C1CCC(C=O)C1C(=O)C(C)C,-8.452,-6.295,2.157,-3.9403750000000013,Fase 2_Seletividade
MOL_00682,CC(=O)c1c(C(=O)CC(C)C)nc(C)c(C)c1C(=O)CC(C)C,-8.243,-6.149,2.0940000000000003,-3.9387000000000008,Gen 102
MOL_00683,C=C=Cc1ccncc1C1CCC(C)C1C(=O)C=CCC,-8.131,-5.989,2.142,-3.9387000000000008,Fase 1_Lote Inicial
MOL_00684,C=CCC(=O)C1C(C)CCC1c1cnccc1C#N,-8.214,-6.11,2.104,-3.9370000000000003,Fase 1_Lote Inicial
MOL_00685,O=CC(=O)C1C(CF)CCC1c1cnccc1F,-8.014,-5.826,2.188,-3.9357999999999995,Fase 2_Seletividade
MOL_00686,CC1CCC(c2cnccc2CF)C1C(=O)CC1CC1,-7.693,-5.368,2.325,-3.9353999999999996,Fase 1_Lote Inicial
MOL_00687,CC(=O)c1ccnc(C)c1-c1c(C(=O)C(C)C(C)C)ccnc1C,-8.347,-6.242,2.1049999999999995,-3.9352800000000006,Gen 58
MOL_00688,O=C(C1CCC1)C1C(CF)CCC1c1cnccc1S,-8.122,-5.982,2.14,-3.9345999999999997,Fase 2_Seletividade
MOL_00689,CCOC(=O)C1C(OC)CCC1c1cnccc1C(F)F,-8.013,-5.828,2.185,-3.9334,Fase 2_Seletividade
MOL_00690,CCC(=O)C1C(O)CCC1c1cnccc1OC,-7.812,-5.542,2.27,-3.9326000000000008,Fase 2_Seletividade
MOL_00691,CC(C)CC(=O)C1C(C)CCC1c1cnc(C2CC2)cc1C#N,-8.375,-6.26,2.115,-3.932500000000001,Gen 21
MOL_00692,COc1nc(C(=O)CCC(C)C)cc(C=CF)c1OC,-8.122,-5.985,2.137,-3.9325,Gen 120
MOL_00693,CC1CCC(c2cnccc2C#CF)C1C(=O)CC1CC1,-8.122,-5.989,2.133,-3.9297000000000004,Fase 1_Lote Inicial
MOL_00694,CCCC(=O)C1C(O)CCC1c1cnccc1C,-7.753,-5.462,2.291,-3.9296000000000006,Fase 2_Seletividade
MOL_00695,CCCC(=O)C1C(CF)CCC1c1cnccc1OC,-8.059,-5.9,2.159,-3.9289999999999994,Fase 2_Seletividade
MOL_00696,CC=C(C)C(=O)C1C(C)CCC1c1cnccc1C#CF,-8.17,-6.059,2.111,-3.9287,Fase 1_Lote Inicial
MOL_00697,CCC(=O)c1nc(C)c(C)c(C2CCC(C)C2OC)c1C(C)=O,-8.468,-6.308,2.16,-3.9275800000000016,Gen 90
MOL_00698,COc1c(C(C)=O)nc(C)c(C)c1C(=O)CC(C)C,-8.313,-6.225,2.088000000000001,-3.9273750000000023,Gen 102
MOL_00699,O=C(C1CCC1)C1C(O)CCC1c1cnccc1Br,-8.295,-6.213,2.082,-3.926055,Fase 2_Seletividade
MOL_00700,CC(=O)c1c(O)c(C)nc(C2CC2)c1C1CCC(C)C1C(=O)CC(C)C,-10.0,-6.679,3.321,-3.9254950000000006,Gen 130
MOL_00701,CC1CCC(c2c(C#N)ccnc2C(F)(F)F)C1C(N)=O,-8.701,-6.395,2.306000000000001,-3.924375000000003,Gen 19
MOL_00702,C=C=Cc1ccncc1C1CCC(O)C1C(=O)CCC,-7.993,-5.813,2.18,-3.9239000000000006,Fase 1_Lote Inicial
MOL_00703,CC=C(C)C(=O)C1C(C)CCC1c1cnccc1C=CF,-8.4,-6.278,2.122,-3.9234800000000014,Fase 1_Lote Inicial
MOL_00704,CCC(=O)C1C(N)CCC1c1cnccc1C(F)F,-8.093,-5.958,2.135,-3.9223999999999997,Fase 2_Seletividade
MOL_00705,CCCC(=O)C1C(C#N)CCC1c1cnccc1C#N,-8.112,-5.986,2.126,-3.9218,Fase 2_Seletividade
MOL_00706,CC(C)C(=O)C1C(N)CCC1c1cnccc1N,-8.114,-5.993,2.121,-3.9189000000000007,Fase 2_Seletividade
MOL_00707,CCC(=O)C1C(O)CCC1c1cnccc1CC,-7.73,-5.448,2.282,-3.9164000000000003,Fase 2_Seletividade
MOL_00708,COc1cncc(C(C)=O)c1C1C(C)CCC1OC,-8.07,-5.935,2.1350000000000007,-3.9155000000000006,Gen 79
MOL_00709,COC1CCC(C)C1c1ccnc(C)c1C(C)=O,-8.241,-6.177,2.064,-3.913455000000001,Gen 89
MOL_00710,COc1c(-c2cnccc2C2CCC(C)C2OC)ccnc1C,-9.042,-6.492,2.55,-3.9127800000000015,Gen 159
MOL_00711,CCCCCC(=O)C1C(C)CCC1c1c(OC)ncc(Cl)c1C=CCl,-7.873,-5.658,2.215,-3.9124000000000003,Gen 39
MOL_00712,CC(=O)c1cnccc1C(=O)C(C)C(C)C,-7.656,-5.348,2.308,-3.9124,Gen 70
MOL_00713,C=C=Cc1ccncc1C1CCC(F)C1C(=O)CC=C,-7.98,-5.814,2.166,-3.9102000000000006,Fase 1_Lote Inicial
MOL_00714,CCc1ccncc1C1CCC(CF)C1C(=O)C=O,-8.034,-5.892,2.142,-3.909600000000001,Fase 2_Seletividade
MOL_00715,CCCCC(=O)C1C(C)CCC1c1cnccc1C(F)F,-7.817,-5.583,2.234,-3.9089000000000005,Fase 1_Lote Inicial
MOL_00716,CCCC(=O)C1C(F)CCC1c1cnccc1CC,-8.015,-5.866,2.149,-3.908800000000001,Fase 2_Seletividade
MOL_00717,COc1nc(C)c(C)c(C(C)=O)c1-c1ccncc1C(=O)CC(C)C,-8.224,-6.164,2.0600000000000005,-3.908220000000001,Gen 100
MOL_00718,CCc1cc(C=NO)c(C2CCC(C)C2C(=O)CC(C)C)cn1,-8.498,-6.329,2.169,-3.907495000000001,Fase 5_Híbridos Geração 3
MOL_00719,COc1c(C(F)(F)F)nc(O)c(C2CCC(C)C2C(=O)CC(C)C)c1C(C)=O,-8.421,-6.296,2.124999999999999,-3.9072199999999997,Gen 47
MOL_00720,CCc1ccncc1C1CCC(F)C1C(=O)C1CC1,-8.133,-6.04,2.093,-3.9049999999999994,Fase 2_Seletividade
MOL_00721,COC(=O)C1C(C)CCC1c1cnccc1C(C)C,-8.003,-5.856,2.147,-3.9038000000000004,Fase 2_Seletividade
MOL_00722,CCCC(=O)C1C(O)CCC1c1cnccc1CC,-7.813,-5.585,2.228,-3.9035,Fase 2_Seletividade
MOL_00723,CCC(=O)c1c(C(C)=O)nc(C)c(C)c1C(C)=O,-7.716,-5.447,2.269,-3.9031000000000002,Gen 94
MOL_00724,CC(=O)C1C(C)CCC1c1cnccc1C#N,-8.083,-5.972,2.111,-3.9026000000000005,Fase 2_Seletividade
MOL_00725,CCCC(=O)C1CCCC1(C)Cc1cnccc1C#N,-7.924,-5.745,2.179,-3.9025000000000007,Fase 1_Lote Inicial
MOL_00726,CC(C)C(=O)C1C(CF)CCC1c1cnccc1C=O,-8.5,-6.332,2.168,-3.901980000000002,Fase 2_Seletividade
MOL_00727,CCCC(=O)c1c(O)c(C)nc(O)c1C1CCC(C)C1C(=O)CC(C)C,-8.313,-6.242,2.0710000000000006,-3.9012800000000016,Gen 109
MOL_00728,CC(=O)C1C(C)CCC1C(=O)CC(C)C,-7.58,-5.258,2.322,-3.8994000000000004,Gen 65
MOL_00729,CC(C)c1ccncc1C1CCC(F)C1C(=O)C=O,-8.118,-6.027,2.091,-3.8991000000000007,Fase 2_Seletividade
MOL_00730,CCOC(=O)C1C(CC)CCC1c1cnccc1F,-7.776,-5.542,2.234,-3.8966000000000003,Fase 2_Seletividade
MOL_00731,CC(C)C(=O)C1C(C)CCC1c1cnccc1C1CC1,-7.96,-5.805,2.155,-3.8965000000000005,Fase 1_Lote Inicial
MOL_00732,CCc1ccncc1C1CCC(CC)C1C(=O)O,-7.886,-5.703,2.183,-3.8939000000000004,Fase 2_Seletividade
MOL_00733,COc1nc(C)c(C2CCC(C)C2C(=O)CC(C)C)c(C(C)=O)c1C,-8.429,-6.306,2.123,-3.8931200000000006,Gen 160
MOL_00734,COC(=O)C1C(F)CCC1c1cnccc1C,-7.778,-5.551,2.227,-3.8922999999999996,Fase 2_Seletividade
MOL_00735,Cc1cc(C=CF)c(C2CCC(F)C2C(=O)C(C)C)cn1,-9.735,-6.639,3.096,-3.8920950000000003,Fase 4_Mutantes Geração 2
MOL_00736,CCc1ccncc1C1CCC(O)C1C(=O)C(C)C,-8.184,-6.132,2.052,-3.8915999999999995,Fase 2_Seletividade
MOL_00737,CC(=O)c1ccncc1C(=O)C(C)C(C)C,-7.615,-5.32,2.295,-3.8910000000000005,Gen 91
MOL_00738,CCOC(=O)C1C(C)CCC1c1cnccc1C#N,-7.679,-5.414,2.265,-3.8892000000000007,Fase 2_Seletividade
MOL_00739,CCCC(=O)C1C(CF)CCC1c1cnccc1C=O,-7.994,-5.864,2.13,-3.8891999999999998,Fase 2_Seletividade
MOL_00740,COC1CCC(C)C1c1ccnc(C)c1C1C(C)CCC1OC,-8.534,-6.35,2.184000000000001,-3.889000000000003,Gen 89
MOL_00741,COc1ccnc(C)c1-c1c(C(=O)C(C)C(C)C)ccnc1C,-7.995,-5.867,2.128,-3.8881000000000006,Gen 58
MOL_00742,COC1CCC(C)C1c1ccncc1C(=O)C(C)C(C)C,-8.505,-6.34,2.165000000000001,-3.8865000000000016,Gen 91
MOL_00743,C=Cc1ccncc1C1CCC(F)C1C(=O)CC,-8.268,-6.223,2.045,-3.8852550000000017,Fase 1_Lote Inicial
MOL_00744,CCCC(=O)C1C(C)CCC1c1cnccc1O,-7.953,-5.812,2.141,-3.8846000000000007,Fase 2_Seletividade
MOL_00745,CC(=O)c1c(O)c(C)nc(O)c1C(=O)CC(C)C,-7.888,-5.72,2.168,-3.8840000000000003,Gen 149
MOL_00746,CCCC(=O)C1C(C)CCC1c1cnccc1OC,-7.91,-5.752,2.158,-3.8836000000000004,Fase 2_Seletividade
MOL_00747,CC(=O)c1cc(C)ncc1C1CCC(C)C1C(=O)CC(C)C,-9.14,-6.522,2.6180000000000003,-3.8826800000000015,Fase 5_Híbridos Geração 3
MOL_00748,COc1nc(C2C(C)CCC2C(C)=O)cc(C=CF)c1C(C)=O,-9.243,-6.545,2.6980000000000004,-3.881375000000003,Gen 167
MOL_00749,N#CC1CCC(c2cnccc2F)C1C(=O)C1CC1,-8.029,-5.928,2.101,-3.8794000000000004,Fase 2_Seletividade
MOL_00750,CC(C)CC(=O)c1ccncc1C(=O)CC(C)C,-7.688,-5.441,2.247,-3.8793,Gen 100
MOL_00751,COc1ccncc1-c1cnccc1C(=O)CC(C)C,-8.136,-6.081,2.054999999999999,-3.879299999999999,Gen 158
MOL_00752,CC(=O)c1cc(C2CC2)ncc1C1CCC(C)C1C(=O)CC(C)C,-8.569,-6.367,2.202000000000001,-3.8766550000000013,Gen 16
MOL_00753,CC1CCC(c2cnccc2C=O)C1C(=O)CC(F)(F)F,-8.399,-6.3,2.099,-3.876500000000001,Fase 1_Lote Inicial
MOL_00754,CC(=O)C1CCC(C)C1c1c(C(=O)C(C)C(C)C)ccnc1C,-7.903,-5.753,2.1499999999999995,-3.8758999999999997,Gen 53
MOL_00755,COc1ncc(F)c(C=CF)c1C1CCC(C)C1C(=O)CCCCC(C)C,-9.455,-6.591,2.864,-3.868895000000001,Gen 29
MOL_00756,CC(C)C(=O)C1C(S)CCC1c1cnccc1I,-7.721,-5.506,2.215,-3.8668,Fase 2_Seletividade
MOL_00757,CCCC(=O)C1C(F)CCC1c1cnccc1OC,-8.025,-5.942,2.083,-3.8656000000000006,Fase 2_Seletividade
MOL_00758,COC1C(C)CCC1c1c(C)c(C)nc(C(C)=O)c1C(=O)CC(C)C,-9.406,-6.582,2.8240000000000007,-3.8654800000000034,Gen 96
MOL_00759,CC(=O)c1c(O)nc(C)c(O)c1C(=O)C(C)C(C)C,-7.933,-5.811,2.122,-3.8653000000000004,Gen 123
MOL_00760,CCC(=O)c1c(-c2cnccc2C(C)=O)nc(C)c(C)c1OC,-9.254,-6.551,2.7029999999999994,-3.8642950000000003,Gen 98
MOL_00761,CC(C)c1ccncc1C1CCC(C)C1C(=O)C=O,-7.958,-5.849,2.109,-3.8637000000000006,Fase 2_Seletividade
MOL_00762,COC(=O)C1C(C)CCC1c1cnccc1N,-7.98,-5.882,2.098,-3.8626000000000005,Fase 3_Super Elite
MOL_00763,CCCC(C)CCC(=O)C1C(C)CCC1c1c(OC)ncc(F)c1C=CF,-8.294,-6.254,2.040000000000001,-3.8621200000000018,Gen 29
MOL_00764,CC(=O)c1c(O)c(C)nc(O)c1C1CCC(C)C1C(C)=O,-9.028,-6.501,2.527,-3.861295,Gen 149
MOL_00765,COc1c(C2C(C)CCC2OC)nc(C)c(C)c1C(=O)CCC(C)C,-8.638,-6.396,2.242,-3.858220000000001,Gen 110
MOL_00766,CCC(=O)C1C(CF)CCC1c1cnccc1CC,-7.931,-5.82,2.111,-3.857,Fase 2_Seletividade
MOL_00767,Cc1cc(C=NO)c(C2CCC(C)C2C(=O)CC(C)C)c(C)n1,-8.379,-6.3,2.079,-3.8565000000000014,Fase 5_Híbridos Geração 3
MOL_00768,N#Cc1ccncc1C1CCC(C=O)C1C(=O)C1CC1,-8.157,-6.144,2.013,-3.8562000000000003,Fase 2_Seletividade
MOL_00769,COc1c(C2C(C)CCC2OC)nc(C)c(C)c1C(C)=O,-8.187,-6.184,2.0029999999999992,-3.8524199999999995,Gen 155
MOL_00770,CCC(=O)C1C(CF)CCC1c1cnccc1C(F)F,-8.109,-6.083,2.026,-3.8509,Fase 3_Super Elite
MOL_00771,COc1ncc(C2CC2)c(C#N)c1C1CCC(C)C1C(N)=O,-8.679,-6.411,2.2680000000000007,-3.8506950000000026,Gen 23
MOL_00772,COc1ccncc1C1CCC(F)C1C(=O)C(N)=O,-8.16,-6.156,2.004,-3.85062,Fase 2_Seletividade
MOL_00773,NC1CCC(c2cnccc2C=O)C1C(=O)C1CCC1,-8.003,-5.932,2.071,-3.8506,Fase 2_Seletividade
MOL_00774,COc1c(C(=O)C(C)C(C)C)ccnc1C,-7.641,-5.416,2.225,-3.8498,Gen 58
MOL_00775,CCCC(=O)C1C(F)CCC1c1cnccc1N=[N+]=[N-],-7.992,-5.918,2.074,-3.8494,Fase 1_Lote Inicial
MOL_00776,COc1nccc(C(C)=O)c1C1CCC(C)C1C(N)=O,-8.562,-6.374,2.188,-3.8493200000000014,Gen 92
MOL_00777,CCCC(=O)C1C(O)CCC1c1cnccc1C#CF,-7.898,-5.785,2.113,-3.8484999999999996,Fase 1_Lote Inicial
MOL_00778,CC1CCC(c2cnccc2C(F)F)C1C(=O)C=O,-8.128,-6.114,2.014,-3.8482000000000003,Fase 2_Seletividade
MOL_00779,CC(=O)c1ccncc1C1CCC(C)C1c1ccnc(C)c1C(C)=O,-8.833,-6.456,2.377,-3.8456200000000003,Gen 89
MOL_00780,CC(=O)c1c(C2CC2)cncc1C1C(C)CCC1C(C)=O,-8.025,-5.972,2.053,-3.8446000000000007,Gen 67
MOL_00781,CC(=O)c1c(C(=O)CC(C)C)nc(C)c(C)c1C(C)=O,-7.854,-5.73,2.124,-3.843,Gen 146
MOL_00782,O=C(CC(F)(F)F)C1C(F)CCC1c1cnccc1C(F)F,-8.399,-6.315,2.084,-3.8423749999999997,Fase 1_Lote Inicial
MOL_00783,CC(C)C(=O)C1C(F)CCC1c1cnccc1C=NO,-8.682,-6.415,2.267,-3.8403750000000016,Fase 1_Lote Inicial
MOL_00784,CC1CCC(c2cnccc2S)C1C(=O)C(=O)O,-7.965,-5.893,2.072,-3.8399,Fase 2_Seletividade
MOL_00785,CCC(=O)C1C(C=O)CCC1c1cnccc1C(F)F,-8.113,-6.108,2.005,-3.8373999999999997,Fase 2_Seletividade
MOL_00786,COC1C(C)CCC1c1ccncc1C1CCC(C)C1OC,-8.477,-6.348,2.1290000000000004,-3.8373800000000013,Gen 159
MOL_00787,CCCC(=O)C1C(CF)CCC1c1cnccc1C#N,-7.914,-5.824,2.09,-3.8372,Fase 2_Seletividade
MOL_00788,C=CCC(=O)C1C(F)CCC1c1cnccc1N=[N+]=[N-],-8.013,-5.967,2.046,-3.8361,Fase 1_Lote Inicial
MOL_00789,COc1c(C=CF)cc(C(=O)CC(C)C)nc1C1CCC(C)C1OC,-9.311,-6.569,2.742,-3.8348950000000013,Gen 68
MOL_00790,CCC=CC(=O)C1C(C)CCC1c1cnccc1C#N,-8.445,-6.338,2.107,-3.8316800000000013,Fase 1_Lote Inicial
MOL_00791,CC(C)C(=O)C1C(F)CCC1c1cnccc1NC#N,-9.015,-6.505,2.51,-3.831375000000003,Fase 1_Lote Inicial
MOL_00792,CCCC(=O)C1C(C)CCC1c1c(C2CC2)ncc(C2CC2)c1C=CF,-8.148,-6.166,1.9819999999999995,-3.830519999999999,Gen 24
MOL_00793,CCC(=O)C1C(OC)CCC1c1cnccc1N,-7.74,-5.586,2.154,-3.8298,Fase 2_Seletividade
MOL_00794,CCOc1c(F)ncc(C2CCC(C)C2C(=O)CC(C)C)c1C(C)=O,-8.403,-6.322,2.0810000000000004,-3.8296800000000015,Gen 43
MOL_00795,CCc1ccncc1C1CCC(C=O)C1C(=O)C(=O)O,-7.993,-5.949,2.044,-3.8287000000000004,Fase 2_Seletividade
MOL_00796,COC1CCC(c2cnccc2F)C1C(=O)C1CCC1,-7.854,-5.751,2.103,-3.8283000000000005,Fase 2_Seletividade
MOL_00797,COC1C(C)CCC1c1c(O)nc(C)c(O)c1C(C)=O,-8.823,-6.458,2.365,-3.828080000000001,Gen 129
MOL_00798,CCC1CCC(c2cnccc2Br)C1C(N)=O,-7.948,-5.886,2.062,-3.8278000000000008,Fase 2_Seletividade
MOL_00799,CC(C)CCC(=O)c1ccncc1C(=O)CC(C)C,-8.039,-6.016,2.023,-3.8278,Gen 64
MOL_00800,CCC(=O)c1c(C)c(C)nc(C(C)=O)c1C(C)=O,-7.717,-5.559,2.1579999999999995,-3.8257,Gen 94
MOL_00801,NC(=O)C(=O)C1C(F)CCC1c1cnccc1S,-8.023,-5.997,2.026,-3.8251,Fase 2_Seletividade
MOL_00802,O=Cc1ccncc1C1CCC(O)C1C(=O)C1CCC1,-7.903,-5.826,2.077,-3.8247999999999998,Fase 2_Seletividade
MOL_00803,CC(=O)C1CCC(C)C1C(=O)CC(C)C,-7.787,-5.661,2.1260000000000003,-3.8243000000000005,Gen 53
MOL_00804,COC(=O)C1C(S)CCC1c1cnccc1C(C)C,-7.807,-5.69,2.117,-3.8240000000000003,Fase 2_Seletividade
MOL_00805,CCC(=O)C1C(O)CCC1c1cnccc1C(C)C,-8.181,-6.205,1.976,-3.822374999999999,Fase 2_Seletividade
MOL_00806,CCC1CCC(c2cnccc2C2CC2)C1C(=O)C(=O)O,-8.044,-6.033,2.011,-3.820900000000001,Fase 2_Seletividade
MOL_00807,COc1c(-c2c(C)c(C)nc(C(C)=O)c2C(C)=O)ccnc1C,-8.189,-6.215,1.974,-3.817375000000001,Gen 139
MOL_00808,CCc1ccncc1C1CCC(C=O)C1C(N)=O,-8.075,-6.085,1.99,-3.8154999999999992,Fase 2_Seletividade
MOL_00809,COC(=O)C1C(C=O)CCC1c1cnccc1CF,-7.637,-5.461,2.176,-3.8143,Fase 2_Seletividade
MOL_00810,COc1cnc(C(F)(F)F)c(C2CCC(C)C2C(=O)C(C)C)c1C#N,-8.347,-6.305,2.042,-3.8133750000000015,Gen 25
MOL_00811,CCc1ccncc1C1CCC(F)C1C(=O)OC,-7.553,-5.343,2.21,-3.8129000000000004,Fase 2_Seletividade
MOL_00812,CCC(=O)C1C(C)CCC1c1cnccc1C=NO,-8.157,-6.193,1.964,-3.8126550000000003,Fase 1_Lote Inicial
MOL_00813,O=Cc1ccncc1C1CCC(F)C1C(=O)CC(F)(F)F,-7.86,-5.783,2.077,-3.8119000000000005,Fase 1_Lote Inicial
MOL_00814,CCC1CCC(c2cnccc2C2CC2)C1C(=O)O,-8.343,-6.304,2.039,-3.8116200000000005,Fase 2_Seletividade
MOL_00815,CCCC(=O)C1C(C)CCC1c1cnccc1C#CF,-8.014,-6.005,2.009,-3.8104999999999993,Fase 1_Lote Inicial
MOL_00816,COc1ccncc1C1CCC(C)C1C(N)=O,-8.023,-6.019,2.004,-3.8097000000000003,Fase 2_Seletividade
MOL_00817,CCc1ccncc1C1CCC(C)C1C(=O)C(N)=O,-8.44,-6.345,2.095,-3.8083750000000007,Fase 2_Seletividade
MOL_00818,CC1CCC(c2cnccc2CF)C1C(=O)C1CC1,-8.199,-6.229,1.97,-3.8074950000000003,Fase 3_Super Elite
MOL_00819,CCOC(=O)C1C(F)CCC1c1cnccc1CF,-7.909,-5.864,2.045,-3.8042,Fase 2_Seletividade
MOL_00820,CC(=O)c1c(C)cncc1C1CCC(C)C1C(=O)C(C)C(C)C,-9.004,-6.509,2.494999999999999,-3.8032949999999994,Gen 40
MOL_00821,CCC(=O)C1C(C)CCC1c1cnccc1O,-7.86,-5.797,2.063,-3.802100000000001,Fase 2_Seletividade
MOL_00822,NC1CCC(c2cnccc2C2CC2)C1C(=O)C1CCC1,-8.237,-6.256,1.981,-3.8016200000000007,Fase 2_Seletividade
MOL_00823,CC(C)c1ccncc1C1CCC(F)C1C(=O)O,-8.223,-6.248,1.975,-3.801380000000001,Fase 2_Seletividade
MOL_00824,Cc1ccncc1C1CCC(F)C1C(N)=O,-8.034,-6.048,1.986,-3.8004000000000007,Fase 2_Seletividade
MOL_00825,CC(F)CC(=O)C1C(C)CCC1c1cnccc1C=O,-7.677,-5.538,2.139,-3.8004,Fase 1_Lote Inicial
MOL_00826,COc1c(O)nc(C)c(O)c1C(=O)CCC(C)C,-8.311,-6.295,2.016,-3.7993750000000013,Gen 163
MOL_00827,O=CC(=O)C1C(F)CCC1c1cnccc1CF,-7.874,-5.821,2.053,-3.7992999999999997,Fase 2_Seletividade
MOL_00828,CC=CC(=O)C1C(F)CCC1c1cnccc1C=CF,-8.023,-6.034,1.989,-3.7992,Fase 1_Lote Inicial
MOL_00829,CCCC(=O)C1C(F)CCC1c1cnccc1CF,-8.089,-6.129,1.96,-3.798700000000001,Fase 1_Lote Inicial
MOL_00830,COc1cc(C=CF)c(-c2cnccc2C(=O)C(C)C(C)C)c(OC)n1,-8.588,-6.4,2.187999999999999,-3.7954999999999997,Gen 132
MOL_00831,CNC(=O)C1C(F)CCC1c1cnccc1C,-8.268,-6.276,1.992,-3.795420000000002,Fase 2_Seletividade
MOL_00832,Cc1ccncc1C1CCC(O)C1C(=O)C(C)C,-8.565,-6.393,2.172,-3.7946550000000014,Fase 2_Seletividade
MOL_00833,[C-]#[N+]c1ccncc1C1CCC(C)C1C(=O)C=CC,-7.937,-5.918,2.019,-3.7944000000000004,Fase 1_Lote Inicial
MOL_00834,CC1CCC(c2cnccc2C2CC2)C1C(=O)C(=O)O,-8.0,-6.009,1.991,-3.7937000000000003,Fase 2_Seletividade
MOL_00835,CCC(=O)C1CCC(C)C1C(=O)CC,-7.368,-5.107,2.261,-3.7931000000000004,Gen 51
MOL_00836,COc1c(-c2ccnc(C)c2-c2ccncc2C(C)=O)ccnc1C,-8.429,-6.347,2.082,-3.7920550000000004,Gen 72
MOL_00837,CCc1ccncc1C1CCC(CF)C1C(=O)C(=O)O,-8.02,-6.042,1.978,-3.7906000000000004,Fase 2_Seletividade
MOL_00838,COC(=O)C1C(C)CCC1c1cnccc1OC,-7.674,-5.548,2.126,-3.7904000000000004,Fase 2_Seletividade
MOL_00839,C=Cc1ccncc1C1CCC(C)C1C(=O)C(F)CC,-7.887,-5.853,2.034,-3.7899000000000003,Fase 1_Lote Inicial
MOL_00840,CCCC(=O)C1C(O)CCC1c1cnccc1N=[N+]=[N-],-7.686,-5.568,2.118,-3.7884000000000007,Fase 1_Lote Inicial
MOL_00841,[C-]#[N+]c1ccncc1C1CCC(C)C1C(=O)C(C)CC,-7.841,-5.791,2.05,-3.7873,Fase 1_Lote Inicial
MOL_00842,CC(C)C(=O)C1C(CF)CCC1c1cnccc1CF,-7.873,-5.838,2.035,-3.7864000000000004,Fase 2_Seletividade
MOL_00843,O=C(C1CC1)C1C(O)CCC1c1cnccc1O,-8.072,-6.123,1.949,-3.785899999999999,Fase 2_Seletividade
MOL_00844,CCCCCC(=O)C1C(C)CCC1c1c(OC)ncc(C(F)(F)F)c1C=CF,-9.76,-6.662,3.098,-3.7858800000000024,Gen 26
MOL_00845,CCc1ccncc1C1CCC(OC)C1C(=O)C=O,-7.575,-5.419,2.156,-3.7817000000000007,Fase 2_Seletividade
MOL_00846,N#CC1CCC(c2cnccc2C=O)C1C(=O)C1CC1,-7.886,-5.864,2.022,-3.7812,Fase 2_Seletividade
MOL_00847,CCCCC(=O)C1C(C)CCC1c1c(C=CF)cc(C(F)(F)F)nc1OC,-9.607,-6.636,2.970999999999999,-3.7808200000000003,Gen 24
MOL_00848,COc1nc(C)c(C)c(C(=O)CC(C)C)c1C(C)=O,-7.705,-5.606,2.099,-3.7808000000000006,Gen 164
MOL_00849,CC=C(C)C(=O)C1C(C)CCC1c1cnccc1C(=O)OC,-8.189,-6.24,1.949,-3.780500000000001,Fase 1_Lote Inicial
MOL_00850,C=CCC(=O)C1C(F)CCC1c1cnccc1C(F)F,-7.977,-5.995,1.982,-3.780500000000001,Fase 1_Lote Inicial
MOL_00851,CC(=O)c1c(C2CCC(C)C2C(=O)CC(C)C)cnc(C2CC2)c1F,-8.256,-6.278,1.9780000000000009,-3.7794800000000013,Gen 40
MOL_00852,O=CC(=O)C1C(F)CCC1c1cnccc1C1CC1,-8.031,-6.076,1.955,-3.777800000000001,Fase 2_Seletividade
MOL_00853,COC1CCC(C)C1c1c(C=CF)cc(C(C)=O)nc1C(=O)CC(C)C,-9.286,-6.576,2.71,-3.775420000000003,Gen 108
MOL_00854,CCOc1nc(Cl)c(F)c(C(C)=O)c1C1CCC(C)C1C(=O)CC(C)C,-8.018,-6.061,1.9570000000000007,-3.7753000000000014,Gen 40
MOL_00855,CCCCC(=O)C1C(C)CCC1c1c(OC)nc(OC)c(OC)c1C=CF,-8.388,-6.338,2.05,-3.774680000000001,Gen 35
MOL_00856,O=C(C1CCC1)C1C(F)CCC1c1cnccc1F,-8.307,-6.305,2.002,-3.7733750000000024,Fase 2_Seletividade
MOL_00857,CC(=O)C1C(F)CCC1c1cnccc1C=O,-7.752,-5.686,2.066,-3.7718000000000003,Fase 2_Seletividade
MOL_00858,CCC(=O)C1C(C)CCC1c1cnccc1C,-7.58,-5.442,2.138,-3.7706000000000004,Fase 2_Seletividade
MOL_00859,CCC(=O)c1c(C(=O)CC(C)C)cncc1C1C(C)CCC1C(C)=O,-8.333,-6.318,2.015000000000001,-3.769280000000002,Gen 67
MOL_00860,[C-]#[N+]c1ccncc1C1CCC(F)C1C(=O)C(C)C,-7.923,-5.934,1.989,-3.7692000000000005,Fase 1_Lote Inicial
MOL_00861,CCCC(=O)C1C(O)CCC1c1cnccc1OC,-7.548,-5.4,2.148,-3.7680000000000002,Fase 2_Seletividade
MOL_00862,CC=CC(=O)C1C(F)CCC1c1cnccc1C1CO1,-7.904,-5.909,1.995,-3.7677000000000005,Fase 1_Lote Inicial
MOL_00863,Cc1ccncc1C1CCC(F)C1C(=O)C1CC1,-8.115,-6.196,1.919,-3.767220000000001,Fase 2_Seletividade
MOL_00864,COC(=O)C1C(C)CCC1c1cnccc1C,-7.876,-5.87,2.006,-3.7670000000000003,Fase 2_Seletividade
MOL_00865,COC(=O)C1C(C)CCC1c1cnccc1C=O,-7.729,-5.663,2.066,-3.7649000000000004,Fase 2_Seletividade
MOL_00866,COc1c(C2C(C)CCC2OC)nc(C)c(C)c1OC,-7.67,-5.579,2.091,-3.7647000000000004,Gen 155
MOL_00867,COc1c(O)ncc(C2CCC(C)C2C(=O)CC(C)C)c1C(C)=O,-8.145,-6.222,1.9229999999999992,-3.763679999999999,Gen 61
MOL_00868,COc1c(O)nc(C)c(O)c1C1C(C)CCC1OC,-7.965,-6.004,1.9610000000000003,-3.762200000000001,Gen 115
MOL_00869,CCC(=O)c1c(O)cncc1C1CCC(C)C1C(=O)CC(C)C,-8.627,-6.422,2.205000000000001,-3.7616800000000037,Gen 41
MOL_00870,CCC(=O)C1C(O)CCC1c1cnccc1I,-7.736,-5.678,2.058,-3.7614,Fase 2_Seletividade
MOL_00871,C=C=Cc1ccncc1C1CCC(C)C1C(=O)CC,-7.942,-5.974,1.968,-3.7602,Fase 1_Lote Inicial
MOL_00872,CCc1ccncc1C1CCC(OC)C1C(=O)O,-7.817,-5.801,2.016,-3.7563000000000004,Fase 2_Seletividade
MOL_00873,CC(=O)c1c(F)c(Cl)nc(Cl)c1C1CCC(C)C1C(=O)CC(C)C,-9.117,-6.545,2.572000000000001,-3.7553750000000035,Gen 39
MOL_00874,COc1c(O)c(C)nc(O)c1C(=O)CC(C)C,-7.792,-5.767,2.0249999999999995,-3.7550999999999997,Gen 135
MOL_00875,CC(=O)c1c(O)nc(C)c(O)c1C(=O)CC(C)C,-7.847,-5.846,2.0010000000000003,-3.7548000000000004,Gen 123
MOL_00876,COc1ccncc1C1CCC(CF)C1C(=O)C(C)C,-7.776,-5.746,2.03,-3.7538,Fase 2_Seletividade
MOL_00877,CCCC(=O)C1C(C)CCC1c1cnccc1S,-7.716,-5.661,2.055,-3.7533000000000007,Fase 2_Seletividade
MOL_00878,NC(=O)C1C(CF)CCC1c1cnccc1N,-8.192,-6.258,1.934,-3.7530800000000015,Fase 2_Seletividade
MOL_00879,N#Cc1ccncc1C1CCC(F)C1C(=O)CC(F)(F)F,-8.474,-6.377,2.097,-3.752455000000002,Fase 1_Lote Inicial
MOL_00880,CCCC(=O)C1C(F)CCC1c1cnccc1S,-7.642,-5.558,2.084,-3.7514000000000007,Fase 2_Seletividade
MOL_00881,CCC(=O)C1C(C)CCC1c1cnccc1I,-7.995,-6.063,1.932,-3.7509000000000006,Fase 2_Seletividade
MOL_00882,CCCCC(=O)C1C(C)CCC1c1c(OC)ncc(C(F)(F)F)c1C=CF,-9.521,-6.626,2.8950000000000005,-3.7499200000000004,Gen 26
MOL_00883,CC=C(C)C(=O)C1C(C)CCC1c1cnccc1C=O,-8.285,-6.306,1.979,-3.7491200000000005,Fase 1_Lote Inicial
MOL_00884,CC1CCC(c2cnccc2C=O)C1C(=O)C(=O)O,-8.21,-6.27,1.94,-3.7490000000000023,Fase 2_Seletividade
MOL_00885,CCc1ccncc1C1CCC(N)C1C(=O)C1CC1,-7.966,-6.026,1.94,-3.7478000000000007,Fase 2_Seletividade
MOL_00886,COc1ccncc1C1CCC(F)C1C(=O)C(=O)O,-7.998,-6.072,1.926,-3.7476000000000003,Fase 2_Seletividade
MOL_00887,CCC=CC(=O)C1C(C)CCC1c1cnccc1NC#N,-8.21,-6.271,1.939,-3.7470950000000016,Fase 1_Lote Inicial
MOL_00888,COc1ccncc1C1CCC(OC)C1C(=O)C1CC1,-7.892,-5.922,1.97,-3.746600000000001,Fase 2_Seletividade
MOL_00889,CC(=O)c1c(C(=O)CC(C)C)ccnc1C,-7.52,-5.393,2.127,-3.7449,Gen 93
MOL_00890,COc1nc(C)c(F)c(C(N)=O)c1C1CCC(C)C1C(=O)CC(C)C,-9.45,-6.614,2.8359999999999994,-3.7437200000000015,Gen 82
MOL_00891,C=C=Cc1ccncc1CC1(C)CCCC1C(=O)CCC,-7.702,-5.655,2.047,-3.7435,Fase 1_Lote Inicial
MOL_00892,CCOC(=O)C1C(F)CCC1c1cnccc1C1CC1,-7.855,-5.874,1.981,-3.7432000000000007,Fase 2_Seletividade
MOL_00893,CNC(=O)C1C(F)CCC1c1cnccc1OC,-7.963,-6.029,1.934,-3.7427,Fase 2_Seletividade
MOL_00894,CCC(=O)C1C(S)CCC1c1cnccc1CC,-7.627,-5.551,2.076,-3.7413,Fase 2_Seletividade
MOL_00895,CCC(=O)C1C(N)CCC1c1cnccc1Br,-7.725,-5.693,2.032,-3.7399,Fase 2_Seletividade
MOL_00896,CC1CCC(c2cnccc2C=CF)C1C(N)=O,-9.095,-6.544,2.551000000000001,-3.738020000000004,Gen 10
MOL_00897,CCc1ncc(C2CCC(C)C2C(=O)CC(C)C)c(C(N)=O)c1C1CC1,-8.586,-6.417,2.1690000000000005,-3.737655000000002,Gen 130
MOL_00898,CC=CC(=O)C1C(F)CCC1c1cnccc1C(F)F,-8.662,-6.439,2.223,-3.737095000000002,Fase 1_Lote Inicial
MOL_00899,CC(=O)c1cc(C=CF)c(C(=O)CC(C)C)c(-c2ccncc2C(C)=O)n1,-8.998,-6.523,2.475,-3.7362550000000025,Gen 103
MOL_00900,O=C(C1CC1)C1C(O)CCC1c1cnccc1I,-7.689,-5.649,2.04,-3.7347,Fase 3_Super Elite
MOL_00901,COC1CCC(c2cnccc2C(F)F)C1C(=O)C(=O)O,-8.057,-6.173,1.884,-3.7332550000000007,Fase 2_Seletividade
MOL_00902,CC1CCC(c2cnccc2C2CO2)C1C(=O)CC(F)(F)F,-8.793,-6.475,2.318,-3.732375000000002,Fase 1_Lote Inicial
MOL_00903,CC1CCC(c2cnccc2F)C1C(=O)C(=O)O,-8.041,-6.155,1.886,-3.732375000000001,Fase 2_Seletividade
MOL_00904,CC(C)C(=O)C1C(N)CCC1c1cnccc1C(F)F,-8.069,-6.186,1.883,-3.7323200000000014,Fase 2_Seletividade
MOL_00905,O=C(C1CC1)C1C(O)CCC1c1cnccc1Br,-7.662,-5.614,2.048,-3.7322,Fase 2_Seletividade
MOL_00906,COc1c(C(=O)CC(C)C)nc(C)c(C)c1C(C)=O,-8.269,-6.307,1.962,-3.730855,Gen 156
MOL_00907,CCCC(=O)C1C(N)CCC1c1cnccc1C1CC1,-7.776,-5.78,1.996,-3.7299999999999995,Fase 2_Seletividade
MOL_00908,C=C=Cc1ccncc1C1CCC(F)C1C(=O)CC,-7.7,-5.672,2.028,-3.7296000000000005,Fase 1_Lote Inicial
MOL_00909,C=CCC(=O)C1C(C)CCC1c1cnccc1CF,-7.94,-6.015,1.925,-3.7295000000000007,Fase 1_Lote Inicial
MOL_00910,CC(C)C(=O)C1C(C)CCC1c1cnccc1C=O,-7.921,-5.992,1.929,-3.7266000000000004,Fase 1_Lote Inicial
MOL_00911,COc1cc(C=CF)c(C(=O)CC(C)C)c(C2C(C)CCC2C(C)=O)n1,-8.219,-6.286,1.933,-3.726320000000001,Gen 95
MOL_00912,CCCCC(=O)C1C(C)CCC1c1cnccc1C1CO1,-7.903,-5.967,1.936,-3.7260999999999997,Fase 1_Lote Inicial
MOL_00913,CC1CCC(c2cnccc2I)C1C(=O)C(N)=O,-8.047,-6.17,1.877,-3.726000000000001,Fase 2_Seletividade
MOL_00914,COc1ccncc1C1CCC(C=O)C1C(=O)C1CC1,-7.861,-5.909,1.952,-3.7247000000000003,Fase 2_Seletividade
MOL_00915,CCOC(=O)C1C(C)CCC1c1cnccc1O,-7.857,-5.904,1.953,-3.7242000000000006,Fase 2_Seletividade
MOL_00916,CC(C)CC(=O)C1C(C)CCC1c1cnc(Cl)c(F)c1C(N)=O,-9.067,-6.541,2.526,-3.7238950000000006,Gen 37
MOL_00917,CC(C)C(=O)C1C(C#N)CCC1c1cnccc1C#N,-8.59,-6.423,2.167,-3.721255000000001,Fase 2_Seletividade
MOL_00918,COC(=O)C1C(CF)CCC1c1cnccc1F,-7.548,-5.467,2.081,-3.7211000000000007,Fase 3_Super Elite
MOL_00919,O=CC1CCC(c2cnccc2CF)C1C(=O)C1CC1,-7.897,-5.972,1.925,-3.7166000000000006,Fase 2_Seletividade
MOL_00920,CC(=O)c1c(O)c(C)nc(O)c1C(=O)C(C)C(C)C,-8.226,-6.294,1.9320000000000013,-3.7165200000000027,Gen 149
MOL_00921,C=C=Cc1c(C2CCC(C)C2C(=O)C(C)=CC)cnc(C)c1F,-10.44,-6.779,3.661,-3.7164950000000028,Gen 9
MOL_00922,Nc1ccncc1C1CCC(CF)C1C(=O)C=O,-7.787,-5.816,1.971,-3.7158000000000007,Fase 2_Seletividade
MOL_00923,CC(F)CC(=O)C1C(C)CCC1c1cnccc1C#N,-8.139,-6.25,1.889,-3.7139999999999995,Fase 1_Lote Inicial
MOL_00924,CCOC(=O)C1C(C)CCC1c1cnccc1CC,-7.656,-5.633,2.023,-3.7129,Fase 2_Seletividade
MOL_00925,CCCC(=O)C1C(O)CCC1c1cnccc1C=CF,-7.709,-5.711,1.998,-3.7112999999999996,Fase 1_Lote Inicial
MOL_00926,COc1c(C)c(C)nc(C(C)=O)c1-c1ccncc1C(=O)CC(C)C,-8.161,-6.264,1.897,-3.711219999999999,Gen 100
MOL_00927,O=Cc1ccncc1C1CCC(CF)C1C(=O)C(=O)O,-7.818,-5.869,1.949,-3.7096999999999998,Fase 2_Seletividade
MOL_00928,C=C=Cc1ccncc1C1CCC(C)C1C(=O)CC(C)F,-8.401,-6.367,2.034,-3.7086550000000003,Fase 1_Lote Inicial
MOL_00929,NC(=O)C1C(F)CCC1c1cnccc1CF,-8.054,-6.194,1.86,-3.708520000000001,Fase 2_Seletividade
MOL_00930,CC(=O)C1C(C=O)CCC1c1cnccc1C=O,-7.697,-5.698,1.999,-3.7084,Fase 2_Seletividade
MOL_00931,COC1CCC(c2cnccc2Br)C1C(N)=O,-7.839,-5.901,1.938,-3.7083000000000004,Fase 2_Seletividade
MOL_00932,CCC(=O)C1C(C)CCC1c1cncc(C2CC2)c1C(C)=O,-8.488,-6.396,2.092,-3.7082200000000007,Gen 51
MOL_00933,CCOC(=O)C1C(C)CCC1c1cnccc1C1CC1,-7.831,-5.891,1.94,-3.707300000000001,Fase 2_Seletividade
MOL_00934,O=CC(=O)C1C(CF)CCC1c1cnccc1Br,-7.794,-5.84,1.954,-3.7059999999999995,Fase 2_Seletividade
MOL_00935,COc1cc(C=CF)c(OC)c(C2CCC(C)C2C(C)=O)n1,-8.133,-6.252,1.881,-3.70458,Gen 68
MOL_00936,CC(C)C(=O)C1C(O)CCC1c1cnccc1N,-7.957,-6.075,1.882,-3.7045000000000003,Fase 2_Seletividade
MOL_00937,[C-]#[N+]c1ccncc1C1CCC(F)C1C(=O)CC=C,-8.388,-6.364,2.024,-3.704220000000001,Fase 1_Lote Inicial
MOL_00938,COc1c(C)c(C)nc(C2CCC(C)C2OC)c1C(C)=O,-8.239,-6.306,1.9330000000000007,-3.703120000000001,Gen 90
MOL_00939,CC(=O)c1c(C(=O)CC(C)C)cncc1C1C(C)CCC1C(C)=O,-9.046,-6.541,2.504999999999999,-3.702895,Gen 67
MOL_00940,COc1c(-c2nc(C(C)=O)cc(C=CF)c2OC)ccnc1C,-8.243,-6.308,1.9350000000000005,-3.702580000000002,Gen 140
MOL_00941,CC1CCC(c2cnccc2CF)C1C(=O)CC(F)(F)F,-7.908,-6.008,1.9,-3.702400000000001,Fase 1_Lote Inicial
MOL_00942,CCC(=O)C1C(OC)CCC1c1cnccc1C(C)C,-7.709,-5.724,1.985,-3.7021999999999995,Fase 2_Seletividade
MOL_00943,CCC(=O)c1cncc(C2C(C)CCC2C(C)=O)c1C(C)=O,-7.834,-5.905,1.929,-3.7005,Gen 67
MOL_00944,C=CCC(=O)C1C(C)CCC1c1cnccc1C#CF,-8.04,-6.19,1.85,-3.698999999999999,Fase 1_Lote Inicial
MOL_00945,CC(=O)c1ccncc1C1CCC(C)C1C(=O)C(C)C(C)C,-8.086,-6.226,1.8600000000000003,-3.69892,Fase 5_Híbridos Geração 3
MOL_00946,CCC(=O)C1C(C=O)CCC1c1cnccc1C#N,-7.793,-5.85,1.943,-3.6980000000000004,Fase 2_Seletividade
MOL_00947,N#CC1CCC(c2cnccc2C2CC2)C1C(=O)C1CC1,-7.891,-5.991,1.9,-3.6973000000000003,Fase 2_Seletividade
MOL_00948,CCOC(=O)C1C(C)CCC1c1cnccc1C=O,-7.505,-5.44,2.065,-3.697,Fase 2_Seletividade
MOL_00949,CCC(=O)C1C(F)CCC1c1cnccc1F,-8.082,-6.225,1.857,-3.6963750000000024,Fase 3_Super Elite
MOL_00950,CCc1ccncc1C1CCC(C)C1C(=O)NC,-8.345,-6.352,1.993,-3.694580000000001,Fase 2_Seletividade
MOL_00951,CCC(C(=O)C1C(C)CCC1c1cncc(C)c1C(C)=O)C(C)C,-7.779,-5.836,1.943,-3.6937999999999995,Gen 97
MOL_00952,CC(F)CC(=O)C1C(C)CCC1c1cnccc1C1CC1,-8.532,-6.414,2.118,-3.6937200000000017,Fase 1_Lote Inicial
MOL_00953,CCC=CC(=O)C1C(C)CCC1c1cnccc1N=[N+]=[N-],-7.715,-5.746,1.969,-3.6928,Fase 1_Lote Inicial
MOL_00954,Cc1ccncc1C1CCC(CF)C1C(N)=O,-8.03,-6.188,1.842,-3.69118,Fase 2_Seletividade
MOL_00955,O=CC1CCC(c2cnccc2S)C1C(=O)C(=O)O,-7.686,-5.708,1.978,-3.6904,Fase 2_Seletividade
MOL_00956,O=C(O)C(=O)C1C(CF)CCC1c1cnccc1F,-8.047,-6.204,1.843,-3.6896200000000015,Fase 2_Seletividade
MOL_00957,COC(=O)c1ccncc1C1CCC(C)C1C(=O)C(C)C,-7.898,-6.016,1.882,-3.6868,Fase 1_Lote Inicial
MOL_00958,COC(=O)C1C(C)CCC1c1cnccc1F,-7.701,-5.736,1.965,-3.6858000000000004,Fase 2_Seletividade
MOL_00959,CCC1CCC(c2cnccc2C(F)F)C1C(=O)OC,-7.964,-6.113,1.851,-3.6849000000000007,Fase 2_Seletividade
MOL_00960,CCC(=O)C1C(N)CCC1c1cnccc1I,-7.683,-5.713,1.97,-3.6839,Fase 2_Seletividade
MOL_00961,CC(C)C(=O)C1C(C=O)CCC1c1cnccc1N,-7.795,-5.874,1.921,-3.6832000000000003,Fase 2_Seletividade
MOL_00962,CC(C)C(=O)C1C(O)CCC1c1cnccc1C1CC1,-8.336,-6.353,1.983,-3.6828550000000018,Fase 2_Seletividade
MOL_00963,CC1CCC(c2cnccc2N)C1C(=O)C(N)=O,-8.067,-6.224,1.843,-3.6828200000000004,Fase 3_Super Elite
MOL_00964,CC(=O)c1c(C(=O)C(C)C(C)C)cncc1C1C(C)CCC1C(C)=O,-9.123,-6.562,2.560999999999999,-3.68088,Gen 67
MOL_00965,CCC(=O)c1c(C2CCC(C)C2C(=O)CC(C)C)cnc(F)c1F,-9.654,-6.662,2.992,-3.6798800000000025,Gen 31
MOL_00966,CCC(C)C(=O)c1c(C(C)=O)nc(C)c(C)c1C1CCC(C)C1OC,-8.897,-6.513,2.3840000000000003,-3.6790550000000017,Gen 97
MOL_00967,C=CCC(=O)C1C(F)CCC1c1cnccc1C=CF,-7.735,-5.795,1.94,-3.6785000000000005,Fase 1_Lote Inicial
MOL_00968,C=Cc1ccncc1C1CCC(C)C1C(=O)CC(C)F,-8.171,-6.286,1.885,-3.678320000000001,Fase 1_Lote Inicial
MOL_00969,CCCC(=O)C1C(CC)CCC1c1cncc(C2CC2)c1C#N,-7.747,-5.814,1.933,-3.6772,Gen 13
MOL_00970,CCc1ccncc1C1CCC(N)C1C(N)=O,-7.96,-6.119,1.841,-3.6767000000000003,Fase 2_Seletividade
MOL_00971,C=Cc1ccncc1C1CCC(C)C1C(=O)C=CC,-7.91,-6.049,1.861,-3.6757,Fase 1_Lote Inicial
MOL_00972,CCCCC(=O)C1C(C)CCC1c1c(C=CF)ccnc1OCC,-8.025,-6.198,1.827,-3.674880000000001,Gen 26
MOL_00973,CCOC(=O)C1C(CF)CCC1c1cnccc1O,-7.872,-5.999,1.873,-3.6727000000000007,Fase 2_Seletividade
MOL_00974,CCC(=O)C1C(F)CCC1c1cnccc1N=[N+]=[N-],-8.055,-6.223,1.832,-3.6722550000000007,Fase 1_Lote Inicial
MOL_00975,CCOC(=O)C1C(CC)CCC1c1cnccc1O,-7.59,-5.597,1.993,-3.6721,Fase 2_Seletividade
MOL_00976,CCNC(=O)C1C(F)CCC1c1cnccc1F,-8.033,-6.208,1.825,-3.6705799999999993,Fase 2_Seletividade
MOL_00977,CC(=O)C1C(C)CCC1c1cnccc1O,-7.779,-5.87,1.909,-3.67,Fase 2_Seletividade
MOL_00978,CNC(=O)C1C(F)CCC1c1cnccc1F,-7.877,-6.013,1.864,-3.6679000000000004,Fase 2_Seletividade
MOL_00979,COc1cc(C=CF)c(C2C(C)CCC2C(=O)CC(C)C)c(OC)n1,-8.105,-6.257,1.8480000000000008,-3.667855000000002,Gen 142
MOL_00980,COc1ccncc1C1CCC(C#N)C1C(=O)C1CCC1,-8.005,-6.187,1.818,-3.667255000000001,Fase 2_Seletividade
MOL_00981,CCc1ccncc1C1CCC(O)C1C(C)=O,-7.851,-5.977,1.874,-3.6670999999999996,Fase 2_Seletividade
MOL_00982,CCCC(=O)C1CCCC1(C)Cc1cnccc1N=[N+]=[N-],-7.554,-5.555,1.999,-3.6655000000000006,Fase 1_Lote Inicial
MOL_00983,CCc1nc(OC)c(C2CCC(C)C2C(=O)CC(C)C)c(C(C)=O)c1OC,-8.13,-6.272,1.8580000000000003,-3.665180000000001,Gen 156
MOL_00984,CCC(=O)c1ccnc(C)c1C(=O)CC,-7.153,-4.983,2.17,-3.6649,Gen 80
MOL_00985,CCC(=O)C1C(C)CCC1c1cnccc1C1CO1,-7.95,-6.122,1.828,-3.664600000000001,Fase 1_Lote Inicial
MOL_00986,Nc1ccncc1C1CCC(O)C1C(=O)C1CC1,-7.997,-6.182,1.815,-3.66448,Fase 2_Seletividade
MOL_00987,CC=CC(=O)C1C(C)CCC1c1cnccc1CF,-7.82,-5.937,1.883,-3.6641000000000004,Fase 1_Lote Inicial
MOL_00988,CCC(C)C(=O)C1C(C)CCC1c1c(C(F)(F)F)ncc(F)c1C#N,-9.365,-6.613,2.752,-3.6640549999999994,Gen 17
MOL_00989,CCCC(=O)C1C(C)CCC1c1cnc(C)c(C(F)(F)F)c1C#N,-8.555,-6.43,2.125,-3.6620000000000017,Gen 18
MOL_00990,CC(=O)C1C(C)CCC1c1cnccc1CF,-7.865,-6.006,1.859,-3.6608,Fase 2_Seletividade
MOL_00991,CC(C)C(=O)C1C(CF)CCC1c1cnccc1C#N,-7.924,-6.091,1.833,-3.6603000000000003,Fase 2_Seletividade
MOL_00992,CC(C)CC(=O)C1C(C)CCC1c1cnccc1C(N)=O,-9.068,-6.555,2.513,-3.6593750000000025,Gen 12
MOL_00993,CCC1CCC(c2cnccc2N)C1C(=O)C(C)C,-7.761,-5.861,1.9,-3.6583000000000006,Fase 2_Seletividade
MOL_00994,CC(=O)c1nc(C(=O)CC(C)C)cc(C=CF)c1C(=O)C(C)C(C)C,-8.846,-6.506,2.34,-3.6581200000000003,Gen 144
MOL_00995,CC1CCC(c2cnccc2C=O)C1C(=O)C=O,-7.695,-5.767,1.928,-3.6581,Fase 2_Seletividade
MOL_00996,COC(=O)C1C(CF)CCC1c1cnccc1C(F)F,-7.866,-6.013,1.853,-3.6569000000000003,Fase 3_Super Elite
MOL_00997,Cc1ccncc1C1CCC(S)C1C(=O)C1CCC1,-7.954,-6.139,1.815,-3.6567,Fase 2_Seletividade
MOL_00998,CC1CCC(c2cnccc2N)C1C(=O)C1CCC1,-8.237,-6.325,1.912,-3.6563750000000006,Fase 2_Seletividade
MOL_00999,CCC(C)CC(=O)C1C(C)CCC1c1cnccc1C(C)=O,-8.999,-6.541,2.458,-3.655895000000001,Fase 5_Híbridos Geração 3
MOL_01000,COc1nc(C)c(C)c(C(=O)CCC(C)C)c1OC,-8.26,-6.335,1.925,-3.654375000000001,Gen 143
MOL_01001,CC1CCC(c2cnccc2O)C1C(=O)O,-8.049,-6.232,1.817,-3.6529799999999994,Fase 2_Seletividade
MOL_01002,CC1CCC(c2cnccc2N)C1C(=O)C=O,-7.743,-5.843,1.9,-3.6529000000000007,Fase 2_Seletividade
MOL_01003,CCC(=O)c1c(C(C)=O)nc(C)c(C)c1C1C(C)CCC1OC,-8.014,-6.207,1.8069999999999995,-3.6528549999999997,Gen 94
MOL_01004,Cc1ccncc1C1CCC(C)C1C(=O)C1CC1,-8.022,-6.214,1.808,-3.65172,Fase 2_Seletividade
MOL_01005,Nc1ccncc1C1CCC(C=O)C1C(=O)C1CCC1,-7.968,-6.165,1.803,-3.651375,Fase 2_Seletividade
MOL_01006,O=CC(=O)C1C(CF)CCC1c1cnccc1CF,-7.781,-5.9,1.881,-3.651,Fase 2_Seletividade
MOL_01007,CCC(=O)C1C(C#N)CCC1c1cnccc1C,-7.776,-5.893,1.883,-3.6509,Fase 2_Seletividade
MOL_01008,CC(=O)C1C(F)CCC1c1cnccc1C,-8.182,-6.304,1.878,-3.650620000000001,Fase 2_Seletividade
MOL_01009,CCC(=O)C1C(CF)CCC1c1cnccc1CF,-7.747,-5.854,1.893,-3.6492000000000004,Fase 2_Seletividade
MOL_01010,CCC(=O)C1C(C)CCC1c1cncc(C(C)=O)c1C(=O)CC(C)C,-9.095,-6.563,2.532000000000001,-3.648055000000004,Gen 51
MOL_01011,Cc1ccncc1C1CCC(C)C1C(=O)C=O,-7.738,-5.844,1.894,-3.6472000000000007,Fase 2_Seletividade
MOL_01012,CCCC(=O)C1C(F)CCC1c1cnccc1C,-7.895,-6.07,1.825,-3.646,Fase 2_Seletividade
MOL_01013,CC(=O)c1c(C2CCC(C)C2C(=O)CC(C)C)cnc(C)c1C1CC1,-7.773,-5.896,1.877,-3.6458000000000004,Gen 41
MOL_01014,COc1ccncc1C1CCC(CF)C1C(=O)C1CC1,-7.74,-5.849,1.891,-3.6457000000000006,Fase 2_Seletividade
MOL_01015,CC(=O)c1c(C)cncc1C1CCC(C)C1C(N)=O,-8.549,-6.433,2.116,-3.645455000000001,Gen 133
MOL_01016,CC1CCC(c2cnccc2S)C1C(=O)C1CC1,-7.887,-6.06,1.827,-3.6450000000000005,Fase 2_Seletividade
MOL_01017,CC(=O)C1CCC(C)C1C(=O)C(C)C(C)C,-7.617,-5.675,1.942,-3.6445000000000003,Gen 53
MOL_01018,CCCC(=O)C1C(O)CCC1c1cnccc1C=NO,-7.484,-5.485,1.999,-3.6445,Fase 1_Lote Inicial
MOL_01019,CCCC(=O)C1C(O)CCC1c1cnccc1C#N,-7.607,-5.662,1.945,-3.6436000000000006,Fase 1_Lote Inicial
MOL_01020,CCC(C)C(=O)C1C(C)CCC1c1cnccc1NC#N,-8.05,-6.239,1.811,-3.6430950000000015,Fase 1_Lote Inicial
MOL_01021,CCOC(=O)C1C(CC)CCC1c1cnccc1N,-7.678,-5.766,1.912,-3.6418,Fase 2_Seletividade
MOL_01022,CCCC(=O)C1C(C=O)CCC1c1cnccc1N,-7.551,-5.585,1.966,-3.6415000000000006,Fase 2_Seletividade
MOL_01023,CCOc1c(O)ncc(C2CCC(C)C2C(=O)CC(C)C)c1C(C)=O,-8.346,-6.372,1.974,-3.6391800000000014,Gen 56
MOL_01024,Cc1ccncc1C1CCC(O)C1C(=O)C=O,-7.899,-6.086,1.813,-3.6388,Fase 2_Seletividade
MOL_01025,N#CC1CCC(c2cnccc2I)C1C(=O)C1CC1,-7.692,-5.793,1.899,-3.6369000000000007,Fase 2_Seletividade
MOL_01026,COC(=O)C1C(F)CCC1c1cnccc1C(F)F,-7.924,-6.125,1.799,-3.6365000000000007,Fase 3_Super Elite
MOL_01027,CNC(=O)C1C(C=O)CCC1c1cnccc1C1CC1,-8.337,-6.371,1.966,-3.633095,Fase 2_Seletividade
MOL_01028,Cc1nc(O)c(C2CCC(C)C2C(N)=O)c(C#N)c1C1CC1,-8.483,-6.418,2.0650000000000004,-3.631280000000002,Gen 25
MOL_01029,O=Cc1ccncc1C1CCC(C=O)C1C(=O)C1CCC1,-7.801,-5.957,1.844,-3.631100000000001,Fase 2_Seletividade
MOL_01030,CC(=O)C1C(C)CCC1c1cnccc1C=O,-7.613,-5.689,1.924,-3.6307000000000005,Fase 2_Seletividade
MOL_01031,C=CCC(=O)C1C(C)CCC1c1cnccc1C1CO1,-8.022,-6.23,1.792,-3.6290000000000004,Fase 1_Lote Inicial
MOL_01032,CC(=O)c1c(O)c(O)nc(C)c1C1CCC(C)C1C(=O)CC(C)C,-8.415,-6.398,2.0169999999999995,-3.6288800000000014,Gen 119
MOL_01033,CC(=O)C1C(CF)CCC1c1cnccc1F,-7.615,-5.695,1.92,-3.6285000000000003,Fase 2_Seletividade
MOL_01034,CC1CCC(c2cnccc2O)C1C(=O)C=O,-7.687,-5.798,1.889,-3.6284,Fase 2_Seletividade
MOL_01035,CCC(=O)C1C(C)CCC1c1cnccc1S,-7.618,-5.701,1.917,-3.627300000000001,Fase 2_Seletividade
MOL_01036,CC(=O)c1ccncc1-c1cnccc1C(=O)CCC(C)C,-8.815,-6.506,2.309,-3.6271199999999997,Gen 64
MOL_01037,CC1CCC(c2cnccc2C2CC2)C1C(=O)C(N)=O,-8.819,-6.507,2.312,-3.6268550000000044,Fase 3_Super Elite
MOL_01038,CC(=O)C1C(F)CCC1c1cnccc1C1CC1,-7.872,-6.065,1.807,-3.6265,Fase 2_Seletividade
MOL_01039,CCC(=O)C1C(F)CCC1c1cnccc1C=O,-7.902,-6.109,1.793,-3.6257,Fase 1_Lote Inicial
MOL_01040,CCC(=O)c1c(F)c(F)nc(Cl)c1C1CCC(C)C1C(=O)CC(C)C,-8.932,-6.533,2.399,-3.6254550000000005,Gen 37
MOL_01041,CC1CCC(c2cnccc2C#N)C1C(=O)C1CC1,-7.728,-5.861,1.867,-3.6253,Fase 3_Super Elite
MOL_01042,CCOC(=O)C1C(C)CCC1c1cnccc1OC,-7.427,-5.431,1.996,-3.6252999999999997,Fase 2_Seletividade
MOL_01043,CCOC(=O)C1C(N)CCC1c1cnccc1C,-7.701,-5.824,1.877,-3.6242,Fase 2_Seletividade
MOL_01044,CC1CCC(c2cnccc2C#CF)C1C(=O)CC(F)(F)F,-7.758,-5.906,1.852,-3.6238,Fase 1_Lote Inicial
MOL_01045,CC1CCC(c2cnccc2C=NO)C1C(=O)CC1CC1,-7.865,-6.059,1.806,-3.6237000000000004,Fase 1_Lote Inicial
MOL_01046,CCC(=O)c1cncc(C2C(C)CCC2C(C)=O)c1C(=O)CC(C)C,-8.581,-6.448,2.132999999999999,-3.623379999999999,Gen 67
MOL_01047,CCC1CCC(c2cnccc2C)C1C(=O)C(=O)O,-7.891,-6.097,1.794,-3.6231,Fase 2_Seletividade
MOL_01048,COC1CCC(c2cnccc2C#N)C1C(N)=O,-7.81,-5.982,1.828,-3.6225999999999994,Fase 2_Seletividade
MOL_01049,Cc1cc(C=NO)c(C2CCC(C)C2C(N)=O)cn1,-7.724,-5.86,1.864,-3.622,Fase 5_Híbridos Geração 3
MOL_01050,CCC(=O)C1C(N)CCC1c1cnccc1F,-7.939,-6.166,1.773,-3.6215199999999994,Fase 2_Seletividade
MOL_01051,COC(=O)C1C(C)CCC1c1cnccc1Br,-7.498,-5.538,1.96,-3.6214000000000004,Fase 3_Super Elite
MOL_01052,CCOC(=O)C1C(CC)CCC1c1cnccc1I,-7.528,-5.583,1.945,-3.6199,Fase 2_Seletividade
MOL_01053,[C-]#[N+]c1ccncc1C1CCC(C)C1C(=O)C(C)C,-7.803,-5.976,1.827,-3.6198000000000006,Fase 1_Lote Inicial
MOL_01054,CC(=O)c1c(F)c(Cl)nc(OC(C)C)c1C1CCC(C)C1C(=O)CC(C)C,-9.369,-6.622,2.747,-3.6196800000000025,Gen 40
MOL_01055,COc1ccnc(C)c1C1C(C)CCC1c1ccnc(C)c1C(C)=O,-9.145,-6.579,2.566,-3.6194950000000023,Gen 93
MOL_01056,O=C(O)C1C(CF)CCC1c1cnccc1F,-7.869,-6.071,1.798,-3.6193,Fase 2_Seletividade
MOL_01057,CC=CC(=O)C1C(F)CCC1c1cnccc1CF,-8.392,-6.394,1.998,-3.61852,Fase 1_Lote Inicial
MOL_01058,COC(=O)C1C(C=O)CCC1c1cnccc1C,-7.569,-5.644,1.925,-3.6182000000000003,Fase 2_Seletividade
MOL_01059,CC(=O)C1C(CF)CCC1c1cnccc1Br,-7.607,-5.7,1.907,-3.6170000000000004,Fase 2_Seletividade
MOL_01060,CCC(F)C(=O)C1C(C)CCC1c1cnccc1C1CO1,-7.645,-5.758,1.887,-3.6144,Fase 1_Lote Inicial
MOL_01061,CC1CCCC1C(=O)C1CC1c1cnccc1C1CC1,-7.723,-5.87,1.853,-3.614,Fase 1_Lote Inicial
MOL_01062,CC1CCC(c2cnccc2F)C1C(=O)C1CC1,-8.044,-6.253,1.791,-3.613855000000001,Fase 3_Super Elite
MOL_01063,COc1ccncc1C1CCC(O)C1C(=O)C(C)C,-7.835,-6.031,1.804,-3.6133000000000006,Fase 2_Seletividade
MOL_01064,CCCC(=O)C1C(O)CCC1c1cnccc1CF,-7.87,-6.082,1.788,-3.6126000000000005,Fase 1_Lote Inicial
MOL_01065,CCC1CCC(c2cnccc2O)C1C(=O)C=O,-7.661,-5.787,1.874,-3.6101,Fase 2_Seletividade
MOL_01066,Cc1ccncc1C1CCC(CF)C1C(=O)C(C)C,-7.764,-5.935,1.829,-3.6095000000000006,Fase 2_Seletividade
MOL_01067,CCC(=O)C1C(F)CCC1c1cnccc1Br,-7.824,-6.021,1.803,-3.6093,Fase 3_Super Elite
MOL_01068,CCCC(=O)C1C(F)CCC1c1cnccc1C=CF,-7.569,-5.657,1.912,-3.6091,Fase 1_Lote Inicial
MOL_01069,CC(=O)C1C(C)CCC1c1cnccc1C,-7.639,-5.761,1.878,-3.6063,Fase 2_Seletividade
MOL_01070,COc1cncc(C(=O)C(C)C(C)C)c1C1C(C)CCC1OC,-7.67,-5.806,1.864,-3.6058000000000003,Gen 79
MOL_01071,CCc1ccncc1C1CCC(OC)C1C(N)=O,-7.762,-5.938,1.824,-3.6054000000000004,Fase 2_Seletividade
MOL_01072,CC(=O)C1C(F)CCC1c1cnccc1C(F)F,-7.889,-6.121,1.768,-3.6043000000000003,Fase 2_Seletividade
MOL_01073,CC(=O)c1cnccc1C(=O)CCC(C)C,-7.427,-5.461,1.9659999999999995,-3.6043,Gen 64
MOL_01074,CNC(=O)C1C(CF)CCC1c1cnccc1C1CC1,-8.668,-6.476,2.192,-3.6034200000000007,Fase 2_Seletividade
MOL_01075,CC(=O)c1ccnc(F)c1C1CCC(C)C1C(=O)C(C)C(C)C,-8.441,-6.414,2.027000000000001,-3.6027200000000024,Gen 37
MOL_01076,CCC(=O)C1C(S)CCC1c1cnccc1C1CC1,-7.459,-5.509,1.95,-3.6026999999999996,Fase 2_Seletividade
MOL_01077,CC1CCC(c2cnccc2Br)C1C(=O)C(=O)O,-7.912,-6.156,1.756,-3.60262,Fase 2_Seletividade
MOL_01078,COc1c(C)ncc(C2CCC(C)C2C(=O)CC(C)C)c1C(N)=O,-8.571,-6.451,2.12,-3.6022950000000025,Gen 77
MOL_01079,CCC1CCC(c2cnccc2N)C1C(=O)OC,-7.612,-5.729,1.883,-3.6017,Fase 2_Seletividade
MOL_01080,COC1C(C)CCC1c1cc(C=CF)c(C(C)=O)c(C(C)=O)n1,-8.619,-6.464,2.155,-3.6012199999999996,Gen 97
MOL_01081,CC(C)C(=O)C1C(C)CCC1c1cnccc1C=CF,-8.726,-6.491,2.235,-3.600895000000004,Fase 1_Lote Inicial
MOL_01082,Cc1ccncc1C1CCC(F)C1C(=O)C(C)C,-7.485,-5.552,1.933,-3.5986000000000007,Fase 2_Seletividade
MOL_01083,Cc1ccncc1C1CCC(C=O)C1C(=O)C1CCC1,-8.323,-6.378,1.945,-3.5984800000000012,Fase 2_Seletividade
MOL_01084,CCC(=O)C1C(S)CCC1c1cnccc1N,-7.365,-5.381,1.984,-3.5983000000000005,Fase 2_Seletividade
MOL_01085,CCC1CCC(c2cnccc2OC)C1C(=O)C1CC1,-7.935,-6.189,1.746,-3.5950949999999997,Fase 2_Seletividade
MOL_01086,O=CC1CCC(c2cnccc2F)C1C(=O)O,-7.838,-6.063,1.775,-3.5939000000000005,Fase 2_Seletividade
MOL_01087,CCOC(=O)C1C(CF)CCC1c1cnccc1S,-7.42,-5.466,1.954,-3.5938,Fase 2_Seletividade
MOL_01088,COC1CCC(c2cnccc2CF)C1C(=O)O,-7.735,-5.917,1.818,-3.5931000000000006,Fase 2_Seletividade
MOL_01089,C=Cc1ccncc1C1CCC(O)C1C(=O)CCC,-7.742,-5.929,1.813,-3.5917000000000003,Fase 1_Lote Inicial
MOL_01090,CCOC(=O)C1C(F)CCC1c1cnccc1C(F)F,-7.926,-6.185,1.741,-3.5903750000000008,Fase 2_Seletividade
MOL_01091,COC(=O)C1C(S)CCC1c1cnccc1F,-7.404,-5.449,1.955,-3.5897,Fase 2_Seletividade
MOL_01092,O=Cc1ccncc1C1CCC(C=O)C1C(=O)C1CC1,-7.805,-6.023,1.782,-3.5889000000000006,Fase 2_Seletividade
MOL_01093,CCC(=O)C1C(C)CCC1c1cnccc1Br,-7.846,-6.082,1.764,-3.5886000000000005,Fase 3_Super Elite
MOL_01094,COc1ccncc1C1CCC(S)C1C(=O)C(C)C,-7.703,-5.878,1.825,-3.5884,Fase 2_Seletividade
MOL_01095,CC(=O)c1c(C2CCC(C)C2C(=O)C(C)C(C)C)cnc(Cl)c1F,-9.897,-6.717,3.1800000000000006,-3.587655000000005,Gen 38
MOL_01096,NC(=O)C1C(CF)CCC1c1cnccc1C(F)F,-7.797,-6.014,1.783,-3.5872,Fase 2_Seletividade
MOL_01097,COC(=O)C1C(C=O)CCC1c1cnccc1C#N,-7.54,-5.647,1.893,-3.5871,Fase 2_Seletividade
MOL_01098,CC(C)c1ccncc1C1CCC(N)C1C(N)=O,-8.165,-6.324,1.841,-3.5868200000000012,Fase 2_Seletividade
MOL_01099,CC(C)CC(=O)C1C(C)CCC1c1cnccc1N=[N+]=[N-],-8.229,-6.349,1.88,-3.5866949999999997,Fase 1_Lote Inicial
MOL_01100,COc1c(C=CF)cc(C(=O)CC(C)C)nc1C1CCC(C)C1C(C)=O,-9.383,-6.631,2.751999999999999,-3.5844949999999995,Gen 68
MOL_01101,COc1nc(C)c(C)c(C(C)=O)c1C(C)=O,-7.146,-5.088,2.058,-3.5844,Gen 146
MOL_01102,C=CCC(=O)C1C(F)CCC1c1cnccc1CF,-7.686,-5.86,1.826,-3.5839999999999996,Fase 1_Lote Inicial
MOL_01103,CC=CC(=O)C1C(C)CCC1c1cnccc1C#N,-7.702,-5.883,1.819,-3.5839,Fase 1_Lote Inicial
MOL_01104,C=Cc1ccncc1C1CCC(CC)C1C(=O)CCC,-7.305,-5.316,1.989,-3.5838,Fase 1_Lote Inicial
MOL_01105,CC(C)C(=O)C1C(C=O)CCC1c1cnccc1C(F)F,-7.881,-6.14,1.741,-3.583000000000001,Fase 2_Seletividade
MOL_01106,O=CC(=O)C1C(F)CCC1c1cnccc1O,-7.634,-5.788,1.846,-3.5824000000000007,Fase 2_Seletividade
MOL_01107,COC1CCC(C)C1c1c(C(=O)CCC(C)C)ccnc1C,-8.116,-6.305,1.811,-3.5823750000000016,Gen 116
MOL_01108,CCC1CCC(c2cnccc2CF)C1C(=O)OC,-7.612,-5.757,1.855,-3.5821000000000005,Fase 2_Seletividade
MOL_01109,O=C(O)C1C(S)CCC1c1cnccc1C1CC1,-7.463,-5.547,1.916,-3.5801000000000007,Fase 2_Seletividade
MOL_01110,O=C(O)C1C(F)CCC1c1cnccc1C1CC1,-7.908,-6.178,1.73,-3.579480000000001,Fase 2_Seletividade
MOL_01111,CCOC(=O)C1C(C)CCC1c1cnccc1C(F)F,-7.817,-6.054,1.763,-3.5792,Fase 2_Seletividade
MOL_01112,CC(=O)c1ccncc1C1C(C)CCC1C(=O)CC(C)C,-8.434,-6.419,2.015,-3.578895000000002,Gen 65
MOL_01113,CCCC(=O)C1C(F)CCC1c1cnccc1C1CO1,-7.582,-5.719,1.863,-3.5786999999999995,Fase 1_Lote Inicial
MOL_01114,CC=C(C)C(=O)C1C(C)CCC1c1cnccc1N=[N+]=[N-],-8.76,-6.505,2.255,-3.5763750000000023,Fase 1_Lote Inicial
MOL_01115,CCc1ccncc1C1CCC(C#N)C1C(C)=O,-7.735,-5.941,1.794,-3.5763000000000007,Fase 2_Seletividade
MOL_01116,CCOC(=O)C1C(OC)CCC1c1cnccc1C#N,-7.481,-5.579,1.902,-3.5757000000000003,Fase 2_Seletividade
MOL_01117,CCC(=O)C1C(C)CCC1c1cnccc1C1CC1,-8.288,-6.374,1.914,-3.5753200000000023,Fase 1_Lote Inicial
MOL_01118,CC(F)CC(=O)C1C(C)CCC1c1cnccc1C#CF,-7.568,-5.704,1.864,-3.5752,Fase 1_Lote Inicial
MOL_01119,CCOC(=O)C1C(CF)CCC1c1cnccc1C1CC1,-7.745,-5.957,1.788,-3.575100000000001,Fase 2_Seletividade
MOL_01120,CCC(=O)C1C(F)CCC1c1cnccc1C,-7.634,-5.799,1.835,-3.5747,Fase 2_Seletividade
MOL_01121,COC(=O)C1C(C=O)CCC1c1cnccc1C=O,-7.454,-5.544,1.91,-3.5732000000000004,Fase 2_Seletividade
MOL_01122,CCC(=O)C1C(F)CCC1c1cnccc1I,-7.848,-6.107,1.741,-3.5731,Fase 3_Super Elite
MOL_01123,CC1CCCC1C(=O)C1CC1c1cnccc1C=O,-7.642,-5.815,1.827,-3.5715000000000003,Fase 1_Lote Inicial
MOL_01124,CCc1ccncc1C1CCC(C=O)C1C(=O)C1CCC1,-8.054,-6.281,1.773,-3.5714950000000023,Fase 2_Seletividade
MOL_01125,CC(C)c1ccncc1C1CCC(C=O)C1C(=O)C1CC1,-7.618,-5.781,1.837,-3.571300000000001,Fase 2_Seletividade
MOL_01126,CC(=O)c1c(O)nc(C)c(O)c1C1C(C)CCC1C(=O)CCC(C)C,-8.909,-6.54,2.3690000000000007,-3.5705000000000027,Gen 153
MOL_01127,CCc1ccncc1C1CCC(C)C1C(=O)C1CC1,-7.647,-5.824,1.823,-3.5702000000000007,Fase 2_Seletividade
MOL_01128,Cc1ccncc1C1CCC(N)C1C(=O)C1CC1,-7.807,-6.053,1.754,-3.5699000000000005,Fase 2_Seletividade
MOL_01129,COc1cnccc1-c1c(O)nc(C)c(O)c1OC,-7.6,-5.758,1.842,-3.5694,Gen 135
MOL_01130,CC(=O)C1C(N)CCC1c1cnccc1C(C)C,-7.609,-5.772,1.837,-3.5686,Fase 2_Seletividade
MOL_01131,CCC1CCC(c2cnccc2C=O)C1C(=O)O,-7.663,-5.85,1.813,-3.5680000000000005,Fase 2_Seletividade
MOL_01132,CCOC(=O)C1C(C=O)CCC1c1cnccc1C(C)C,-7.615,-5.782,1.833,-3.5676000000000005,Fase 2_Seletividade
MOL_01133,COC1C(C)CCC1C(=O)CC(C)C,-7.02,-4.932,2.087999999999999,-3.5675999999999997,Gen 90
MOL_01134,CCC(=O)C1C(CC)CCC1c1cnccc1C#N,-7.69,-5.89,1.8,-3.567000000000001,Fase 2_Seletividade
MOL_01135,NC1CCC(c2cnccc2F)C1C(=O)C=O,-7.376,-5.442,1.934,-3.5666000000000007,Fase 2_Seletividade
MOL_01136,[C-]#[N+]c1ccncc1C1CCC(C)C1C(=O)CC=C,-7.63,-5.805,1.825,-3.5665000000000004,Fase 1_Lote Inicial
MOL_01137,CC(=O)C1C(S)CCC1c1cnccc1C(F)F,-7.483,-5.595,1.888,-3.5665,Fase 2_Seletividade
MOL_01138,NC(=O)C1C(F)CCC1c1cnccc1F,-7.864,-6.14,1.724,-3.5660000000000007,Fase 2_Seletividade
MOL_01139,CCc1ccncc1C1CCC(C=O)C1C(=O)O,-7.771,-6.008,1.763,-3.5654000000000003,Fase 2_Seletividade
MOL_01140,COC1C(C)CCC1c1ccncc1C1C(C)CCC1C(C)=O,-9.627,-6.677,2.950000000000001,-3.564455000000005,Gen 152
MOL_01141,CC(C)C(C)C(=O)C1C(C)CCC1c1c(C#N)ccnc1C(F)(F)F,-8.195,-6.345,1.8500000000000003,-3.5633750000000015,Gen 17
MOL_01142,CC(C)C(=O)C1C(F)CCC1c1cnccc1O,-8.079,-6.297,1.782,-3.563055000000002,Fase 2_Seletividade
MOL_01143,CCC(=O)C1C(O)CCC1c1cnccc1Br,-7.717,-5.936,1.781,-3.5618,Fase 3_Super Elite
MOL_01144,NC(=O)C(=O)C1C(F)CCC1c1cnccc1C(F)F,-8.969,-6.555,2.414,-3.5603750000000023,Fase 3_Super Elite
MOL_01145,[C-]#[N+]c1ccncc1C1CCC(OC)C1C(=O)CCC,-7.28,-5.314,1.966,-3.5602000000000005,Fase 1_Lote Inicial
MOL_01146,CC(=O)c1ccnc(F)c1C1CCC(C)C1C(N)=O,-9.587,-6.671,2.9159999999999995,-3.5600950000000005,Gen 41
MOL_01147,CCC1CCC(c2cnccc2S)C1C(=O)OC,-7.454,-5.563,1.891,-3.5599000000000003,Fase 2_Seletividade
MOL_01148,COc1c(C(=O)CCC(C)C)ccnc1C,-7.489,-5.614,1.875,-3.5592,Gen 116
MOL_01149,C=CCC(=O)C1C(C)CCC1c1cnccc1C=O,-7.743,-5.977,1.766,-3.5591,Fase 1_Lote Inicial
MOL_01150,CCCC(=O)C1C(C#N)CCC1c1cnccc1C,-7.51,-5.645,1.865,-3.5585000000000004,Fase 2_Seletividade
MOL_01151,COc1cc(C=CF)c(C(C)=O)c(C2CCC(C)C2C(=O)CC(C)C)n1,-8.074,-6.297,1.777,-3.5580550000000013,Gen 142
MOL_01152,O=C(O)C(=O)C1C(O)CCC1c1cnccc1F,-7.816,-6.084,1.732,-3.557200000000001,Fase 2_Seletividade
MOL_01153,CCC1CCC(c2c(OC)ncc(C3CC3)c2C#N)C1C(N)=O,-8.093,-6.306,1.787,-3.5571200000000003,Gen 36
MOL_01154,O=C(O)C(=O)C1C(F)CCC1c1cnccc1O,-7.862,-6.15,1.712,-3.5570000000000004,Fase 2_Seletividade
MOL_01155,CC1CCC(c2cnccc2Br)C1C(=O)C=O,-7.552,-5.708,1.844,-3.5563999999999996,Fase 2_Seletividade
MOL_01156,N#Cc1ccncc1C1CCC(F)C1C(=O)C=O,-7.695,-5.914,1.781,-3.555200000000001,Fase 2_Seletividade
MOL_01157,CCc1ccncc1C1CCC(OC)C1C(C)=O,-7.417,-5.518,1.899,-3.5544000000000002,Fase 2_Seletividade
MOL_01158,CCOC(=O)C1C(C)CCC1c1cnccc1CF,-7.653,-5.858,1.795,-3.5524000000000004,Fase 2_Seletividade
MOL_01159,CCC1CCC(c2cnccc2C(C)C)C1C(=O)C(=O)O,-8.265,-6.374,1.891,-3.5523200000000026,Fase 2_Seletividade
MOL_01160,COC(=O)C1C(C)CCC1c1cnccc1O,-7.639,-5.844,1.795,-3.5482000000000005,Fase 2_Seletividade
MOL_01161,COC(=O)C1C(C)CCC1c1cnccc1S,-7.45,-5.575,1.875,-3.5475000000000003,Fase 2_Seletividade
MOL_01162,CC(=O)c1nc(C(=O)CC(C)C)cc(C=CF)c1C(C)=O,-8.066,-6.299,1.7670000000000003,-3.5456950000000003,Gen 144
MOL_01163,CCOc1cncc(C2CCC(C)C2C(=O)CC(C)C)c1C(C)=O,-8.571,-6.466,2.1049999999999995,-3.54552,Gen 49
MOL_01164,COc1c(C=CF)cc(C(C)=O)nc1C1C(C)CCC1OC,-7.875,-6.179,1.6959999999999995,-3.5454950000000007,Gen 95
MOL_01165,CC(=O)C1C(F)CCC1c1cnccc1F,-7.514,-5.67,1.844,-3.5450000000000004,Fase 2_Seletividade
MOL_01166,COc1c(C)nc(O)c(C2CCC(C)C2C(=O)CC(C)C)c1C(C)=O,-8.243,-6.369,1.8740000000000008,-3.544895000000002,Gen 54
MOL_01167,CCCC(=O)C1C(C=O)CCC1c1cnccc1CF,-7.28,-5.336,1.944,-3.5448000000000004,Fase 2_Seletividade
MOL_01168,CCC1CCC(c2cnccc2CF)C1C(=O)O,-7.916,-6.215,1.701,-3.5443750000000014,Fase 2_Seletividade
MOL_01169,CCc1c(C)nc(OC)c(C2CCC(C)C2C(=O)CC(C)C)c1C(N)=O,-8.282,-6.383,1.899,-3.5424550000000012,Gen 100
MOL_01170,CC(=O)c1cc(C)nc(C2CC2)c1C1CCC(C)C1C(N)=O,-9.736,-6.699,3.037000000000001,-3.5396950000000045,Gen 131
MOL_01171,O=Cc1ccncc1C1CCC(F)C1C(=O)C(=O)O,-7.968,-6.252,1.716,-3.539580000000001,Fase 2_Seletividade
MOL_01172,CC(C)C(=O)C1C(C)CCC1c1cnccc1S,-7.793,-6.077,1.716,-3.5391000000000004,Fase 2_Seletividade
MOL_01173,CCc1cncc(C2CCC(C)C2C(=O)CC(C)C)c1C(C)=O,-8.805,-6.524,2.281,-3.538820000000001,Gen 60
MOL_01174,CCC(F)C(=O)C1C(C)CCC1c1cnccc1C#CF,-7.709,-5.958,1.751,-3.5383999999999993,Fase 1_Lote Inicial
MOL_01175,COC(=O)C1C(O)CCC1c1cnccc1C(F)F,-7.82,-6.117,1.703,-3.538100000000001,Fase 2_Seletividade
MOL_01176,CCc1ccncc1C1CCC(C)C1C(C)=O,-7.908,-6.214,1.694,-3.53772,Fase 2_Seletividade
MOL_01177,CCC=CC(=O)C1C(C)CCC1c1cnccc1C1CC1,-7.717,-5.972,1.745,-3.5366,Fase 1_Lote Inicial
MOL_01178,CCC(=O)C1C(CF)CCC1c1cnccc1OC,-7.41,-5.536,1.874,-3.5348000000000006,Fase 2_Seletividade
MOL_01179,CCC1CCC(c2cnccc2CF)C1C(=O)NC,-7.829,-6.136,1.693,-3.5338000000000003,Fase 2_Seletividade
MOL_01180,CCCC(=O)C1C(C#N)CCC1c1cnccc1CF,-7.61,-5.825,1.785,-3.5325000000000006,Fase 2_Seletividade
MOL_01181,O=C(O)C(=O)C1C(CF)CCC1c1cnccc1S,-7.592,-5.8,1.792,-3.532,Fase 2_Seletividade
MOL_01182,CCCC(=O)C1C(C=O)CCC1c1cnccc1C1CC1,-7.734,-6.003,1.731,-3.5319000000000003,Fase 2_Seletividade
MOL_01183,O=C(C1CCC1)C1C(F)CCC1c1cnccc1O,-8.753,-6.514,2.239,-3.5307200000000005,Fase 2_Seletividade
MOL_01184,C=Cc1ccncc1C1CCC(F)C1C(=O)C(C)C,-7.873,-6.192,1.681,-3.5297800000000006,Fase 1_Lote Inicial
MOL_01185,CCOC(=O)C1C(N)CCC1c1cnccc1C=O,-7.584,-5.794,1.79,-3.5282,Fase 2_Seletividade
MOL_01186,CCCC(=O)C1C(CC)CCC1c1cnccc1N=[N+]=[N-],-7.577,-5.786,1.791,-3.5268000000000006,Fase 1_Lote Inicial
MOL_01187,Nc1ccncc1C1CCC(CF)C1C(=O)C1CC1,-7.808,-6.116,1.692,-3.5268000000000006,Fase 2_Seletividade
MOL_01188,CC(C)c1ccncc1C1CCC(S)C1C(=O)C(=O)O,-7.478,-5.645,1.833,-3.5265000000000004,Fase 2_Seletividade
MOL_01189,COC1CCC(C)C1c1cnccc1C(=O)CC(C)C,-7.945,-6.247,1.6980000000000004,-3.525055000000001,Gen 133
MOL_01190,COC1CCC(C)C1C(=O)CCC(C)C,-7.15,-5.179,1.971,-3.5247000000000006,Gen 127
MOL_01191,CCCC(=O)C1C(OC)CCC1c1cnccc1C=CF,-7.86,-6.185,1.675,-3.524375000000001,Fase 1_Lote Inicial
MOL_01192,CC(C)c1ccncc1C1CCC(N)C1C(=O)C1CC1,-8.545,-6.465,2.08,-3.5233750000000024,Fase 2_Seletividade
MOL_01193,CCOC(=O)C1C(OC)CCC1c1cnccc1CC,-7.334,-5.444,1.89,-3.5232,Fase 2_Seletividade
MOL_01194,CC1CCC(c2cnccc2S)C1C(=O)C=O,-7.615,-5.846,1.769,-3.5228,Fase 2_Seletividade
MOL_01195,O=C(C1CC1)C1C(CF)CCC1c1cnccc1CF,-7.611,-5.843,1.768,-3.5209,Fase 2_Seletividade
MOL_01196,CC(=O)c1c(C2CC2)cncc1C1CCC(C)C1C(=O)CC(C)C,-8.467,-6.445,2.022,-3.5203750000000005,Gen 16
MOL_01197,CC(=O)C1C(O)CCC1c1cnccc1C(C)C,-8.056,-6.306,1.75,-3.5201199999999995,Fase 2_Seletividade
MOL_01198,NC1CCC(c2cnccc2C(F)F)C1C(=O)C1CC1,-7.824,-6.149,1.675,-3.5197000000000003,Fase 2_Seletividade
MOL_01199,CC(=O)c1cc(C=CF)c(-c2ccncc2C(C)=O)c(C(=O)C(C)C(C)C)n1,-8.596,-6.479,2.117,-3.519495000000002,Gen 140
MOL_01200,COc1nc(C)c(C2CCC(C)C2C(=O)CC(C)C)c(C(N)=O)c1C1CC1,-9.037,-6.578,2.4590000000000005,-3.5164800000000014,Gen 47
MOL_01201,COC1CCC(c2cnccc2N)C1C(=O)C1CC1,-7.799,-6.118,1.681,-3.516400000000001,Fase 2_Seletividade
MOL_01202,NC(=O)C(=O)C1C(CF)CCC1c1cnccc1CF,-7.796,-6.114,1.682,-3.5162000000000004,Fase 2_Seletividade
MOL_01203,CC(=O)c1c(C(=O)C(C)C(C)C)ccnc1C,-7.502,-5.695,1.8069999999999995,-3.5155,Gen 58
MOL_01204,COc1ncc(Cl)c(C=CF)c1C1CCC(C)C1C(=O)CCCCC(C)C,-8.343,-6.411,1.9320000000000004,-3.5146950000000023,Gen 36
MOL_01205,CCCC(=O)C1C(CC)CCC1c1cnccc1C=CF,-7.815,-6.146,1.669,-3.5128000000000004,Fase 1_Lote Inicial
MOL_01206,C=C=Cc1ccncc1C1CCC(C)C1C(=O)C(C)CC,-8.351,-6.414,1.937,-3.5127200000000025,Fase 1_Lote Inicial
MOL_01207,CCC1CCC(c2cnccc2C(F)F)C1C(=O)NC,-8.593,-6.48,2.113,-3.5125,Fase 2_Seletividade
MOL_01208,CC(C)C(=O)C1C(F)CCC1c1cnccc1CF,-7.86,-6.196,1.664,-3.512220000000001,Fase 1_Lote Inicial
MOL_01209,CCCC(=O)C1C(C)CCC1c1cnccc1N=[N+]=[N-],-7.753,-6.059,1.694,-3.5117000000000003,Fase 1_Lote Inicial
MOL_01210,CCc1ccncc1C1CCC(N)C1C(=O)C=O,-7.804,-6.132,1.672,-3.5116000000000005,Fase 2_Seletividade
MOL_01211,CCc1ccncc1C1CCC(C#N)C1C(N)=O,-8.116,-6.335,1.781,-3.5103750000000007,Fase 2_Seletividade
MOL_01212,O=C(C1CC1)C1C(S)CCC1c1cnccc1F,-7.718,-6.011,1.707,-3.5103,Fase 2_Seletividade
MOL_01213,COc1ccncc1C1CCC(F)C1C(=O)C1CCC1,-7.696,-5.98,1.716,-3.51,Fase 2_Seletividade
MOL_01214,COC(=O)C1C(F)CCC1c1cnccc1C=O,-7.492,-5.691,1.801,-3.5083,Fase 2_Seletividade
MOL_01215,CCOC(=O)C1C(F)CCC1c1cnccc1OC,-7.405,-5.568,1.837,-3.507400000000001,Fase 2_Seletividade
MOL_01216,CCC1CCC(c2cnccc2F)C1C(=O)C1CC1,-7.423,-5.594,1.829,-3.5072,Fase 2_Seletividade
MOL_01217,C=CCC(=O)C1C(C)CCC1c1cnccc1N=[N+]=[N-],-7.734,-6.039,1.695,-3.5067000000000004,Fase 1_Lote Inicial
MOL_01218,CC(C)CC(=O)C1C(C)CCC1c1cncc(F)c1C(N)=O,-9.042,-6.581,2.4609999999999994,-3.5064949999999993,Gen 44
MOL_01219,Cc1ccncc1C1CCC(S)C1C(=O)C1CC1,-7.488,-5.688,1.8,-3.506400000000001,Fase 2_Seletividade
MOL_01220,CCC(=O)C1C(S)CCC1c1cnccc1C#N,-7.439,-5.62,1.819,-3.5050000000000003,Fase 2_Seletividade
MOL_01221,CC1CCC(c2cnccc2C#N)C1C(=O)O,-8.045,-6.308,1.737,-3.5045800000000016,Fase 2_Seletividade
MOL_01222,CC(C)C(=O)C1C(S)CCC1c1cnccc1Br,-7.351,-5.496,1.855,-3.5038,Fase 2_Seletividade
MOL_01223,O=CC(=O)C1C(O)CCC1c1cnccc1F,-7.52,-5.739,1.781,-3.5027,Fase 2_Seletividade
MOL_01224,COC(=O)C1C(C=O)CCC1c1cnccc1C(F)F,-7.582,-5.828,1.754,-3.5023999999999997,Fase 2_Seletividade
MOL_01225,COc1c(C(=O)CCC(C)C)nc(C)c(C)c1C(=O)CCC(C)C,-9.114,-6.596,2.5180000000000007,-3.502220000000002,Gen 143
MOL_01226,CCCC(=O)C1C(C=O)CCC1c1cnccc1C=O,-7.095,-5.135,1.96,-3.5005,Fase 2_Seletividade
MOL_01227,CCC(=O)c1nc(C2CCC(C)C2C(C)=O)cc(C=CF)c1C(C)=O,-8.453,-6.447,2.006,-3.4990550000000002,Gen 97
MOL_01228,COc1nc(OC)c(C2CCC(C)C2C(=O)CCC(C)C)c(C=CF)c1C1CC1,-8.805,-6.533,2.272,-3.498455,Gen 34
MOL_01229,Cc1cc(C=NO)c(C2CCC(C)C2C(N)=O)c(F)n1,-8.874,-6.548,2.3260000000000005,-3.498380000000002,Gen 42
MOL_01230,CCOC(=O)C1C(CC)CCC1c1cnccc1C#N,-7.791,-6.133,1.658,-3.4979000000000005,Fase 2_Seletividade
MOL_01231,CCc1ccncc1C1CCC(CC)C1C(N)=O,-8.009,-6.295,1.714,-3.4973750000000017,Fase 2_Seletividade
MOL_01232,Cc1ccncc1C1CCC(F)C1C(=O)C=O,-7.595,-5.854,1.741,-3.4972000000000003,Fase 2_Seletividade
MOL_01233,CC(=O)C1C(C)CCC1c1cnccc1C(C)C,-7.728,-6.045,1.683,-3.4965,Fase 2_Seletividade
MOL_01234,CNC(=O)C1C(CF)CCC1c1cnccc1I,-7.965,-6.274,1.691,-3.4963200000000008,Fase 2_Seletividade
MOL_01235,CCC(=O)c1ccnc(C)c1C1CC1,-7.435,-5.627,1.808,-3.4961,Gen 80
MOL_01236,COC(=O)C1C(C)CCC1c1cnccc1I,-7.55,-5.794,1.756,-3.4942,Fase 2_Seletividade
MOL_01237,CCOC(=O)C1C(F)CCC1c1cnccc1C=O,-7.528,-5.763,1.765,-3.4939,Fase 2_Seletividade
MOL_01238,C=Cc1ccncc1C1CCC(C)C1C(=O)CC(F)(F)F,-8.549,-6.474,2.075,-3.4923200000000003,Fase 1_Lote Inicial
MOL_01239,CC(=O)c1c(O)nc(C)c(O)c1C1C(C)CCC1C(C)=O,-8.659,-6.501,2.1580000000000004,-3.4922950000000004,Gen 153
MOL_01240,Cc1ccncc1C1CCC(C=O)C1C(=O)C1CC1,-7.554,-5.806,1.748,-3.4898000000000007,Fase 2_Seletividade
MOL_01241,COc1ccnc(C)c1C1CCC(C)C1c1ccnc(C)c1C(C)=O,-9.196,-6.614,2.582,-3.489720000000002,Gen 89
MOL_01242,O=CC(=O)C1C(F)CCC1c1cnccc1C(F)F,-7.843,-6.201,1.642,-3.489295000000001,Fase 2_Seletividade
MOL_01243,CCOC(=O)C1C(F)CCC1c1cnccc1N,-7.679,-5.986,1.693,-3.4888000000000003,Fase 2_Seletividade
MOL_01244,COC1CCC(C)C1c1cc(C=CF)c(C(C)=O)c(C(C)=O)n1,-8.685,-6.508,2.1770000000000005,-3.4885800000000016,Gen 167
MOL_01245,NC(=O)C(=O)C1C(O)CCC1c1cnccc1C1CC1,-7.817,-6.179,1.638,-3.487495000000001,Fase 3_Super Elite
MOL_01246,CCC(=O)C1C(C=O)CCC1c1cnccc1Br,-7.366,-5.541,1.825,-3.4873,Fase 2_Seletividade
MOL_01247,COc1ccncc1C1CCC(CF)C1C(=O)C(N)=O,-7.801,-6.163,1.638,-3.4860550000000003,Fase 2_Seletividade
MOL_01248,O=C(C1CC1)C1C(S)CCC1c1cnccc1Br,-7.478,-5.703,1.775,-3.4859,Fase 2_Seletividade
MOL_01249,CCc1ccncc1C1CCC(N)C1C(=O)C(C)C,-7.729,-6.062,1.667,-3.4856,Fase 2_Seletividade
MOL_01250,C=C=Cc1ccncc1C1CCC(C)C1C(=O)CC1CC1,-7.554,-5.814,1.74,-3.4842000000000004,Fase 1_Lote Inicial
MOL_01251,CCCC(=O)C1C(O)CCC1c1cnccc1C(C)C,-7.691,-6.01,1.681,-3.484,Fase 2_Seletividade
MOL_01252,O=CC(=O)C1C(F)CCC1c1cnccc1I,-7.455,-5.676,1.779,-3.4818000000000002,Fase 2_Seletividade
MOL_01253,CCOC(=O)C1C(S)CCC1c1cnccc1CC,-7.33,-5.501,1.829,-3.4793000000000003,Fase 2_Seletividade
MOL_01254,C=Cc1ccncc1C1CCC(C)C1C(=O)CCC,-7.761,-6.117,1.644,-3.4791000000000007,Fase 1_Lote Inicial
MOL_01255,CCC1CCC(c2cnccc2CF)C1C(=O)C(N)=O,-7.703,-6.035,1.668,-3.4785000000000004,Fase 2_Seletividade
MOL_01256,CCC(=O)C1C(N)CCC1c1cnccc1S,-7.745,-6.099,1.646,-3.4757000000000007,Fase 2_Seletividade
MOL_01257,CCCC(=O)C1C(C#N)CCC1c1cnccc1C1CC1,-7.555,-5.828,1.727,-3.4753999999999996,Fase 2_Seletividade
MOL_01258,COc1ccncc1C1CCC(CF)C1C(=O)C=O,-7.527,-5.789,1.738,-3.4747000000000003,Fase 2_Seletividade
MOL_01259,CC(C)c1ccncc1C1CCC(CF)C1C(=O)C=O,-7.604,-5.899,1.705,-3.4747000000000003,Fase 2_Seletividade
MOL_01260,O=C(C1CC1)C1C(O)CCC1c1cnccc1C1CC1,-8.031,-6.315,1.716,-3.474375000000001,Fase 2_Seletividade
MOL_01261,Cc1ccncc1C1CCC(O)C1C(=O)C(=O)O,-7.935,-6.27,1.665,-3.474000000000001,Fase 2_Seletividade
MOL_01262,CCCC(=O)C1C(S)CCC1c1cnccc1CC,-6.968,-4.994,1.974,-3.4722000000000004,Fase 2_Seletividade
MOL_01263,c1cc(C2CC2)c(-c2cncc(C3CC3)c2C2CC2)cn1,-9.32,-6.64,2.6800000000000006,-3.4715000000000042,Gen 73
MOL_01264,CCC(=O)c1cnccc1C1CCC(C)C1C(=O)CC,-8.631,-6.5,2.131,-3.4685000000000015,Gen 81
MOL_01265,CCOC(=O)C1C(C)CCC1c1cnccc1Br,-7.393,-5.607,1.786,-3.4680999999999997,Fase 2_Seletividade
MOL_01266,CCNC(=O)C1C(N)CCC1c1cnccc1OC,-7.788,-6.169,1.619,-3.4678950000000004,Fase 2_Seletividade
MOL_01267,C=Cc1ccncc1CC1(C)CCCC1C(=O)CCC,-7.448,-5.686,1.762,-3.467800000000001,Fase 1_Lote Inicial
MOL_01268,CCOC(=O)C1C(C#N)CCC1c1cnccc1C,-7.506,-5.769,1.737,-3.4677000000000007,Fase 2_Seletividade
MOL_01269,N#CC1CCC(c2cnccc2C2CC2)C1C(=O)C=O,-7.597,-5.899,1.698,-3.4677000000000007,Fase 2_Seletividade
MOL_01270,O=CC1CCC(c2cnccc2F)C1C(=O)C1CC1,-7.662,-5.992,1.67,-3.4676,Fase 2_Seletividade
MOL_01271,CCc1ccncc1C1CCC(C#N)C1C(=O)C=O,-7.63,-5.947,1.683,-3.4671000000000003,Fase 2_Seletividade
MOL_01272,COC1CCC(c2cnccc2C2CC2)C1C(=O)C=O,-7.667,-6.001,1.666,-3.4662999999999995,Fase 2_Seletividade
MOL_01273,CC=CC(=O)C1C(C)CCC1c1cnccc1C1CC1,-7.711,-6.065,1.646,-3.4655000000000005,Fase 1_Lote Inicial
MOL_01274,N#CC1CCC(c2cnccc2CF)C1C(=O)C=O,-7.599,-5.906,1.693,-3.4648000000000003,Fase 2_Seletividade
MOL_01275,COc1cnccc1C1C(C)CCC1OC,-7.608,-5.919,1.689,-3.4647000000000006,Gen 115
MOL_01276,CCCCCCC(=O)C1C(C)CCC1c1c(OC)ncc(Cl)c1C=CCl,-7.612,-5.925,1.6870000000000005,-3.4645,Gen 36
MOL_01277,COC1CCC(c2cnccc2F)C1C(=O)C1CC1,-7.714,-6.071,1.643,-3.4643000000000006,Fase 2_Seletividade
MOL_01278,C=CCC(=O)C1C(C)CCC1c1cnccc1C(F)F,-8.139,-6.361,1.778,-3.4636950000000013,Fase 1_Lote Inicial
MOL_01279,CCC(=O)C1C(O)CCC1c1cnccc1C(F)F,-7.578,-5.878,1.7,-3.4634,Fase 3_Super Elite
MOL_01280,CC(C)CCC(=O)c1ccncc1-c1cnccc1C(=O)CC(C)C,-7.867,-6.237,1.63,-3.463255,Gen 64
MOL_01281,CCC1CCC(c2cnccc2O)C1C(=O)OC,-7.624,-5.944,1.68,-3.4631999999999996,Fase 2_Seletividade
MOL_01282,COc1nc(O)c(C2CCC(C)C2C(=O)CC(C)C)c(C(C)=O)c1C,-9.013,-6.584,2.4290000000000003,-3.4624200000000034,Gen 82
MOL_01283,CCOC(=O)C1C(N)CCC1c1cnccc1C(C)C,-7.756,-6.137,1.619,-3.4601000000000006,Fase 2_Seletividade
MOL_01284,CC1CCC(c2cnccc2C=NO)C1C(=O)CC1CCC1F,-7.999,-6.309,1.69,-3.456295,Fase 1_Lote Inicial
MOL_01285,COC(=O)C1C(F)CCC1c1cnccc1I,-7.269,-5.448,1.821,-3.4554,Fase 2_Seletividade
MOL_01286,CCC(=O)C1C(S)CCC1c1cnccc1C=O,-7.497,-5.775,1.722,-3.4544999999999995,Fase 2_Seletividade
MOL_01287,NC1CCC(c2cnccc2C(F)F)C1C(=O)C1CCC1,-7.931,-6.278,1.653,-3.454480000000001,Fase 2_Seletividade
MOL_01288,CC1CCC(c2cnccc2N=[N+]=[N-])C1C(=O)CC1CC1,-7.38,-5.608,1.772,-3.4544000000000006,Fase 1_Lote Inicial
MOL_01289,COc1nc(C)c(C)c(C(=O)CC(C)C)c1C1C(C)CCC1C(C)=O,-8.047,-6.331,1.7160000000000002,-3.4514950000000004,Gen 152
MOL_01290,CCCC(=O)C1C(CC)CCC1c1cnccc1C1CC1,-7.442,-5.704,1.738,-3.4492000000000007,Fase 1_Lote Inicial
MOL_01291,N#CC1CCC(c2cnccc2Br)C1C(=O)C1CC1,-7.9,-6.265,1.635,-3.4483750000000013,Fase 2_Seletividade
MOL_01292,CC(=O)C1C(N)CCC1c1cnccc1O,-7.746,-6.14,1.606,-3.4480000000000013,Fase 2_Seletividade
MOL_01293,CCc1ccncc1C1CCC(O)C1C(=O)OC,-7.713,-6.093,1.62,-3.4479000000000006,Fase 2_Seletividade
MOL_01294,Nc1ccncc1C1CCC(CF)C1C(=O)C1CCC1,-7.756,-6.155,1.601,-3.447375000000001,Fase 2_Seletividade
MOL_01295,NC(=O)C1C(S)CCC1c1cnccc1I,-7.203,-5.367,1.836,-3.4461000000000004,Fase 2_Seletividade
MOL_01296,CCC(=O)c1ccncc1-c1c(OC)cncc1C(=O)CC(C)C,-7.536,-5.843,1.6929999999999996,-3.4459,Gen 48
MOL_01297,COC1CCC(c2cnccc2Br)C1C(=O)C(N)=O,-7.696,-6.073,1.623,-3.4448999999999996,Fase 2_Seletividade
MOL_01298,CC(C)C(=O)C1C(N)CCC1c1cnccc1CF,-7.569,-5.893,1.676,-3.4439,Fase 2_Seletividade
MOL_01299,COc1c(-c2cc(C=CF)c(OC)c(C(=O)C(C)C(C)C)n2)ccnc1C,-8.91,-6.567,2.343,-3.4436550000000015,Gen 130
MOL_01300,CC1CCC(c2cnc(F)c(C3CC3)c2C#N)C1C(N)=O,-8.781,-6.54,2.2410000000000005,-3.4425000000000026,Gen 14
MOL_01301,CC1CCC(c2cnccc2O)C1C(=O)C1CC1,-7.92,-6.279,1.641,-3.4414950000000006,Fase 2_Seletividade
MOL_01302,COC1C(C)CCC1c1cnccc1C1C(C)CCC1C(C)=O,-8.57,-6.492,2.0780000000000003,-3.440780000000002,Gen 122
MOL_01303,CCOC(=O)C1C(F)CCC1c1cnccc1S,-7.3,-5.515,1.785,-3.4395000000000002,Fase 2_Seletividade
MOL_01304,CCC(C)C(=O)C1C(C)CCC1c1c(C#N)cc(C)nc1C(F)(F)F,-8.04,-6.333,1.706999999999999,-3.4394549999999997,Gen 17
MOL_01305,COc1c(C)c(C)nc(C2C(C)CCC2OC)c1C(=O)C(C)C(C)C,-7.807,-6.212,1.5950000000000006,-3.4393800000000008,Gen 155
MOL_01306,CC(=O)C1C(CF)CCC1c1cnccc1C(F)F,-7.686,-6.067,1.619,-3.4391,Fase 2_Seletividade
MOL_01307,CCC(C)C(=O)C1C(C)CCC1c1c(C(F)(F)F)ncc(C2CC2)c1C#N,-9.344,-6.65,2.693999999999999,-3.438999999999999,Gen 20
MOL_01308,[C-]#[N+]c1ccncc1C1CCC(F)C1C(=O)CCC,-7.425,-5.696,1.729,-3.4378,Fase 1_Lote Inicial
MOL_01309,COC(=O)C1C(O)CCC1c1cnccc1CF,-7.507,-5.814,1.693,-3.4372,Fase 3_Super Elite
MOL_01310,CC(=O)C1C(S)CCC1c1cnccc1C(C)C,-7.503,-5.809,1.694,-3.4367,Fase 2_Seletividade
MOL_01311,CC(F)CC(=O)C1C(C)CCC1c1cnccc1C1CO1,-8.176,-6.383,1.793,-3.4364550000000014,Fase 1_Lote Inicial
MOL_01312,CNC(=O)C1C(C=O)CCC1c1cnccc1Br,-7.692,-6.081,1.611,-3.4353,Fase 2_Seletividade
MOL_01313,O=CC1CCC(c2cnccc2CF)C1C(=O)O,-7.6,-5.951,1.649,-3.4343000000000004,Fase 2_Seletividade
MOL_01314,COC1CCC(c2cnccc2C(C)C)C1C(=O)C(C)C,-7.453,-5.741,1.712,-3.4343000000000004,Fase 2_Seletividade
MOL_01315,CCOC(=O)C1C(S)CCC1c1cnccc1C=O,-7.194,-5.371,1.823,-3.4343,Fase 2_Seletividade
MOL_01316,COC1CCC(c2cnccc2S)C1C(=O)C1CCC1,-7.551,-5.882,1.669,-3.4336,Fase 2_Seletividade
MOL_01317,Cc1nc(C2CC2)c(C2CCC(C)C2C(=O)CC(C)C)c(C=NO)c1F,-9.852,-6.734,3.1180000000000003,-3.432920000000003,Gen 38
MOL_01318,CCC(=O)C1C(N)CCC1c1cnccc1CF,-7.369,-5.623,1.746,-3.4329,Fase 2_Seletividade
MOL_01319,CCOC(=O)C1C(C=O)CCC1c1cnccc1C=O,-7.299,-5.524,1.775,-3.432200000000001,Fase 2_Seletividade
MOL_01320,Nc1ccncc1C1CCC(S)C1C(=O)C1CCC1,-7.717,-6.122,1.595,-3.4316000000000004,Fase 2_Seletividade
MOL_01321,O=CC1CCC(c2cnccc2Br)C1C(=O)O,-7.708,-6.11,1.598,-3.431,Fase 2_Seletividade
MOL_01322,COc1cc(C=CF)c(C(=O)CC(C)C)c(C2CCC(C)C2OC)n1,-8.733,-6.532,2.2010000000000005,-3.4309800000000017,Gen 68
MOL_01323,COc1ncc(C2CCC(C)C2C(=O)CC(C)C)c(C(C)=O)c1Cl,-8.084,-6.353,1.731,-3.430855000000001,Gen 113
MOL_01324,CCC1CCC(c2cnccc2O)C1C(=O)C(C)C,-7.711,-6.115,1.596,-3.4305000000000003,Fase 2_Seletividade
MOL_01325,COc1c(-c2c(C)c(C)nc(C(=O)CC(C)C)c2C(C)=O)ccnc1C,-8.337,-6.434,1.903,-3.42992,Gen 139
MOL_01326,O=Cc1ccncc1C1CCC(C=O)C1C(=O)O,-7.673,-6.065,1.608,-3.4275,Fase 2_Seletividade
MOL_01327,N#Cc1ccncc1C1CCC(C=O)C1C(=O)C=O,-7.595,-5.955,1.64,-3.4265,Fase 2_Seletividade
MOL_01328,CCCC(=O)C1C(OC)CCC1c1cnccc1O,-7.609,-5.976,1.633,-3.4258000000000006,Fase 2_Seletividade
MOL_01329,COc1nc(Cl)c(F)c(C(C)=O)c1C1CCC(C)C1C(=O)CC(C)C,-8.432,-6.461,1.971,-3.425695000000001,Gen 35
MOL_01330,CCC1CCC(c2cnccc2S)C1C(N)=O,-7.494,-5.812,1.682,-3.4256,Fase 2_Seletividade
MOL_01331,COc1cc(C=CF)c(C(C)=O)c(C2CCC(C)C2OC)n1,-8.497,-6.478,2.019,-3.4244800000000026,Gen 68
MOL_01332,CC(C)C(=O)C1C(C#N)CCC1c1cnccc1Br,-7.695,-6.101,1.594,-3.4243000000000006,Fase 2_Seletividade
MOL_01333,O=CC(=O)C1C(CF)CCC1c1cnccc1O,-7.424,-5.714,1.71,-3.4242000000000004,Fase 2_Seletividade
MOL_01334,CC(C)CC(=O)C1C(C)CCC1c1c(O)nc(Cl)c(F)c1C(N)=O,-9.173,-6.622,2.551,-3.4236800000000027,Gen 39
MOL_01335,COc1cc(C=CF)c(C(=O)CC(C)C)c(C2C(C)CCC2OC)n1,-7.642,-6.027,1.6150000000000002,-3.4231000000000007,Gen 95
MOL_01336,O=CC(=O)C1C(C=O)CCC1c1cnccc1C=O,-7.316,-5.562,1.754,-3.4226,Fase 2_Seletividade
MOL_01337,CC1CCC(c2cnccc2C=CF)C1C(=O)CC1CC1,-7.633,-6.015,1.618,-3.4225000000000003,Fase 1_Lote Inicial
MOL_01338,O=C(C1CCC1)C1C(CF)CCC1c1cnccc1CF,-7.661,-6.056,1.605,-3.4218,Fase 2_Seletividade
MOL_01339,CC=C(C)C(=O)C1C(C)CCC1c1cnccc1C#N,-8.161,-6.383,1.778,-3.421455000000001,Fase 1_Lote Inicial
MOL_01340,COc1nc(C)c(C)c(C(=O)CC(C)C)c1C1CCC(C)C1C(C)=O,-8.172,-6.387,1.785000000000001,-3.4202550000000027,Gen 164
MOL_01341,CNC(=O)C1C(C)CCC1c1cnccc1S,-7.81,-6.228,1.582,-3.4199800000000007,Fase 2_Seletividade
MOL_01342,CCOC(=O)C1C(C=O)CCC1c1cnccc1I,-7.277,-5.511,1.766,-3.4193000000000002,Fase 2_Seletividade
MOL_01343,COC(=O)C1C(CF)CCC1c1cnccc1C1CC1,-7.661,-6.06,1.601,-3.4190000000000005,Fase 2_Seletividade
MOL_01344,CC(F)CC(=O)C1C(C)CCC1c1cnccc1CF,-7.865,-6.262,1.603,-3.4188800000000024,Fase 1_Lote Inicial
MOL_01345,CCCC(C)C(=O)C1C(C)CCC1c1c(C#N)ccnc1C(F)(F)F,-8.034,-6.339,1.6950000000000005,-3.418095000000001,Gen 17
MOL_01346,CCNC(=O)C1C(N)CCC1c1cnccc1S,-7.606,-5.983,1.623,-3.4179000000000004,Fase 2_Seletividade
MOL_01347,CCCCCCC(=O)C1C(C)CCC1c1c(OC)nc(OC)c(Cl)c1C=CCl,-7.769,-6.199,1.5700000000000005,-3.417695000000001,Gen 39
MOL_01348,COC(=O)C1C(CF)CCC1c1cnccc1N,-7.501,-5.834,1.667,-3.417200000000001,Fase 3_Super Elite
MOL_01349,COC1CCC(c2cnccc2F)C1C(=O)C(C)C,-7.668,-6.074,1.594,-3.416200000000001,Fase 2_Seletividade
MOL_01350,CC1CCC(c2cnccc2I)C1C(=O)C(=O)O,-7.786,-6.214,1.572,-3.4157199999999994,Fase 2_Seletividade
MOL_01351,O=C(C1CC1)C1C(O)CCC1c1cnccc1F,-8.355,-6.443,1.912,-3.4156550000000028,Fase 2_Seletividade
MOL_01352,CCC(C)C(=O)C1C(C)CCC1c1cnccc1N=[N+]=[N-],-8.224,-6.405,1.819,-3.415375,Fase 1_Lote Inicial
MOL_01353,N#Cc1ccncc1C1CCC(S)C1C(=O)C1CC1,-7.739,-6.173,1.566,-3.415255,Fase 2_Seletividade
MOL_01354,CC(=O)C1CCC(C)C1c1cnccc1C(=O)CC(C)C,-8.69,-6.526,2.164,-3.414920000000002,Gen 152
MOL_01355,NC(=O)C(=O)C1C(S)CCC1c1cnccc1I,-7.367,-5.646,1.721,-3.4148000000000005,Fase 2_Seletividade
MOL_01356,CC(C)c1ccncc1C1CCC(S)C1C(=O)C=O,-7.048,-5.192,1.856,-3.4136,Fase 2_Seletividade
MOL_01357,COc1ccncc1C1CCC(F)C1C(=O)C1CC1,-7.465,-5.788,1.677,-3.4134,Fase 2_Seletividade
MOL_01358,CC(C)C(=O)C1C(S)CCC1c1cnccc1F,-7.476,-5.804,1.672,-3.4132,Fase 2_Seletividade
MOL_01359,CCC(=O)C1C(CF)CCC1c1cnccc1C,-7.59,-5.967,1.623,-3.4131,Fase 2_Seletividade
MOL_01360,Cc1ccncc1C1CCC(C#N)C1C(N)=O,-7.818,-6.238,1.58,-3.41268,Fase 2_Seletividade
MOL_01361,Cc1ccncc1C1CCC(O)C1C(N)=O,-7.516,-5.862,1.654,-3.4126000000000003,Fase 2_Seletividade
MOL_01362,CCc1ccncc1C1CCC(O)C1C(=O)C(=O)O,-7.613,-6.001,1.612,-3.4123,Fase 2_Seletividade
MOL_01363,COc1c(-c2c(C)c(C)nc(C(=O)CC(C)C)c2OC)ccnc1C,-7.913,-6.29,1.6230000000000002,-3.412000000000001,Gen 139
MOL_01364,CCOc1ncc(C2CCC(C)C2C(=O)CC(C)C)c(C(C)=O)c1F,-8.755,-6.541,2.2140000000000004,-3.4118950000000012,Gen 85
MOL_01365,CCC(=O)C1C(C=O)CCC1c1cnccc1F,-7.597,-5.98,1.617,-3.4110000000000005,Fase 2_Seletividade
MOL_01366,CCC(=O)C1C(F)CCC1c1cnccc1C=NO,-8.009,-6.332,1.677,-3.410980000000002,Fase 1_Lote Inicial
MOL_01367,CCc1ccncc1C1CCC(CF)C1C(=O)O,-7.56,-5.929,1.631,-3.4097,Fase 2_Seletividade
MOL_01368,O=C(O)C1C(F)CCC1c1cnccc1CF,-7.31,-5.572,1.738,-3.4095999999999997,Fase 2_Seletividade
MOL_01369,CC1CCC(c2cnccc2C(F)F)C1C(=O)O,-7.933,-6.301,1.632,-3.4082950000000007,Fase 2_Seletividade
MOL_01370,NC1CCC(c2cnccc2CF)C1C(=O)C1CC1,-7.722,-6.162,1.56,-3.4078800000000005,Fase 2_Seletividade
MOL_01371,COc1ccncc1C1CCC(N)C1C(C)=O,-7.427,-5.744,1.683,-3.4062,Fase 2_Seletividade
MOL_01372,CCC(=O)C1C(CF)CCC1c1cnccc1C=O,-7.45,-5.777,1.673,-3.4061000000000003,Fase 2_Seletividade
MOL_01373,NC(=O)C1C(F)CCC1c1cnccc1Br,-7.667,-6.088,1.579,-3.4054,Fase 2_Seletividade
MOL_01374,COC(=O)C1C(S)CCC1c1cnccc1CF,-7.228,-5.462,1.766,-3.4046000000000003,Fase 2_Seletividade
MOL_01375,CNC(=O)C1C(CF)CCC1c1cnccc1CF,-7.856,-6.265,1.591,-3.404375000000001,Fase 2_Seletividade
MOL_01376,NC(=O)C1C(S)CCC1c1cnccc1Br,-7.35,-5.637,1.713,-3.4041,Fase 2_Seletividade
MOL_01377,CCc1ccncc1C1CCC(F)C1C(=O)O,-7.794,-6.228,1.566,-3.4039800000000007,Fase 2_Seletividade
MOL_01378,CCNC(=O)C1C(F)CCC1c1cnccc1OC,-7.639,-6.053,1.586,-3.4019000000000004,Fase 2_Seletividade
MOL_01379,COc1c(O)nc(C)c(O)c1C1C(C)CCC1C(=O)CCC(C)C,-9.211,-6.633,2.5780000000000003,-3.401455000000002,Gen 153
MOL_01380,CCC(=O)C1C(S)CCC1c1cnccc1O,-7.483,-5.831,1.652,-3.4013,Fase 2_Seletividade
MOL_01381,O=CC(=O)C1C(CF)CCC1c1cnccc1S,-7.275,-5.534,1.741,-3.4012000000000007,Fase 2_Seletividade
MOL_01382,COC(=O)C1C(CF)CCC1c1cnccc1C#N,-7.566,-5.952,1.614,-3.3996000000000004,Fase 2_Seletividade
MOL_01383,COc1c(C=CF)cc(C(C)=O)nc1-c1ccnc(C)c1C(C)=O,-9.48,-6.68,2.8000000000000007,-3.399500000000005,Gen 140
MOL_01384,COc1ccncc1C1CCC(OC)C1C(=O)C=O,-7.421,-5.745,1.676,-3.3995000000000006,Fase 2_Seletividade
MOL_01385,CCCC(=O)C1C(N)CCC1c1cnccc1O,-7.732,-6.183,1.549,-3.398455000000001,Fase 2_Seletividade
MOL_01386,CCCC(=O)C1C(CF)CCC1c1cnccc1F,-7.932,-6.305,1.627,-3.3983750000000024,Fase 3_Super Elite
MOL_01387,COC(=O)C1C(C)CCC1c1cnccc1C(F)F,-7.708,-6.158,1.55,-3.39708,Fase 3_Super Elite
MOL_01388,COc1ccncc1C1CCC(F)C1C(=O)C=O,-7.28,-5.548,1.732,-3.3964000000000003,Fase 2_Seletividade
MOL_01389,CC1CCC(c2cnccc2C#N)C1C(=O)C=O,-7.638,-6.06,1.578,-3.396000000000001,Fase 2_Seletividade
MOL_01390,CCCC(=O)C1C(CC)CCC1c1cnccc1NC#N,-7.581,-5.979,1.602,-3.3957000000000006,Fase 1_Lote Inicial
MOL_01391,CC(=O)C1C(C)CCC1c1cnccc1C(F)F,-7.409,-5.734,1.675,-3.3952,Fase 2_Seletividade
MOL_01392,CCC(=O)C1C(OC)CCC1c1cnccc1C1CC1,-7.338,-5.633,1.705,-3.3949000000000003,Fase 2_Seletividade
MOL_01393,CCC(=O)C1C(F)CCC1c1cnccc1O,-7.595,-6.001,1.594,-3.3942999999999994,Fase 2_Seletividade
MOL_01394,CC(C)c1ccncc1C1CCC(C)C1C(=O)C(N)=O,-7.62,-6.037,1.583,-3.394100000000001,Fase 2_Seletividade
MOL_01395,CC1CCC(c2cnccc2S)C1C(=O)C(N)=O,-7.403,-5.727,1.676,-3.3941,Fase 2_Seletividade
MOL_01396,CCc1ccncc1C1CCC(C#N)C1C(=O)OC,-7.897,-6.291,1.606,-3.3938950000000006,Fase 2_Seletividade
MOL_01397,CCC(=O)c1c(OC)cnc(C)c1C1CCC(C)C1C(=O)C(C)C(C)C,-8.17,-6.395,1.7750000000000004,-3.3933750000000025,Gen 58
MOL_01398,CCc1ccncc1C1CCC(S)C1C(C)=O,-7.533,-5.915,1.618,-3.392500000000001,Fase 2_Seletividade
MOL_01399,O=CC(=O)C1C(F)CCC1c1cnccc1Br,-7.333,-5.63,1.703,-3.3920000000000003,Fase 2_Seletividade
MOL_01400,CC(C)C(C)C(=O)C1C(C)CCC1c1cnccc1C=NO,-8.631,-6.518,2.113,-3.3912800000000027,Fase 4_Mutantes Geração 2
MOL_01401,NC(=O)C(=O)C1C(F)CCC1c1cnccc1C1CC1,-8.591,-6.509,2.082,-3.390294999999999,Fase 3_Super Elite
MOL_01402,COc1nc(C2C(C)CCC2OC)cc(C=CF)c1C(C)=O,-8.719,-6.538,2.180999999999999,-3.3896800000000002,Gen 167
MOL_01403,CCC(=O)C1C(CF)CCC1c1cnccc1F,-7.408,-5.741,1.667,-3.3893000000000004,Fase 2_Seletividade
MOL_01404,CCC(=O)C1C(C)CCC1c1cnccc1C(=O)OC,-7.617,-6.04,1.577,-3.3890000000000002,Fase 1_Lote Inicial
MOL_01405,CC=C(C)C(=O)C1C(C)CCC1c1cnccc1C1CC1,-9.078,-6.611,2.467,-3.3876950000000026,Fase 1_Lote Inicial
MOL_01406,CCC(=O)C1C(C#N)CCC1c1cnccc1OC,-7.622,-6.05,1.572,-3.3870000000000005,Fase 2_Seletividade
MOL_01407,O=C(O)C1C(F)CCC1c1cnccc1I,-7.764,-6.219,1.545,-3.386895,Fase 2_Seletividade
MOL_01408,CCCC(=O)C1C(CF)CCC1c1cnccc1N,-7.51,-5.892,1.618,-3.3856,Fase 3_Super Elite
MOL_01409,CCCCC(=O)C1C(C)CCC1c1cnccc1CF,-7.675,-6.128,1.547,-3.3853999999999997,Fase 1_Lote Inicial
MOL_01410,COC(=O)C1C(OC)CCC1c1cnccc1C1CC1,-7.546,-5.944,1.602,-3.3852,Fase 2_Seletividade
MOL_01411,CC1CCC(c2cnccc2CF)C1C(N)=O,-7.522,-5.91,1.612,-3.3850000000000007,Fase 2_Seletividade
MOL_01412,O=C(O)C(=O)C1C(F)CCC1c1cnccc1S,-7.645,-6.086,1.559,-3.3847999999999994,Fase 2_Seletividade
MOL_01413,CC(C)CC(=O)C1C(C)CCC1c1cnccc1C=CF,-8.425,-6.47,1.955,-3.384000000000003,Fase 1_Lote Inicial
MOL_01414,NC(=O)C(=O)C1C(CF)CCC1c1cnccc1I,-7.839,-6.267,1.572,-3.383655000000001,Fase 3_Super Elite
MOL_01415,COc1cc(C=CF)c(C2CCC(C)C2C(N)=O)c(OC)n1,-8.679,-6.531,2.148000000000001,-3.381495000000003,Gen 27
MOL_01416,CCOC(=O)C1C(OC)CCC1c1cnccc1C(C)C,-7.325,-5.635,1.69,-3.3805000000000005,Fase 2_Seletividade
MOL_01417,O=CC(=O)C1C(F)CCC1c1cnccc1F,-7.301,-5.601,1.7,-3.3803000000000005,Fase 2_Seletividade
MOL_01418,CCC1CCC(c2cnccc2C=O)C1C(=O)C1CC1,-7.595,-6.021,1.574,-3.3803,Fase 2_Seletividade
MOL_01419,CCC(=O)C1C(C)CCC1c1cnccc1N=[N+]=[N-],-7.776,-6.232,1.544,-3.3799799999999998,Fase 1_Lote Inicial
MOL_01420,CCC(=O)C1C(C#N)CCC1c1cnccc1CC,-7.322,-5.634,1.688,-3.3782,Fase 2_Seletividade
MOL_01421,CCNC(=O)C1C(C=O)CCC1c1cnccc1C,-7.408,-5.757,1.651,-3.3781000000000008,Fase 2_Seletividade
MOL_01422,CC(C)C(=O)C1C(C=O)CCC1c1cnccc1S,-7.403,-5.751,1.652,-3.3773,Fase 2_Seletividade
MOL_01423,CCC=CC(=O)C1C(C)CCC1c1cnccc1CF,-7.383,-5.724,1.659,-3.3762,Fase 1_Lote Inicial
MOL_01424,O=C(C1CCC1)C1C(S)CCC1c1cnccc1I,-7.588,-6.019,1.569,-3.3747000000000007,Fase 2_Seletividade
MOL_01425,CCCCC(=O)C1C(C)CCC1c1cncc(C2CC2)c1C#N,-8.314,-6.443,1.8710000000000004,-3.3746550000000024,Gen 13
MOL_01426,COC(=O)C1C(F)CCC1c1cnccc1OC,-7.224,-5.5,1.724,-3.3740000000000006,Fase 2_Seletividade
MOL_01427,CC1CCCC1C(=O)C1CC1c1cnccc1C(F)F,-8.077,-6.371,1.706,-3.373095,Fase 1_Lote Inicial
MOL_01428,COC(=O)C1C(OC)CCC1c1cnccc1N,-7.377,-5.72,1.657,-3.373,Fase 2_Seletividade
MOL_01429,CC(=O)c1ccncc1C1CCC(C)C1C(N)=O,-7.881,-6.294,1.5870000000000006,-3.371520000000002,Fase 5_Híbridos Geração 3
MOL_01430,COC1CCC(c2cnccc2C=O)C1C(=O)C(C)C,-7.307,-5.624,1.683,-3.370200000000001,Fase 2_Seletividade
MOL_01431,C=Cc1ccncc1C1CCC(C)C1C(=O)CCCC,-7.213,-5.49,1.723,-3.37,Fase 1_Lote Inicial
MOL_01432,CC1CCC(c2cnccc2S)C1C(=O)O,-7.546,-5.966,1.58,-3.3698000000000006,Fase 2_Seletividade
MOL_01433,CCOC(=O)C1C(CC)CCC1c1cnccc1Br,-7.356,-5.695,1.661,-3.3695,Fase 2_Seletividade
MOL_01434,CCC(=O)c1cncc(C2CC2)c1C1C(C)CCC1OC,-8.89,-6.578,2.3120000000000003,-3.369480000000001,Gen 79
MOL_01435,CC(=O)C1C(F)CCC1c1cnccc1O,-7.348,-5.684,1.664,-3.3692,Fase 2_Seletividade
MOL_01436,O=CC(=O)C1C(CF)CCC1c1cnccc1C=O,-7.378,-5.727,1.651,-3.3691000000000004,Fase 2_Seletividade
MOL_01437,CCC(=O)C1C(N)CCC1c1cnccc1O,-7.731,-6.208,1.523,-3.3685799999999997,Fase 2_Seletividade
MOL_01438,CCCCC(=O)C1C(C)CCC1c1c(OC)ncc(C)c1C=CF,-7.623,-6.079,1.5440000000000005,-3.367700000000001,Gen 26
MOL_01439,NC1CCC(c2cnccc2F)C1C(=O)C1CC1,-7.662,-6.135,1.527,-3.3675000000000006,Fase 2_Seletividade
MOL_01440,CCC(=O)C1C(N)CCC1c1cnccc1C=O,-7.564,-5.996,1.568,-3.3667999999999996,Fase 2_Seletividade
MOL_01441,O=C(O)C(=O)C1C(F)CCC1c1cnccc1I,-7.627,-6.087,1.54,-3.3661000000000003,Fase 2_Seletividade
MOL_01442,CC1CCC(c2cnccc2O)C1C(=O)C1CCC1,-8.179,-6.407,1.772,-3.363855000000002,Fase 2_Seletividade
MOL_01443,CCCC(=O)C1CCCC1(C)Cc1cnccc1C1CC1,-7.484,-5.886,1.598,-3.3638000000000003,Fase 1_Lote Inicial
MOL_01444,COC(=O)C1C(N)CCC1c1cnccc1CF,-7.389,-5.751,1.638,-3.3633000000000006,Fase 2_Seletividade
MOL_01445,CC(C)C(=O)C1C(CF)CCC1c1cnccc1C(F)F,-7.522,-5.941,1.581,-3.3633000000000006,Fase 3_Super Elite
MOL_01446,COC1CCC(c2cnccc2C2CC2)C1C(C)=O,-7.293,-5.615,1.678,-3.3625000000000003,Fase 2_Seletividade
MOL_01447,COc1nc(OC)c(C2CCC(C)C2C(N)=O)c(C=CF)c1C,-8.804,-6.562,2.242,-3.361880000000001,Gen 68
MOL_01448,O=Cc1ccncc1C1CCC(CF)C1C(=O)C1CC1,-7.638,-6.112,1.526,-3.3596000000000004,Fase 2_Seletividade
MOL_01449,CCC(C)C(=O)C1C(C)CCC1c1cnccc1CF,-7.107,-5.356,1.751,-3.3578000000000006,Fase 1_Lote Inicial
MOL_01450,COc1cnccc1C(=O)CCC(C)C,-7.014,-5.224,1.79,-3.3572,Gen 64
MOL_01451,N#Cc1ccncc1C1CCC(CF)C1C(=O)O,-7.586,-6.043,1.543,-3.3559,Fase 2_Seletividade
MOL_01452,CNC(=O)C1C(C)CCC1c1cnccc1CF,-7.387,-5.759,1.628,-3.3556999999999997,Fase 2_Seletividade
MOL_01453,COC1CCC(c2cnccc2F)C1C(N)=O,-7.761,-6.238,1.523,-3.3556800000000004,Fase 2_Seletividade
MOL_01454,COC(=O)C1C(F)CCC1c1cnccc1Br,-7.166,-5.444,1.722,-3.355200000000001,Fase 2_Seletividade
MOL_01455,CC(=O)c1ccncc1-c1cnccc1C(=O)CC(C)C,-7.792,-6.257,1.535,-3.3548550000000015,Gen 158
MOL_01456,CCCC(=O)C1C(F)CCC1c1cnccc1NC#N,-7.482,-5.897,1.585,-3.3541,Fase 1_Lote Inicial
MOL_01457,CCNC(=O)C1C(C)CCC1c1cnccc1CF,-7.652,-6.142,1.51,-3.3526,Fase 2_Seletividade
MOL_01458,CCCC(=O)C1C(OC)CCC1c1cnccc1C#CF,-7.568,-6.024,1.544,-3.3511999999999995,Fase 1_Lote Inicial
MOL_01459,N#Cc1ccncc1C1CCC(CF)C1C(=O)C1CC1,-7.528,-5.967,1.561,-3.3510999999999997,Fase 2_Seletividade
MOL_01460,CCC1CCC(c2cncc(C3CC3)c2C(N)=O)C1C(=O)CC(C)C,-9.111,-6.624,2.487000000000001,-3.350820000000005,Gen 100
MOL_01461,CC(C)C(=O)C1C(O)CCC1c1cnccc1C=O,-7.474,-5.891,1.583,-3.3503000000000007,Fase 2_Seletividade
MOL_01462,N#CC1CCC(c2cnccc2CF)C1C(N)=O,-7.851,-6.29,1.561,-3.3500000000000005,Fase 2_Seletividade
MOL_01463,O=Cc1ccncc1C1CCC(F)C1C(=O)O,-7.395,-5.779,1.616,-3.3496999999999995,Fase 2_Seletividade
MOL_01464,CC=CC(=O)C1C(C)CCC1c1cnccc1N=[N+]=[N-],-8.016,-6.358,1.658,-3.3490800000000016,Fase 1_Lote Inicial
MOL_01465,CCCC(=O)C1C(C=O)CCC1c1cnccc1CC,-7.146,-5.425,1.721,-3.3485000000000005,Fase 2_Seletividade
MOL_01466,CC(=O)C1C(C#N)CCC1c1cnccc1C#N,-7.719,-6.215,1.504,-3.3473750000000013,Fase 2_Seletividade
MOL_01467,COC(=O)C1C(F)CCC1c1cnccc1C1CC1,-7.625,-6.111,1.514,-3.3473000000000006,Fase 3_Super Elite
MOL_01468,CCC1CCC(c2cnccc2Br)C1C(=O)OC,-7.328,-5.687,1.641,-3.3471,Fase 2_Seletividade
MOL_01469,NC1CCC(c2cnccc2S)C1C(=O)C1CC1,-7.388,-5.774,1.614,-3.3462000000000005,Fase 2_Seletividade
MOL_01470,CCCCC(=O)C1C(CC)CCC1c1c(C=CF)ccnc1OC,-7.588,-6.06,1.5280000000000005,-3.346000000000001,Gen 28
MOL_01471,N#CC1CCC(c2cnccc2O)C1C(=O)C1CC1,-7.555,-6.013,1.542,-3.3459000000000003,Fase 2_Seletividade
MOL_01472,COC(=O)C1C(CF)CCC1c1cnccc1C,-7.416,-5.815,1.601,-3.3455000000000004,Fase 2_Seletividade
MOL_01473,CC(C)c1ccncc1C1CCC(C)C1C(=O)C(=O)O,-7.713,-6.212,1.501,-3.3453800000000005,Fase 2_Seletividade
MOL_01474,O=CC(=O)C1C(CF)CCC1c1cnccc1C1CC1,-7.412,-5.811,1.601,-3.3443000000000005,Fase 2_Seletividade
MOL_01475,[C-]#[N+]c1ccncc1C1CCC(CC)C1C(=O)CCC,-7.589,-6.065,1.524,-3.3435000000000006,Fase 1_Lote Inicial
MOL_01476,Cc1ccncc1C1CCC(CF)C1C(=O)C(=O)O,-7.609,-6.098,1.511,-3.3404000000000007,Fase 2_Seletividade
MOL_01477,NC(=O)C1C(F)CCC1c1cnccc1C1CC1,-7.772,-6.254,1.518,-3.3401200000000015,Fase 2_Seletividade
MOL_01478,CNC(=O)C1C(CF)CCC1c1cnccc1S,-7.327,-5.696,1.631,-3.3398000000000003,Fase 2_Seletividade
MOL_01479,O=CC(=O)C1C(O)CCC1c1cnccc1CF,-7.574,-6.05,1.524,-3.3390000000000004,Fase 2_Seletividade
MOL_01480,CCCCC(=O)C1C(C)CCC1c1c(OC)ncc(CCC)c1C=CF,-7.942,-6.334,1.6080000000000003,-3.3389200000000017,Gen 35
MOL_01481,CCC(=O)C1C(C)CCC1c1cnccc1C#CF,-7.671,-6.182,1.489,-3.3384800000000006,Fase 1_Lote Inicial
MOL_01482,CCC(=O)C1C(C#N)CCC1c1cnccc1C(C)C,-7.438,-5.857,1.581,-3.3381,Fase 2_Seletividade
MOL_01483,CC(=O)C1C(C=O)CCC1c1cnccc1C(F)F,-7.458,-5.886,1.572,-3.3378000000000005,Fase 2_Seletividade
MOL_01484,CCC(=O)C1C(CF)CCC1c1cnccc1S,-7.222,-5.55,1.672,-3.3370000000000006,Fase 2_Seletividade
MOL_01485,CCCC(=O)C1C(OC)CCC1c1cnccc1CF,-7.468,-5.902,1.566,-3.3366,Fase 1_Lote Inicial
MOL_01486,COc1nc(C)cc(C=NO)c1C1CCC(C)C1C(=O)CC(C)C,-8.433,-6.484,1.949,-3.336420000000002,Gen 24
MOL_01487,COC1CCC(C)C1c1c(C(C)=O)cncc1C1CC1,-8.503,-6.501,2.002,-3.336295,Gen 79
MOL_01488,CC(C)C(=O)C1C(F)CCC1c1cnccc1S,-7.558,-6.032,1.526,-3.3356000000000003,Fase 2_Seletividade
MOL_01489,CNC(=O)C1C(C)CCC1c1cnccc1Br,-8.246,-6.435,1.811,-3.3353750000000035,Fase 2_Seletividade
MOL_01490,C=Cc1ccncc1C1CCC(C)C1C(=O)C=CCC,-7.624,-6.127,1.497,-3.3350999999999997,Fase 1_Lote Inicial
MOL_01491,CCCC(=O)C1C(OC)CCC1c1cnccc1C=O,-7.509,-5.965,1.544,-3.333500000000001,Fase 1_Lote Inicial
MOL_01492,CNC(=O)C1C(C=O)CCC1c1cnccc1F,-7.6,-6.095,1.505,-3.3335,Fase 2_Seletividade
MOL_01493,CC(=O)C1C(CF)CCC1c1cnccc1C,-7.456,-5.89,1.566,-3.333000000000001,Fase 2_Seletividade
MOL_01494,CCc1ccncc1C1CCC(S)C1C(=O)C(N)=O,-7.626,-6.133,1.493,-3.3329000000000004,Fase 2_Seletividade
MOL_01495,CCOC(=O)C1C(F)CCC1c1cnccc1C,-7.618,-6.124,1.494,-3.331200000000001,Fase 2_Seletividade
MOL_01496,COc1nc(C2C(C)CCC2C(C)=O)cc(C=CF)c1C(=O)CC(C)C,-9.304,-6.662,2.6420000000000003,-3.329880000000003,Gen 167
MOL_01497,Cc1ncc(C2CC2)c(C#N)c1C1CCC(C)C1C(N)=O,-8.691,-6.545,2.146000000000001,-3.3293750000000033,Gen 14
MOL_01498,COc1ccncc1C1CCC(C)C1C(=O)C(N)=O,-7.763,-6.255,1.508,-3.3293750000000006,Fase 2_Seletividade
MOL_01499,COc1ccncc1C1CCC(OC)C1C(=O)C(=O)O,-7.739,-6.241,1.498,-3.328895000000001,Fase 2_Seletividade
MOL_01500,CC(=O)C1C(O)CCC1c1cnccc1C(F)F,-7.518,-5.985,1.533,-3.3285,Fase 2_Seletividade
MOL_01501,Cc1ccncc1C1CCC(N)C1C(=O)C(C)C,-7.44,-5.876,1.564,-3.3268000000000004,Fase 2_Seletividade
MOL_01502,CC1CCC(c2c(O)ncc(C3CC3)c2C#N)C1C(N)=O,-8.793,-6.567,2.225999999999999,-3.3266550000000006,Gen 22
MOL_01503,CCc1ccncc1C1CCC(S)C1C(=O)C(=O)O,-7.514,-5.982,1.532,-3.3266,Fase 2_Seletividade
MOL_01504,CC1CCC(c2cnccc2CF)C1C(=O)C=O,-7.054,-5.325,1.729,-3.3265000000000002,Fase 2_Seletividade
MOL_01505,COC(=O)C1C(C)CCC1c1cnccc1C1CC1,-7.513,-5.981,1.532,-3.3263,Fase 2_Seletividade
MOL_01506,CCOC(=O)C1C(N)CCC1c1cnccc1I,-7.101,-5.393,1.708,-3.3259000000000003,Fase 2_Seletividade
MOL_01507,CCOC(=O)C1C(C=O)CCC1c1cnccc1F,-7.497,-5.959,1.538,-3.3257000000000003,Fase 2_Seletividade
MOL_01508,O=C(C1CC1)C1C(F)CCC1c1cnccc1S,-7.732,-6.239,1.493,-3.325095000000001,Fase 2_Seletividade
MOL_01509,O=C(O)C1C(O)CCC1c1cnccc1Br,-7.494,-5.956,1.538,-3.3247999999999998,Fase 2_Seletividade
MOL_01510,CC1CCC(c2cnccc2I)C1C(=O)C1CC1,-7.535,-6.015,1.52,-3.3245000000000005,Fase 3_Super Elite
MOL_01511,COC1CCC(c2cnccc2S)C1C(=O)C(N)=O,-7.393,-5.814,1.579,-3.3232,Fase 2_Seletividade
MOL_01512,CCOC(=O)C1C(F)CCC1c1cnccc1CC,-7.492,-5.957,1.535,-3.3221000000000007,Fase 2_Seletividade
MOL_01513,CC(=O)C1C(C=O)CCC1c1cnccc1Br,-7.198,-5.537,1.661,-3.3221000000000007,Fase 2_Seletividade
MOL_01514,O=CC1CCC(c2cnccc2S)C1C(=O)C1CCC1,-7.729,-6.239,1.49,-3.322095000000001,Fase 2_Seletividade
MOL_01515,CCC(=O)C1C(F)CCC1c1cnccc1OC,-7.647,-6.175,1.472,-3.3213750000000006,Fase 2_Seletividade
MOL_01516,O=CC(=O)C1C(C=O)CCC1c1cnccc1CF,-7.338,-5.739,1.599,-3.3207000000000004,Fase 2_Seletividade
MOL_01517,CC(=O)C1C(C=O)CCC1c1cnccc1N,-7.473,-5.932,1.541,-3.3205999999999998,Fase 2_Seletividade
MOL_01518,CC1CCC(c2cnccc2Br)C1C(=O)O,-7.357,-5.767,1.59,-3.3201,Fase 2_Seletividade
MOL_01519,CCCC(=O)C1C(C=O)CCC1c1cnccc1O,-7.513,-5.99,1.523,-3.3200000000000003,Fase 2_Seletividade
MOL_01520,COC(=O)C1C(CF)CCC1c1cnccc1O,-7.354,-5.763,1.591,-3.3199000000000005,Fase 2_Seletividade
MOL_01521,COc1cnccc1C(=O)C(C)C(C)C,-7.051,-5.331,1.7199999999999998,-3.3193,Gen 132
MOL_01522,CCC(=O)C1C(C=O)CCC1c1cnccc1CF,-7.388,-5.813,1.575,-3.3189,Fase 2_Seletividade
MOL_01523,CC(C)C(=O)C1C(C#N)CCC1c1cnccc1I,-7.549,-6.043,1.506,-3.3189,Fase 2_Seletividade
MOL_01524,CC1CCC(c2cnccc2N)C1C(N)=O,-8.083,-6.391,1.692,-3.3188950000000013,Fase 2_Seletividade
MOL_01525,CC(C)CC(=O)c1cnccc1-c1cnccc1C(=O)CC(C)C,-7.729,-6.242,1.487,-3.317280000000001,Gen 158
MOL_01526,CCc1ccncc1C1CCC(N)C1C(C)=O,-7.876,-6.316,1.56,-3.317020000000001,Fase 2_Seletividade
MOL_01527,COc1ccncc1C1C(C)CCC1OC,-7.371,-5.793,1.5780000000000003,-3.315900000000001,Gen 133
MOL_01528,CC(=O)c1nc(C(=O)CCC(C)C)cc(C=CF)c1C(C)=O,-8.086,-6.393,1.6930000000000005,-3.3156550000000022,Gen 144
MOL_01529,NC1CCC(c2cnccc2C2CC2)C1C(=O)C=O,-7.923,-6.336,1.587,-3.31482,Fase 2_Seletividade
MOL_01530,CCOC(=O)C1C(CF)CCC1c1cnccc1C#N,-7.61,-6.136,1.474,-3.314800000000001,Fase 2_Seletividade
MOL_01531,CNC(=O)C1C(C=O)CCC1c1cnccc1C,-7.693,-6.222,1.471,-3.311679999999999,Fase 2_Seletividade
MOL_01532,O=CC(=O)C1C(F)CCC1c1cnccc1C=O,-7.47,-5.941,1.529,-3.3113,Fase 2_Seletividade
MOL_01533,COc1c(C2C(C)CCC2C(C)=O)ccnc1C,-8.42,-6.487,1.933,-3.311255000000001,Gen 89
MOL_01534,O=CC1CCC(c2cnccc2I)C1C(=O)O,-7.53,-6.027,1.503,-3.3111000000000006,Fase 2_Seletividade
MOL_01535,CC(C)C(=O)C1C(C)CCC1c1cnccc1O,-7.676,-6.21,1.466,-3.311000000000001,Fase 2_Seletividade
MOL_01536,COC1C(C)CCC1c1c(O)c(C)nc(O)c1C(C)=O,-7.556,-6.066,1.4900000000000002,-3.3098,Gen 123
MOL_01537,CC1CCC(c2cnccc2I)C1C(=O)O,-7.396,-5.838,1.558,-3.3094,Fase 2_Seletividade
MOL_01538,CC(=O)c1c(C2CCC(C)C2C(=O)CC(C)C)cnc(O)c1C,-7.885,-6.323,1.5619999999999994,-3.3092549999999994,Gen 48
MOL_01539,O=C(O)C(=O)C1C(O)CCC1c1cnccc1Br,-7.631,-6.171,1.46,-3.309095,Fase 2_Seletividade
MOL_01540,NC(=O)C1C(S)CCC1c1cnccc1N,-7.51,-6.002,1.508,-3.3086,Fase 2_Seletividade
MOL_01541,O=CC1CCC(c2cnccc2C(F)F)C1C(=O)C(=O)O,-7.465,-5.939,1.526,-3.3076999999999996,Fase 2_Seletividade
MOL_01542,O=C(O)C1C(S)CCC1c1cnccc1F,-7.345,-5.768,1.577,-3.3074000000000003,Fase 2_Seletividade
MOL_01543,CC(C)C(=O)C1C(C=O)CCC1c1cnccc1C#N,-7.342,-5.764,1.578,-3.3072,Fase 2_Seletividade
MOL_01544,CC(=O)C1C(C=O)CCC1c1cnccc1C1CC1,-7.235,-5.612,1.623,-3.3066000000000004,Fase 2_Seletividade
MOL_01545,CCCC(=O)C1C(O)CCC1c1cnccc1C1CO1,-7.434,-5.897,1.537,-3.3061,Fase 1_Lote Inicial
MOL_01546,CC=CC(=O)C1C(C)CCC1c1cnccc1C1CO1,-8.153,-6.417,1.736,-3.304655000000002,Fase 1_Lote Inicial
MOL_01547,NC(=O)C1C(N)CCC1c1cnccc1F,-7.699,-6.231,1.468,-3.304495,Fase 2_Seletividade
MOL_01548,COC(=O)C1C(C=O)CCC1c1cnccc1C1CC1,-7.268,-5.663,1.605,-3.3039,Fase 2_Seletividade
MOL_01549,CCc1ccncc1C1CCC(CF)C1C(N)=O,-7.894,-6.329,1.565,-3.3034950000000016,Fase 2_Seletividade
MOL_01550,CCCC(=O)C1C(C)CCC1c1cncc(C)c1C#N,-7.239,-5.624,1.615,-3.3022000000000005,Fase 4_Mutantes Geração 2
MOL_01551,NC(=O)C1C(S)CCC1c1cnccc1O,-7.437,-5.907,1.53,-3.3021000000000003,Fase 2_Seletividade
MOL_01552,CCc1nc(F)c(C2CCC(C)C2C(=O)CC(C)C)c(C=NO)c1F,-9.329,-6.671,2.6580000000000004,-3.3020950000000013,Gen 25
MOL_01553,CC(=O)c1c(C2CCC(C)C2C(=O)CC(C)C)cnc(C(F)(F)F)c1O,-9.27,-6.661,2.609,-3.301695000000004,Gen 49
MOL_01554,CCCCCCC(=O)C1C(C)CCC1c1c(OCC)nc(F)c(Cl)c1C=CF,-7.328,-5.752,1.5760000000000003,-3.3016000000000005,Gen 38
MOL_01555,COC(=O)C1C(OC)CCC1c1cnccc1O,-7.393,-5.846,1.547,-3.3007999999999997,Fase 2_Seletividade
MOL_01556,CCc1ccncc1C1CCC(S)C1C(=O)OC,-7.054,-5.362,1.692,-3.3006000000000006,Fase 2_Seletividade
MOL_01557,CC1CCC(c2cnccc2F)C1C(N)=O,-7.624,-6.173,1.451,-3.300255,Fase 2_Seletividade
MOL_01558,CCCC(=O)C1CCCC1(C)Cc1cnccc1C1CO1,-7.241,-5.631,1.61,-3.2992999999999997,Fase 1_Lote Inicial
MOL_01559,CCc1ccncc1C1CCC(F)C1C(=O)NC,-8.22,-6.438,1.782,-3.2986800000000027,Fase 2_Seletividade
MOL_01560,CCC1CCC(c2cnccc2OC)C1C(=O)C=O,-7.32,-5.745,1.575,-3.2985000000000007,Fase 2_Seletividade
MOL_01561,CC(C)c1ccncc1C1CCC(O)C1C(=O)C(=O)O,-7.631,-6.182,1.449,-3.2984800000000005,Fase 2_Seletividade
MOL_01562,COc1ccncc1C1C(C)CCC1C(=O)CC(C)C,-7.6,-6.146,1.4539999999999995,-3.2977999999999996,Gen 133
MOL_01563,CC1CCC(c2cnccc2I)C1C(=O)C=O,-7.381,-5.834,1.547,-3.297200000000001,Fase 2_Seletividade
MOL_01564,CNC(=O)C1C(OC)CCC1c1cnccc1F,-7.539,-6.06,1.479,-3.2970000000000006,Fase 2_Seletividade
MOL_01565,CCC(=O)C1C(O)CCC1c1cnccc1C,-7.573,-6.11,1.463,-3.2960000000000003,Fase 2_Seletividade
MOL_01566,CCC1CCC(c2cnccc2OC)C1C(=O)NC,-7.509,-6.019,1.49,-3.295700000000001,Fase 2_Seletividade
MOL_01567,CCc1ccncc1C1CCC(C#N)C1C(=O)C1CC1,-7.427,-5.902,1.525,-3.2955999999999994,Fase 2_Seletividade
MOL_01568,O=C(C1CC1)C1C(CF)CCC1c1cnccc1F,-7.415,-5.885,1.53,-3.2955000000000005,Fase 3_Super Elite
MOL_01569,CCC(C(=O)C1C(C)CCC1c1c(C(C)=O)ccnc1OC)C(C)C,-7.529,-6.048,1.481,-3.2954,Gen 149
MOL_01570,CCOC(=O)C1C(OC)CCC1c1cnccc1O,-7.295,-5.715,1.58,-3.2945,Fase 2_Seletividade
MOL_01571,O=CC1CCC(c2cnccc2S)C1C(=O)C1CC1,-7.145,-5.502,1.643,-3.2936,Fase 2_Seletividade
MOL_01572,CCCC(=O)C1C(N)CCC1c1cnccc1C(F)F,-7.452,-5.943,1.509,-3.2919,Fase 2_Seletividade
MOL_01573,CC(=O)C1C(F)CCC1c1cnccc1C#N,-7.405,-5.876,1.529,-3.2918000000000003,Fase 2_Seletividade
MOL_01574,CC(C)c1ccncc1C1CCC(CF)C1C(=O)O,-7.663,-6.215,1.448,-3.2913750000000013,Fase 2_Seletividade
MOL_01575,O=C(CC(F)(F)F)C1C(F)CCC1c1cnccc1C1CC1,-7.542,-6.075,1.467,-3.2895000000000003,Fase 1_Lote Inicial
MOL_01576,C=Cc1ccncc1C1CCC(C)C1C(=O)C(C)C,-7.853,-6.318,1.535,-3.2892800000000015,Fase 1_Lote Inicial
MOL_01577,CCOC(=O)C1C(C#N)CCC1c1cnccc1I,-7.31,-5.744,1.566,-3.2892,Fase 2_Seletividade
MOL_01578,[C-]#[N+]c1ccncc1C1CC1C(=O)C1CCCC1C,-8.072,-6.397,1.675,-3.2890549999999994,Fase 1_Lote Inicial
MOL_01579,CNC(=O)C1C(C=O)CCC1c1cnccc1I,-7.563,-6.107,1.456,-3.2881,Fase 2_Seletividade
MOL_01580,CCC1CCC(c2cnccc2C=O)C1C(=O)C(=O)O,-7.912,-6.343,1.569,-3.285655000000001,Fase 2_Seletividade
MOL_01581,O=C(C1CC1)C1C(CF)CCC1c1cnccc1I,-7.333,-5.782,1.551,-3.2856000000000005,Fase 2_Seletividade
MOL_01582,CCCC(=O)C1C(N)CCC1c1cnccc1C(C)C,-7.188,-5.575,1.613,-3.2855,Fase 2_Seletividade
MOL_01583,CNC(=O)C1C(O)CCC1c1cnccc1Br,-7.77,-6.282,1.488,-3.2854800000000006,Fase 2_Seletividade
MOL_01584,COc1cncc(C2CCC(C)C2C(=O)CC(C)C)c1C(N)=O,-8.299,-6.463,1.836,-3.2850550000000007,Gen 30
MOL_01585,CCCCC(=O)C1C(C)CCC1c1c(OC)nc(O)c(F)c1C=CF,-9.3,-6.669,2.631000000000001,-3.284895000000006,Gen 35
MOL_01586,CC=C(C)C(=O)C1C(C)CCC1c1cnccc1C1CO1,-7.426,-5.916,1.51,-3.2847999999999997,Fase 1_Lote Inicial
MOL_01587,CCOC(=O)C1C(F)CCC1c1cnccc1C(C)C,-7.729,-6.261,1.468,-3.284695,Fase 2_Seletividade
MOL_01588,NC1CCC(c2cnccc2F)C1C(=O)C1CCC1,-7.63,-6.194,1.436,-3.2845200000000006,Fase 2_Seletividade
MOL_01589,CNC(=O)C1C(C)CCC1c1cnccc1C(C)C,-7.857,-6.322,1.535,-3.2836800000000013,Fase 2_Seletividade
MOL_01590,N#Cc1ccncc1C1CCC(O)C1C(=O)C(N)=O,-8.089,-6.404,1.685,-3.2836200000000026,Fase 3_Super Elite
MOL_01591,CCC(=O)C1C(C=O)CCC1c1cnccc1O,-7.505,-6.031,1.474,-3.2833000000000006,Fase 2_Seletividade
MOL_01592,CCOC(=O)C1C(O)CCC1c1cnccc1F,-7.481,-5.997,1.484,-3.2831,Fase 2_Seletividade
MOL_01593,COC1CCC(c2cnccc2C2CC2)C1C(=O)C(N)=O,-8.056,-6.394,1.662,-3.28252,Fase 2_Seletividade
MOL_01594,CC(F)CC(=O)C1C(C)CCC1c1cnccc1N=[N+]=[N-],-7.647,-6.211,1.436,-3.2806950000000006,Fase 1_Lote Inicial
MOL_01595,CCc1ccncc1C1CCC(CC)C1C(C)=O,-7.753,-6.276,1.477,-3.2804200000000012,Fase 2_Seletividade
MOL_01596,COc1cc(C=CCl)c(C2CCC(C)C2C(N)=O)c(OC)n1,-9.035,-6.623,2.412,-3.2802550000000004,Gen 72
MOL_01597,O=C(C1CC1)C1C(F)CCC1c1cnccc1O,-7.87,-6.329,1.541,-3.2794950000000016,Fase 2_Seletividade
MOL_01598,Cc1ccncc1C1CCC(CF)C1C(=O)O,-7.998,-6.376,1.622,-3.279420000000001,Fase 2_Seletividade
MOL_01599,CCCC(=O)C1C(C=O)CCC1c1cnccc1I,-7.261,-5.688,1.573,-3.2794000000000008,Fase 2_Seletividade
MOL_01600,O=CC1CCC(c2cnccc2F)C1C(=O)C(=O)O,-7.517,-6.056,1.461,-3.277800000000001,Fase 2_Seletividade
MOL_01601,COC(=O)c1ccncc1C1CCC(C)C1C(=O)CC1CC1,-7.525,-6.07,1.455,-3.2760000000000007,Fase 1_Lote Inicial
MOL_01602,CC(=O)c1cnccc1C(=O)CC(C)C,-6.947,-5.246,1.7009999999999996,-3.2748,Gen 70
MOL_01603,CC(C)C(=O)C1C(N)CCC1c1cnccc1C(C)C,-7.584,-6.156,1.428,-3.2746199999999996,Fase 2_Seletividade
MOL_01604,O=CC1CCC(c2cnccc2F)C1C(=O)C1CCC1,-7.228,-5.648,1.58,-3.2744000000000004,Fase 2_Seletividade
MOL_01605,CCOC(=O)C1C(CF)CCC1c1cnccc1F,-7.118,-5.491,1.627,-3.2743000000000007,Fase 2_Seletividade
MOL_01606,CCCC(=O)C1C(C=O)CCC1c1cnccc1Br,-7.173,-5.571,1.602,-3.2733000000000003,Fase 2_Seletividade
MOL_01607,CCCCC(=O)C1C(C)CCC1c1c(C=CF)cc(F)nc1OC,-7.437,-5.949,1.4880000000000004,-3.2727000000000004,Gen 26
MOL_01608,CCCOc1cc(C=CF)c(C2CCC(C)C2C(=O)CCC(C)C)c(OC)n1,-8.556,-6.528,2.028,-3.2719800000000028,Gen 32
MOL_01609,COc1ccncc1C1CCC(CF)C1C(=O)C(=O)O,-7.552,-6.115,1.437,-3.2714999999999996,Fase 2_Seletividade
MOL_01610,CC(=O)C1C(F)CCC1c1cnccc1S,-6.98,-5.299,1.681,-3.2707000000000006,Fase 2_Seletividade
MOL_01611,CCOC(=O)C1C(CF)CCC1c1cnccc1CF,-7.484,-6.02,1.464,-3.2700000000000005,Fase 2_Seletividade
MOL_01612,CCCC(=O)C1C(OC)CCC1c1cnccc1C1CO1,-7.549,-6.115,1.434,-3.2685000000000004,Fase 1_Lote Inicial
MOL_01613,CCOC(=O)C1C(OC)CCC1c1cnccc1C=O,-7.23,-5.66,1.57,-3.2680000000000007,Fase 2_Seletividade
MOL_01614,NC1CCC(c2cnccc2CF)C1C(=O)C1CCC1,-7.655,-6.226,1.429,-3.26792,Fase 2_Seletividade
MOL_01615,COC1CCC(c2cnccc2Br)C1C(=O)C(C)C,-7.689,-6.248,1.441,-3.26738,Fase 2_Seletividade
MOL_01616,CCOC(=O)C1C(C=O)CCC1c1cnccc1C1CC1,-7.376,-5.87,1.506,-3.2670000000000003,Fase 2_Seletividade
MOL_01617,CCOC(=O)C1C(N)CCC1c1cnccc1CF,-7.389,-5.889,1.5,-3.2667,Fase 2_Seletividade
MOL_01618,CCc1nccc(C=NO)c1C1CCC(C)C1C(=O)CC(C)C,-8.816,-6.584,2.232000000000001,-3.265420000000004,Gen 8
MOL_01619,O=C(O)C(=O)C1C(S)CCC1c1cnccc1CF,-7.376,-5.873,1.503,-3.264900000000001,Fase 2_Seletividade
MOL_01620,CCOC(=O)C1C(S)CCC1c1cnccc1C(C)C,-7.061,-5.424,1.637,-3.2641999999999998,Fase 2_Seletividade
MOL_01621,CCCC(=O)C1C(OC)CCC1c1cnccc1CC,-6.897,-5.19,1.707,-3.2640000000000002,Fase 2_Seletividade
MOL_01622,CCC(=O)C1C(O)CCC1c1cnccc1C1CC1,-7.713,-6.264,1.449,-3.2632199999999996,Fase 3_Super Elite
MOL_01623,CCCC(=O)C1C(O)CCC1c1cnccc1C(F)F,-7.467,-6.006,1.461,-3.2627999999999995,Fase 3_Super Elite
MOL_01624,CC(=O)c1cncc(C2CC2)c1C1CC1,-7.396,-5.906,1.4900000000000002,-3.2618,Gen 73
MOL_01625,COc1cc(C=CF)c(C(C)=O)c(C2C(C)CCC2OC)n1,-7.4,-5.912,1.4880000000000004,-3.2616000000000005,Gen 95
MOL_01626,CC(=O)C1C(C=O)CCC1c1cnccc1F,-7.507,-6.067,1.44,-3.2600999999999996,Fase 2_Seletividade
MOL_01627,N#Cc1ccncc1C1CCC(CF)C1C(N)=O,-8.289,-6.467,1.822,-3.259655000000002,Fase 2_Seletividade
MOL_01628,CC(C)c1ccncc1C1CCC(N)C1C(=O)C=O,-7.525,-6.094,1.431,-3.2592000000000008,Fase 2_Seletividade
MOL_01629,COC(=O)c1ccncc1C1CC1C(=O)C1CCCC1C,-7.481,-6.032,1.449,-3.2586000000000004,Fase 1_Lote Inicial
MOL_01630,CCOC(=O)C1C(S)CCC1c1cnccc1C1CC1,-7.215,-5.652,1.563,-3.2586,Fase 2_Seletividade
MOL_01631,C=CCC(=O)C1C(F)CCC1c1cnccc1NC#N,-8.123,-6.422,1.701,-3.2576800000000024,Fase 1_Lote Inicial
MOL_01632,CCNC(=O)C1C(CC)CCC1c1cnccc1C=O,-7.555,-6.14,1.415,-3.2570000000000006,Fase 2_Seletividade
MOL_01633,Nc1ccncc1C1CCC(N)C1C(=O)C1CC1,-7.5,-6.062,1.438,-3.2565999999999997,Fase 2_Seletividade
MOL_01634,CC(C)C(=O)C1C(C=O)CCC1c1cnccc1F,-7.404,-5.925,1.479,-3.2565,Fase 2_Seletividade
MOL_01635,COc1ccncc1C1CCC(C)C1C(C)=O,-7.352,-5.852,1.5,-3.2556000000000003,Fase 2_Seletividade
MOL_01636,COC(=O)C1C(O)CCC1c1cnccc1C#N,-7.466,-6.015,1.451,-3.2555000000000005,Fase 3_Super Elite
MOL_01637,NC(=O)C1C(F)CCC1c1cnccc1S,-7.498,-6.061,1.437,-3.255300000000001,Fase 2_Seletividade
MOL_01638,C=Cc1ccncc1C1CCC(F)C1C(=O)CC(F)(F)F,-7.771,-6.297,1.474,-3.2550550000000014,Fase 1_Lote Inicial
MOL_01639,CCOC(=O)C1C(C=O)CCC1c1cnccc1OC,-7.111,-5.513,1.598,-3.2519,Fase 2_Seletividade
MOL_01640,CCOC(=O)C1C(C=O)CCC1c1cnccc1CC,-7.305,-5.791,1.514,-3.2512999999999996,Fase 2_Seletividade
MOL_01641,O=C(O)C(=O)C1C(O)CCC1c1cnccc1I,-7.638,-6.226,1.412,-3.25092,Fase 2_Seletividade
MOL_01642,O=C(C1CC1)C1C(CF)CCC1c1cnccc1C(F)F,-7.895,-6.35,1.545,-3.2500000000000018,Fase 3_Super Elite
MOL_01643,CCC(=O)C1C(CF)CCC1c1cnccc1Br,-7.312,-5.804,1.508,-3.2492,Fase 3_Super Elite
MOL_01644,CC(=O)C1C(C)CCC1c1cnccc1N,-7.339,-5.846,1.493,-3.2468000000000004,Fase 2_Seletividade
MOL_01645,COC1CCC(c2cnccc2C)C1C(=O)C(C)C,-7.191,-5.635,1.556,-3.2465,Fase 2_Seletividade
MOL_01646,[C-]#[N+]c1ccncc1C1CCC(C)C1C(=O)CCC,-7.084,-5.483,1.601,-3.2459000000000002,Fase 1_Lote Inicial
MOL_01647,CCC(=O)C1C(OC)CCC1c1cnccc1CF,-7.198,-5.646,1.552,-3.245800000000001,Fase 2_Seletividade
MOL_01648,NC1CCC(c2cnccc2S)C1C(=O)C=O,-7.072,-5.466,1.606,-3.2458,Fase 2_Seletividade
MOL_01649,CCC(=O)C1C(C)CCC1c1cnccc1OC,-7.407,-5.947,1.46,-3.2441000000000004,Fase 2_Seletividade
MOL_01650,CC(C)C(=O)C1C(C=O)CCC1c1cnccc1I,-7.318,-5.821,1.497,-3.2432999999999996,Fase 2_Seletividade
MOL_01651,C=Cc1ccncc1C1CC1C(=O)C1CCCC1C,-7.464,-6.032,1.432,-3.241600000000001,Fase 1_Lote Inicial
MOL_01652,CCC(=O)C1C(O)CCC1c1cnccc1C#N,-7.633,-6.229,1.404,-3.2414950000000005,Fase 3_Super Elite
MOL_01653,CCOC(=O)C1C(C)CCC1c1cnccc1N,-7.279,-5.768,1.511,-3.2414000000000005,Fase 2_Seletividade
MOL_01654,CCOC(=O)C1C(S)CCC1c1cnccc1C,-6.79,-5.07,1.72,-3.241,Fase 2_Seletividade
MOL_01655,N#CC1CCC(c2cnccc2Br)C1C(=O)C1CCC1,-7.828,-6.328,1.5,-3.239980000000001,Fase 2_Seletividade
MOL_01656,CCNC(=O)C1C(CC)CCC1c1cnccc1Br,-7.418,-5.969,1.449,-3.2397,Fase 2_Seletividade
MOL_01657,CCC(F)C(=O)C1C(C)CCC1c1cnccc1C(=O)OC,-7.292,-5.79,1.502,-3.239,Fase 1_Lote Inicial
MOL_01658,COc1ccncc1C1CCC(OC)C1C(=O)C(C)C,-7.215,-5.682,1.533,-3.2376,Fase 2_Seletividade
MOL_01659,COC(=O)C1C(C#N)CCC1c1cnccc1O,-7.331,-5.848,1.483,-3.237400000000001,Fase 2_Seletividade
MOL_01660,CNC(=O)C1C(S)CCC1c1cnccc1F,-7.494,-6.082,1.412,-3.2366,Fase 2_Seletividade
MOL_01661,CC(=O)c1c(C)cnc(C)c1C1CCC(C)C1C(=O)C(C)C(C)C,-7.552,-6.164,1.388,-3.2362200000000003,Gen 50
MOL_01662,COc1nc(C2CC2)c(Cl)c(C=CF)c1C1CCC(C)C1C(=O)CCCCC(C)C,-9.175,-6.656,2.519000000000001,-3.2356200000000044,Gen 41
MOL_01663,N#Cc1ccncc1C1CCC(F)C1C(=O)O,-7.311,-5.822,1.489,-3.2356,Fase 2_Seletividade
MOL_01664,NC(=O)C1C(O)CCC1c1cnccc1F,-7.474,-6.055,1.419,-3.235500000000001,Fase 2_Seletividade
MOL_01665,CC(=O)c1c(F)c(O)nc(C)c1C1CCC(C)C1C(=O)C(C)C(C)C,-8.816,-6.59,2.226000000000001,-3.235000000000003,Gen 70
MOL_01666,CCOC(=O)C1C(CF)CCC1c1cnccc1C(C)C,-7.411,-5.966,1.445,-3.2348,Fase 2_Seletividade
MOL_01667,CCOC(=O)C1C(O)CCC1c1cnccc1CC,-7.336,-5.86,1.476,-3.234,Fase 2_Seletividade
MOL_01668,CCOC(=O)C1C(C)CCC1c1cnccc1C,-7.541,-6.153,1.388,-3.233855000000001,Fase 2_Seletividade
MOL_01669,CCC1CCC(c2c(C(F)(F)F)ncc(C3CC3)c2C#N)C1C(N)=O,-8.754,-6.578,2.176,-3.23348,Gen 37
MOL_01670,CC(C)C(=O)C1C(C)CCC1c1cnccc1C#CF,-7.957,-6.378,1.579,-3.2324800000000007,Fase 1_Lote Inicial
MOL_01671,CC(=O)C1C(C)CCC1c1cnccc1S,-7.212,-5.686,1.526,-3.2318000000000002,Fase 2_Seletividade
MOL_01672,CCCC(=O)C1C(CC)CCC1c1cnccc1C1CO1,-7.347,-5.879,1.468,-3.231700000000001,Fase 1_Lote Inicial
MOL_01673,COc1c(C)c(C)nc(C(=O)CC(C)C)c1C1C(C)CCC1C(C)=O,-7.444,-6.02,1.4240000000000004,-3.2300000000000004,Gen 152
MOL_01674,CCCC(=O)C1C(C)CCC1c1cnccc1F,-7.47,-6.058,1.412,-3.2294,Fase 3_Super Elite
MOL_01675,CC(C)C(C)C(=O)C1C(C)CCC1c1c(C(N)=O)ccnc1C1CC1,-7.877,-6.351,1.5259999999999998,-3.2292950000000014,Gen 105
MOL_01676,CCCC(=O)C1C(F)CCC1c1cnccc1C=NO,-7.363,-5.906,1.457,-3.2288000000000006,Fase 1_Lote Inicial
MOL_01677,CC1CCC(c2cnccc2CF)C1C(=O)CC1CCC1F,-7.995,-6.392,1.603,-3.22778,Fase 1_Lote Inicial
MOL_01678,CCOC(=O)C1C(S)CCC1c1cnccc1C(F)F,-7.238,-5.729,1.509,-3.2277000000000005,Fase 2_Seletividade
MOL_01679,CC(C)C(=O)C1C(F)CCC1c1cnccc1C(F)F,-8.116,-6.429,1.687,-3.226495,Fase 1_Lote Inicial
MOL_01680,C=CCC(=O)C1C(F)CCC1c1cnccc1C(=O)OC,-7.687,-6.27,1.417,-3.2260000000000018,Fase 1_Lote Inicial
MOL_01681,CC(=O)c1c(C2CCC(C)C2C(=O)CC(C)C)cnc(O)c1C1CC1,-8.707,-6.57,2.1370000000000005,-3.226000000000001,Gen 40
MOL_01682,COC1CCC(c2cnccc2C(F)F)C1C(=O)O,-7.406,-5.972,1.434,-3.2256,Fase 2_Seletividade
MOL_01683,COC1CCC(c2cnccc2C(F)F)C1C(C)=O,-7.482,-6.082,1.4,-3.2246000000000006,Fase 2_Seletividade
MOL_01684,CCCCC(=O)C1C(C)CCC1c1c(C=CF)ccnc1O,-7.493,-6.099,1.394,-3.223700000000001,Gen 22
MOL_01685,CC(C)C(=O)C1C(O)CCC1c1cnccc1F,-7.85,-6.343,1.507,-3.223655000000001,Fase 3_Super Elite
MOL_01686,CCc1ccncc1C1CCC(CF)C1C(=O)NC,-7.657,-6.256,1.401,-3.2216200000000006,Fase 2_Seletividade
MOL_01687,COC1CCC(c2cnccc2F)C1C(=O)C(N)=O,-7.829,-6.336,1.493,-3.22082,Fase 2_Seletividade
MOL_01688,Cc1nc(C2CC2)c(F)c(C(N)=O)c1C1CCC(C)C1C(=O)C(C)C(C)C,-9.002,-6.628,2.374000000000001,-3.2199800000000023,Gen 78
MOL_01689,CC(C)C(=O)C1C(C=O)CCC1c1cnccc1C1CC1,-8.041,-6.409,1.632,-3.2192950000000016,Fase 2_Seletividade
MOL_01690,NC(=O)C(=O)C1C(CF)CCC1c1cnccc1S,-7.309,-5.843,1.466,-3.2189000000000005,Fase 2_Seletividade
MOL_01691,COc1ccncc1C1CCC(F)C1C(C)=O,-7.472,-6.076,1.396,-3.2188000000000008,Fase 2_Seletividade
MOL_01692,CC(=O)C1C(CF)CCC1c1cnccc1CF,-7.55,-6.182,1.368,-3.21748,Fase 2_Seletividade
MOL_01693,COC(=O)C1C(N)CCC1c1cnccc1C=O,-7.271,-5.791,1.48,-3.2173,Fase 2_Seletividade
MOL_01694,O=C(O)C1C(F)CCC1c1cnccc1O,-7.403,-5.983,1.42,-3.2149,Fase 2_Seletividade
MOL_01695,CCNC(=O)C1C(CC)CCC1c1cnccc1C,-7.828,-6.338,1.49,-3.2146800000000013,Fase 2_Seletividade
MOL_01696,CCOC(=O)C1C(C#N)CCC1c1cnccc1C=O,-7.32,-5.865,1.455,-3.2145,Fase 2_Seletividade
MOL_01697,O=CC(=O)C1C(O)CCC1c1cnccc1C=O,-7.323,-5.87,1.453,-3.2140000000000004,Fase 2_Seletividade
MOL_01698,CCOC(=O)C1C(OC)CCC1c1cnccc1N,-7.172,-5.655,1.517,-3.2135,Fase 2_Seletividade
MOL_01699,CCC(=O)C1C(C#N)CCC1c1cnccc1CF,-7.338,-5.893,1.445,-3.2129000000000003,Fase 2_Seletividade
MOL_01700,C=CCC(=O)C1C(F)CCC1c1cnccc1C1CO1,-7.662,-6.264,1.398,-3.2122199999999994,Fase 1_Lote Inicial
MOL_01701,COC1CCC(c2cnccc2C#N)C1C(=O)C(C)C,-7.387,-5.964,1.423,-3.2121999999999993,Fase 2_Seletividade
MOL_01702,COc1ccncc1C1CCC(C=O)C1C(=O)C(C)C,-7.482,-6.1,1.382,-3.2120000000000006,Fase 2_Seletividade
MOL_01703,CCNC(=O)C1C(C=O)CCC1c1cnccc1C1CC1,-7.918,-6.372,1.546,-3.2111800000000015,Fase 2_Seletividade
MOL_01704,Cc1cncc(C2CCC(C)C2C(=O)CC(C)C)c1C=NO,-7.27,-5.8,1.47,-3.21,Fase 4_Mutantes Geração 2
MOL_01705,CC(C)C(=O)C1C(C)CCC1c1cnccc1NC#N,-7.465,-6.08,1.385,-3.2090000000000005,Fase 1_Lote Inicial
MOL_01706,CCOC(=O)C1C(F)CCC1c1cnccc1Br,-7.396,-5.982,1.414,-3.2085999999999997,Fase 2_Seletividade
MOL_01707,CCCC(=O)C1C(S)CCC1c1cnccc1F,-6.94,-5.332,1.608,-3.2076000000000007,Fase 2_Seletividade
MOL_01708,CCOC(=O)C1C(C=O)CCC1c1cnccc1C,-7.089,-5.545,1.544,-3.207500000000001,Fase 2_Seletividade
MOL_01709,CC(=O)C1C(F)CCC1c1cnccc1C(C)C,-8.016,-6.405,1.611,-3.207375,Fase 2_Seletividade
MOL_01710,CCC(=O)C1C(C#N)CCC1c1cnccc1I,-7.494,-6.124,1.37,-3.2072000000000003,Fase 2_Seletividade
MOL_01711,CCC(=O)C1C(CF)CCC1c1cnccc1N,-7.41,-6.005,1.405,-3.2065,Fase 2_Seletividade
MOL_01712,CCc1ccncc1C1CCC(OC)C1C(=O)C(C)C,-7.41,-6.005,1.405,-3.2065,Fase 2_Seletividade
MOL_01713,CC(=O)c1ccncc1C(=O)CC(C)C,-6.947,-5.344,1.6029999999999998,-3.2062,Gen 100
MOL_01714,CCC(=O)C1C(F)CCC1c1cnccc1N,-7.346,-5.915,1.431,-3.2055000000000007,Fase 2_Seletividade
MOL_01715,Cc1ncc(C2CCC(C)C2C(=O)CC(C)C)c(C(N)=O)c1F,-8.567,-6.545,2.022,-3.2053750000000027,Gen 92
MOL_01716,COC1CCC(c2cnccc2I)C1C(=O)C(C)C,-7.553,-6.197,1.356,-3.2040550000000003,Fase 2_Seletividade
MOL_01717,CCCC(=O)C1CCCC1(C)Cc1cnccc1CF,-7.038,-5.479,1.559,-3.2027000000000005,Fase 1_Lote Inicial
MOL_01718,CCCC(=O)C1C(C#N)CCC1c1cnccc1CC,-7.421,-6.027,1.394,-3.2021000000000006,Fase 2_Seletividade
MOL_01719,CCCC(=O)C1C(S)CCC1c1cnccc1C,-6.646,-4.921,1.725,-3.2013,Fase 2_Seletividade
MOL_01720,CCCC(=O)C1C(OC)CCC1c1cnccc1N,-7.334,-5.904,1.43,-3.2012,Fase 2_Seletividade
MOL_01721,CC(=O)C1C(N)CCC1c1cnccc1C#N,-7.614,-6.243,1.371,-3.2006550000000002,Fase 2_Seletividade
MOL_01722,CC1CCC(c2cnccc2S)C1C(=O)C1CCC1,-7.191,-5.701,1.49,-3.2003000000000004,Fase 2_Seletividade
MOL_01723,CC(=O)c1cnccc1-c1nc(C)c(C)c(C(C)=O)c1C(=O)C(C)C(C)C,-8.954,-6.623,2.3310000000000004,-3.199255000000001,Gen 162
MOL_01724,CCC(=O)c1ccnc(C)c1C(C)=O,-6.986,-5.41,1.5759999999999996,-3.199,Gen 80
MOL_01725,COc1nc(C2C(C)CCC2C(C)=O)cc(C=CF)c1OC,-8.478,-6.527,1.9509999999999996,-3.198455,Gen 167
MOL_01726,CCCC(=O)C1C(OC)CCC1c1cnccc1C(F)F,-7.63,-6.254,1.376,-3.198120000000001,Fase 2_Seletividade
MOL_01727,COc1ncc(C)c(C(C)=O)c1C1CCC(C)C1C(=O)C(C)C(C)C,-7.973,-6.395,1.5780000000000003,-3.1963750000000024,Gen 74
MOL_01728,CC1CCC(c2cnccc2C2CC2)C1C(=O)CC(F)(F)F,-7.799,-6.334,1.465,-3.195920000000002,Fase 1_Lote Inicial
MOL_01729,CCNC(=O)C1C(CF)CCC1c1cnccc1CF,-7.497,-6.145,1.352,-3.195500000000001,Fase 2_Seletividade
MOL_01730,CCC1CCC(c2cnccc2C#N)C1C(C)=O,-7.395,-6.0,1.395,-3.1950000000000003,Fase 2_Seletividade
MOL_01731,CCCC(=O)C1C(OC)CCC1c1cnccc1C1CC1,-7.474,-6.113,1.361,-3.1949000000000005,Fase 2_Seletividade
MOL_01732,CC(C)c1ccncc1C1CCC(O)C1C(=O)O,-7.525,-6.18,1.345,-3.1945000000000006,Fase 2_Seletividade
MOL_01733,CCOC(=O)C1C(C=O)CCC1c1cnccc1Br,-7.218,-5.748,1.47,-3.1944,Fase 2_Seletividade
MOL_01734,CCOC(=O)C1C(CF)CCC1c1cnccc1C(F)F,-7.211,-5.738,1.473,-3.1944,Fase 2_Seletividade
MOL_01735,COc1ccncc1-c1c(C=CF)cc(C(=O)CC(C)C)nc1OC,-7.99,-6.401,1.5890000000000004,-3.194295000000002,Gen 96
MOL_01736,COC(=O)C1C(C#N)CCC1c1cnccc1C,-7.247,-5.791,1.456,-3.1933,Fase 2_Seletividade
MOL_01737,CCC1CCC(c2cnccc2N)C1C(=O)C1CC1,-7.486,-6.134,1.352,-3.1921999999999997,Fase 2_Seletividade
MOL_01738,CCc1ccncc1C1CCC(C=O)C1C(=O)C=O,-7.088,-5.567,1.521,-3.1911,Fase 2_Seletividade
MOL_01739,CCOC(=O)C1C(C)CCC1c1cnccc1I,-7.075,-5.549,1.526,-3.1907,Fase 2_Seletividade
MOL_01740,CCC(=O)C1C(F)CCC1c1cnccc1S,-7.339,-5.927,1.412,-3.190100000000001,Fase 2_Seletividade
MOL_01741,CC1CCC(c2cnccc2C=O)C1C(=O)CC1CC1,-7.375,-5.98,1.395,-3.189,Fase 1_Lote Inicial
MOL_01742,CCCC(=O)C1C(C#N)CCC1c1cnccc1O,-7.244,-5.793,1.451,-3.1889000000000003,Fase 2_Seletividade
MOL_01743,CC1CCC(c2cnccc2N)C1C(=O)O,-7.436,-6.068,1.368,-3.1884000000000006,Fase 2_Seletividade
MOL_01744,COc1ccncc1C1CCC(N)C1C(=O)C=O,-7.183,-5.707,1.476,-3.1881000000000004,Fase 2_Seletividade
MOL_01745,O=CC(=O)C1C(S)CCC1c1cnccc1F,-6.902,-5.307,1.595,-3.1871,Fase 2_Seletividade
MOL_01746,CCC(C)C(=O)C1C(C)CCC1c1cnccc1C#CF,-7.785,-6.332,1.453,-3.186980000000002,Fase 1_Lote Inicial
MOL_01747,Cc1ccncc1C1CCC(S)C1C(=O)C=O,-7.144,-5.653,1.491,-3.1869000000000005,Fase 2_Seletividade
MOL_01748,CCc1ccncc1C1CCC(C)C1C(=O)C(C)C,-7.313,-5.896,1.417,-3.1858000000000004,Fase 2_Seletividade
MOL_01749,COC(=O)C1C(C#N)CCC1c1cnccc1I,-7.271,-5.836,1.435,-3.1857999999999995,Fase 2_Seletividade
MOL_01750,COc1cc(C=CF)c(-c2cnccc2OC)c(C(=O)CC(C)C)n1,-7.913,-6.379,1.5340000000000007,-3.185495000000003,Gen 108
MOL_01751,CCc1ccncc1C1CCC(O)C1C(=O)O,-7.433,-6.068,1.365,-3.1854000000000005,Fase 2_Seletividade
MOL_01752,COC(=O)C1C(OC)CCC1c1cnccc1C(C)C,-7.183,-5.711,1.472,-3.1853,Fase 2_Seletividade
MOL_01753,CCC1CCC(c2cnccc2F)C1C(C)=O,-7.138,-5.648,1.49,-3.1844000000000006,Fase 2_Seletividade
MOL_01754,COC(=O)C1C(O)CCC1c1cnccc1Br,-7.25,-5.808,1.442,-3.1844,Fase 3_Super Elite
MOL_01755,COC(=O)C1C(N)CCC1c1cnccc1C#N,-7.668,-6.282,1.386,-3.183480000000001,Fase 2_Seletividade
MOL_01756,NC(=O)C1C(N)CCC1c1cnccc1Br,-7.454,-6.101,1.353,-3.1833,Fase 2_Seletividade
MOL_01757,CCC1CCC(c2c(OC)nc(C)c(C)c2C(C)=O)C1C(N)=O,-7.737,-6.314,1.423,-3.1827200000000007,Gen 139
MOL_01758,CNC(=O)C1C(C)CCC1c1cnccc1I,-8.357,-6.503,1.854,-3.1818550000000005,Fase 2_Seletividade
MOL_01759,COc1c(-c2nc(C(C)=O)cc(C=CF)c2C(=O)CC(C)C)ccnc1C,-8.778,-6.593,2.1850000000000005,-3.181655000000002,Gen 140
MOL_01760,O=C(C1CC1)C1C(CF)CCC1c1cnccc1Br,-7.378,-5.996,1.382,-3.1807999999999996,Fase 3_Super Elite
MOL_01761,CC(=O)c1ccnc(C(F)(F)F)c1C1CCC(C)C1C(=O)C(C)C(C)C,-7.754,-6.322,1.4319999999999995,-3.1806800000000006,Gen 41
MOL_01762,CC=CC(=O)C1C(C)CCC1c1cnccc1NC#N,-8.153,-6.452,1.701,-3.1805800000000017,Fase 1_Lote Inicial
MOL_01763,CCC(C)C(=O)C1C(C)CCC1c1cnccc1C(F)F,-8.696,-6.577,2.119,-3.180455000000002,Fase 1_Lote Inicial
MOL_01764,CC(=O)c1c(C2CCC(C)C2C(=O)C(C)C(C)C)cncc1C(F)(F)Cl,-8.823,-6.602,2.221,-3.180080000000001,Gen 43
MOL_01765,COc1cnccc1C(=O)CC(C)C,-6.67,-4.986,1.6840000000000002,-3.1798,Gen 158
MOL_01766,COC(=O)C1C(C#N)CCC1c1cnccc1C1CC1,-7.185,-5.722,1.463,-3.1795999999999998,Fase 2_Seletividade
MOL_01767,CCCC(=O)C1C(N)CCC1c1cnccc1Br,-8.046,-6.423,1.623,-3.1772550000000006,Fase 2_Seletividade
MOL_01768,CCc1ncc(C2CCC(C)C2C(=O)CC(C)C)c(C=NO)c1C1CC1,-8.727,-6.584,2.1430000000000007,-3.176420000000004,Gen 24
MOL_01769,CCCC(=O)C1C(F)CCC1c1cnccc1C=O,-7.757,-6.325,1.432,-3.176375,Fase 1_Lote Inicial
MOL_01770,CCC(=O)C1C(S)CCC1c1cnccc1OC,-7.093,-5.598,1.495,-3.1744000000000003,Fase 2_Seletividade
MOL_01771,COC(=O)C1C(O)CCC1c1cnccc1N,-7.336,-5.946,1.39,-3.173800000000001,Fase 3_Super Elite
MOL_01772,Cc1ccncc1C1CCC(O)C1C(=O)C1CC1,-7.949,-6.395,1.554,-3.1723750000000024,Fase 2_Seletividade
MOL_01773,CCC(=O)C1C(O)CCC1c1cnccc1S,-7.41,-6.054,1.356,-3.1722,Fase 2_Seletividade
MOL_01774,CCCC(=O)C1C(C#N)CCC1c1cnccc1OC,-7.24,-5.814,1.426,-3.1702000000000004,Fase 2_Seletividade
MOL_01775,CC1CCC(c2cnccc2Br)C1C(N)=O,-7.463,-6.133,1.33,-3.1699,Fase 2_Seletividade
MOL_01776,CCC(=O)C1C(O)CCC1c1cnccc1CF,-7.384,-6.021,1.363,-3.1693000000000007,Fase 2_Seletividade
MOL_01777,CCC(=O)C1C(C)CCC1C(C)=O,-7.111,-5.631,1.4799999999999995,-3.1693,Gen 51
MOL_01778,COC1CCC(c2cnccc2I)C1C(N)=O,-7.131,-5.66,1.471,-3.1690000000000005,Fase 2_Seletividade
MOL_01779,CCC(=O)C1C(OC)CCC1c1cnccc1CC,-7.005,-5.48,1.525,-3.169,Fase 2_Seletividade
MOL_01780,CCc1ccncc1C1CCC(S)C1C(=O)C1CC1,-7.275,-5.866,1.409,-3.168800000000001,Fase 2_Seletividade
MOL_01781,CC(C)C(=O)C1C(CF)CCC1c1cnccc1O,-7.387,-6.026,1.361,-3.1688,Fase 2_Seletividade
MOL_01782,CCC(=O)C1C(C=O)CCC1c1cnccc1S,-7.202,-5.762,1.44,-3.1686000000000005,Fase 2_Seletividade
MOL_01783,COc1ccncc1-c1nc(C)c(C)c(C(=O)CC(C)C)c1C(C)=O,-7.724,-6.315,1.4089999999999998,-3.1673750000000007,Gen 164
MOL_01784,O=C(C1CC1)C1C(S)CCC1c1cnccc1CF,-7.421,-6.077,1.344,-3.1671000000000005,Fase 2_Seletividade
MOL_01785,CCC(=O)C1C(O)CCC1c1cnccc1O,-7.448,-6.116,1.332,-3.166800000000001,Fase 2_Seletividade
MOL_01786,CCOC(=O)C1C(O)CCC1c1cnccc1I,-7.259,-5.846,1.413,-3.1668000000000003,Fase 2_Seletividade
MOL_01787,COC1CCC(c2cnccc2C(C)C)C1C(N)=O,-7.369,-6.004,1.365,-3.166200000000001,Fase 2_Seletividade
MOL_01788,CCNC(=O)C1C(F)CCC1c1cnccc1S,-7.11,-5.634,1.476,-3.1662000000000003,Fase 2_Seletividade
MOL_01789,CCCC(=O)C1C(N)CCC1c1cnccc1C,-7.573,-6.239,1.334,-3.166095000000001,Fase 2_Seletividade
MOL_01790,CCCC(=O)C1C(F)CCC1c1cnccc1F,-7.938,-6.394,1.544,-3.1645200000000004,Fase 2_Seletividade
MOL_01791,CCCC(=O)C1C(F)CCC1c1cnccc1C#N,-7.184,-5.744,1.44,-3.1632000000000007,Fase 3_Super Elite
MOL_01792,CCc1ccncc1C1CCC(OC)C1C(=O)C1CCC1,-7.47,-6.154,1.316,-3.1621200000000007,Fase 2_Seletividade
MOL_01793,CCCC(=O)C1C(CF)CCC1c1cnccc1S,-6.986,-5.463,1.523,-3.1619,Fase 2_Seletividade
MOL_01794,CCC1CCC(c2cnccc2O)C1C(=O)C1CCC1,-7.857,-6.368,1.489,-3.1617800000000003,Fase 2_Seletividade
MOL_01795,CCC(=O)C1C(C=O)CCC1c1cnccc1C,-7.218,-5.795,1.423,-3.1615,Fase 2_Seletividade
MOL_01796,O=C(O)C(=O)C1C(CF)CCC1c1cnccc1CF,-7.673,-6.295,1.378,-3.1613750000000014,Fase 2_Seletividade
MOL_01797,Nc1ccncc1C1CCC(C=O)C1C(=O)C1CC1,-7.476,-6.163,1.313,-3.161055,Fase 2_Seletividade
MOL_01798,CC(C)C(=O)C1C(CF)CCC1c1cnccc1F,-7.128,-5.668,1.46,-3.1604,Fase 2_Seletividade
MOL_01799,COc1ccncc1-c1cnccc1C(=O)CCC(C)C,-7.496,-6.185,1.3110000000000008,-3.160375000000001,Gen 64
MOL_01800,CC(=O)C1C(C=O)CCC1c1cnccc1C#N,-7.326,-5.951,1.375,-3.1603000000000003,Fase 2_Seletividade
MOL_01801,COC(=O)C1C(O)CCC1c1cnccc1C=O,-7.162,-5.717,1.445,-3.160100000000001,Fase 2_Seletividade
MOL_01802,COC(=O)C1C(S)CCC1c1cnccc1C=O,-7.035,-5.537,1.498,-3.1591000000000005,Fase 2_Seletividade
MOL_01803,CCC(=O)C1C(C=O)CCC1c1cnccc1N,-7.217,-5.797,1.42,-3.1591000000000005,Fase 2_Seletividade
MOL_01804,O=C(C1CCC1)C1C(S)CCC1c1cnccc1F,-7.486,-6.177,1.309,-3.158455000000001,Fase 2_Seletividade
MOL_01805,CCc1ccncc1C1CCC(F)C1C(=O)C=O,-7.047,-5.556,1.491,-3.1578,Fase 2_Seletividade
MOL_01806,CCCCCC(=O)C1C(C)CCC1c1c(OC)ncc(C2CC2)c1C=CF,-7.237,-5.829,1.4080000000000004,-3.1567000000000007,Gen 26
MOL_01807,COc1ccncc1C1CCC(C#N)C1C(=O)C=O,-7.36,-6.006,1.354,-3.1558,Fase 2_Seletividade
MOL_01808,COC(=O)C1C(CF)CCC1c1cnccc1CF,-7.096,-5.629,1.467,-3.155700000000001,Fase 2_Seletividade
MOL_01809,O=C(O)C1C(S)CCC1c1cnccc1Br,-7.205,-5.788,1.417,-3.1534000000000004,Fase 2_Seletividade
MOL_01810,CCNC(=O)C1C(C)CCC1c1cnccc1F,-7.6,-6.263,1.337,-3.1520550000000007,Fase 2_Seletividade
MOL_01811,COC1C(C)CCC1c1c(C=CF)cc(C(=O)CC(C)C)nc1C(C)=O,-8.618,-6.567,2.051,-3.1516550000000016,Gen 144
MOL_01812,CCC(C(=O)C1C(C)CCC1c1cnccc1C(C)=O)C(C)C,-9.091,-6.656,2.435,-3.151620000000003,Gen 42
MOL_01813,COC1CCC(c2cnccc2CF)C1C(=O)C(C)C,-7.227,-5.823,1.404,-3.1509,Fase 2_Seletividade
MOL_01814,CCOC(=O)C1C(CF)CCC1c1cnccc1C=O,-7.255,-5.864,1.391,-3.1502,Fase 2_Seletividade
MOL_01815,CCC(C)CC(=O)C1C(C)CCC1c1c(C=NO)ccnc1C,-7.45,-6.143,1.3070000000000004,-3.1499000000000006,Gen 8
MOL_01816,CCc1nc(C)c(C2CCC(C)C2C(=O)C(C)C(C)C)c(C(N)=O)c1F,-9.595,-6.738,2.857,-3.14968,Gen 101
MOL_01817,CCNC(=O)C1C(CC)CCC1c1cnccc1OC,-7.401,-6.074,1.327,-3.1492000000000004,Fase 2_Seletividade
MOL_01818,CCNC(=O)C1C(C=O)CCC1c1cnccc1CF,-7.18,-5.759,1.421,-3.1487,Fase 2_Seletividade
MOL_01819,NC(=O)C1C(CF)CCC1c1cnccc1CF,-8.052,-6.433,1.619,-3.148455000000001,Fase 2_Seletividade
MOL_01820,CCC1CCC(c2cnccc2Br)C1C(=O)O,-7.19,-5.774,1.416,-3.148200000000001,Fase 2_Seletividade
MOL_01821,O=CC(=O)C1C(C=O)CCC1c1cnccc1C(F)F,-7.239,-5.844,1.395,-3.1482,Fase 2_Seletividade
MOL_01822,COC1CCC(c2cnccc2CF)C1C(=O)C(N)=O,-7.22,-5.817,1.403,-3.1480999999999995,Fase 2_Seletividade
MOL_01823,CC(=O)c1nc(C)c(C)c(C(=O)CCC(C)C)c1C(=O)CC(C)C,-7.514,-6.212,1.3020000000000005,-3.1463800000000006,Gen 110
MOL_01824,COc1cnccc1-c1c(OC)nc(C)c(C)c1C(=O)CC(C)C,-7.497,-6.199,1.298,-3.145695000000001,Gen 164
MOL_01825,CCOC(=O)C1C(N)CCC1c1cnccc1Br,-7.013,-5.528,1.485,-3.1434000000000006,Fase 2_Seletividade
MOL_01826,CNC(=O)C1C(C)CCC1c1cnccc1C,-7.736,-6.33,1.406,-3.143,Fase 2_Seletividade
MOL_01827,C=CCC(=O)C1C(C)CCC1c1cnccc1NC#N,-7.645,-6.292,1.353,-3.139780000000001,Fase 1_Lote Inicial
MOL_01828,CCC1CCC(c2cnccc2F)C1C(=O)C=O,-6.924,-5.407,1.517,-3.1391000000000004,Fase 2_Seletividade
MOL_01829,COc1ccncc1C1CCC(O)C1C(C)=O,-7.062,-5.605,1.457,-3.1385,Fase 2_Seletividade
MOL_01830,CC(C)c1ccncc1C1CCC(N)C1C(=O)O,-7.473,-6.184,1.289,-3.13842,Fase 2_Seletividade
MOL_01831,CC(=O)c1c(C)c(C)nc(C(=O)CC(C)C)c1C(=O)CC(C)C,-7.284,-5.923,1.3609999999999998,-3.1379,Gen 146
MOL_01832,CC1CCC(c2cnccc2C#CF)C1C(=O)CC1CCC1F,-8.604,-6.567,2.037,-3.1376550000000005,Fase 1_Lote Inicial
MOL_01833,Cc1cc(C=NO)c(C2CCC(C)C2C(=O)CC(C)C)c(C(F)(F)F)n1,-8.817,-6.609,2.208,-3.1372950000000017,Gen 13
MOL_01834,CCNC(=O)C1C(O)CCC1c1cnccc1Br,-7.887,-6.387,1.5,-3.1352550000000017,Fase 2_Seletividade
MOL_01835,COc1ccncc1C1CCC(C=O)C1C(C)=O,-7.004,-5.527,1.477,-3.1350999999999996,Fase 2_Seletividade
MOL_01836,CC(=O)c1c(O)c(C)nc(C)c1C1CCC(C)C1C(=O)C(C)C(C)C,-11.06,-6.934,4.126,-3.132920000000002,Gen 76
MOL_01837,CCC1CCC(c2cnccc2F)C1C(=O)OC,-7.154,-5.745,1.409,-3.1325000000000003,Fase 2_Seletividade
MOL_01838,CC(=O)C1C(C=O)CCC1c1cnccc1C(C)C,-7.039,-5.583,1.456,-3.1309,Fase 2_Seletividade
MOL_01839,N#CC1CCC(c2cnccc2C(F)F)C1C(=O)C=O,-7.495,-6.21,1.285,-3.130000000000001,Fase 2_Seletividade
MOL_01840,CCc1ccncc1C1CCC(F)C1C(C)=O,-7.39,-6.086,1.304,-3.1297999999999995,Fase 2_Seletividade
MOL_01841,CCCCCCC(=O)C1C(CC)CCC1c1c(OC)ncc(Cl)c1C=CF,-7.273,-5.919,1.354,-3.1297000000000006,Gen 36
MOL_01842,CCCC(=O)C1CCCC1(C)Cc1cnccc1C=CF,-7.165,-5.765,1.4,-3.1295,Fase 1_Lote Inicial
MOL_01843,CCOC(=O)C1C(OC)CCC1c1cnccc1I,-7.167,-5.768,1.399,-3.1294000000000004,Fase 2_Seletividade
MOL_01844,CCC(=O)C1C(S)CCC1c1cnccc1I,-6.81,-5.259,1.551,-3.1287,Fase 2_Seletividade
MOL_01845,CC1CCC(c2cnccc2C=O)C1C(N)=O,-7.268,-5.914,1.354,-3.1282000000000005,Fase 2_Seletividade
MOL_01846,CCC(=O)C1C(F)CCC1c1cnccc1NC#N,-8.138,-6.462,1.676,-3.127880000000002,Fase 1_Lote Inicial
MOL_01847,CC(=O)C1C(N)CCC1c1cnccc1I,-7.11,-5.689,1.421,-3.1277000000000004,Fase 2_Seletividade
MOL_01848,CCC(=O)C1C(N)CCC1c1cnccc1OC,-7.233,-5.868,1.365,-3.1254,Fase 2_Seletividade
MOL_01849,CC(=O)C1C(O)CCC1c1cnccc1C#N,-7.439,-6.162,1.277,-3.12488,Fase 2_Seletividade
MOL_01850,CCc1ccncc1C1CCC(S)C1C(=O)C=O,-6.99,-5.522,1.468,-3.1246000000000005,Fase 2_Seletividade
MOL_01851,COc1c(C)c(C)nc(C(C)=O)c1C(C)=O,-7.201,-5.824,1.3769999999999998,-3.1242,Gen 94
MOL_01852,O=C(C1CC1)C1C(S)CCC1c1cnccc1I,-7.256,-5.903,1.353,-3.123900000000001,Fase 2_Seletividade
MOL_01853,CCC(=O)C1C(S)CCC1c1cnccc1C(C)C,-6.892,-5.384,1.508,-3.1232,Fase 2_Seletividade
MOL_01854,O=C(O)C(=O)C1C(CF)CCC1c1cnccc1Br,-7.744,-6.341,1.403,-3.1228950000000006,Fase 2_Seletividade
MOL_01855,CC(=O)C1C(C#N)CCC1c1cnccc1C,-7.519,-6.233,1.286,-3.121455000000001,Fase 2_Seletividade
MOL_01856,CCC1CCC(c2cnccc2OC)C1C(N)=O,-7.647,-6.302,1.345,-3.1200800000000015,Fase 2_Seletividade
MOL_01857,CCC(=O)C1C(CC)CCC1c1cnccc1O,-7.287,-5.953,1.334,-3.1199000000000003,Fase 2_Seletividade
MOL_01858,CC(C)C(=O)C1C(C=O)CCC1c1cnccc1Br,-7.398,-6.112,1.286,-3.1196,Fase 2_Seletividade
MOL_01859,CCC(C)C(=O)C1C(C)CCC1c1cnccc1C(=O)OC,-7.162,-5.775,1.387,-3.1194999999999995,Fase 1_Lote Inicial
MOL_01860,CC1CCC(c2cnccc2Br)C1C(=O)C1CC1,-7.602,-6.281,1.321,-3.1194950000000023,Fase 2_Seletividade
MOL_01861,CCCC(=O)C1CCCC1(C)Cc1cnccc1NC#N,-7.327,-6.011,1.316,-3.1193,Fase 1_Lote Inicial
MOL_01862,COc1ccncc1C1CCC(C)C1C(=O)O,-7.345,-6.037,1.308,-3.1191000000000004,Fase 2_Seletividade
MOL_01863,CCCC(=O)C1CCCC1(C)Cc1cnccc1C=O,-7.096,-5.682,1.414,-3.1186000000000003,Fase 1_Lote Inicial
MOL_01864,CCC1CCC(c2c(F)nc(Cl)c(F)c2C(N)=O)C1C(=O)CC(C)C,-9.453,-6.721,2.732,-3.118095000000001,Gen 35
MOL_01865,CCOC(=O)C1C(O)CCC1c1cnccc1C=O,-7.443,-6.176,1.267,-3.1164199999999997,Fase 2_Seletividade
MOL_01866,[C-]#[N+]c1ccncc1C1CCC(C)C1C(=O)CC(C)C,-7.319,-6.004,1.315,-3.116200000000001,Fase 1_Lote Inicial
MOL_01867,COc1cc(C=CF)c(C(C)=O)c(C2C(C)CCC2C(C)=O)n1,-7.559,-6.261,1.298,-3.114695,Gen 95
MOL_01868,COC(=O)C1C(CF)CCC1c1cnccc1Br,-7.12,-5.722,1.398,-3.1146000000000003,Fase 3_Super Elite
MOL_01869,CCCC(=O)C1C(O)CCC1c1cnccc1N,-7.414,-6.143,1.271,-3.1139,Fase 2_Seletividade
MOL_01870,CCC1CCC(c2cnccc2O)C1C(=O)C1CC1,-7.31,-5.996,1.314,-3.112799999999999,Fase 2_Seletividade
MOL_01871,COC(=O)C1C(C#N)CCC1c1cnccc1C=O,-7.269,-5.938,1.331,-3.112400000000001,Fase 2_Seletividade
MOL_01872,CCC(=O)C1C(N)CCC1c1cnccc1C,-7.488,-6.218,1.27,-3.112280000000001,Fase 2_Seletividade
MOL_01873,COc1cc(C=CF)c(C2CCC(C)C2C(=O)C(C)CC(C)C)c(OC)n1,-7.6,-6.284,1.3159999999999998,-3.1114200000000007,Gen 34
MOL_01874,CC(=O)c1ccncc1C1CCC(C)C1c1cnccc1C(C)=O,-7.501,-6.228,1.2730000000000006,-3.1109800000000014,Gen 83
MOL_01875,CCOC(=O)C1C(CF)CCC1c1cnccc1Br,-7.165,-5.792,1.373,-3.1106000000000007,Fase 2_Seletividade
MOL_01876,CCOC(=O)C1C(F)CCC1c1cnccc1F,-7.063,-5.648,1.415,-3.1094000000000004,Fase 2_Seletividade
MOL_01877,COc1ccncc1C1CCC(C)C1C(=O)C=O,-7.161,-5.788,1.373,-3.1094,Fase 2_Seletividade
MOL_01878,CCOC(=O)C1C(N)CCC1c1cnccc1O,-7.264,-5.937,1.327,-3.1081000000000003,Fase 2_Seletividade
MOL_01879,CCOC(=O)C1C(S)CCC1c1cnccc1CF,-7.005,-5.567,1.438,-3.1081,Fase 2_Seletividade
MOL_01880,CCC(=O)C1C(S)CCC1c1cnccc1C(F)F,-7.128,-5.743,1.385,-3.1079,Fase 2_Seletividade
MOL_01881,CCC(=O)C1C(C=O)CCC1c1cnccc1C1CC1,-7.162,-5.793,1.369,-3.1069000000000004,Fase 2_Seletividade
MOL_01882,CC(=O)c1ccnc(O)c1C1CCC(C)C1C(=O)CC(C)C,-8.734,-6.599,2.135,-3.106695,Gen 37
MOL_01883,NC1CCC(c2cnccc2F)C1C(=O)O,-7.443,-6.187,1.256,-3.1052549999999997,Fase 2_Seletividade
MOL_01884,COc1nc(F)c(F)c(C(C)=O)c1C1CCC(C)C1C(=O)C(C)C(C)C,-7.364,-6.084,1.2800000000000002,-3.105200000000001,Gen 37
MOL_01885,CCc1ccncc1C1CCC(N)C1C(=O)OC,-7.415,-6.157,1.258,-3.1048550000000006,Fase 2_Seletividade
MOL_01886,CCC(=O)c1c(F)c(F)nc(F)c1C1CCC(C)C1C(=O)CC(C)C,-8.742,-6.601,2.141000000000001,-3.104295000000003,Gen 31
MOL_01887,CC(=O)C1C(S)CCC1c1cnccc1F,-6.971,-5.524,1.447,-3.1042000000000005,Fase 2_Seletividade
MOL_01888,CCC(C)CC(=O)C1C(C)CCC1c1c(C#N)ccnc1C(F)(F)F,-7.469,-6.211,1.258,-3.1026950000000006,Gen 24
MOL_01889,CCCCC(=O)C1C(C)CCC1c1c(OC)ncc(CC)c1C=CF,-8.124,-6.465,1.6590000000000007,-3.102375000000003,Gen 35
MOL_01890,O=C(O)C1C(CF)CCC1c1cnccc1CF,-7.301,-5.999,1.302,-3.101700000000001,Fase 2_Seletividade
MOL_01891,CCC(=O)C1C(C)CCC1c1cnccc1C=O,-6.979,-5.539,1.44,-3.1017000000000006,Fase 1_Lote Inicial
MOL_01892,CCCCCCCC(=O)C1C(C)CCC1c1c(OC)nc(C2CC2)c(Cl)c1C=CF,-7.25,-5.927,1.3230000000000004,-3.1011000000000006,Gen 40
MOL_01893,NC(=O)C1C(S)CCC1c1cnccc1C(F)F,-7.709,-6.336,1.373,-3.1008199999999997,Fase 2_Seletividade
MOL_01894,CCC1CCC(c2cnccc2C=O)C1C(C)=O,-7.452,-6.199,1.253,-3.100695000000001,Fase 2_Seletividade
MOL_01895,CCOC(=O)C1C(F)CCC1c1cnccc1I,-7.114,-5.734,1.38,-3.1002,Fase 2_Seletividade
MOL_01896,CCOC(=O)C1C(CC)CCC1c1cnccc1S,-7.044,-5.634,1.41,-3.1001999999999996,Fase 2_Seletividade
MOL_01897,CNC(=O)C1C(S)CCC1c1cnccc1Br,-7.206,-5.866,1.34,-3.099800000000001,Fase 2_Seletividade
MOL_01898,CC(=O)C1C(C=O)CCC1c1cnccc1I,-7.089,-5.699,1.39,-3.099700000000001,Fase 2_Seletividade
MOL_01899,COC1CCC(c2cnccc2S)C1C(=O)C1CC1,-7.028,-5.612,1.416,-3.0995999999999997,Fase 2_Seletividade
MOL_01900,CC1CCC(c2cnccc2I)C1C(N)=O,-7.396,-6.138,1.258,-3.0994,Fase 2_Seletividade
MOL_01901,CC(=O)C1C(O)CCC1c1cnccc1N,-7.396,-6.14,1.256,-3.0980000000000008,Fase 2_Seletividade
MOL_01902,CCc1ccncc1C1CCC(C=O)C1C(C)=O,-7.197,-5.856,1.341,-3.0978000000000003,Fase 2_Seletividade
MOL_01903,CCOC(=O)C1C(OC)CCC1c1cnccc1C1CC1,-7.288,-5.987,1.301,-3.0971,Fase 2_Seletividade
MOL_01904,CCCC(=O)C1C(N)CCC1c1cnccc1CF,-7.477,-6.221,1.256,-3.0970950000000013,Fase 2_Seletividade
MOL_01905,Cc1ccncc1C1CCC(CF)C1C(=O)C=O,-7.151,-5.792,1.359,-3.0966000000000005,Fase 2_Seletividade
MOL_01906,CCCC(=O)C1C(N)CCC1c1cnccc1C#N,-7.135,-5.77,1.365,-3.096,Fase 2_Seletividade
MOL_01907,O=CC(=O)C1C(C=O)CCC1c1cnccc1I,-7.021,-5.609,1.412,-3.0947,Fase 2_Seletividade
MOL_01908,CCC(=O)C1C(C)CCC1c1cncc(C(C)=O)c1C(C)=O,-7.53,-6.256,1.274,-3.094620000000001,Gen 51
MOL_01909,CCCC(=O)C1C(CF)CCC1c1cnccc1C(F)F,-6.917,-5.463,1.454,-3.0929,Fase 3_Super Elite
MOL_01910,CC(=O)c1c(O)nc(C)c(O)c1C(C)=O,-6.976,-5.548,1.428,-3.0924,Gen 123
MOL_01911,CCC(=O)C1C(OC)CCC1c1cnccc1C=O,-7.077,-5.693,1.384,-3.0919000000000003,Fase 2_Seletividade
MOL_01912,CC(=O)C1C(N)CCC1c1cnccc1C,-7.159,-5.811,1.348,-3.0913000000000004,Fase 2_Seletividade
MOL_01913,CC(C)C(=O)C1C(S)CCC1c1cnccc1S,-7.057,-5.666,1.391,-3.0908,Fase 2_Seletividade
MOL_01914,O=CC(=O)C1C(S)CCC1c1cnccc1C=O,-6.718,-5.182,1.536,-3.0906,Fase 2_Seletividade
MOL_01915,CC=CC(=O)C1C(C)CCC1c1cnccc1C=NO,-7.932,-6.415,1.517,-3.0903750000000016,Fase 1_Lote Inicial
MOL_01916,c1ncc(C2CC2)c(C2CC2)c1C1CC1,-7.389,-6.141,1.2480000000000002,-3.090300000000001,Gen 73
MOL_01917,CCOC(=O)C1C(OC)CCC1c1cnccc1OC,-7.059,-5.67,1.389,-3.0900000000000003,Fase 2_Seletividade
MOL_01918,CCOC(=O)C1C(CF)CCC1c1cnccc1I,-7.093,-5.719,1.374,-3.0896999999999997,Fase 2_Seletividade
MOL_01919,CC(C)C(=O)C1C(C#N)CCC1c1cnccc1C1CC1,-7.534,-6.261,1.273,-3.089695,Fase 2_Seletividade
MOL_01920,CCOC(=O)C1C(F)CCC1c1cnccc1O,-6.992,-5.575,1.417,-3.0895,Fase 2_Seletividade
MOL_01921,C=Cc1ccncc1C1CCC(C)C1C(=O)C(C)=CC,-7.72,-6.345,1.375,-3.088375000000001,Fase 1_Lote Inicial
MOL_01922,NC1CCC(c2cnccc2C2CC2)C1C(=O)O,-7.733,-6.35,1.383,-3.088000000000002,Fase 2_Seletividade
MOL_01923,CC(C)c1ccncc1C1CCC(F)C1C(N)=O,-8.02,-6.441,1.579,-3.0878950000000014,Fase 2_Seletividade
MOL_01924,COc1cnccc1-c1nc(C)c(C)c(OC)c1C(C)=O,-8.098,-6.462,1.636000000000001,-3.087880000000003,Gen 162
MOL_01925,NC1CCC(c2cnccc2O)C1C(=O)C1CC1,-7.281,-5.992,1.289,-3.0866,Fase 2_Seletividade
MOL_01926,COC(=O)C1C(C=O)CCC1c1cnccc1O,-7.199,-5.875,1.324,-3.0865,Fase 2_Seletividade
MOL_01927,COC1CCC(c2cnccc2F)C1C(C)=O,-6.929,-5.493,1.436,-3.0839000000000003,Fase 2_Seletividade
MOL_01928,CC(C)C(=O)C1C(F)CCC1c1cnccc1C#N,-7.302,-6.026,1.276,-3.0838,Fase 3_Super Elite
MOL_01929,COC(=O)C1C(S)CCC1c1cnccc1C(F)F,-7.068,-5.692,1.376,-3.0835999999999997,Fase 2_Seletividade
MOL_01930,CCc1ccncc1C1CCC(O)C1C(=O)C=O,-7.194,-5.873,1.321,-3.0829000000000004,Fase 2_Seletividade
MOL_01931,CCCC(=O)C1C(F)CCC1c1cnccc1Br,-7.559,-6.278,1.281,-3.082480000000001,Fase 3_Super Elite
MOL_01932,O=Cc1ccncc1C1CCC(O)C1C(=O)O,-7.251,-5.956,1.295,-3.0818000000000003,Fase 2_Seletividade
MOL_01933,C=Cc1ccncc1C1CCC(C)C1C(=O)CC1CC1,-7.74,-6.355,1.385,-3.0813749999999995,Fase 1_Lote Inicial
MOL_01934,CCCC(=O)C1C(CC)CCC1c1cnccc1C(F)F,-7.748,-6.358,1.39,-3.081080000000002,Fase 1_Lote Inicial
MOL_01935,CC(=O)C1C(C#N)CCC1c1cnccc1C=O,-7.316,-6.05,1.266,-3.0810000000000004,Fase 2_Seletividade
MOL_01936,NC(=O)C1C(C=O)CCC1c1cnccc1S,-7.12,-5.771,1.349,-3.0803000000000003,Fase 2_Seletividade
MOL_01937,CCCC(=O)C1C(OC)CCC1c1cnccc1OC,-6.741,-5.23,1.511,-3.0799999999999996,Fase 2_Seletividade
MOL_01938,CCNC(=O)C1C(C)CCC1c1cnccc1C#N,-7.58,-6.29,1.29,-3.0790000000000006,Fase 2_Seletividade
MOL_01939,CCC1CCC(c2cnccc2C)C1C(=O)C1CC1,-7.468,-6.229,1.239,-3.0764950000000004,Fase 2_Seletividade
MOL_01940,Cc1nc(C2CC2)c(C)c(C(N)=O)c1C1CCC(C)C1C(=O)C(C)C(C)C,-8.109,-6.468,1.641,-3.0757800000000017,Gen 113
MOL_01941,COc1c(C2C(C)CCC2OC)nc(C)c(C)c1C(=O)CC(C)C,-7.77,-6.368,1.4019999999999992,-3.0747799999999996,Gen 102
MOL_01942,CC(C)c1ccncc1C1CCC(C#N)C1C(=O)C=O,-7.405,-6.18,1.225,-3.0745000000000005,Fase 2_Seletividade
MOL_01943,CCOC(=O)C1C(O)CCC1c1cnccc1S,-7.294,-6.028,1.266,-3.0744,Fase 2_Seletividade
MOL_01944,O=Cc1ccncc1C1CCC(CF)C1C(=O)O,-7.344,-6.1,1.244,-3.0740000000000007,Fase 2_Seletividade
MOL_01945,CNC(=O)C1C(O)CCC1c1cnccc1S,-7.18,-5.866,1.314,-3.0738000000000003,Fase 2_Seletividade
MOL_01946,CCC(=O)C1C(C)CCC1c1cnccc1NC#N,-7.85,-6.395,1.455,-3.073375000000002,Fase 1_Lote Inicial
MOL_01947,CCCC(=O)C1CCCC1(C)Cc1cnccc1C#CF,-7.273,-6.0,1.273,-3.0730000000000004,Fase 1_Lote Inicial
MOL_01948,COC(=O)C1C(CF)CCC1c1cnccc1OC,-7.035,-5.66,1.375,-3.0730000000000004,Fase 2_Seletividade
MOL_01949,CCC(=O)C1C(C=O)CCC1c1cnccc1CC,-7.347,-6.106,1.241,-3.072800000000001,Fase 2_Seletividade
MOL_01950,CNC(=O)C1C(S)CCC1c1cnccc1S,-7.069,-5.71,1.359,-3.072,Fase 2_Seletividade
MOL_01951,CCC1CCC(c2cnccc2OC)C1C(=O)O,-7.026,-5.649,1.377,-3.0717,Fase 2_Seletividade
MOL_01952,CC1CCC(c2cnccc2C2CC2)C1C(=O)CC1CC1,-7.306,-6.049,1.257,-3.0717,Fase 1_Lote Inicial
MOL_01953,CCOC(=O)C1C(C)CCC1c1cnccc1S,-6.56,-4.984,1.576,-3.0711999999999997,Fase 2_Seletividade
MOL_01954,COC1CCC(c2cnccc2C(C)C)C1C(=O)O,-7.395,-6.174,1.221,-3.0703199999999997,Fase 2_Seletividade
MOL_01955,COC(=O)C1C(OC)CCC1c1cnccc1C(F)F,-6.914,-5.491,1.423,-3.0703,Fase 2_Seletividade
MOL_01956,CCOC(=O)C1C(O)CCC1c1cnccc1O,-7.23,-5.944,1.286,-3.0692000000000004,Fase 2_Seletividade
MOL_01957,COC(=O)C1C(S)CCC1c1cnccc1C#N,-6.963,-5.563,1.4,-3.0689000000000006,Fase 2_Seletividade
MOL_01958,CCCC(=O)C1CCCC1(C)Cc1cnccc1C=NO,-7.253,-5.978,1.275,-3.0684000000000005,Fase 1_Lote Inicial
MOL_01959,COc1cnccc1-c1nc(C)c(C)c(C(C)=O)c1C(=O)CC(C)C,-7.406,-6.187,1.2189999999999994,-3.0682549999999997,Gen 162
MOL_01960,CCCC(=O)C1C(C#N)CCC1c1cnccc1C=O,-7.225,-5.939,1.286,-3.0676999999999994,Fase 2_Seletividade
MOL_01961,CC1CCC(c2cnccc2F)C1C(=O)C=O,-7.09,-5.747,1.343,-3.0671,Fase 2_Seletividade
MOL_01962,CCOC(=O)C1C(OC)CCC1c1cnccc1S,-7.027,-5.658,1.369,-3.0664000000000002,Fase 2_Seletividade
MOL_01963,CCC1CCC(c2cnccc2C)C1C(=O)O,-7.391,-6.174,1.217,-3.06632,Fase 2_Seletividade
MOL_01964,CNC(=O)C1C(N)CCC1c1cnccc1C=O,-7.527,-6.27,1.257,-3.0660000000000016,Fase 2_Seletividade
MOL_01965,CCOC(=O)C1C(OC)CCC1c1cnccc1C,-7.13,-5.806,1.324,-3.0658000000000003,Fase 2_Seletividade
MOL_01966,COC(=O)C1C(N)CCC1c1cnccc1C,-7.27,-6.006,1.264,-3.0657999999999994,Fase 2_Seletividade
MOL_01967,CCNC(=O)C1C(O)CCC1c1cnccc1OC,-7.476,-6.242,1.234,-3.064280000000001,Fase 2_Seletividade
MOL_01968,CCC(=O)C1C(CC)CCC1c1cnccc1OC,-6.958,-5.563,1.395,-3.0639000000000007,Fase 2_Seletividade
MOL_01969,COc1cncc(C2CCC(C)C2C(=O)CC(C)C)c1C#N,-7.181,-5.884,1.2969999999999997,-3.0622,Gen 23
MOL_01970,COc1nc(C)c(C)c(OC)c1C1C(C)CCC1OC,-7.138,-5.824,1.314,-3.0612000000000004,Gen 115
MOL_01971,CC(=O)C1C(CF)CCC1c1cnccc1C1CC1,-7.337,-6.109,1.228,-3.0606999999999998,Fase 2_Seletividade
MOL_01972,Nc1ccncc1C1CCC(S)C1C(=O)C1CC1,-7.406,-6.194,1.212,-3.0605200000000004,Fase 2_Seletividade
MOL_01973,CCOC(=O)C1C(O)CCC1c1cnccc1C#N,-7.585,-6.301,1.284,-3.060295000000001,Fase 2_Seletividade
MOL_01974,N#CC1CCC(c2cnccc2S)C1C(=O)C1CC1,-7.295,-6.05,1.245,-3.0600000000000005,Fase 2_Seletividade
MOL_01975,COC1CCC(c2cnccc2C#N)C1C(=O)O,-7.546,-6.283,1.263,-3.059455,Fase 2_Seletividade
MOL_01976,CNC(=O)C1C(C=O)CCC1c1cnccc1C=O,-7.244,-5.978,1.266,-3.0594,Fase 2_Seletividade
MOL_01977,COc1cc(C=CF)c(OC)c(C(C)=O)n1,-7.524,-6.272,1.2519999999999998,-3.0591800000000005,Gen 142
MOL_01978,Cc1ccncc1C1CCC(CF)C1C(=O)C1CCC1,-7.291,-6.049,1.242,-3.0567,Fase 2_Seletividade
MOL_01979,CNC(=O)C1C(CF)CCC1c1cnccc1C,-7.699,-6.349,1.35,-3.0566950000000004,Fase 2_Seletividade
MOL_01980,CCCC(=O)C1C(N)CCC1c1cnccc1F,-6.931,-5.535,1.396,-3.0565,Fase 2_Seletividade
MOL_01981,CCCC(=O)C1C(O)CCC1c1cnccc1NC#N,-7.335,-6.113,1.222,-3.0559000000000003,Fase 1_Lote Inicial
MOL_01982,CCC(=O)C1C(CF)CCC1c1cnccc1O,-7.163,-5.868,1.295,-3.0554000000000006,Fase 2_Seletividade
MOL_01983,O=C(C1CC1)C1C(S)CCC1c1cnccc1O,-7.301,-6.066,1.235,-3.0548,Fase 2_Seletividade
MOL_01984,CC(C)CC(=O)C1C(C)CCC1c1c(F)nc(F)c(F)c1C(N)=O,-9.593,-6.752,2.841,-3.054580000000003,Gen 39
MOL_01985,CCC1CCC(c2cnccc2C=O)C1C(N)=O,-7.271,-6.024,1.247,-3.0542,Fase 2_Seletividade
MOL_01986,CCOC(=O)C1C(C#N)CCC1c1cnccc1Br,-7.411,-6.204,1.207,-3.0536200000000004,Fase 2_Seletividade
MOL_01987,CNC(=O)C1C(CF)CCC1c1cnccc1C=O,-7.624,-6.321,1.303,-3.053095000000001,Fase 2_Seletividade
MOL_01988,CCCC(=O)C1C(CF)CCC1c1cnccc1Br,-7.521,-6.274,1.247,-3.052320000000001,Fase 3_Super Elite
MOL_01989,CCCC(=O)C1C(O)CCC1c1cnccc1F,-7.451,-6.234,1.217,-3.051920000000001,Fase 2_Seletividade
MOL_01990,CCc1ccncc1C1CCC(C=O)C1C(=O)C1CC1,-6.989,-5.626,1.363,-3.0507999999999997,Fase 2_Seletividade
MOL_01991,CC(=O)C1C(CF)CCC1c1cnccc1O,-7.215,-5.949,1.266,-3.0507,Fase 2_Seletividade
MOL_01992,COc1c(C=CF)cc(C(=O)CC(C)C)nc1C(=O)CCC(C)C,-9.542,-6.745,2.797,-3.0503750000000016,Gen 96
MOL_01993,CCC1CCC(c2cnccc2CF)C1C(C)=O,-7.244,-5.991,1.253,-3.0503,Fase 2_Seletividade
MOL_01994,CC(=O)C1C(C=O)CCC1c1cnccc1C,-7.355,-6.151,1.204,-3.0492950000000008,Fase 2_Seletividade
MOL_01995,CCNC(=O)C1C(CF)CCC1c1cnccc1OC,-7.81,-6.39,1.42,-3.0490000000000013,Fase 2_Seletividade
MOL_01996,N#CC1CCC(c2cnccc2I)C1C(=O)C=O,-7.051,-5.719,1.332,-3.0477,Fase 2_Seletividade
MOL_01997,COC(=O)C1C(C#N)CCC1c1cnccc1C(C)C,-7.327,-6.115,1.212,-3.0465,Fase 2_Seletividade
MOL_01998,COc1ccncc1C(=O)CC(C)C,-6.615,-5.099,1.516,-3.0457000000000005,Gen 100
MOL_01999,CC1CCC(c2cnccc2S)C1C(N)=O,-7.1,-5.793,1.307,-3.0449,Fase 2_Seletividade
MOL_02000,N#CC1CCC(c2cnccc2Br)C1C(=O)C=O,-7.186,-5.918,1.268,-3.0434,Fase 2_Seletividade
MOL_02001,CCCC(=O)C1C(N)CCC1c1cnccc1S,-7.1,-5.797,1.303,-3.0421000000000005,Fase 2_Seletividade
MOL_02002,NC(=O)C(=O)C1C(O)CCC1c1cnccc1F,-7.86,-6.408,1.452,-3.0415800000000006,Fase 3_Super Elite
MOL_02003,CC1CCC(c2cnccc2C2CC2)C1C(=O)O,-7.909,-6.423,1.486,-3.040255000000001,Fase 2_Seletividade
MOL_02004,CC(=O)C1C(N)CCC1c1cnccc1Br,-7.094,-5.794,1.3,-3.0382000000000007,Fase 2_Seletividade
MOL_02005,CNC(=O)C1C(N)CCC1c1cnccc1CF,-7.299,-6.088,1.211,-3.0374000000000008,Fase 2_Seletividade
MOL_02006,O=C(O)C(=O)C1C(S)CCC1c1cnccc1F,-7.394,-6.204,1.19,-3.036620000000001,Fase 2_Seletividade
MOL_02007,CCC(=O)C1C(C=O)CCC1c1cnccc1OC,-6.987,-5.645,1.342,-3.0355000000000008,Fase 2_Seletividade
MOL_02008,COc1ccncc1C1CCC(CF)C1C(C)=O,-7.287,-6.074,1.213,-3.0352000000000006,Fase 2_Seletividade
MOL_02009,CCC(=O)C1C(S)CCC1c1cnccc1S,-6.748,-5.304,1.444,-3.0352,Fase 2_Seletividade
MOL_02010,COC1CCC(c2cnccc2I)C1C(=O)O,-7.247,-6.02,1.227,-3.0330000000000004,Fase 2_Seletividade
MOL_02011,CCCCCC(=O)C1C(C)CCC1c1c(OC)nc(OC)c(C)c1C=CF,-7.273,-6.058,1.215,-3.0324,Gen 30
MOL_02012,O=CC(=O)C1C(C=O)CCC1c1cnccc1O,-7.192,-5.943,1.249,-3.0319000000000003,Fase 2_Seletividade
MOL_02013,CCC1CCC(c2cnccc2OC)C1C(C)=O,-7.185,-5.933,1.252,-3.0319000000000003,Fase 2_Seletividade
MOL_02014,COC(=O)C1C(F)CCC1c1cnccc1S,-7.089,-5.796,1.293,-3.0318000000000005,Fase 2_Seletividade
MOL_02015,CCC(=O)C1C(N)CCC1c1cnccc1CC,-7.038,-5.724,1.314,-3.0312,Fase 2_Seletividade
MOL_02016,CC(C)CC(=O)C1C(C)CCC1c1cnccc1C1CO1,-8.041,-6.462,1.579,-3.0308800000000025,Fase 1_Lote Inicial
MOL_02017,Cc1ccncc1C1CCC(S)C1C(=O)C(=O)O,-7.062,-5.759,1.303,-3.0307000000000004,Fase 2_Seletividade
MOL_02018,CCC(F)C(=O)C1C(C)CCC1c1cnccc1N=[N+]=[N-],-7.42,-6.228,1.192,-3.029980000000001,Fase 1_Lote Inicial
MOL_02019,CC(=O)C1C(N)CCC1c1cnccc1S,-7.12,-5.843,1.277,-3.0299000000000005,Fase 2_Seletividade
MOL_02020,COc1nccc(C#N)c1C1CCC(C)C1C(=O)CC(C)C,-6.93,-5.572,1.3579999999999997,-3.0296,Gen 23
MOL_02021,CCCC(=O)C1C(C)CCC1c1c(C#N)cc(C)nc1C1CC1,-7.102,-5.818,1.2840000000000007,-3.0294000000000008,Gen 18
MOL_02022,COC1CCC(c2cnccc2I)C1C(=O)C(=O)O,-7.295,-6.094,1.201,-3.0292000000000003,Fase 2_Seletividade
MOL_02023,CCC1CCC(c2cnccc2C)C1C(=O)C=O,-6.959,-5.619,1.34,-3.0257,Fase 2_Seletividade
MOL_02024,CC(=O)C1C(O)CCC1c1cnccc1I,-7.035,-5.728,1.307,-3.0254000000000003,Fase 2_Seletividade
MOL_02025,CCC(=O)C1C(CC)CCC1c1cnccc1C,-7.091,-5.811,1.28,-3.0233000000000008,Fase 2_Seletividade
MOL_02026,NC(=O)C1C(CF)CCC1c1cnccc1I,-7.379,-6.204,1.175,-3.0216200000000004,Fase 2_Seletividade
MOL_02027,CCC(C)C(=O)C1C(C)CCC1c1cnccc1C1CO1,-7.716,-6.368,1.348,-3.0207800000000002,Fase 1_Lote Inicial
MOL_02028,CC1CCCC1C(=O)C1CC1c1cnccc1C#CF,-7.982,-6.449,1.533,-3.0206950000000026,Fase 1_Lote Inicial
MOL_02029,CC1CCC(c2c(C3CC3)ncc(C3CC3)c2C#N)C1C(N)=O,-7.931,-6.435,1.4960000000000004,-3.020375000000003,Gen 24
MOL_02030,CCC(=O)C1C(OC)CCC1c1cnccc1F,-6.813,-5.419,1.394,-3.0197000000000003,Fase 2_Seletividade
MOL_02031,COC(=O)C1C(O)CCC1c1cnccc1S,-6.998,-5.684,1.314,-3.0192000000000005,Fase 2_Seletividade
MOL_02032,CCC(C)C(=O)C1C(C)CCC1c1cnc(C2CC2)cc1C#N,-7.403,-6.225,1.178,-3.0173750000000013,Gen 15
MOL_02033,CCC(=O)C1C(S)CCC1c1cnccc1Br,-6.741,-5.32,1.421,-3.017,Fase 2_Seletividade
MOL_02034,CC(C)C(=O)C1C(C=O)CCC1c1cnccc1O,-7.256,-6.057,1.199,-3.0161000000000007,Fase 2_Seletividade
MOL_02035,NC(=O)C1C(O)CCC1c1cnccc1C1CC1,-8.353,-6.54,1.813,-3.0145000000000017,Fase 2_Seletividade
MOL_02036,CNC(=O)C1C(S)CCC1c1cnccc1I,-7.085,-5.815,1.27,-3.0145,Fase 2_Seletividade
MOL_02037,CC(=O)c1cc(C)nc(O)c1C1CCC(C)C1C(=O)C(C)C(C)C,-9.546,-6.751,2.794999999999999,-3.0142949999999997,Gen 116
MOL_02038,CCOC(=O)C1C(S)CCC1c1cnccc1I,-6.859,-5.493,1.366,-3.0139,Fase 2_Seletividade
MOL_02039,COc1cncc(C2CCC(C)C2C(=O)CC(C)C)c1C(=O)C(C)C,-7.349,-6.186,1.1630000000000005,-3.0123200000000008,Gen 157
MOL_02040,COC(=O)C1C(F)CCC1c1cnccc1O,-6.949,-5.624,1.325,-3.0122000000000004,Fase 2_Seletividade
MOL_02041,CNC(=O)C1C(OC)CCC1c1cnccc1C,-7.044,-5.76,1.284,-3.0119999999999996,Fase 2_Seletividade
MOL_02042,CCC1CCC(c2cnccc2F)C1C(N)=O,-7.297,-6.122,1.175,-3.0116000000000005,Fase 2_Seletividade
MOL_02043,COc1cnccc1-c1ccncc1C1C(C)CCC1C(=O)CC(C)C,-9.798,-6.788,3.01,-3.0111800000000013,Gen 133
MOL_02044,CC(C)C(C)C(=O)C1C(C)CCC1c1cncc(C(F)(F)F)c1C(N)=O,-9.623,-6.763,2.8599999999999994,-3.010055000000002,Gen 136
MOL_02045,CCc1ccncc1C1CCC(CF)C1C(=O)OC,-7.445,-6.256,1.189,-3.009620000000001,Fase 2_Seletividade
MOL_02046,N#CC1CCC(c2cnccc2C2CC2)C1C(N)=O,-7.52,-6.295,1.225,-3.008375000000001,Fase 2_Seletividade
MOL_02047,Cc1ccncc1C1CCC(C=O)C1C(=O)C(=O)O,-7.102,-5.849,1.253,-3.0077000000000007,Fase 2_Seletividade
MOL_02048,CNC(=O)C1C(CF)CCC1c1cnccc1F,-7.598,-6.329,1.269,-3.0074950000000014,Fase 2_Seletividade
MOL_02049,CCC1CCC(c2cnccc2CF)C1C(N)=O,-7.602,-6.331,1.271,-3.006495,Fase 2_Seletividade
MOL_02050,CCCC(=O)C1C(C)CCC1c1cnccc1C(N)=O,-7.204,-5.997,1.207,-3.0061,Fase 4_Mutantes Geração 2
MOL_02051,CC(=O)C1C(O)CCC1c1cnccc1C,-7.42,-6.244,1.176,-3.005020000000001,Fase 2_Seletividade
MOL_02052,CC(=O)C1C(N)CCC1c1cnccc1CF,-7.433,-6.252,1.181,-3.0045800000000007,Fase 2_Seletividade
MOL_02053,NC1CCC(c2cnccc2CF)C1C(=O)O,-7.447,-6.261,1.186,-3.002695,Fase 2_Seletividade
MOL_02054,CC1CCC(c2cnccc2C#N)C1C(N)=O,-7.916,-6.436,1.48,-3.001820000000002,Fase 2_Seletividade
MOL_02055,O=C(C1CCC1)C1C(S)CCC1c1cnccc1S,-7.061,-5.8,1.261,-3.0010000000000003,Fase 2_Seletividade
MOL_02056,COc1ccncc1C1CCC(O)C1C(=O)O,-7.452,-6.265,1.187,-3.000375000000001,Fase 2_Seletividade
MOL_02057,COC1CCC(c2cnccc2C#N)C1C(=O)C=O,-7.125,-5.893,1.232,-2.9999000000000002,Fase 2_Seletividade
MOL_02058,CCOC(=O)C1C(CF)CCC1c1cnccc1C,-6.77,-5.386,1.384,-2.9997999999999996,Fase 2_Seletividade
MOL_02059,O=CC(=O)C1C(CF)CCC1c1cnccc1I,-6.97,-5.672,1.298,-2.9996,Fase 2_Seletividade
MOL_02060,COc1ccncc1C(=O)C(C)C(C)C,-6.628,-5.184,1.444,-2.9992,Gen 91
MOL_02061,Cc1nc(Cl)c(C2CCC(C)C2C(=O)CC(C)C)c(C=NO)c1C1CC1,-9.405,-6.732,2.672999999999999,-2.9989800000000004,Gen 37
MOL_02062,CNC(=O)C1C(O)CCC1c1cnccc1C=O,-7.386,-6.226,1.16,-2.99892,Fase 2_Seletividade
MOL_02063,CC(C)CC(=O)C1C(C)CCC1c1c(C#N)ccnc1O,-9.152,-6.692,2.459999999999999,-2.99878,Gen 23
MOL_02064,CCOC(=O)C1C(C=O)CCC1c1cnccc1CF,-6.778,-5.399,1.379,-2.9987,Fase 2_Seletividade
MOL_02065,CCCCC(=O)C1C(C)CCC1c1cnccc1C=O,-7.221,-6.032,1.189,-2.9986000000000006,Fase 1_Lote Inicial
MOL_02066,COc1cnccc1-c1c(C=CF)cc(C(=O)CC(C)C)nc1OC,-7.726,-6.379,1.3470000000000004,-2.998495000000003,Gen 96
MOL_02067,O=C(C1CC1)C1C(O)CCC1c1cnccc1S,-7.253,-6.078,1.175,-2.9984,Fase 2_Seletividade
MOL_02068,NC(=O)C(=O)C1C(F)CCC1c1cnccc1I,-8.269,-6.525,1.744,-2.9983750000000002,Fase 2_Seletividade
MOL_02069,N#CC1CCC(c2cnccc2F)C1C(=O)C=O,-7.098,-5.857,1.241,-2.9981,Fase 2_Seletividade
MOL_02070,Cc1nc(F)c(C2CCC(C)C2C(=O)CC(C)C)c(C=NO)c1C1CC1,-9.231,-6.705,2.526,-2.9973750000000017,Gen 26
MOL_02071,O=C(O)C(=O)C1C(CF)CCC1c1cnccc1C1CC1,-7.295,-6.14,1.155,-2.9970000000000008,Fase 2_Seletividade
MOL_02072,CCCC(=O)C1C(CC)CCC1c1cnccc1N,-7.274,-6.11,1.164,-2.997,Fase 2_Seletividade
MOL_02073,CCOC(=O)C1C(O)CCC1c1cnccc1C,-7.245,-6.069,1.176,-2.9967000000000006,Fase 2_Seletividade
MOL_02074,CC(=O)c1ccncc1C1C(C)CCC1C(C)=O,-8.285,-6.529,1.7560000000000002,-2.996495000000002,Gen 152
MOL_02075,N#CC1CCC(c2cnccc2C=O)C1C(=O)C1CCC1,-7.169,-5.962,1.207,-2.9955999999999996,Fase 2_Seletividade
MOL_02076,CCC(=O)C1C(OC)CCC1c1cnccc1O,-7.15,-5.935,1.215,-2.9955000000000007,Fase 2_Seletividade
MOL_02077,CCCCC(=O)C1C(C)CCC1c1c(OC)nc(OC)c(C)c1C=CF,-7.249,-6.077,1.1719999999999997,-2.9951,Gen 30
MOL_02078,CCCC(=O)C1C(S)CCC1c1cnccc1OC,-6.802,-5.44,1.362,-2.9939999999999998,Fase 2_Seletividade
MOL_02079,CCOC(=O)C1C(CC)CCC1c1cnccc1C=O,-7.036,-5.775,1.261,-2.993499999999999,Fase 2_Seletividade
MOL_02080,CCC(F)C(=O)C1C(C)CCC1c1cnccc1C=CF,-8.16,-6.501,1.659,-2.993295,Fase 1_Lote Inicial
MOL_02081,CCC1CCC(c2cnccc2S)C1C(=O)C(N)=O,-7.367,-6.217,1.15,-2.992655000000001,Fase 2_Seletividade
MOL_02082,COC1CCC(c2cnccc2C(F)F)C1C(=O)C=O,-7.259,-6.096,1.163,-2.9918000000000005,Fase 2_Seletividade
MOL_02083,CNC(=O)C1C(F)CCC1c1cnccc1CF,-8.227,-6.517,1.71,-2.9916550000000006,Fase 2_Seletividade
MOL_02084,Nc1ccncc1C1CCC(F)C1C(=O)C1CCC1,-7.85,-6.42,1.43,-2.991500000000001,Fase 2_Seletividade
MOL_02085,CCOC(=O)C1C(OC)CCC1c1cnccc1Br,-7.209,-6.026,1.183,-2.9908,Fase 2_Seletividade
MOL_02086,COc1ccncc1C1CCC(C#N)C1C(=O)C1CC1,-7.134,-5.919,1.215,-2.9907000000000012,Fase 2_Seletividade
MOL_02087,CC(C)CC(=O)C1C(C)CCC1c1cnccc1NC#N,-9.37,-6.728,2.642,-2.9899800000000036,Fase 1_Lote Inicial
MOL_02088,CC(=O)C1C(S)CCC1c1cnccc1C1CC1,-6.659,-5.242,1.417,-2.9896000000000003,Fase 2_Seletividade
MOL_02089,COc1ccncc1C1CCC(C#N)C1C(=O)C(C)C,-7.464,-6.277,1.187,-2.9894550000000013,Fase 2_Seletividade
MOL_02090,Cc1ncc(Cl)c(C(N)=O)c1C1CCC(C)C1C(=O)C(C)C(C)C,-7.831,-6.415,1.4160000000000004,-2.9893750000000017,Gen 151
MOL_02091,CC(=O)C1C(CF)CCC1c1cnccc1C(C)C,-7.247,-6.083,1.164,-2.9889,Fase 2_Seletividade
MOL_02092,CNC(=O)C1C(CF)CCC1c1cnccc1C(C)C,-8.045,-6.474,1.571,-2.9883200000000008,Fase 2_Seletividade
MOL_02093,COc1c(C)c(C)nc(C(C)=O)c1C(=O)CC(C)C,-7.906,-6.437,1.4689999999999994,-2.9882550000000005,Gen 121
MOL_02094,CCC(F)C(=O)C1C(C)CCC1c1cnccc1C=O,-7.535,-6.311,1.224,-2.9876950000000004,Fase 1_Lote Inicial
MOL_02095,CC(=O)c1nc(C)c(C)c(C2CCC(C)C2C(C)=O)c1C(C)=O,-7.211,-6.034,1.1770000000000005,-2.9872000000000005,Gen 94
MOL_02096,COc1cc(C=CF)c(OC)c(C2CCC(C)C2C(=O)CC(C)C)n1,-8.434,-6.563,1.871,-2.9870550000000025,Gen 68
MOL_02097,O=C(C1CCC1)C1C(F)CCC1c1cnccc1CF,-7.183,-5.996,1.187,-2.9857999999999993,Fase 2_Seletividade
MOL_02098,CCCC(=O)C1C(O)CCC1c1cnccc1I,-7.129,-5.919,1.21,-2.9857000000000005,Fase 2_Seletividade
MOL_02099,C=CCC(=O)C1C(C)CCC1c1cnccc1C(=O)OC,-7.758,-6.394,1.364,-2.9845200000000007,Fase 1_Lote Inicial
MOL_02100,NC(=O)C1C(F)CCC1c1cnccc1C=O,-7.248,-6.091,1.157,-2.9843,Fase 2_Seletividade
MOL_02101,CNC(=O)C1C(C)CCC1c1cnccc1C1CC1,-8.18,-6.508,1.672,-2.983580000000001,Fase 2_Seletividade
MOL_02102,COC1C(C)CCC1c1nc(C(=O)CC(C)C)cc(C=CF)c1C(C)=O,-9.312,-6.72,2.592,-2.983500000000003,Gen 68
MOL_02103,CCc1ccncc1C1CCC(F)C1C(=O)C1CCC1,-7.505,-6.3,1.205,-2.9825000000000017,Fase 2_Seletividade
MOL_02104,COC(=O)C1C(N)CCC1c1cnccc1O,-6.959,-5.681,1.278,-2.9823,Fase 2_Seletividade
MOL_02105,Cc1ccncc1C1CCC(C#N)C1C(=O)C1CC1,-7.652,-6.359,1.293,-2.9822950000000015,Fase 2_Seletividade
MOL_02106,CCc1ccncc1C1CCC(S)C1C(N)=O,-7.331,-6.197,1.134,-2.982055000000001,Fase 2_Seletividade
MOL_02107,CCC=CC(=O)C1C(C)CCC1c1cnccc1C#CF,-7.292,-6.158,1.134,-2.9810799999999995,Fase 1_Lote Inicial
MOL_02108,CCC(=O)C1C(C#N)CCC1c1cnccc1Br,-7.455,-6.277,1.178,-2.980455000000001,Fase 2_Seletividade
MOL_02109,CCNC(=O)C1C(C)CCC1c1cnccc1S,-7.245,-6.093,1.152,-2.9799000000000007,Fase 2_Seletividade
MOL_02110,CCCC(=O)C1C(C#N)CCC1c1cnccc1S,-6.901,-5.602,1.299,-2.9796,Fase 2_Seletividade
MOL_02111,CCOC(=O)C1C(C=O)CCC1c1cnccc1C(F)F,-7.091,-5.874,1.217,-2.9792000000000005,Fase 2_Seletividade
MOL_02112,Cc1ccncc1C1CCC(C=O)C1C(N)=O,-7.79,-6.406,1.384,-2.9781200000000023,Fase 2_Seletividade
MOL_02113,CNC(=O)C1C(N)CCC1c1cnccc1OC,-7.234,-6.081,1.153,-2.9772999999999996,Fase 2_Seletividade
MOL_02114,CCCC(=O)C1C(C)CCC1c1cnccc1CF,-7.812,-6.413,1.399,-2.977055000000001,Fase 3_Super Elite
MOL_02115,COC1CCC(C)C1c1nc(C)c(C)c(C(C)=O)c1C(C)=O,-7.287,-6.157,1.13,-2.9768550000000005,Gen 155
MOL_02116,[C-]#[N+]c1ccncc1C1CCC(O)C1C(=O)CCC,-7.467,-6.285,1.182,-2.976375,Fase 1_Lote Inicial
MOL_02117,CCCCC(=O)C1C(C)CCC1c1cncc(O)c1C=CF,-7.2,-6.034,1.1660000000000004,-2.9762000000000004,Gen 22
MOL_02118,CCOC(=O)C1C(N)CCC1c1cnccc1OC,-7.148,-5.961,1.187,-2.9753,Fase 2_Seletividade
MOL_02119,CC1CCC(c2c(C(F)(F)Cl)ncc(C3CC3)c2C#N)C1C(N)=O,-8.724,-6.622,2.1020000000000003,-2.974680000000003,Gen 40
MOL_02120,CNC(=O)C1C(F)CCC1c1cnccc1C#N,-8.359,-6.55,1.809,-2.974000000000002,Fase 2_Seletividade
MOL_02121,O=CC1CCC(c2cnccc2Br)C1C(=O)C1CC1,-7.373,-6.234,1.139,-2.9739200000000015,Fase 2_Seletividade
MOL_02122,CNC(=O)C1C(OC)CCC1c1cnccc1Br,-7.239,-6.093,1.146,-2.9739000000000004,Fase 2_Seletividade
MOL_02123,COC1CCC(c2cnccc2O)C1C(=O)C1CC1,-7.388,-6.244,1.144,-2.973020000000001,Fase 2_Seletividade
MOL_02124,COc1nc(OC)c(C2CCC(C)C2C(=O)CC(C)C)c(C(C)=O)c1C1CC1,-8.894,-6.653,2.2410000000000005,-2.971855000000004,Gen 105
MOL_02125,CCOC(=O)C1C(S)CCC1c1cnccc1Br,-6.808,-5.481,1.327,-2.9713000000000003,Fase 2_Seletividade
MOL_02126,Nc1ccncc1C1CCC(F)C1C(=O)O,-7.213,-6.06,1.153,-2.971000000000001,Fase 2_Seletividade
MOL_02127,CC(=O)C1C(C=O)CCC1c1cnccc1CF,-7.093,-5.89,1.203,-2.9700000000000006,Fase 2_Seletividade
MOL_02128,CCc1ccncc1C1CCC(OC)C1C(=O)NC,-7.297,-6.177,1.12,-2.969455000000001,Fase 2_Seletividade
MOL_02129,CCOC(=O)C1C(O)CCC1c1cnccc1OC,-7.088,-5.884,1.204,-2.9692,Fase 2_Seletividade
MOL_02130,CCC1CCC(c2cnccc2S)C1C(=O)C(=O)O,-7.148,-5.97,1.178,-2.9690000000000003,Fase 2_Seletividade
MOL_02131,CC(=O)C1C(S)CCC1c1cnccc1C#N,-6.927,-5.655,1.272,-2.9684999999999997,Fase 2_Seletividade
MOL_02132,COc1ccncc1C1CCC(S)C1C(N)=O,-7.241,-6.105,1.136,-2.9674999999999994,Fase 2_Seletividade
MOL_02133,CCOC(=O)C1C(OC)CCC1c1cnccc1F,-7.283,-6.164,1.119,-2.967220000000001,Fase 2_Seletividade
MOL_02134,CCCCC(=O)C1C(C)CCC1c1c(C=CCl)ccnc1OC,-7.218,-6.073,1.1449999999999996,-2.9669,Gen 29
MOL_02135,CCCC(=O)C1C(CC)CCC1c1cnccc1O,-7.424,-6.268,1.156,-2.966780000000001,Fase 2_Seletividade
MOL_02136,CC1CCC(c2cnccc2N)C1C(=O)C1CC1,-7.622,-6.354,1.268,-2.96612,Fase 2_Seletividade
MOL_02137,COc1c(-c2nc(C(C)=O)cc(C=CF)c2C(C)=O)ccnc1C,-7.266,-6.143,1.1230000000000002,-2.9659000000000004,Gen 103
MOL_02138,CCC(=O)C1C(N)CCC1c1cnccc1C#N,-7.938,-6.452,1.486,-2.965580000000001,Fase 2_Seletividade
MOL_02139,O=C(O)C(=O)C1C(O)CCC1c1cnccc1S,-7.123,-5.941,1.182,-2.9643000000000006,Fase 2_Seletividade
MOL_02140,COc1nc(C)c(C)c(C(C)=O)c1OC,-7.225,-6.087,1.138,-2.9641,Gen 146
MOL_02141,CCCCC(=O)C1C(C)CCC1c1c(OC)ncc(Cl)c1C=CF,-7.2,-6.052,1.1480000000000006,-2.9636000000000005,Gen 30
MOL_02142,CCc1ccncc1C1CCC(O)C1C(N)=O,-7.508,-6.31,1.198,-2.963000000000001,Fase 2_Seletividade
MOL_02143,CCNC(=O)C1C(S)CCC1c1cnccc1F,-7.249,-6.123,1.126,-2.9628999999999994,Fase 2_Seletividade
MOL_02144,CC(C)C(=O)C1C(N)CCC1c1cnccc1I,-6.971,-5.726,1.245,-2.9628000000000005,Fase 2_Seletividade
MOL_02145,CC(=O)c1cc(C)nc(C)c1C1CCC(C)C1C(=O)C(C)C(C)C,-7.437,-6.278,1.1590000000000007,-2.9604800000000013,Gen 103
MOL_02146,COC(=O)C1C(N)CCC1c1cnccc1S,-6.844,-5.548,1.296,-2.9604000000000004,Fase 2_Seletividade
MOL_02147,CC(C)C(=O)C1C(N)CCC1c1cnccc1O,-7.131,-5.958,1.173,-2.9604,Fase 2_Seletividade
MOL_02148,O=CC(=O)C1C(S)CCC1c1cnccc1CF,-6.982,-5.746,1.236,-2.9598000000000004,Fase 2_Seletividade
MOL_02149,COC(=O)C1C(C#N)CCC1c1cnccc1OC,-7.027,-5.812,1.215,-2.9586000000000006,Fase 2_Seletividade
MOL_02150,O=CC(=O)C1C(C=O)CCC1c1cnccc1S,-6.884,-5.609,1.275,-2.9577000000000004,Fase 2_Seletividade
MOL_02151,COC1CCC(c2cnccc2S)C1C(N)=O,-7.002,-5.778,1.224,-2.9574000000000007,Fase 2_Seletividade
MOL_02152,CCOC(=O)C1C(N)CCC1c1cnccc1C(F)F,-7.399,-6.26,1.139,-2.956500000000001,Fase 2_Seletividade
MOL_02153,CCC1CCC(c2c(O)ncc(C3CC3)c2C#N)C1C(N)=O,-8.619,-6.606,2.013,-2.9551200000000026,Gen 36
MOL_02154,CCC1CCC(c2cnccc2C)C1C(C)=O,-7.014,-5.799,1.215,-2.9547,Fase 2_Seletividade
MOL_02155,Nc1ccncc1C1CCC(F)C1C(=O)C1CC1,-8.168,-6.512,1.656,-2.9543800000000022,Fase 2_Seletividade
MOL_02156,CCC(C)C(=O)C1C(C)CCC1c1cnccc1C=CF,-8.121,-6.501,1.62,-2.954295,Fase 1_Lote Inicial
MOL_02157,N#CC1CCC(c2cnccc2S)C1C(N)=O,-7.557,-6.334,1.223,-2.953920000000002,Fase 2_Seletividade
MOL_02158,CCOc1nc(OC)cc(C=CF)c1C1CCC(C)C1C(=O)CCC(C)C,-7.18,-6.038,1.1419999999999997,-2.9534000000000002,Gen 32
MOL_02159,CCc1ccncc1C1CCC(CC)C1C(=O)C(=O)O,-7.072,-5.884,1.188,-2.9532,Fase 2_Seletividade
MOL_02160,CCOc1nccc(C(C)=O)c1C1CCC(C)C1C(=O)C(C)C(C)C,-7.029,-5.823,1.2059999999999995,-2.9528999999999996,Gen 62
MOL_02161,CCOC(=O)C1C(CF)CCC1c1cnccc1CC,-6.882,-5.613,1.269,-2.9528999999999996,Fase 2_Seletividade
MOL_02162,CC(=O)C1C(O)CCC1c1cnccc1C1CC1,-7.198,-6.065,1.133,-2.9525000000000006,Fase 2_Seletividade
MOL_02163,CCCC(=O)C1C(O)CCC1c1cnccc1C=O,-6.925,-5.675,1.25,-2.9525,Fase 2_Seletividade
MOL_02164,CCC(C)C(=O)C1C(C)CCC1c1cnccc1C1CC1,-7.209,-6.081,1.128,-2.9522999999999993,Fase 1_Lote Inicial
MOL_02165,CC(=O)C1C(C)CCC1c1cnccc1C1CC1,-7.155,-6.005,1.15,-2.9515000000000002,Fase 2_Seletividade
MOL_02166,CCC1CCC(c2cnccc2O)C1C(=O)NC,-8.031,-6.48,1.551,-2.950500000000001,Fase 2_Seletividade
MOL_02167,CCC(=O)C1C(S)CCC1c1cnccc1CF,-6.541,-5.131,1.41,-2.9493000000000005,Fase 2_Seletividade
MOL_02168,CC(=O)C1C(C#N)CCC1c1cnccc1CF,-7.223,-6.106,1.117,-2.9488000000000003,Fase 2_Seletividade
MOL_02169,O=CC(=O)C1C(O)CCC1c1cnccc1Br,-7.012,-5.805,1.207,-2.9485,Fase 2_Seletividade
MOL_02170,[C-]#[N+]c1ccncc1C1CCC(C)C1C(=O)CC1CC1,-7.727,-6.396,1.331,-2.9472200000000015,Fase 1_Lote Inicial
MOL_02171,COC(=O)C1C(O)CCC1c1cnccc1OC,-6.992,-5.779,1.213,-2.9467,Fase 2_Seletividade
MOL_02172,CCC(F)C(=O)C1C(C)CCC1c1cnccc1CF,-7.953,-6.461,1.492,-2.946695000000001,Fase 1_Lote Inicial
MOL_02173,COc1ccncc1C1CCC(N)C1C(=O)C1CCC1,-7.257,-6.159,1.098,-2.9452950000000007,Fase 2_Seletividade
MOL_02174,CC1CCCC1C(=O)C1CC1c1cnccc1N=[N+]=[N-],-7.26,-6.163,1.097,-2.945055,Fase 1_Lote Inicial
MOL_02175,COc1nc(OC)c(C2CCC(C)C2C(=O)CCC(C)C)c(C=CF)c1F,-7.427,-6.282,1.1449999999999996,-2.9424800000000007,Gen 32
MOL_02176,CC(=O)c1cnccc1C1CCC(C)C1c1ccnc(C)c1C(C)=O,-7.757,-6.407,1.3499999999999996,-2.941855000000001,Gen 89
MOL_02177,CCCC(=O)C1C(S)CCC1c1cnccc1S,-6.705,-5.376,1.329,-2.9418,Fase 2_Seletividade
MOL_02178,CCCCCC(=O)C1C(C)CCC1c1c(OC)ncc(F)c1C=CF,-7.39,-6.264,1.1259999999999994,-2.940219999999999,Gen 27
MOL_02179,CCCC(=O)C1C(O)CCC1c1cnccc1C1CC1,-7.042,-5.86,1.182,-2.9399999999999995,Fase 2_Seletividade
MOL_02180,CC(=O)c1c(O)nc(C)c(O)c1C1CCC(C)C1C(=O)CC(C)C,-7.218,-6.112,1.106,-2.9396000000000004,Gen 123
MOL_02181,O=C(C1CCC1)C1C(O)CCC1c1cnccc1CF,-7.664,-6.378,1.286,-2.9394800000000005,Fase 2_Seletividade
MOL_02182,COC1CCC(c2cnccc2C2CC2)C1C(=O)C(C)C,-7.01,-5.816,1.194,-2.9388000000000005,Fase 2_Seletividade
MOL_02183,O=CC(=O)C1C(C=O)CCC1c1cnccc1F,-7.006,-5.811,1.195,-2.938300000000001,Fase 2_Seletividade
MOL_02184,O=C(O)C1C(F)CCC1c1cnccc1C(F)F,-8.258,-6.536,1.722,-2.937820000000002,Fase 2_Seletividade
MOL_02185,CCOC(=O)C1C(N)CCC1c1cnccc1F,-6.929,-5.703,1.226,-2.9369000000000005,Fase 2_Seletividade
MOL_02186,CNC(=O)C1C(C=O)CCC1c1cnccc1CF,-7.234,-6.14,1.094,-2.936000000000001,Fase 2_Seletividade
MOL_02187,CCc1ncc(C2CCC(C)C2C(=O)CC(C)C)c(C(C)=O)c1OC,-7.949,-6.463,1.4859999999999998,-2.935055000000001,Gen 57
MOL_02188,COc1ccncc1C1CCC(OC)C1C(C)=O,-6.908,-5.677,1.231,-2.934100000000001,Fase 2_Seletividade
MOL_02189,CNC(=O)C1C(F)CCC1c1cnccc1N,-7.29,-6.204,1.086,-2.932620000000001,Fase 2_Seletividade
MOL_02190,COC1CCC(C)C1c1c(O)c(C)nc(O)c1C1C(C)CCC1C(C)=O,-9.404,-6.742,2.662,-2.932280000000002,Gen 115
MOL_02191,COC(=O)C1C(O)CCC1c1cnccc1C1CC1,-7.031,-5.856,1.175,-2.9318,Fase 2_Seletividade
MOL_02192,Cc1ccncc1C1CCC(C=O)C1C(=O)C=O,-7.486,-6.314,1.172,-2.9317200000000003,Fase 2_Seletividade
MOL_02193,CCNC(=O)C1C(C#N)CCC1c1cnccc1C,-7.78,-6.417,1.363,-2.931655000000002,Fase 2_Seletividade
MOL_02194,COc1ccncc1C1CCC(CF)C1C(=O)O,-7.035,-5.862,1.173,-2.9316000000000004,Fase 2_Seletividade
MOL_02195,CC(C)C(=O)C1C(S)CCC1c1cnccc1CF,-7.264,-6.183,1.081,-2.930455000000001,Fase 2_Seletividade
MOL_02196,[C-]#[N+]c1ccncc1C1CCC(F)C1C(=O)CC(F)(F)F,-7.991,-6.475,1.516,-2.9303750000000024,Fase 1_Lote Inicial
MOL_02197,CCOC(=O)C1C(C#N)CCC1c1cnccc1C(F)F,-7.088,-5.94,1.148,-2.9299999999999997,Fase 2_Seletividade
MOL_02198,CCCC(=O)C1C(CF)CCC1c1cnccc1C,-7.016,-5.838,1.178,-2.9294000000000002,Fase 2_Seletividade
MOL_02199,CC(=O)C1C(C#N)CCC1c1cnccc1N,-7.342,-6.243,1.099,-2.928655,Fase 2_Seletividade
MOL_02200,CCC(=O)C1C(C)CCC1c1ccncc1C(C)=O,-7.108,-5.972,1.1359999999999992,-2.9276,Gen 81
MOL_02201,CCC(=O)c1nc(C(=O)CC(C)C)cc(C=CF)c1-c1ccncc1OC,-8.216,-6.529,1.6869999999999994,-2.9274950000000013,Gen 96
MOL_02202,CC(C)C(=O)C1C(S)CCC1c1cnccc1C1CC1,-7.239,-6.159,1.08,-2.927295000000001,Fase 2_Seletividade
MOL_02203,COC(=O)C1C(C#N)CCC1c1cnccc1N,-6.934,-5.724,1.21,-2.9272,Fase 2_Seletividade
MOL_02204,CCNC(=O)C1C(CF)CCC1c1cnccc1C,-7.762,-6.413,1.349,-2.927055,Fase 2_Seletividade
MOL_02205,CCCC(=O)C1C(C=O)CCC1c1cnccc1S,-6.693,-5.38,1.313,-2.927,Fase 2_Seletividade
MOL_02206,CCC1CCC(c2cnccc2S)C1C(=O)C=O,-6.832,-5.579,1.253,-2.9267000000000003,Fase 2_Seletividade
MOL_02207,CC(C)c1ccncc1C1CCC(S)C1C(=O)C1CC1,-7.018,-5.845,1.173,-2.9265,Fase 2_Seletividade
MOL_02208,Cc1ccncc1C1CCC(C#N)C1C(=O)C(C)C,-7.209,-6.118,1.091,-2.9264,Fase 2_Seletividade
MOL_02209,COc1c(O)c(C)nc(O)c1C(C)=O,-7.079,-5.936,1.1429999999999998,-2.9238,Gen 123
MOL_02210,COc1ccncc1C1CCC(N)C1C(=O)C(C)C,-7.599,-6.361,1.238,-2.923695000000002,Fase 2_Seletividade
MOL_02211,CC(=O)c1cnccc1-c1nc(C)c(C)c(C(=O)CC(C)C)c1C(C)=O,-9.016,-6.682,2.334,-2.9234799999999996,Gen 162
MOL_02212,COC1CCC(c2cnccc2I)C1C(=O)C1CCC1,-7.251,-6.177,1.074,-2.9234550000000015,Fase 2_Seletividade
MOL_02213,CCCC(=O)C1CCCC1(C)Cc1cnccc1C(=O)OC,-6.853,-5.614,1.239,-2.9232,Fase 1_Lote Inicial
MOL_02214,CCC(=O)c1ccnc(C)c1OC,-6.637,-5.306,1.3309999999999995,-2.9227999999999996,Gen 80
MOL_02215,CC1CCC(c2cnccc2O)C1C(N)=O,-7.671,-6.386,1.285,-2.922320000000001,Fase 2_Seletividade
MOL_02216,CCC(=O)C1CCC(C)C1OC,-6.381,-4.941,1.4400000000000004,-2.9223000000000003,Gen 90
MOL_02217,COC(=O)C1C(C=O)CCC1c1cnccc1S,-6.801,-5.541,1.26,-2.9223000000000003,Fase 2_Seletividade
MOL_02218,CCNC(=O)C1C(C#N)CCC1c1cnccc1OC,-7.249,-6.178,1.071,-2.9204800000000004,Fase 2_Seletividade
MOL_02219,CNC(=O)C1C(C=O)CCC1c1cnccc1S,-7.004,-5.835,1.169,-2.9195,Fase 2_Seletividade
MOL_02220,COc1c(C2CCC(C)C2OC)nc(C)c(C)c1C(=O)CCC(C)C,-7.781,-6.421,1.3599999999999994,-2.9190949999999996,Gen 110
MOL_02221,COC(=O)C1C(S)CCC1c1cnccc1Br,-6.684,-5.379,1.305,-2.9187000000000007,Fase 2_Seletividade
MOL_02222,CCCOc1cncc(C2CCC(C)C2C(=O)CC(C)C)c1C(C)=O,-9.538,-6.764,2.774,-2.9182200000000016,Gen 74
MOL_02223,CCC(=O)C1C(OC)CCC1c1cnccc1C(F)F,-6.928,-5.729,1.199,-2.9177,Fase 2_Seletividade
MOL_02224,CCNC(=O)C1C(O)CCC1c1cnccc1CF,-7.653,-6.382,1.271,-2.9164800000000017,Fase 2_Seletividade
MOL_02225,CC(C)C(=O)C1C(C)CCC1c1c(C(F)(F)F)ncc(C(F)(F)F)c1C#N,-9.752,-6.795,2.9570000000000007,-2.9153750000000036,Gen 25
MOL_02226,NC(=O)C(=O)C1C(S)CCC1c1cnccc1F,-7.568,-6.353,1.215,-2.914855000000001,Fase 2_Seletividade
MOL_02227,O=C(C1CCC1)C1C(CF)CCC1c1cnccc1F,-7.161,-6.067,1.094,-2.9140999999999995,Fase 2_Seletividade
MOL_02228,NC(=O)C1C(CF)CCC1c1cnccc1Br,-7.324,-6.241,1.083,-2.913895000000001,Fase 2_Seletividade
MOL_02229,CCNC(=O)C1C(N)CCC1c1cnccc1C=O,-7.246,-6.182,1.064,-2.9134800000000007,Fase 2_Seletividade
MOL_02230,O=C(O)C1C(CF)CCC1c1cnccc1Br,-7.116,-6.006,1.11,-2.9117999999999995,Fase 2_Seletividade
MOL_02231,CCCC(=O)C1C(C)CCC1c1cnccc1Br,-7.009,-5.854,1.155,-2.911200000000001,Fase 3_Super Elite
MOL_02232,CCC1CCC(c2cnccc2C(F)F)C1C(=O)C=O,-7.097,-5.981,1.116,-2.9103000000000003,Fase 2_Seletividade
MOL_02233,CC(C)c1ccncc1C1CCC(O)C1C(=O)C1CC1,-7.054,-5.92,1.134,-2.91,Fase 2_Seletividade
MOL_02234,COC(=O)C1C(S)CCC1c1cnccc1C,-6.968,-5.798,1.17,-2.9093999999999998,Fase 2_Seletividade
MOL_02235,CNC(=O)C1C(S)CCC1c1cnccc1N,-7.087,-5.971,1.116,-2.9073,Fase 2_Seletividade
MOL_02236,COc1ccncc1C1CCC(C=O)C1C(=O)C1CCC1,-7.025,-5.883,1.142,-2.9069000000000003,Fase 2_Seletividade
MOL_02237,COC(=O)C1C(N)CCC1c1cnccc1OC,-7.008,-5.859,1.149,-2.9067,Fase 2_Seletividade
MOL_02238,O=CC(=O)C1C(C=O)CCC1c1cnccc1Br,-6.973,-5.81,1.163,-2.9060000000000006,Fase 2_Seletividade
MOL_02239,NC(=O)C1C(N)CCC1c1cnccc1S,-6.954,-5.783,1.171,-2.9059,Fase 2_Seletividade
MOL_02240,O=CC(=O)C1C(O)CCC1c1cnccc1O,-7.037,-5.902,1.135,-2.9055999999999997,Fase 2_Seletividade
MOL_02241,CCC1CCC(c2cnccc2C(N)=O)C1C(=O)CC(C)C,-8.391,-6.571,1.8200000000000005,-2.905095000000003,Gen 37
MOL_02242,COC1CCC(c2cnccc2F)C1C(=O)O,-7.203,-6.141,1.062,-2.904300000000001,Fase 2_Seletividade
MOL_02243,CC1CCC(c2cnccc2C(F)F)C1C(=O)C1CC1,-7.949,-6.471,1.478,-2.9040950000000008,Fase 3_Super Elite
MOL_02244,CCCCCCC(=O)C1C(C)CCC1c1c(OCC)ncc(Cl)c1C=CF,-7.431,-6.302,1.1290000000000004,-2.9040800000000013,Gen 36
MOL_02245,COC1CCC(c2cnccc2Br)C1C(=O)C(=O)O,-7.19,-6.123,1.067,-2.9039,Fase 2_Seletividade
MOL_02246,NC(=O)C1C(O)CCC1c1cnccc1I,-7.119,-6.023,1.096,-2.9029000000000007,Fase 2_Seletividade
MOL_02247,CCC(C)C(=O)C1C(C)CCC1c1c(C(F)(F)F)ncc(C(F)(F)F)c1C#N,-8.169,-6.524,1.6450000000000005,-2.902820000000002,Gen 20
MOL_02248,CNC(=O)C1C(C)CCC1c1cnccc1C=O,-7.15,-6.068,1.082,-2.902400000000001,Fase 2_Seletividade
MOL_02249,CCC(=O)C1C(C)CCC1c1ccncc1OC,-8.195,-6.53,1.665,-2.902000000000001,Gen 81
MOL_02250,CCCC(=O)C1C(OC)CCC1c1cnccc1F,-6.678,-5.395,1.283,-2.9015000000000004,Fase 2_Seletividade
MOL_02251,CCOC(=O)C1C(S)CCC1c1cnccc1S,-6.531,-5.185,1.346,-2.9015000000000004,Fase 2_Seletividade
MOL_02252,COC1CCC(c2cnccc2C2CC2)C1C(=O)C1CC1,-7.175,-6.105,1.07,-2.9014999999999995,Fase 2_Seletividade
MOL_02253,NC1CCC(c2cnccc2Br)C1C(=O)C1CC1,-7.957,-6.474,1.483,-2.9003200000000007,Fase 2_Seletividade
MOL_02254,O=C(C1CC1)C1C(S)CCC1c1cnccc1C1CC1,-7.337,-6.257,1.08,-2.8998550000000014,Fase 2_Seletividade
MOL_02255,O=C(C1CC1)C1C(CF)CCC1c1cnccc1O,-7.031,-5.905,1.126,-2.8975,Fase 2_Seletividade
MOL_02256,O=C(C1CCC1)C1C(O)CCC1c1cnccc1I,-8.325,-6.559,1.766,-2.8972950000000006,Fase 2_Seletividade
MOL_02257,CCC(=O)c1c(-c2cnccc2C(C)=O)nc(C)c(C)c1C(=O)CC(C)C,-7.561,-6.357,1.2039999999999995,-2.8968550000000004,Gen 98
MOL_02258,CC(=O)C1C(C#N)CCC1c1cnccc1S,-7.091,-5.992,1.099,-2.8966000000000003,Fase 2_Seletividade
MOL_02259,COC1CCC(c2cnccc2C#N)C1C(=O)C1CC1,-7.041,-5.921,1.12,-2.8963,Fase 2_Seletividade
MOL_02260,CC(C)CC(=O)c1cnccc1-c1ccncc1C(=O)C(C)C(C)C,-8.045,-6.497,1.548,-2.895055000000002,Gen 91
MOL_02261,COC(=O)C1C(N)CCC1c1cnccc1C(C)C,-6.899,-5.722,1.177,-2.8936,Fase 2_Seletividade
MOL_02262,CCC(F)C(=O)C1C(C)CCC1c1cnccc1C#N,-8.09,-6.508,1.582,-2.893580000000001,Fase 1_Lote Inicial
MOL_02263,CCC1CCC(c2cnccc2CF)C1C(=O)C=O,-6.973,-5.829,1.144,-2.8927000000000005,Fase 2_Seletividade
MOL_02264,CC(=O)c1c(C2CC2)c(C)nc(O)c1C1CCC(C)C1C(=O)CC(C)C,-9.292,-6.731,2.561,-2.892495000000003,Gen 56
MOL_02265,CC(=O)c1ccnc(C2CC2)c1C1CCC(C)C1C(=O)CC(C)C,-7.314,-6.248,1.0659999999999998,-2.89238,Gen 16
MOL_02266,O=CC1CCC(c2cnccc2I)C1C(=O)C1CC1,-6.946,-5.792,1.154,-2.8916000000000004,Fase 2_Seletividade
MOL_02267,O=CC1CCC(c2cnccc2C2CC2)C1C(=O)C(=O)O,-8.189,-6.531,1.658,-2.8914950000000026,Fase 2_Seletividade
MOL_02268,NC(=O)C1C(N)CCC1c1cnccc1I,-7.174,-6.118,1.056,-2.891400000000001,Fase 2_Seletividade
MOL_02269,COC(=O)C1C(C=O)CCC1c1cnccc1OC,-6.711,-5.457,1.254,-2.8911000000000007,Fase 2_Seletividade
MOL_02270,CC(=O)C1CCC(C)C1c1ccncc1C(=O)C(C)C(C)C,-8.109,-6.513,1.596,-2.8910550000000015,Gen 122
MOL_02271,CCCC(=O)C1C(N)CCC1c1cnccc1I,-6.711,-5.458,1.253,-2.8904000000000005,Fase 2_Seletividade
MOL_02272,CC1CCC(c2cnccc2F)C1C(=O)O,-7.424,-6.305,1.119,-2.8903750000000024,Fase 2_Seletividade
MOL_02273,CCOc1ncc(C2CCC(C)C2C(=O)CC(C)C)c(C(N)=O)c1C1CC1,-8.876,-6.664,2.212,-2.890220000000003,Gen 50
MOL_02274,CC1CCC(c2cnccc2Br)C1C(=O)C(N)=O,-7.657,-6.392,1.265,-2.88978,Fase 2_Seletividade
MOL_02275,CC(C)C(=O)C1C(C)CCC1c1c(C#N)ccnc1C1CC1,-7.175,-6.122,1.053,-2.8896000000000006,Gen 22
MOL_02276,CNC(=O)C1C(OC)CCC1c1cnccc1S,-6.798,-5.585,1.213,-2.8885000000000005,Fase 2_Seletividade
MOL_02277,CCCCCCC(=O)C1C(C)CCC1c1c(OC)nc(O)c(Cl)c1C=CF,-8.753,-6.643,2.1100000000000003,-2.887655000000004,Gen 36
MOL_02278,CCNC(=O)C1C(OC)CCC1c1cnccc1CC,-7.131,-6.063,1.068,-2.8869000000000007,Fase 2_Seletividade
MOL_02279,C=C=Cc1ccncc1C1CCC(OC)C1C(=O)CCC,-7.184,-6.141,1.043,-2.885300000000001,Fase 1_Lote Inicial
MOL_02280,Cc1nccc(C=CF)c1C1CCC(F)C1C(=O)C(C)C,-7.138,-6.076,1.062,-2.8848000000000003,Fase 4_Mutantes Geração 2
MOL_02281,N#CC1CCC(c2cnccc2Br)C1C(=O)O,-7.196,-6.159,1.037,-2.8842950000000007,Fase 2_Seletividade
MOL_02282,COc1nccc(C(C)=O)c1C1CCC(C)C1C(=O)C(C)C(C)C,-7.207,-6.172,1.035,-2.8841800000000006,Gen 57
MOL_02283,CC(C)CC(=O)C1C(C)CCC1c1c(C#N)ccnc1C(F)(F)F,-7.1,-6.023,1.077,-2.8839000000000006,Gen 21
MOL_02284,O=CC1CCC(c2cnccc2O)C1C(=O)C1CCC1,-7.598,-6.375,1.223,-2.8823750000000015,Fase 2_Seletividade
MOL_02285,CCCC(=O)C1C(F)CCC1c1cnccc1I,-7.385,-6.291,1.094,-2.881895,Fase 2_Seletividade
MOL_02286,CCCC(=O)C1C(CC)CCC1c1cnccc1C=O,-6.536,-5.221,1.315,-2.8813,Fase 1_Lote Inicial
MOL_02287,COc1ccncc1C1CCC(C=O)C1C(=O)C=O,-6.91,-5.756,1.154,-2.8808,Fase 2_Seletividade
MOL_02288,CC(=O)C1C(N)CCC1c1cnccc1F,-6.916,-5.765,1.151,-2.8805000000000005,Fase 2_Seletividade
MOL_02289,COC(=O)C1C(F)CCC1c1cnccc1N,-7.109,-6.041,1.068,-2.8803,Fase 3_Super Elite
MOL_02290,CCc1ccncc1C1CCC(C=O)C1C(=O)NC,-7.841,-6.449,1.392,-2.8796950000000026,Fase 2_Seletividade
MOL_02291,CCCC(=O)C1C(N)CCC1c1cnccc1C=O,-7.118,-6.055,1.063,-2.879500000000001,Fase 2_Seletividade
MOL_02292,NC(=O)C1C(S)CCC1c1cnccc1C=O,-6.801,-5.603,1.198,-2.8789000000000007,Fase 2_Seletividade
MOL_02293,CC(=O)C1C(O)CCC1c1cnccc1CF,-7.51,-6.345,1.165,-2.878375000000001,Fase 2_Seletividade
MOL_02294,COC(=O)C1C(O)CCC1c1cnccc1C(C)C,-6.897,-5.741,1.156,-2.8783000000000003,Fase 2_Seletividade
MOL_02295,COC(=O)C1C(C#N)CCC1c1cnccc1CF,-7.15,-6.105,1.045,-2.8765,Fase 2_Seletividade
MOL_02296,CCC1CCC(c2cnccc2C(C)C)C1C(=O)C(N)=O,-7.165,-6.127,1.038,-2.8761,Fase 2_Seletividade
MOL_02297,CCOC(=O)C1C(O)CCC1c1cnccc1CF,-7.198,-6.171,1.027,-2.8760950000000003,Fase 2_Seletividade
MOL_02298,CCC1CCC(c2cnccc2C#N)C1C(=O)NC,-6.938,-5.803,1.135,-2.8758999999999997,Fase 2_Seletividade
MOL_02299,CCOC(=O)C1C(C#N)CCC1c1cnccc1C1CC1,-7.331,-6.267,1.064,-2.875655000000001,Fase 2_Seletividade
MOL_02300,CCOC(=O)C1C(O)CCC1c1cnccc1Br,-7.049,-5.963,1.086,-2.8749000000000002,Fase 2_Seletividade
MOL_02301,CCC(=O)C1C(C=O)CCC1c1cnccc1C=O,-7.133,-6.084,1.049,-2.874200000000001,Fase 2_Seletividade
MOL_02302,CC(=O)C1C(C)CCC1c1c(C2CC2)cncc1C1CC1,-7.39,-6.297,1.093,-2.874055000000001,Gen 73
MOL_02303,O=CC(=O)C1C(F)CCC1c1cnccc1S,-7.06,-5.98,1.08,-2.8739999999999997,Fase 2_Seletividade
MOL_02304,CC(=O)C1C(F)CCC1c1cnccc1Br,-7.01,-5.909,1.101,-2.8737000000000004,Fase 2_Seletividade
MOL_02305,CC(C)C(=O)C1C(S)CCC1c1cnccc1C#N,-6.755,-5.545,1.21,-2.8735000000000004,Fase 2_Seletividade
MOL_02306,CC(=O)c1c(F)c(Cl)nc(C)c1C1CCC(C)C1C(=O)CC(C)C,-8.824,-6.658,2.1659999999999995,-2.87308,Gen 37
MOL_02307,CC1CCC(c2cnccc2C=CF)C1C(=O)CC1CCC1F,-8.175,-6.532,1.643,-2.872980000000002,Fase 1_Lote Inicial
MOL_02308,CC(=O)C1C(C=O)CCC1c1cnccc1O,-7.049,-5.966,1.083,-2.8728000000000007,Fase 2_Seletividade
MOL_02309,COc1ccncc1-c1cc(C=CF)c(OC)c(C(=O)C(C)C(C)C)n1,-7.365,-6.286,1.0790000000000006,-2.872320000000002,Gen 130
MOL_02310,NC(=O)C1C(CF)CCC1c1cnccc1C=O,-7.636,-6.391,1.245,-2.871895000000001,Fase 2_Seletividade
MOL_02311,CCc1ccncc1C1CCC(N)C1C(=O)O,-7.506,-6.346,1.16,-2.8717200000000007,Fase 2_Seletividade
MOL_02312,CC(=O)c1c(C)cnc(O)c1C1CCC(C)C1C(=O)C(C)C(C)C,-7.69,-6.408,1.282,-2.8715800000000007,Gen 48
MOL_02313,CCNC(=O)C1C(CF)CCC1c1cnccc1CC,-7.293,-6.248,1.045,-2.8713800000000003,Fase 2_Seletividade
MOL_02314,COC(=O)C1C(C#N)CCC1c1cnccc1F,-6.953,-5.831,1.122,-2.8713000000000006,Fase 2_Seletividade
MOL_02315,CCOC(=O)C1C(F)CCC1c1cnccc1C#N,-6.937,-5.809,1.128,-2.8707000000000003,Fase 2_Seletividade
MOL_02316,N#CC1CCC(c2cnccc2S)C1C(=O)O,-7.287,-6.245,1.042,-2.870375,Fase 2_Seletividade
MOL_02317,CCCC(=O)C1C(OC)CCC1c1cnccc1N=[N+]=[N-],-6.849,-5.684,1.165,-2.8702000000000005,Fase 1_Lote Inicial
MOL_02318,CCC1CCC(c2cnccc2F)C1C(=O)O,-7.072,-6.003,1.069,-2.8699000000000003,Fase 2_Seletividade
MOL_02319,CCOC(=O)C1C(N)CCC1c1cnccc1S,-6.803,-5.619,1.184,-2.8697000000000004,Fase 2_Seletividade
MOL_02320,O=C(O)C1C(O)CCC1c1cnccc1C(F)F,-7.182,-6.161,1.021,-2.8686950000000007,Fase 2_Seletividade
MOL_02321,CCC(=O)C1C(C)CCC1OC,-6.377,-5.012,1.3650000000000002,-2.8686000000000003,Gen 81
MOL_02322,COc1c(C)c(C)nc(C2C(C)CCC2C(C)=O)c1C(=O)C(C)C(C)C,-7.863,-6.458,1.4050000000000002,-2.868080000000001,Gen 155
MOL_02323,C=Cc1ccncc1C1CCC(C)C1C(=O)CC(C)C,-6.627,-5.371,1.256,-2.8672999999999997,Fase 1_Lote Inicial
MOL_02324,CCC(C)C(=O)C1C(C)CCC1c1c(C(F)(F)F)ncc(C)c1C#N,-8.353,-6.571,1.782,-2.8670950000000026,Gen 17
MOL_02325,CNC(=O)C1C(O)CCC1c1cnccc1F,-7.792,-6.439,1.353,-2.867095000000001,Fase 2_Seletividade
MOL_02326,COC1CCC(c2cnccc2F)C1C(=O)C(=O)O,-7.088,-6.03,1.058,-2.867,Fase 2_Seletividade
MOL_02327,CCC(=O)C1C(S)CCC1c1cnccc1F,-6.786,-5.599,1.187,-2.8667,Fase 2_Seletividade
MOL_02328,CCNC(=O)C1C(OC)CCC1c1cnccc1CF,-7.161,-6.135,1.026,-2.8665000000000003,Fase 2_Seletividade
MOL_02329,CCCC(=O)C1C(C=O)CCC1c1cnccc1C,-6.571,-5.297,1.274,-2.8631,Fase 2_Seletividade
MOL_02330,Cc1ccncc1C1CCC(N)C1C(=O)C1CCC1,-7.072,-6.014,1.058,-2.8622000000000005,Fase 2_Seletividade
MOL_02331,CCC1CCC(c2cnccc2S)C1C(=O)O,-6.977,-5.879,1.098,-2.861700000000001,Fase 2_Seletividade
MOL_02332,COc1nc(C(=O)CC(C)C)cc(C=CF)c1C(=O)CC(C)C,-8.478,-6.597,1.881,-2.8610549999999995,Gen 96
MOL_02333,CCC1CCC(c2cnccc2F)C1C(=O)C(N)=O,-7.131,-6.102,1.029,-2.8596000000000004,Fase 2_Seletividade
MOL_02334,Cc1ccncc1C1CCC(C#N)C1C(=O)C1CCC1,-7.364,-6.292,1.072,-2.858780000000001,Fase 2_Seletividade
MOL_02335,CCC(=O)C1C(C)CCC1c1cc(C=CF)c(C(C)=O)c(OC)n1,-7.058,-6.0,1.0579999999999998,-2.8580000000000005,Gen 97
MOL_02336,CCCCCC(=O)C1C(C)CCC1c1c(OC)nc(C(F)(F)F)c(Cl)c1C=CF,-9.09,-6.705,2.385,-2.8563750000000017,Gen 40
MOL_02337,CC1CCC(c2cnccc2C(F)F)C1C(=O)CC(F)(F)F,-8.744,-6.647,2.097,-2.8560550000000005,Fase 1_Lote Inicial
MOL_02338,CCNC(=O)C1C(N)CCC1c1cnccc1CF,-7.259,-6.237,1.022,-2.8552550000000005,Fase 2_Seletividade
MOL_02339,CNC(=O)C1C(CF)CCC1c1cnccc1OC,-7.364,-6.294,1.07,-2.8545200000000017,Fase 2_Seletividade
MOL_02340,CC(C)C(=O)C1C(CF)CCC1c1cnccc1S,-6.988,-5.905,1.083,-2.8545000000000007,Fase 2_Seletividade
MOL_02341,O=C(O)C1C(O)CCC1c1cnccc1I,-7.044,-5.986,1.058,-2.8537999999999997,Fase 2_Seletividade
MOL_02342,CCCC(=O)C1C(N)CCC1c1cnccc1OC,-7.224,-6.214,1.01,-2.85372,Fase 2_Seletividade
MOL_02343,Cc1ccncc1C1CCC(N)C1C(=O)O,-7.023,-5.958,1.065,-2.8523999999999994,Fase 2_Seletividade
MOL_02344,NC(=O)C(=O)C1C(S)CCC1c1cnccc1CF,-6.918,-5.809,1.109,-2.8517,Fase 2_Seletividade
MOL_02345,O=C(O)C1C(S)CCC1c1cnccc1S,-6.749,-5.568,1.181,-2.8514000000000004,Fase 2_Seletividade
MOL_02346,O=C(C1CC1)C1C(CF)CCC1c1cnccc1S,-6.644,-5.418,1.226,-2.8514000000000004,Fase 2_Seletividade
MOL_02347,COc1ccncc1C1CCC(O)C1C(=O)C1CC1,-7.727,-6.425,1.302,-2.8513750000000018,Fase 2_Seletividade
MOL_02348,CCC(C(=O)C1C(C)CCC1c1c(C(N)=O)ccnc1C(F)(F)F)C(C)C,-10.11,-6.852,3.257999999999999,-2.8495799999999996,Gen 119
MOL_02349,CCC(=O)c1cncc(C2C(C)CCC2C(C)=O)c1C(=O)C(C)C(C)C,-7.324,-6.277,1.0469999999999997,-2.8494550000000007,Gen 67
MOL_02350,CC(=O)C1C(C#N)CCC1c1cnccc1O,-7.075,-6.037,1.038,-2.849100000000001,Fase 2_Seletividade
MOL_02351,CCC(=O)C1CCC(C)C1c1c(C(C)=O)cncc1C(=O)CC(C)C,-7.11,-6.089,1.021,-2.8477000000000006,Gen 52
MOL_02352,CNC(=O)C1C(OC)CCC1c1cnccc1I,-7.139,-6.132,1.007,-2.8466000000000005,Fase 2_Seletividade
MOL_02353,CCCCC(=O)C1C(C)CCC1c1c(C=CF)cc(C)nc1OC,-7.1,-6.077,1.0229999999999997,-2.8461,Gen 28
MOL_02354,CCCC(=O)C1C(F)CCC1c1cnccc1C(=O)OC,-6.701,-5.508,1.193,-2.8453999999999997,Fase 1_Lote Inicial
MOL_02355,CCc1ccncc1C1CCC(O)C1C(=O)C1CCC1,-6.894,-5.784,1.11,-2.8452,Fase 2_Seletividade
MOL_02356,COC1CCC(c2cnccc2C)C1C(C)=O,-7.022,-5.967,1.055,-2.8451000000000004,Fase 2_Seletividade
MOL_02357,CC(=O)C1C(CF)CCC1c1cnccc1I,-6.796,-5.646,1.15,-2.8438000000000008,Fase 2_Seletividade
MOL_02358,COc1cc(C=CCl)c(C2CCC(C)C2C(=O)CCC(C)C)c(OC)n1,-6.924,-5.829,1.0950000000000006,-2.843700000000001,Gen 32
MOL_02359,CCCCC(=O)C1C(C)CCC1c1cnccc1N=[N+]=[N-],-7.201,-6.205,0.996,-2.8423749999999997,Fase 1_Lote Inicial
MOL_02360,N#CC1CCC(c2cnccc2I)C1C(=O)O,-7.164,-6.171,0.993,-2.8420949999999996,Fase 2_Seletividade
MOL_02361,CCC(=O)c1c(C(=O)C(C)C(C)C)cncc1C1C(C)CCC1C(C)=O,-7.389,-6.311,1.0780000000000003,-2.8416950000000005,Gen 67
MOL_02362,O=C(O)C1C(CF)CCC1c1cnccc1I,-7.058,-6.024,1.034,-2.8411999999999997,Fase 2_Seletividade
MOL_02363,COc1c(C(=O)CC(C)C)nc(C)c(C)c1C(=O)CC(C)C,-8.927,-6.681,2.246,-2.8404950000000015,Gen 102
MOL_02364,N#Cc1ccncc1C1CCC(F)C1C(N)=O,-7.213,-6.217,0.996,-2.838655000000001,Fase 2_Seletividade
MOL_02365,O=C(C1CC1)C1C(CF)CCC1c1cnccc1C1CC1,-6.97,-5.903,1.067,-2.8379000000000003,Fase 3_Super Elite
MOL_02366,COC(=O)C1C(CF)CCC1c1cnccc1C=O,-6.822,-5.693,1.129,-2.8369000000000004,Fase 2_Seletividade
MOL_02367,CC1CCC(c2cnccc2C2CC2)C1C(=O)CC1CCC1F,-7.222,-6.225,0.997,-2.836375000000002,Fase 1_Lote Inicial
MOL_02368,COc1c(C=CF)cc(C(C)=O)nc1-c1ccncc1C(C)=O,-7.827,-6.457,1.37,-2.8358550000000013,Gen 103
MOL_02369,CCC1CCC(c2cnccc2F)C1C(=O)NC,-7.632,-6.402,1.23,-2.8330800000000007,Fase 2_Seletividade
MOL_02370,CCc1ccncc1C1CCC(C#N)C1C(=O)C(C)C,-7.357,-6.301,1.056,-2.832295000000001,Fase 2_Seletividade
MOL_02371,CCC(=O)c1ccncc1C(C)=O,-6.706,-5.535,1.1710000000000005,-2.8315000000000006,Gen 70
MOL_02372,O=C(O)C(=O)C1C(CF)CCC1c1cnccc1O,-7.283,-6.265,1.018,-2.8313750000000013,Fase 2_Seletividade
MOL_02373,CC(C)C(=O)C1C(N)CCC1c1cnccc1C#N,-7.086,-6.079,1.007,-2.830700000000001,Fase 2_Seletividade
MOL_02374,O=C(O)C(=O)C1C(O)CCC1c1cnccc1CF,-7.907,-6.479,1.428,-2.8304950000000018,Fase 2_Seletividade
MOL_02375,CNC(=O)C1C(N)CCC1c1cnccc1C1CC1,-8.087,-6.522,1.565,-2.8296800000000006,Fase 2_Seletividade
MOL_02376,CCCCC(=O)C1C(C)CCC1c1c(C=CF)cc(C)nc1O,-9.209,-6.728,2.481,-2.828980000000004,Gen 22
MOL_02377,CNC(=O)C1C(S)CCC1c1cnccc1C,-7.03,-6.002,1.028,-2.8286000000000007,Fase 2_Seletividade
MOL_02378,CC(=O)c1c(C2CCC(C)C2C(=O)CC(C)C)cnc(O)c1F,-8.389,-6.586,1.802999999999999,-2.8283199999999997,Gen 84
MOL_02379,CCNC(=O)C1C(OC)CCC1c1cnccc1C(F)F,-7.52,-6.367,1.153,-2.827655,Fase 2_Seletividade
MOL_02380,CCC(=O)c1c(-c2ccncc2C(C)=O)nc(C)c(C)c1C(=O)CC(C)C,-7.316,-6.284,1.032,-2.827420000000001,Gen 98
MOL_02381,CCNC(=O)C1C(F)CCC1c1cnccc1Br,-7.005,-5.969,1.036,-2.8266999999999998,Fase 2_Seletividade
MOL_02382,COC1CCC(c2cnccc2Br)C1C(=O)O,-6.934,-5.868,1.066,-2.8264000000000005,Fase 2_Seletividade
MOL_02383,COC1CCC(c2cnccc2CF)C1C(C)=O,-6.868,-5.774,1.094,-2.826200000000001,Fase 2_Seletividade
MOL_02384,CCc1ccncc1C1CCC(CF)C1C(C)=O,-6.913,-5.839,1.074,-2.8257000000000003,Fase 2_Seletividade
MOL_02385,CCC1CCC(c2cnccc2OC)C1C(=O)C(N)=O,-7.487,-6.356,1.131,-2.8256200000000016,Fase 2_Seletividade
MOL_02386,CC(=O)c1cnccc1-c1cnccc1C1CCC(C)C1C(C)=O,-9.113,-6.714,2.398999999999999,-2.8227199999999995,Gen 70
MOL_02387,NC(=O)C1C(N)CCC1c1cnccc1C1CC1,-7.935,-6.488,1.447,-2.8221799999999995,Fase 2_Seletividade
MOL_02388,CCC=CC(=O)C1C(C)CCC1c1cnccc1C(=O)OC,-7.478,-6.354,1.124,-2.82212,Fase 1_Lote Inicial
MOL_02389,CC(C)c1ccncc1C1CCC(C#N)C1C(=O)O,-7.126,-6.149,0.977,-2.8217000000000008,Fase 2_Seletividade
MOL_02390,COc1c(C2CCC(C)C2C(C)=O)nc(C)c(C)c1C(=O)CC(C)C,-7.595,-6.394,1.2009999999999996,-2.8215200000000005,Gen 102
MOL_02391,CCC1CCC(c2cnccc2C(C)C)C1C(=O)O,-7.069,-6.068,1.001,-2.8214000000000006,Fase 2_Seletividade
MOL_02392,CCC(=O)C1C(OC)CCC1c1cnccc1C,-6.629,-5.442,1.187,-2.8196,Fase 2_Seletividade
MOL_02393,COC1CCC(c2cnccc2C)C1C(=O)C(=O)O,-7.108,-6.127,0.981,-2.8190999999999997,Fase 2_Seletividade
MOL_02394,CCOC(=O)C1C(O)CCC1c1cnccc1C(C)C,-6.835,-5.737,1.098,-2.8190999999999997,Fase 2_Seletividade
MOL_02395,CC(C)C(=O)C1C(F)CCC1c1cnccc1C1CC1,-8.072,-6.521,1.551,-2.8190950000000017,Fase 3_Super Elite
MOL_02396,COC1CCC(c2cnccc2CF)C1C(=O)C1CCC1,-7.053,-6.05,1.003,-2.8180000000000005,Fase 2_Seletividade
MOL_02397,O=C(O)C1C(F)CCC1c1cnccc1S,-6.702,-5.549,1.153,-2.8177,Fase 2_Seletividade
MOL_02398,CCC1CCC(c2cnccc2N)C1C(=O)C=O,-6.899,-5.831,1.068,-2.8173000000000004,Fase 2_Seletividade
MOL_02399,CCc1ccncc1C1CCC(OC)C1C(=O)C(=O)O,-6.942,-5.893,1.049,-2.8169000000000004,Fase 2_Seletividade
MOL_02400,CCC1CCC(c2cnccc2S)C1C(=O)NC,-7.167,-6.198,0.969,-2.8168800000000003,Fase 2_Seletividade
MOL_02401,CCC1CCC(c2cnccc2I)C1C(=O)OC,-6.738,-5.605,1.133,-2.8145000000000002,Fase 2_Seletividade
MOL_02402,CCNC(=O)C1C(F)CCC1c1cnccc1N,-7.809,-6.458,1.351,-2.8140800000000006,Fase 2_Seletividade
MOL_02403,CC(F)CC(=O)C1C(C)CCC1c1cnccc1NC#N,-8.098,-6.528,1.57,-2.8139800000000044,Fase 1_Lote Inicial
MOL_02404,CCNC(=O)C1C(O)CCC1c1cnccc1I,-7.793,-6.454,1.339,-2.8131200000000023,Fase 2_Seletividade
MOL_02405,CC(=O)C1C(CF)CCC1c1cnccc1N,-6.913,-5.857,1.056,-2.8131000000000004,Fase 2_Seletividade
MOL_02406,CNC(=O)C1C(C)CCC1c1cnccc1C(F)F,-8.294,-6.57,1.724,-2.8130000000000006,Fase 2_Seletividade
MOL_02407,CCOC(=O)C1C(CC)CCC1c1cnccc1C,-6.832,-5.742,1.09,-2.8125999999999998,Fase 2_Seletividade
MOL_02408,CC=C(C)C(=O)C1C(C)CCC1c1cnccc1NC#N,-8.004,-6.507,1.497,-2.811855000000003,Fase 1_Lote Inicial
MOL_02409,CCCC(=O)C1C(C)CCC1c1cnccc1C(=O)OC,-6.977,-5.951,1.026,-2.811300000000001,Fase 1_Lote Inicial
MOL_02410,CCC(=O)C1C(C#N)CCC1c1cnccc1C=O,-7.179,-6.213,0.966,-2.810055,Fase 2_Seletividade
MOL_02411,CCCC(=O)C1C(S)CCC1c1cnccc1O,-6.977,-5.953,1.024,-2.8099000000000007,Fase 2_Seletividade
MOL_02412,COc1nc(C)c(C(C)C)c(C(N)=O)c1C1CCC(C)C1C(=O)CC(C)C,-7.142,-6.182,0.96,-2.8094800000000006,Gen 165
MOL_02413,CC(C)C(=O)C1C(F)CCC1c1cnccc1C=CCl,-8.51,-6.613,1.897,-2.809054999999999,Fase 4_Mutantes Geração 2
MOL_02414,CCCC(=O)C1C(C)CCC1c1cnccc1I,-7.065,-6.08,0.985,-2.809000000000001,Fase 3_Super Elite
MOL_02415,CCNC(=O)C1C(N)CCC1c1cnccc1Br,-7.354,-6.31,1.044,-2.809000000000001,Fase 2_Seletividade
MOL_02416,CCC1CCC(c2cnccc2OC)C1C(=O)C(C)C,-6.894,-5.837,1.057,-2.8081000000000005,Fase 2_Seletividade
MOL_02417,CCCCCC(=O)C1C(C)CCC1c1c(OC)nc(OC)c(Cl)c1C=CF,-7.134,-6.179,0.955,-2.804495000000001,Gen 39
MOL_02418,CCC(=O)C1C(N)CCC1c1cnccc1N,-6.89,-5.837,1.053,-2.8041,Fase 2_Seletividade
MOL_02419,COC(=O)C1C(N)CCC1c1cnccc1C(F)F,-7.103,-6.145,0.958,-2.8015000000000008,Fase 2_Seletividade
MOL_02420,CCc1nc(O)cc(C(C)=O)c1C1CCC(C)C1C(=O)C(C)C(C)C,-7.292,-6.285,1.0069999999999997,-2.801375,Gen 111
MOL_02421,NC1CCC(c2cnccc2I)C1C(=O)C1CCC1,-6.923,-5.889,1.034,-2.8007,Fase 2_Seletividade
MOL_02422,CC(=O)C1C(C)CCC1c1ccnc(C)c1C(=O)C(C)C(C)C,-7.552,-6.387,1.165,-2.8002550000000017,Gen 141
MOL_02423,COC(=O)C1C(C#N)CCC1c1cnccc1Br,-6.926,-5.897,1.029,-2.7981,Fase 2_Seletividade
MOL_02424,CCCC(=O)C1C(OC)CCC1c1cnccc1C#N,-7.551,-6.388,1.163,-2.7961800000000014,Fase 2_Seletividade
MOL_02425,CC(=O)C1CCC(C)C1c1c(C(=O)CC(C)C)cncc1C1CC1,-7.836,-6.47,1.3660000000000003,-2.7950000000000026,Gen 52
MOL_02426,CCC(=O)c1c(F)cncc1C1CCC(C)C1C(=O)CC(C)C,-7.174,-6.221,0.9530000000000004,-2.7940950000000013,Gen 31
MOL_02427,CCNC(=O)C1C(OC)CCC1c1cnccc1C(C)C,-7.199,-6.238,0.961,-2.79368,Fase 2_Seletividade
MOL_02428,CCNC(=O)C1C(S)CCC1c1cnccc1CC,-6.85,-5.795,1.055,-2.7935,Fase 2_Seletividade
MOL_02429,COC(=O)C1C(C#N)CCC1c1cnccc1S,-6.781,-5.697,1.084,-2.7931,Fase 2_Seletividade
MOL_02430,O=C(O)C1C(O)CCC1c1cnccc1S,-6.965,-5.961,1.004,-2.7923,Fase 2_Seletividade
MOL_02431,CCc1ccncc1C1CCC(CF)C1C(=O)C(C)C,-6.731,-5.627,1.104,-2.7921000000000005,Fase 2_Seletividade
MOL_02432,CCNC(=O)C1C(C)CCC1c1cnccc1Br,-7.429,-6.347,1.082,-2.7920550000000004,Fase 2_Seletividade
MOL_02433,O=C(CC(F)(F)F)C1C(F)CCC1c1cnccc1C=CF,-8.454,-6.606,1.848,-2.7901200000000035,Fase 1_Lote Inicial
MOL_02434,NC(=O)C1C(C=O)CCC1c1cnccc1I,-6.939,-5.93,1.009,-2.7880000000000003,Fase 2_Seletividade
MOL_02435,CC(=O)C1C(CF)CCC1c1cnccc1S,-6.659,-5.53,1.129,-2.788,Fase 2_Seletividade
MOL_02436,O=CC1CCC(c2cnccc2C(F)F)C1C(=O)C1CC1,-7.228,-6.259,0.969,-2.7872950000000003,Fase 2_Seletividade
MOL_02437,CC=CC(=O)C1C(F)CCC1c1cnccc1NC#N,-8.157,-6.547,1.61,-2.786055000000003,Fase 1_Lote Inicial
MOL_02438,CNC(=O)C1C(OC)CCC1c1cnccc1O,-7.661,-6.425,1.236,-2.785375000000001,Fase 2_Seletividade
MOL_02439,CCc1ccncc1C1CCC(CF)C1C(=O)C(N)=O,-7.837,-6.473,1.364,-2.7842550000000017,Fase 2_Seletividade
MOL_02440,N#CC1CCC(c2cnccc2I)C1C(=O)C1CCC1,-7.392,-6.336,1.056,-2.7838200000000004,Fase 2_Seletividade
MOL_02441,CC(=O)c1c(O)c(C(F)(F)F)nc(O)c1C1CCC(C)C1C(=O)CC(C)C,-9.029,-6.707,2.322,-2.782855000000003,Gen 135
MOL_02442,COC(=O)C1C(CF)CCC1c1cnccc1I,-6.798,-5.736,1.062,-2.782800000000001,Fase 3_Super Elite
MOL_02443,O=CC1CCC(c2cnccc2Br)C1C(=O)C(=O)O,-7.007,-6.036,0.971,-2.7818000000000005,Fase 2_Seletividade
MOL_02444,CCc1ccncc1C1CCC(C=O)C1C(=O)OC,-6.918,-5.91,1.008,-2.7810000000000006,Fase 2_Seletividade
MOL_02445,CCC(C(=O)C1C(C)CCC1c1cnc(Cl)c(F)c1C(C)=O)C(C)C,-8.11,-6.538,1.5719999999999992,-2.7806800000000003,Gen 38
MOL_02446,O=Cc1ccncc1C1CCC(S)C1C(=O)C(=O)O,-7.0,-6.029,0.971,-2.7797,Fase 2_Seletividade
MOL_02447,[C-]#[N+]c1ccncc1C1CCC(C)C1C(=O)CC(F)(F)F,-7.942,-6.5,1.442,-2.7795000000000014,Fase 1_Lote Inicial
MOL_02448,CC(=O)C1C(C#N)CCC1c1cnccc1I,-6.912,-5.904,1.008,-2.7792000000000003,Fase 2_Seletividade
MOL_02449,CCOC(=O)C1C(O)CCC1c1cnccc1C(F)F,-7.561,-6.397,1.164,-2.778055,Fase 2_Seletividade
MOL_02450,CCNC(=O)C1C(CF)CCC1c1cnccc1C=O,-7.057,-6.113,0.944,-2.7779000000000007,Fase 2_Seletividade
MOL_02451,CC(C)c1ccncc1C1CCC(S)C1C(=O)O,-7.583,-6.404,1.179,-2.7776200000000024,Fase 2_Seletividade
MOL_02452,NC1CCC(c2cnccc2CF)C1C(=O)C=O,-7.09,-6.16,0.93,-2.7775000000000007,Fase 2_Seletividade
MOL_02453,CCC1CCC(c2cnccc2C)C1C(N)=O,-6.947,-5.958,0.989,-2.7763999999999998,Fase 2_Seletividade
MOL_02454,CC(=O)C1C(N)CCC1c1cnccc1C=O,-6.956,-5.971,0.985,-2.776300000000001,Fase 2_Seletividade
MOL_02455,CCC1CCC(c2cnccc2N)C1C(N)=O,-7.152,-6.218,0.934,-2.7762800000000007,Fase 2_Seletividade
MOL_02456,CCc1ccncc1C1CCC(F)C1C(N)=O,-7.897,-6.49,1.407,-2.7760000000000007,Fase 2_Seletividade
MOL_02457,CCC(=O)c1ccnc(C)c1C1CCC(C)C1C(=O)C(C)C(C)C,-7.046,-6.101,0.9450000000000004,-2.7753000000000005,Gen 50
MOL_02458,COc1cc(C=CF)c(-c2cnccc2C(C)=O)c(C(=O)CC(C)C)n1,-8.314,-6.582,1.7320000000000002,-2.773480000000003,Gen 108
MOL_02459,COC1CCC(c2cnccc2CF)C1C(=O)C=O,-6.647,-5.534,1.113,-2.7732000000000006,Fase 2_Seletividade
MOL_02460,CCCC(=O)C1C(O)CCC1c1cnccc1O,-7.381,-6.336,1.045,-2.7728200000000003,Fase 2_Seletividade
MOL_02461,CC(=O)C1C(F)CCC1c1cnccc1N,-6.846,-5.82,1.026,-2.7720000000000002,Fase 2_Seletividade
MOL_02462,CCc1ccncc1C1CCC(CC)C1C(=O)OC,-6.755,-5.69,1.065,-2.772,Fase 2_Seletividade
MOL_02463,O=CC(=O)C1C(S)CCC1c1cnccc1C(F)F,-6.728,-5.652,1.076,-2.7716,Fase 2_Seletividade
MOL_02464,CCNC(=O)C1C(CC)CCC1c1cnccc1F,-7.424,-6.353,1.071,-2.770855000000002,Fase 2_Seletividade
MOL_02465,CCC1CCC(c2cnccc2C#N)C1C(=O)O,-7.028,-6.083,0.945,-2.7699,Fase 2_Seletividade
MOL_02466,NC1CCC(c2cnccc2I)C1C(=O)O,-6.955,-5.979,0.976,-2.7697000000000003,Fase 2_Seletividade
MOL_02467,COC1CCC(c2cnccc2C(F)F)C1C(=O)C(C)C,-6.921,-5.933,0.988,-2.767900000000001,Fase 2_Seletividade
MOL_02468,CCC1CCC(c2cnccc2C(C)C)C1C(=O)C=O,-6.844,-5.823,1.021,-2.7679,Fase 2_Seletividade
MOL_02469,O=CC(=O)C1C(O)CCC1c1cnccc1I,-6.843,-5.822,1.021,-2.7676,Fase 2_Seletividade
MOL_02470,CCC(=O)C1C(C)CCC1c1c(OC)nc(OC)c(C2CC2)c1C=CF,-8.655,-6.647,2.007999999999999,-2.767055,Gen 30
MOL_02471,CCC(=O)c1c(C2CCC(C)C2C(=O)CC(C)C)cnc(O)c1F,-9.475,-6.777,2.6979999999999995,-2.765455000000001,Gen 154
MOL_02472,CC(=O)C1CCC(C)C1c1cnccc1C(=O)C(C)C(C)C,-8.081,-6.535,1.5459999999999994,-2.7653750000000006,Gen 83
MOL_02473,CCOC(=O)C1C(N)CCC1c1cnccc1C1CC1,-6.984,-6.028,0.956,-2.7644,Fase 2_Seletividade
MOL_02474,CC(=O)C1C(C#N)CCC1c1cnccc1Br,-7.003,-6.056,0.947,-2.7638000000000007,Fase 2_Seletividade
MOL_02475,COC(=O)C1C(O)CCC1c1cnccc1F,-6.832,-5.813,1.019,-2.7629,Fase 3_Super Elite
MOL_02476,O=C(O)C(=O)C1C(S)CCC1c1cnccc1Br,-6.947,-5.978,0.969,-2.7624000000000004,Fase 2_Seletividade
MOL_02477,CCCC(=O)C1C(CF)CCC1c1cnccc1CF,-7.815,-6.473,1.342,-2.7622550000000023,Fase 3_Super Elite
MOL_02478,COC(=O)C1C(S)CCC1c1cnccc1N,-6.818,-5.795,1.023,-2.7615,Fase 2_Seletividade
MOL_02479,CCOC(=O)C1C(S)CCC1c1cnccc1C#N,-6.561,-5.428,1.133,-2.7614,Fase 2_Seletividade
MOL_02480,COc1nc(C(C)=O)cc(C=CF)c1-c1cnccc1C(=O)C(C)C(C)C,-7.367,-6.335,1.032,-2.761375000000001,Gen 132
MOL_02481,CCCC(=O)C1C(C#N)CCC1c1cnccc1N,-7.047,-6.126,0.921,-2.7588,Fase 2_Seletividade
MOL_02482,CCCC(=O)C1C(C=O)CCC1c1cnccc1C#N,-6.58,-5.459,1.121,-2.7587000000000006,Fase 2_Seletividade
MOL_02483,CCOC(=O)C1C(C=O)CCC1c1cnccc1N,-6.887,-5.898,0.989,-2.7584,Fase 2_Seletividade
MOL_02484,COc1ccncc1C1CCC(N)C1C(=O)O,-7.017,-6.085,0.932,-2.7575000000000003,Fase 2_Seletividade
MOL_02485,CC(C)C(=O)c1ccncc1C1CCC(C)C1C(=O)C(C)C(C)C,-7.217,-6.27,0.947,-2.756000000000001,Gen 138
MOL_02486,COC(=O)C1C(C#N)CCC1c1cnccc1C(F)F,-7.635,-6.426,1.209,-2.7559200000000006,Fase 2_Seletividade
MOL_02487,N#CC1CCC(c2cnccc2C=O)C1C(=O)C=O,-6.815,-5.8,1.015,-2.755000000000001,Fase 2_Seletividade
MOL_02488,Cc1ncc(C2CCC(C)C2C(=O)CC(C)C)c(C(N)=O)c1Cl,-8.088,-6.539,1.5489999999999997,-2.754095000000002,Gen 92
MOL_02489,CC(C)C(=O)C1C(C#N)CCC1c1cnccc1N,-7.858,-6.486,1.372,-2.753320000000002,Fase 2_Seletividade
MOL_02490,CCOC(=O)C1C(C#N)CCC1c1cnccc1CC,-6.935,-5.974,0.961,-2.7531999999999996,Fase 2_Seletividade
MOL_02491,CC(C)CC(=O)C1C(C)CCC1c1cnccc1C(=O)C(C)C,-7.902,-6.497,1.4050000000000002,-2.752055000000002,Gen 49
MOL_02492,COC1CCC(c2cnccc2C(C)C)C1C(=O)C(=O)O,-7.335,-6.326,1.009,-2.751920000000002,Fase 2_Seletividade
MOL_02493,CCC(=O)C1C(N)CCC1c1cnccc1C(C)C,-7.048,-6.138,0.91,-2.7514000000000003,Fase 2_Seletividade
MOL_02494,COC1CCC(c2cnccc2Br)C1C(=O)C1CCC1,-7.074,-6.172,0.902,-2.7511800000000006,Fase 2_Seletividade
MOL_02495,COC1CCC(c2cnccc2C(C)C)C1C(=O)C=O,-6.798,-5.783,1.015,-2.7499000000000002,Fase 2_Seletividade
MOL_02496,O=C(C1CCC1)C1C(F)CCC1c1cnccc1I,-7.045,-6.137,0.908,-2.7491000000000003,Fase 2_Seletividade
MOL_02497,CCNC(=O)C1C(OC)CCC1c1cnccc1F,-7.514,-6.392,1.122,-2.74678,Fase 2_Seletividade
MOL_02498,CCC(C)C(=O)C1C(C)CCC1c1cnc(C(F)(F)F)cc1C#N,-9.119,-6.727,2.3919999999999995,-2.7454549999999998,Gen 15
MOL_02499,COC(=O)C1C(N)CCC1c1cnccc1F,-6.846,-5.858,0.988,-2.745400000000001,Fase 2_Seletividade
MOL_02500,NC(=O)C1C(CF)CCC1c1cnccc1F,-7.035,-6.128,0.907,-2.7454,Fase 2_Seletividade
MOL_02501,COC(=O)C1C(CF)CCC1c1cnccc1S,-6.74,-5.707,1.033,-2.7451000000000008,Fase 2_Seletividade
MOL_02502,CCc1ccncc1C1CCC(S)C1C(=O)C(C)C,-6.562,-5.455,1.107,-2.7435000000000005,Fase 2_Seletividade
MOL_02503,CC(C)C(=O)C1C(O)CCC1c1cnccc1I,-6.842,-5.855,0.987,-2.743499999999999,Fase 2_Seletividade
MOL_02504,COc1ccncc1C1CCC(C)C1C(=O)C1CCC1,-7.295,-6.313,0.982,-2.743055000000002,Fase 2_Seletividade
MOL_02505,CC1CCC(c2cnccc2C=O)C1C(=O)O,-6.882,-5.913,0.969,-2.7428999999999997,Fase 2_Seletividade
MOL_02506,COc1nccc(C(C)=O)c1C1CCC(C)C1C(=O)CC(C)C,-6.699,-5.652,1.0469999999999997,-2.7426,Gen 33
MOL_02507,COC(=O)C1C(S)CCC1c1cnccc1I,-6.449,-5.295,1.154,-2.7425,Fase 2_Seletividade
MOL_02508,NC(=O)C1C(F)CCC1c1cnccc1O,-7.518,-6.395,1.123,-2.7413750000000023,Fase 2_Seletividade
MOL_02509,CCC1CCC(c2cnccc2C(F)F)C1C(N)=O,-7.706,-6.45,1.256,-2.7410000000000014,Fase 2_Seletividade
MOL_02510,CCNC(=O)C1C(OC)CCC1c1cnccc1I,-7.122,-6.223,0.899,-2.739255000000001,Fase 2_Seletividade
MOL_02511,NC(=O)C1C(O)CCC1c1cnccc1Br,-7.016,-6.11,0.906,-2.739,Fase 2_Seletividade
MOL_02512,COc1nc(C)c(C)c(C2CCC(C)C2OC)c1C(=O)CC(C)C,-7.015,-6.11,0.9049999999999994,-2.7379999999999995,Gen 121
MOL_02513,CC(C)C(=O)C1C(CF)CCC1c1cnccc1Br,-6.744,-5.723,1.021,-2.7379,Fase 3_Super Elite
MOL_02514,CCCC(=O)C1CCCC1(C)Cc1cnccc1C(F)F,-6.769,-5.76,1.009,-2.737,Fase 1_Lote Inicial
MOL_02515,COc1c(O)nc(C)c(O)c1C(C)=O,-7.004,-6.097,0.9069999999999993,-2.7360999999999995,Gen 149
MOL_02516,Cc1cncc(C2CCC(F)C2C(=O)C(C)C)c1C=CF,-9.369,-6.766,2.603,-2.735520000000003,Fase 4_Mutantes Geração 2
MOL_02517,NC(=O)C1C(F)CCC1c1cnccc1N,-7.086,-6.199,0.887,-2.734695000000001,Fase 2_Seletividade
MOL_02518,COc1cncc(C2CCC(C)C2C(=O)CC(C)C)c1C(C)=O,-8.403,-6.607,1.7960000000000005,-2.733855000000001,Gen 30
MOL_02519,CCNC(=O)C1C(CC)CCC1c1cnccc1I,-6.97,-6.052,0.918,-2.7336,Fase 2_Seletividade
MOL_02520,COc1c(-c2ccnc(C)c2C(=O)CC(C)C)ccnc1C,-7.651,-6.437,1.2139999999999995,-2.7332550000000007,Gen 72
MOL_02521,CCNC(=O)C1C(S)CCC1c1cnccc1C(C)C,-7.44,-6.372,1.068,-2.7331800000000017,Fase 2_Seletividade
MOL_02522,O=C(O)C(=O)C1C(S)CCC1c1cnccc1I,-6.939,-6.012,0.927,-2.730600000000001,Fase 2_Seletividade
MOL_02523,CC(=O)C1C(CF)CCC1c1cnccc1C=O,-6.828,-5.856,0.972,-2.7288000000000006,Fase 2_Seletividade
MOL_02524,CCOC(=O)C1C(C#N)CCC1c1cnccc1OC,-6.457,-5.326,1.131,-2.7288000000000006,Fase 2_Seletividade
MOL_02525,CCCC(=O)C1C(CF)CCC1c1cnccc1O,-7.036,-6.154,0.882,-2.7281200000000005,Fase 2_Seletividade
MOL_02526,O=C(C1CCC1)C1C(S)CCC1c1cnccc1O,-7.086,-6.205,0.881,-2.7273750000000003,Fase 2_Seletividade
MOL_02527,COC(=O)C1C(N)CCC1c1cnccc1I,-6.643,-5.595,1.048,-2.7265,Fase 2_Seletividade
MOL_02528,CC1CCCC1C(=O)C1CC1c1cnccc1C#N,-7.118,-6.229,0.889,-2.726495000000001,Fase 1_Lote Inicial
MOL_02529,CCC(=O)C1C(O)CCC1c1cnccc1F,-7.478,-6.387,1.091,-2.726255000000002,Fase 2_Seletividade
MOL_02530,CCC(=O)C1C(C)CCC1c1c(C2CC2)cncc1C1CC1,-7.037,-6.158,0.8789999999999996,-2.7260799999999996,Gen 73
MOL_02531,CCCC(=O)C1C(OC)CCC1c1cnccc1C(=O)OC,-6.568,-5.489,1.079,-2.7257,Fase 1_Lote Inicial
MOL_02532,O=C(O)C1C(F)CCC1c1cnccc1Br,-7.778,-6.473,1.305,-2.7252550000000015,Fase 2_Seletividade
MOL_02533,CCc1ccncc1C1CCC(CF)C1C(=O)C1CC1,-6.692,-5.667,1.025,-2.7251000000000007,Fase 2_Seletividade
MOL_02534,Cc1nc(C(F)(F)F)c(C2CCC(C)C2C(N)=O)c(C#N)c1C,-8.316,-6.592,1.724000000000001,-2.7247800000000044,Gen 25
MOL_02535,CC(=O)C1C(O)CCC1c1cnccc1Br,-7.051,-6.177,0.874,-2.7234550000000013,Fase 2_Seletividade
MOL_02536,CCC1CCC(c2cnccc2C2CC2)C1C(=O)C(N)=O,-7.389,-6.358,1.031,-2.722080000000002,Fase 2_Seletividade
MOL_02537,CC(C)C(=O)C1C(F)CCC1c1cnccc1C1CO1,-8.503,-6.628,1.875,-2.7209800000000017,Fase 1_Lote Inicial
MOL_02538,O=C(C1CC1)C1C(S)CCC1c1cnccc1C(F)F,-7.325,-6.335,0.99,-2.719375000000001,Fase 2_Seletividade
MOL_02539,O=CC(=O)C1C(O)CCC1c1cnccc1S,-6.653,-5.62,1.033,-2.719,Fase 2_Seletividade
MOL_02540,CC(=O)C1C(O)CCC1c1cnccc1C=O,-7.224,-6.292,0.932,-2.7187800000000015,Fase 2_Seletividade
MOL_02541,CCC(F)C(=O)C1C(C)CCC1c1cnccc1C=NO,-8.829,-6.685,2.144,-2.7183750000000053,Fase 1_Lote Inicial
MOL_02542,COc1c(-c2c(C)c(C)nc(C(C)=O)c2C(=O)C(C)C(C)C)ccnc1C,-7.498,-6.396,1.1020000000000003,-2.7182200000000014,Gen 139
MOL_02543,CCC(=O)c1c(C2CC2)cncc1C1C(C)CCC1C(C)=O,-7.029,-6.158,0.8709999999999996,-2.7180799999999996,Gen 67
MOL_02544,CCC(C)C(=O)C1C(C)CCC1c1cncc(C2CC2)c1C#N,-7.116,-6.234,0.8819999999999997,-2.716920000000001,Gen 13
MOL_02545,COc1ccncc1C1CCC(O)C1C(=O)C1CCC1,-7.627,-6.435,1.192,-2.716375000000003,Fase 2_Seletividade
MOL_02546,COC1CCC(c2cnccc2N)C1C(=O)O,-6.9,-5.978,0.922,-2.7154000000000007,Fase 2_Seletividade
MOL_02547,CC(C)C(=O)C1C(CF)CCC1c1cnccc1C1CC1,-7.363,-6.351,1.012,-2.715295000000002,Fase 3_Super Elite
MOL_02548,O=CC(=O)C1C(S)CCC1c1cnccc1O,-6.825,-5.872,0.953,-2.714600000000001,Fase 2_Seletividade
MOL_02549,CCC(=O)C1C(C=O)CCC1c1cnccc1I,-6.661,-5.638,1.023,-2.7144,Fase 2_Seletividade
MOL_02550,CC(C)c1ccncc1C1CCC(CF)C1C(=O)C(=O)O,-7.494,-6.396,1.098,-2.714220000000001,Fase 2_Seletividade
MOL_02551,CCOC(=O)C1C(C#N)CCC1c1cnccc1CF,-6.626,-5.589,1.037,-2.7137000000000002,Fase 2_Seletividade
MOL_02552,COc1ccnc(C)c1-c1cnccc1C(=O)C(C)C(C)C,-6.73,-5.738,0.992,-2.7134,Gen 132
MOL_02553,CCNC(=O)C1C(C#N)CCC1c1cnccc1F,-7.417,-6.372,1.045,-2.710180000000001,Fase 2_Seletividade
MOL_02554,CCC(C)C(=O)C1C(C)CCC1c1cnccc1C=NO,-7.831,-6.49,1.341,-2.710000000000001,Fase 1_Lote Inicial
MOL_02555,NC(=O)C1C(S)CCC1c1cnccc1C1CC1,-7.08,-6.215,0.865,-2.708375000000001,Fase 2_Seletividade
MOL_02556,CCNC(=O)C1C(S)CCC1c1cnccc1C,-6.727,-5.743,0.984,-2.7069,Fase 2_Seletividade
MOL_02557,CCCC(=O)C1C(N)CCC1c1cnccc1CC,-6.654,-5.639,1.015,-2.7067,Fase 2_Seletividade
MOL_02558,NC(=O)C1C(CF)CCC1c1cnccc1S,-7.325,-6.34,0.985,-2.706500000000001,Fase 2_Seletividade
MOL_02559,CC(=O)C1C(S)CCC1c1cnccc1CF,-6.72,-5.735,0.985,-2.7055,Fase 2_Seletividade
MOL_02560,CCC=CC(=O)C1C(C)CCC1c1cnccc1C=CF,-8.654,-6.658,1.996,-2.70308,Fase 1_Lote Inicial
MOL_02561,CC1CCC(c2cnccc2C(F)F)C1C(=O)CC1CCC1F,-7.781,-6.48,1.301,-2.7005,Fase 1_Lote Inicial
MOL_02562,COC1CCC(c2cnccc2I)C1C(C)=O,-6.473,-5.39,1.083,-2.7,Fase 2_Seletividade
MOL_02563,O=CC(=O)C1C(C=O)CCC1c1cnccc1C1CC1,-6.788,-5.841,0.947,-2.6993,Fase 2_Seletividade
MOL_02564,CCNC(=O)C1C(C=O)CCC1c1cnccc1C(C)C,-7.624,-6.439,1.185,-2.6990950000000007,Fase 2_Seletividade
MOL_02565,Nc1ccncc1C1CCC(F)C1C(=O)C=O,-6.768,-5.813,0.955,-2.6989,Fase 2_Seletividade
MOL_02566,O=CC1CCC(c2cnccc2C2CC2)C1C(=O)O,-7.24,-6.309,0.931,-2.6972950000000004,Fase 2_Seletividade
MOL_02567,CCC1CCC(c2cnccc2CF)C1C(=O)C(=O)O,-6.935,-6.054,0.881,-2.6971999999999996,Fase 2_Seletividade
MOL_02568,CCOc1ncc(C2CCC(C)C2C(=O)CC(C)C)c(C(N)=O)c1F,-9.025,-6.72,2.3050000000000006,-2.696500000000004,Gen 85
MOL_02569,CCOC(=O)C1C(CC)CCC1c1cnccc1CF,-6.709,-5.734,0.975,-2.6952,Fase 2_Seletividade
MOL_02570,CCC1CCC(c2cnccc2O)C1C(N)=O,-7.29,-6.331,0.959,-2.694495,Fase 2_Seletividade
MOL_02571,COc1cc(C=CF)c(OC)c(C2C(C)CCC2C(C)=O)n1,-7.066,-6.215,0.851,-2.694375000000001,Gen 95
MOL_02572,COc1cnccc1-c1nc(C)c(C)c(OC)c1OC,-6.677,-5.69,0.9869999999999992,-2.6939999999999995,Gen 162
MOL_02573,CCCC(=O)C1C(C=O)CCC1c1cnccc1C(C)C,-6.541,-5.496,1.045,-2.6938000000000004,Fase 2_Seletividade
MOL_02574,O=CC(=O)C1C(CF)CCC1c1cnccc1C(F)F,-6.819,-5.895,0.924,-2.692500000000001,Fase 2_Seletividade
MOL_02575,CCCC(=O)C1C(C)CCC1c1c(C#N)ccnc1C1CC1,-6.893,-6.001,0.8919999999999995,-2.6922999999999995,Gen 11
MOL_02576,CC(=O)C1C(S)CCC1c1cnccc1C,-6.692,-5.715,0.977,-2.6915000000000004,Fase 2_Seletividade
MOL_02577,CCC1CCC(c2cnccc2I)C1C(=O)O,-6.787,-5.852,0.935,-2.6906,Fase 2_Seletividade
MOL_02578,CC(=O)C1C(O)CCC1c1cnccc1S,-6.868,-5.97,0.898,-2.689000000000001,Fase 2_Seletividade
MOL_02579,COc1ccncc1C1CCC(F)C1C(=O)O,-7.097,-6.24,0.857,-2.6885000000000012,Fase 2_Seletividade
MOL_02580,O=Cc1ccncc1C1CCC(S)C1C(=O)O,-6.544,-5.509,1.035,-2.6876999999999995,Fase 2_Seletividade
MOL_02581,CCCC(=O)C1C(C=O)CCC1c1cnccc1OC,-6.664,-5.681,0.983,-2.6873,Fase 2_Seletividade
MOL_02582,N#Cc1ccncc1C1CCC(S)C1C(=O)O,-6.898,-6.017,0.881,-2.6860999999999997,Fase 2_Seletividade
MOL_02583,CCC1CCC(c2cnccc2I)C1C(=O)C(N)=O,-6.977,-6.13,0.847,-2.686000000000001,Fase 2_Seletividade
MOL_02584,CNC(=O)C1C(C=O)CCC1c1cnccc1OC,-7.11,-6.25,0.86,-2.6850000000000005,Fase 2_Seletividade
MOL_02585,CCC(=O)C1C(CC)CCC1c1cnccc1S,-6.619,-5.62,0.999,-2.685,Fase 2_Seletividade
MOL_02586,Cc1ccncc1C1CCC(F)C1C(=O)O,-6.798,-5.877,0.921,-2.684100000000001,Fase 2_Seletividade
MOL_02587,O=CC(=O)C1C(O)CCC1c1cnccc1C1CC1,-6.595,-5.588,1.007,-2.6834,Fase 2_Seletividade
MOL_02588,COC1CCC(c2cnccc2C(C)C)C1C(C)=O,-6.955,-6.103,0.852,-2.682900000000001,Fase 2_Seletividade
MOL_02589,CNC(=O)C1C(C#N)CCC1c1cnccc1OC,-7.089,-6.239,0.85,-2.6820950000000012,Fase 2_Seletividade
MOL_02590,N#CC1CCC(c2cnccc2C(F)F)C1C(=O)C1CC1,-6.997,-6.163,0.834,-2.682055,Fase 2_Seletividade
MOL_02591,CNC(=O)C1C(O)CCC1c1cnccc1C,-7.461,-6.396,1.065,-2.6812200000000015,Fase 2_Seletividade
MOL_02592,COC1CCC(c2cnccc2C=O)C1C(=O)C=O,-6.438,-5.368,1.07,-2.6803999999999997,Fase 2_Seletividade
MOL_02593,CCC(=O)C1C(C#N)CCC1c1cnccc1F,-7.341,-6.356,0.985,-2.6796200000000017,Fase 2_Seletividade
MOL_02594,O=CC(=O)C1C(S)CCC1c1cnccc1Br,-6.487,-5.44,1.047,-2.6790000000000003,Fase 2_Seletividade
MOL_02595,NC1CCC(c2cnccc2Br)C1C(=O)C1CCC1,-6.968,-6.128,0.84,-2.6784,Fase 2_Seletividade
MOL_02596,COC1CCC(c2cnccc2O)C1C(=O)C=O,-6.897,-6.027,0.87,-2.6781000000000006,Fase 2_Seletividade
MOL_02597,CCCC(=O)C1C(O)CCC1c1cnccc1S,-6.981,-6.148,0.833,-2.6774000000000004,Fase 2_Seletividade
MOL_02598,NC(=O)C(=O)C1C(CF)CCC1c1cnccc1C1CC1,-7.691,-6.463,1.228,-2.677055000000001,Fase 3_Super Elite
MOL_02599,O=C(O)C1C(O)CCC1c1cnccc1C1CC1,-7.25,-6.322,0.928,-2.676680000000001,Fase 2_Seletividade
MOL_02600,CNC(=O)C1C(C=O)CCC1c1cnccc1C#N,-7.562,-6.428,1.134,-2.675980000000002,Fase 2_Seletividade
MOL_02601,COc1ccncc1-c1c(OC)nc(C)c(C)c1C(C)=O,-6.92,-6.063,0.8570000000000002,-2.6759000000000004,Gen 146
MOL_02602,CC(=O)C1C(O)CCC1c1cnccc1F,-6.964,-6.127,0.837,-2.6751000000000005,Fase 2_Seletividade
MOL_02603,CCCC(=O)c1c(OC)cncc1C1CCC(C)C1C(=O)CC(C)C,-9.335,-6.77,2.5650000000000013,-2.6740000000000066,Gen 47
MOL_02604,CCNC(=O)C1C(N)CCC1c1cnccc1I,-6.971,-6.139,0.832,-2.6737,Fase 2_Seletividade
MOL_02605,CCCC(=O)C1C(C)CCC1c1c(OC)nc(OC)c(C2CC2)c1C=CF,-7.118,-6.261,0.8570000000000002,-2.6736950000000004,Gen 30
MOL_02606,COc1nc(C)c(C)c(C2C(C)CCC2OC)c1C(=O)CC(C)C,-7.158,-6.282,0.8760000000000003,-2.6734800000000014,Gen 121
MOL_02607,CC(=O)C1C(CF)CCC1c1cnccc1C#N,-6.68,-5.724,0.956,-2.6731999999999996,Fase 2_Seletividade
MOL_02608,CCC(C)C(=O)C1C(C)CCC1c1c(C#N)cc(F)nc1C(F)(F)F,-6.903,-6.045,0.8579999999999997,-2.6715,Gen 17
MOL_02609,CCNC(=O)C1C(C#N)CCC1c1cnccc1C(F)F,-8.722,-6.675,2.047,-2.671375000000003,Fase 2_Seletividade
MOL_02610,CNC(=O)C1C(C)CCC1c1cnccc1O,-8.288,-6.597,1.691,-2.671055,Fase 2_Seletividade
MOL_02611,COc1nc(Cl)c(F)c(C(N)=O)c1C1CCC(C)C1C(=O)CC(C)C,-10.42,-6.913,3.507,-2.6700550000000005,Gen 39
MOL_02612,COC(=O)C1C(C=O)CCC1c1cnccc1F,-6.436,-5.38,1.056,-2.6700000000000004,Fase 2_Seletividade
MOL_02613,Cc1ncc(C2CCC(C)C2C(=O)C(C)C(C)C)c(C=NO)c1F,-9.435,-6.785,2.6500000000000004,-2.6693750000000023,Gen 34
MOL_02614,CCC1CCC(c2cnccc2C#N)C1C(=O)C1CC1,-6.82,-5.931,0.889,-2.6683000000000003,Fase 2_Seletividade
MOL_02615,NC(=O)C(=O)C1C(S)CCC1c1cnccc1C1CC1,-6.789,-5.889,0.9,-2.6666999999999996,Fase 2_Seletividade
MOL_02616,CCCC(=O)C1C(C)CCC1c1c(C#N)cc(C)nc1O,-7.258,-6.33,0.928,-2.665,Gen 23
MOL_02617,O=C(O)C(=O)C1C(F)CCC1c1cnccc1C(F)F,-8.518,-6.641,1.877,-2.663895000000003,Fase 2_Seletividade
MOL_02618,CCC(=O)C1C(N)CCC1c1cnccc1C1CC1,-6.677,-5.734,0.943,-2.6632,Fase 2_Seletividade
MOL_02619,CC(=O)C1C(S)CCC1c1cnccc1Br,-6.552,-5.556,0.996,-2.6628,Fase 2_Seletividade
MOL_02620,CC(=O)C1CCC(C)C1c1ccnc(C)c1C1CCC(C)C1C(C)=O,-8.828,-6.694,2.1339999999999995,-2.6625200000000024,Gen 53
MOL_02621,CNC(=O)C1C(O)CCC1c1cnccc1OC,-6.976,-6.162,0.814,-2.66188,Fase 2_Seletividade
MOL_02622,CC(=O)C1C(F)CCC1c1cnccc1I,-6.868,-6.009,0.859,-2.6617000000000006,Fase 2_Seletividade
MOL_02623,CCNC(=O)C1C(F)CCC1c1cnccc1CC,-7.186,-6.301,0.885,-2.661295000000001,Fase 2_Seletividade
MOL_02624,CCC1CCC(c2cnccc2C=O)C1C(=O)OC,-6.563,-5.575,0.988,-2.6605,Fase 2_Seletividade
MOL_02625,NC(=O)C1C(O)CCC1c1cnccc1CF,-7.752,-6.483,1.269,-2.659455000000003,Fase 2_Seletividade
MOL_02626,NC(=O)C(=O)C1C(O)CCC1c1cnccc1Br,-7.766,-6.487,1.279,-2.657255000000001,Fase 3_Super Elite
MOL_02627,COC1CCC(c2cnccc2O)C1C(=O)O,-6.899,-6.06,0.839,-2.657000000000001,Fase 2_Seletividade
MOL_02628,CCc1ccncc1C1CCC(C#N)C1C(=O)NC,-7.934,-6.527,1.407,-2.6544550000000005,Fase 2_Seletividade
MOL_02629,CCC(=O)C1C(C#N)CCC1c1cnccc1O,-7.294,-6.348,0.946,-2.6543800000000006,Fase 2_Seletividade
MOL_02630,COc1c(C)ncc(C2CCC(C)C2C(=O)CC(C)C)c1C(C)=O,-6.719,-5.807,0.912,-2.6541000000000006,Gen 48
MOL_02631,COC1CCC(c2cnccc2C)C1C(=O)C=O,-6.55,-5.566,0.984,-2.6538000000000004,Fase 2_Seletividade
MOL_02632,CCC1CCC(c2cnccc2OC)C1C(=O)C(=O)O,-7.304,-6.352,0.952,-2.6535800000000007,Fase 2_Seletividade
MOL_02633,CNC(=O)C1C(CF)CCC1c1cnccc1N,-7.427,-6.394,1.033,-2.6535200000000003,Fase 2_Seletividade
MOL_02634,CCCC(=O)C1C(CC)CCC1c1cnccc1C=NO,-6.857,-6.005,0.852,-2.6535,Fase 1_Lote Inicial
MOL_02635,CC(=O)C1C(N)CCC1c1cnccc1N,-7.042,-6.227,0.815,-2.6534549999999992,Fase 2_Seletividade
MOL_02636,CCc1ccncc1C1CCC(S)C1C(=O)C1CCC1,-7.327,-6.361,0.966,-2.651695000000002,Fase 2_Seletividade
MOL_02637,CCC(=O)C1C(S)CCC1c1cnccc1C,-6.146,-4.992,1.154,-2.6516,Fase 2_Seletividade
MOL_02638,CC(=O)c1ccncc1-c1c(-c2ccnc(C)c2C(C)=O)ccnc1C,-7.706,-6.474,1.2320000000000002,-2.6493200000000012,Gen 72
MOL_02639,CCC(F)C(=O)C1C(C)CCC1c1cnccc1C(F)F,-8.453,-6.632,1.821,-2.6489800000000034,Fase 1_Lote Inicial
MOL_02640,CCCC(=O)C1C(CF)CCC1c1cnccc1I,-6.793,-5.921,0.872,-2.6483,Fase 3_Super Elite
MOL_02641,CCc1ccncc1C1CCC(CC)C1C(=O)C=O,-6.756,-5.872,0.884,-2.645600000000001,Fase 2_Seletividade
MOL_02642,COc1cnccc1-c1c(OC)nc(C)c(C)c1C(C)=O,-6.743,-5.854,0.8890000000000002,-2.645200000000001,Gen 146
MOL_02643,CCNC(=O)C1C(O)CCC1c1cnccc1C=O,-7.573,-6.44,1.133,-2.6445000000000007,Fase 2_Seletividade
MOL_02644,CC(C)C(=O)C1C(O)CCC1c1cnccc1C#N,-6.91,-6.096,0.814,-2.6428000000000003,Fase 2_Seletividade
MOL_02645,CCC1CCC(c2cnccc2I)C1C(=O)C=O,-6.349,-5.295,1.054,-2.6425000000000005,Fase 2_Seletividade
MOL_02646,COC1CCC(c2cnccc2C2CC2)C1C(=O)O,-6.857,-6.021,0.836,-2.6423000000000005,Fase 2_Seletividade
MOL_02647,CCCC(=O)C1C(CC)CCC1c1cnccc1OC,-6.747,-5.864,0.883,-2.6422,Fase 2_Seletividade
MOL_02648,CC(C)C(=O)C1C(N)CCC1c1cnccc1Br,-6.991,-6.199,0.792,-2.6396950000000006,Fase 2_Seletividade
MOL_02649,COC1C(C)CCC1c1cc(C=CF)c(C(C)=O)c(C(=O)CC(C)C)n1,-8.942,-6.716,2.226,-2.6390200000000013,Gen 97
MOL_02650,CCC(=O)c1c(F)c(Cl)nc(Cl)c1C1CCC(C)C1C(=O)CC(C)C,-9.025,-6.729,2.2960000000000003,-2.6384950000000016,Gen 33
MOL_02651,NC(=O)C(=O)C1C(S)CCC1c1cnccc1S,-6.516,-5.54,0.976,-2.6380000000000003,Fase 2_Seletividade
MOL_02652,COc1cc(C=CF)c(OC)c(-c2cnccc2C(=O)C(C)C(C)C)n1,-7.215,-6.324,0.891,-2.636820000000002,Gen 132
MOL_02653,O=C(O)C1C(S)CCC1c1cnccc1I,-6.676,-5.771,0.905,-2.6363000000000003,Fase 2_Seletividade
MOL_02654,CC(C)C(C)C(=O)C1C(C)CCC1c1cnc(Cl)c(F)c1C(N)=O,-9.193,-6.755,2.438,-2.634375000000003,Gen 39
MOL_02655,COC1CCC(c2cnccc2N)C1C(=O)C(C)C,-7.896,-6.523,1.373,-2.634255000000003,Fase 2_Seletividade
MOL_02656,NC(=O)C(=O)C1C(S)CCC1c1cnccc1Br,-6.853,-6.027,0.826,-2.6341,Fase 2_Seletividade
MOL_02657,CCCC(=O)C1C(C#N)CCC1c1cnccc1F,-6.663,-5.756,0.907,-2.6338,Fase 2_Seletividade
MOL_02658,NC1CCC(c2cnccc2C=O)C1C(=O)C1CC1,-6.817,-5.977,0.84,-2.6330999999999998,Fase 2_Seletividade
MOL_02659,CC(C)C(=O)C1C(O)CCC1c1cnccc1Br,-7.134,-6.29,0.844,-2.633000000000001,Fase 2_Seletividade
MOL_02660,CNC(=O)C1C(S)CCC1c1cnccc1CF,-6.597,-5.667,0.93,-2.630100000000001,Fase 2_Seletividade
MOL_02661,Cc1ccncc1C1CCC(C)C1C(=O)C1CCC1,-7.865,-6.517,1.348,-2.6296550000000005,Fase 2_Seletividade
MOL_02662,CC(=O)c1c(Cl)cncc1C1CCC(C)C1C(=O)CC(C)C,-7.936,-6.533,1.4029999999999996,-2.629455,Gen 53
MOL_02663,CCOC(=O)C1C(N)CCC1c1cnccc1C#N,-6.935,-6.151,0.784,-2.629295,Fase 2_Seletividade
MOL_02664,CCC1CCC(c2cnccc2C=O)C1C(=O)C(C)C,-6.664,-5.765,0.899,-2.6285,Fase 2_Seletividade
MOL_02665,COC(=O)C1C(OC)CCC1c1cnccc1C#N,-6.693,-5.808,0.885,-2.6273999999999997,Fase 2_Seletividade
MOL_02666,CC(C)C(=O)C1C(C)CCC1c1cnccc1N=[N+]=[N-],-7.794,-6.501,1.293,-2.6272949999999993,Fase 1_Lote Inicial
MOL_02667,NC(=O)C1C(N)CCC1c1cnccc1CF,-6.904,-6.111,0.793,-2.6263000000000005,Fase 2_Seletividade
MOL_02668,COC1CCC(c2cnccc2O)C1C(C)=O,-6.746,-5.886,0.86,-2.625800000000001,Fase 2_Seletividade
MOL_02669,CCC(=O)C1C(CC)CCC1c1cnccc1C=O,-6.722,-5.852,0.87,-2.6256000000000004,Fase 2_Seletividade
MOL_02670,COc1c(C2CCC(C)C2c2ccnc(C)c2C(C)=O)ccnc1C,-7.152,-6.302,0.8500000000000005,-2.6250800000000014,Gen 89
MOL_02671,O=CC(=O)C1C(O)CCC1c1cnccc1C(F)F,-6.751,-5.896,0.855,-2.623800000000001,Fase 2_Seletividade
MOL_02672,COc1ccnc(C)c1C(C)=O,-5.943,-4.743,1.1999999999999993,-2.6228999999999996,Gen 93
MOL_02673,CCOC(=O)C1C(C#N)CCC1c1cnccc1N,-6.885,-6.089,0.796,-2.6227,Fase 2_Seletividade
MOL_02674,NC(=O)C(=O)C1C(O)CCC1c1cnccc1N,-8.206,-6.591,1.615,-2.6198950000000005,Fase 3_Super Elite
MOL_02675,CC(C)c1ccncc1C1CCC(C=O)C1C(=O)C1CCC1,-7.303,-6.364,0.939,-2.619220000000001,Fase 2_Seletividade
MOL_02676,COc1ccncc1C1CCC(S)C1C(=O)C=O,-6.418,-5.431,0.987,-2.6163000000000003,Fase 2_Seletividade
MOL_02677,COC1CCC(c2cnccc2S)C1C(=O)C(=O)O,-6.683,-5.81,0.873,-2.6160000000000005,Fase 2_Seletividade
MOL_02678,O=C(O)C1C(O)CCC1c1cnccc1F,-7.483,-6.423,1.06,-2.614255000000001,Fase 2_Seletividade
MOL_02679,CCC(=O)C1C(C)CCC1c1c(C=CF)cc(OC)nc1OC,-7.077,-6.271,0.806,-2.6140950000000007,Gen 31
MOL_02680,CCC(=O)C1C(C#N)CCC1c1cnccc1N,-7.281,-6.358,0.923,-2.6140800000000013,Fase 2_Seletividade
MOL_02681,NC(=O)C(=O)C1C(CF)CCC1c1cnccc1Br,-7.875,-6.523,1.352,-2.613255000000003,Fase 3_Super Elite
MOL_02682,CCNC(=O)C1C(CC)CCC1c1cnccc1CF,-6.816,-6.004,0.812,-2.613200000000001,Fase 2_Seletividade
MOL_02683,CC(C)C(=O)C1C(O)CCC1c1cnccc1S,-6.727,-5.877,0.85,-2.613100000000001,Fase 2_Seletividade
MOL_02684,CC1CCC(c2cnccc2CF)C1C(=O)C(C)(C)C,-7.556,-6.444,1.112,-2.6130200000000015,Fase 1_Lote Inicial
MOL_02685,CCCC(=O)C1C(S)CCC1c1cnccc1C#N,-6.617,-5.722,0.895,-2.6116,Fase 2_Seletividade
MOL_02686,CC(C)C(=O)C1C(C#N)CCC1c1cnccc1C(F)F,-7.013,-6.236,0.777,-2.6108200000000004,Fase 2_Seletividade
MOL_02687,CNC(=O)C1C(CF)CCC1c1cnccc1O,-7.329,-6.376,0.953,-2.6104200000000004,Fase 2_Seletividade
MOL_02688,COC(=O)C1C(C=O)CCC1c1cnccc1N,-6.78,-5.957,0.823,-2.610100000000001,Fase 2_Seletividade
MOL_02689,CCC1CCC(c2cnccc2C)C1C(=O)C(N)=O,-6.838,-6.04,0.798,-2.6100000000000003,Fase 2_Seletividade
MOL_02690,CCc1ccncc1C1CCC(C)C1C(=O)O,-7.907,-6.531,1.376,-2.6094950000000026,Fase 2_Seletividade
MOL_02691,CCNC(=O)C1C(C)CCC1c1cnccc1C=O,-7.636,-6.467,1.169,-2.6066550000000026,Fase 2_Seletividade
MOL_02692,CCC(C)CCCC(=O)C1C(C)CCC1c1c(OC)ncc(Cl)c1C=CF,-7.348,-6.384,0.9639999999999996,-2.6054199999999996,Gen 36
MOL_02693,CCC(=O)C1C(C#N)CCC1c1cnccc1C#N,-6.82,-6.021,0.799,-2.6053000000000006,Fase 2_Seletividade
MOL_02694,CCOC(=O)C1C(CF)CCC1c1cnccc1OC,-7.02,-6.244,0.776,-2.6050200000000006,Fase 2_Seletividade
MOL_02695,CCC(=O)c1c(C(C)=O)nc(C)c(C)c1C1C(C)CCC1C(=O)CC,-6.889,-6.12,0.7690000000000001,-2.6050000000000004,Gen 94
MOL_02696,COC1CCC(c2cnccc2C(C)C)C1C(=O)C(N)=O,-6.986,-6.222,0.764,-2.604679999999999,Fase 2_Seletividade
MOL_02697,C=C=Cc1ccncc1C1CCC(C)C1C(=O)C(C)C,-7.943,-6.54,1.403,-2.6045000000000016,Fase 1_Lote Inicial
MOL_02698,CCCC(=O)C1C(OC)CCC1c1cnccc1C,-7.317,-6.374,0.943,-2.604320000000002,Fase 2_Seletividade
MOL_02699,CCCCC(=O)C1C(C)CCC1c1cnccc1NC#N,-7.553,-6.446,1.107,-2.6027200000000024,Fase 1_Lote Inicial
MOL_02700,CCNC(=O)C1C(OC)CCC1c1cnccc1Br,-7.165,-6.318,0.847,-2.601280000000002,Fase 2_Seletividade
MOL_02701,CCC1CCC(c2cnccc2C)C1C(=O)OC,-6.414,-5.447,0.967,-2.6010999999999997,Fase 2_Seletividade
MOL_02702,COC(=O)C1C(O)CCC1c1cnccc1I,-6.674,-5.821,0.853,-2.5993000000000004,Fase 2_Seletividade
MOL_02703,CC(C)C(=O)C1C(O)CCC1c1cnccc1C(C)C,-7.357,-6.389,0.968,-2.599095000000001,Fase 2_Seletividade
MOL_02704,O=Cc1ccncc1C1CCC(S)C1C(=O)C1CC1,-6.492,-5.562,0.93,-2.5986000000000002,Fase 2_Seletividade
MOL_02705,CCNC(=O)C1C(O)CCC1c1cnccc1CC,-6.775,-5.967,0.808,-2.5981000000000005,Fase 2_Seletividade
MOL_02706,CC(C)C(=O)C1C(S)CCC1c1cnccc1O,-6.855,-6.084,0.771,-2.5962000000000014,Fase 2_Seletividade
MOL_02707,CCCC(=O)C1C(C=O)CCC1c1cnccc1C(F)F,-6.68,-5.837,0.843,-2.5941,Fase 2_Seletividade
MOL_02708,COC1CCC(C)C1c1cnccc1C1CCC(C)C1OC,-6.895,-6.145,0.75,-2.5935000000000006,Gen 159
MOL_02709,CCc1ccncc1C1CCC(OC)C1C(=O)OC,-6.523,-5.615,0.908,-2.5925,Fase 2_Seletividade
MOL_02710,O=C(C1CC1)C1C(O)CCC1c1cnccc1CF,-7.899,-6.533,1.366,-2.592455,Fase 2_Seletividade
MOL_02711,CCNC(=O)C1C(CC)CCC1c1cnccc1N,-7.94,-6.542,1.398,-2.5922800000000032,Fase 2_Seletividade
MOL_02712,COC(=O)C1C(OC)CCC1c1cnccc1C=O,-6.729,-5.91,0.819,-2.5920000000000005,Fase 2_Seletividade
MOL_02713,CCNC(=O)C1C(CC)CCC1c1cnccc1C1CC1,-7.64,-6.472,1.168,-2.5911799999999996,Fase 2_Seletividade
MOL_02714,NC(=O)C1C(O)CCC1c1cnccc1S,-6.728,-5.913,0.815,-2.5888999999999998,Fase 2_Seletividade
MOL_02715,COc1ccnc(C)c1-c1cnccc1C(=O)CCC(C)C,-7.371,-6.397,0.9740000000000002,-2.5880550000000007,Gen 64
MOL_02716,CCCCC(=O)C1C(C)CCC1c1c(OC)nc(C(F)(F)F)c(OC)c1C=CF,-6.908,-6.169,0.7390000000000008,-2.5878950000000005,Gen 33
MOL_02717,CNC(=O)C1C(C)CCC1c1cnccc1N,-8.269,-6.61,1.659,-2.5840000000000005,Fase 2_Seletividade
MOL_02718,CC(=O)C1C(S)CCC1c1cnccc1S,-6.398,-5.449,0.949,-2.5837,Fase 2_Seletividade
MOL_02719,CCNC(=O)C1C(CC)CCC1c1cnccc1CC,-7.708,-6.491,1.217,-2.5828950000000033,Fase 2_Seletividade
MOL_02720,COc1c(-c2c(C=CF)cc(C(=O)CC(C)C)nc2C(C)=O)ccnc1C,-8.0,-6.557,1.4429999999999996,-2.581855,Gen 144
MOL_02721,CCc1ccncc1C1CCC(S)C1C(=O)NC,-6.848,-6.099,0.749,-2.5787000000000004,Fase 2_Seletividade
MOL_02722,CC(=O)c1c(O)c(C)nc(O)c1C1CCC(C)C1C(=O)C(C)C(C)C,-9.299,-6.779,2.52,-2.5754950000000028,Gen 106
MOL_02723,COC(=O)C1C(C#N)CCC1c1cnccc1C#N,-6.848,-6.111,0.737,-2.5703000000000005,Fase 2_Seletividade
MOL_02724,N#Cc1ccncc1C1CCC(C#N)C1C(=O)C1CC1,-6.869,-6.145,0.724,-2.567500000000001,Fase 2_Seletividade
MOL_02725,CCCC(=O)C1C(O)CCC1c1cnccc1Br,-7.154,-6.328,0.826,-2.5659800000000006,Fase 2_Seletividade
MOL_02726,COc1c(C2CC2)ncc(C2CCC(C)C2C(=O)CC(C)C)c1C(N)=O,-7.809,-6.519,1.29,-2.564895000000001,Gen 97
MOL_02727,CCc1ccncc1C1CCC(C#N)C1C(=O)O,-6.612,-5.785,0.827,-2.5625,Fase 2_Seletividade
MOL_02728,COc1cc(C=CF)c(-c2c(C(=O)C(C)C(C)C)ccnc2C)c(OC)n1,-6.833,-6.101,0.7320000000000002,-2.5623000000000005,Gen 77
MOL_02729,CCC1CCC(c2cnccc2Br)C1C(C)=O,-6.517,-5.65,0.867,-2.5620000000000003,Fase 2_Seletividade
MOL_02730,CCCC(=O)C1C(CF)CCC1c1cnccc1C1CC1,-6.529,-5.668,0.861,-2.5614,Fase 3_Super Elite
MOL_02731,COC(=O)C1C(N)CCC1c1cnccc1C1CC1,-6.668,-5.867,0.801,-2.5611000000000006,Fase 2_Seletividade
MOL_02732,CCc1ccncc1C1CCC(CC)C1C(=O)C(N)=O,-7.203,-6.349,0.854,-2.560695000000001,Fase 2_Seletividade
MOL_02733,CC1CCC(c2cnccc2N=[N+]=[N-])C1C(=O)CC1CCC1F,-7.936,-6.548,1.388,-2.560380000000001,Fase 1_Lote Inicial
MOL_02734,COC1CCC(C)C1c1ccncc1C1CCC(C)C1OC,-6.914,-6.201,0.7130000000000001,-2.560295000000001,Gen 115
MOL_02735,CCC(=O)C1CCC(C)C1c1c(OC)cncc1C(=O)C(C)C(C)C,-7.01,-6.264,0.7459999999999996,-2.5602199999999993,Gen 79
MOL_02736,O=C(O)C(=O)C1C(S)CCC1c1cnccc1C(F)F,-6.664,-5.863,0.801,-2.5599,Fase 2_Seletividade
MOL_02737,O=C(C1CC1)C1C(O)CCC1c1cnccc1C(F)F,-8.026,-6.567,1.459,-2.559655000000001,Fase 2_Seletividade
MOL_02738,CC(=O)C1C(C#N)CCC1c1cnccc1C(F)F,-7.543,-6.455,1.088,-2.559375000000002,Fase 2_Seletividade
MOL_02739,CCC1CCC(c2cnccc2O)C1C(C)=O,-6.585,-5.751,0.834,-2.5593000000000004,Fase 2_Seletividade
MOL_02740,COC1CCC(c2cnccc2C)C1C(=O)O,-6.743,-5.977,0.766,-2.5591,Fase 2_Seletividade
MOL_02741,COC1CCC(C)C1c1cnccc1-c1cnccc1C(=O)CC(C)C,-8.945,-6.729,2.216,-2.5584950000000015,Gen 158
MOL_02742,CC(=O)c1cc(C=CF)c(-c2cnccc2C(C)=O)c(C(=O)CC(C)C)n1,-8.114,-6.585,1.5290000000000008,-2.5583750000000025,Gen 108
MOL_02743,COC1CCC(C)C1c1c(O)c(C)nc(O)c1C(=O)CC(C)C,-7.75,-6.507,1.2430000000000003,-2.5578550000000035,Gen 115
MOL_02744,COC1CCC(c2cnccc2Br)C1C(C)=O,-6.553,-5.708,0.845,-2.5574,Fase 2_Seletividade
MOL_02745,CNC(=O)C1C(OC)CCC1c1cnccc1C=O,-6.585,-5.754,0.831,-2.557200000000001,Fase 2_Seletividade
MOL_02746,CCC1CCC(c2cnccc2I)C1C(N)=O,-6.672,-5.879,0.793,-2.5567,Fase 2_Seletividade
MOL_02747,CCC1CCC(c2cnccc2C#N)C1C(=O)C=O,-6.365,-5.441,0.924,-2.5563000000000007,Fase 2_Seletividade
MOL_02748,CNC(=O)C1C(N)CCC1c1cnccc1C(C)C,-7.849,-6.53,1.319,-2.556000000000001,Fase 2_Seletividade
MOL_02749,CC1CCC(c2cnccc2C(F)F)C1C(=O)C(=O)O,-8.289,-6.619,1.67,-2.555895000000003,Fase 2_Seletividade
MOL_02750,NC1CCC(c2cnccc2S)C1C(=O)C1CCC1,-6.781,-6.036,0.745,-2.5558000000000005,Fase 2_Seletividade
MOL_02751,O=C(O)C1C(O)CCC1c1cnccc1CF,-6.834,-6.113,0.721,-2.5549,Fase 2_Seletividade
MOL_02752,CCCC(=O)C1C(C)CCC1c1cnccc1-c1nnn[nH]1,-9.215,-6.77,2.445,-2.5540000000000056,Fase 4_Mutantes Geração 2
MOL_02753,CC(C)C(=O)C1C(C#N)CCC1c1cnccc1F,-8.039,-6.571,1.468,-2.5530950000000026,Fase 2_Seletividade
MOL_02754,CC(=O)c1ccncc1C(C)=O,-6.209,-5.225,0.984,-2.5515000000000003,Gen 70
MOL_02755,CNC(=O)C1C(S)CCC1c1cnccc1C#N,-6.84,-6.127,0.713,-2.5511,Fase 2_Seletividade
MOL_02756,CC(C)c1ccncc1C1CCC(C=O)C1C(=O)C(=O)O,-7.505,-6.447,1.058,-2.5510550000000007,Fase 2_Seletividade
MOL_02757,CCOC(=O)C1C(S)CCC1c1cnccc1OC,-6.459,-5.583,0.876,-2.5509,Fase 2_Seletividade
MOL_02758,CCCC(=O)C1C(S)CCC1c1cnccc1CF,-6.588,-5.768,0.82,-2.5504000000000007,Fase 2_Seletividade
MOL_02759,O=C(O)C1C(S)CCC1c1cnccc1C(F)F,-6.617,-5.81,0.807,-2.5500000000000007,Fase 2_Seletividade
MOL_02760,CCC(=O)C1C(C#N)CCC1c1cnccc1S,-6.232,-5.263,0.969,-2.5479000000000007,Fase 2_Seletividade
MOL_02761,CCOC(=O)C1C(C#N)CCC1c1cnccc1O,-6.708,-5.943,0.765,-2.5479000000000003,Fase 2_Seletividade
MOL_02762,CCNC(=O)C1C(N)CCC1c1cnccc1C1CC1,-7.681,-6.493,1.188,-2.5476550000000007,Fase 2_Seletividade
MOL_02763,O=CC1CCC(c2cnccc2I)C1C(=O)C1CCC1,-6.476,-5.613,0.863,-2.5469,Fase 2_Seletividade
MOL_02764,N#Cc1ccncc1C1CCC(CF)C1C(=O)C=O,-6.772,-6.037,0.735,-2.546100000000001,Fase 2_Seletividade
MOL_02765,CC(C)C(=O)C1C(CF)CCC1c1cnccc1I,-6.401,-5.508,0.893,-2.5454,Fase 3_Super Elite
MOL_02766,COc1cncc(C2CCC(C)C2C(=O)C(C)C(C)C)c1C(C)=O,-8.349,-6.632,1.7170000000000003,-2.5449800000000042,Gen 40
MOL_02767,COc1ccncc1C1CCC(CF)C1C(N)=O,-7.392,-6.417,0.975,-2.543655000000002,Fase 2_Seletividade
MOL_02768,COc1ccncc1-c1nc(C)c(C)c(C(=O)CC(C)C)c1OC,-7.908,-6.546,1.362,-2.5417200000000006,Gen 102
MOL_02769,CCC1CCC(c2cnccc2Br)C1C(=O)C(N)=O,-6.908,-6.211,0.697,-2.5416950000000007,Fase 2_Seletividade
MOL_02770,Cc1nc(O)c(C2CCC(C)C2C(=O)CC(C)C)c(C=NO)c1F,-7.299,-6.39,0.9090000000000008,-2.538000000000002,Gen 25
MOL_02771,COC1CCC(C)C1c1ccncc1-c1ccnc(C)c1C(C)=O,-7.289,-6.387,0.902,-2.537255000000002,Gen 93
MOL_02772,CNC(=O)C1C(C=O)CCC1c1cnccc1C(C)C,-7.212,-6.361,0.851,-2.5366950000000017,Fase 2_Seletividade
MOL_02773,CCOC(=O)C1C(C#N)CCC1c1cnccc1F,-7.217,-6.363,0.854,-2.5360549999999993,Fase 2_Seletividade
MOL_02774,COc1ccncc1C1CCC(S)C1C(=O)O,-6.432,-5.566,0.866,-2.535800000000001,Fase 2_Seletividade
MOL_02775,COC1CCC(c2cnccc2C)C1C(N)=O,-6.682,-5.925,0.757,-2.5345000000000004,Fase 2_Seletividade
MOL_02776,Nc1ccncc1C1CCC(CF)C1C(=O)O,-6.877,-6.192,0.685,-2.53378,Fase 2_Seletividade
MOL_02777,COc1cnccc1-c1c(-c2ccnc(C)c2OC)ccnc1C,-6.828,-6.136,0.6920000000000002,-2.532800000000001,Gen 72
MOL_02778,COc1nc(C2CC2)c(O)c(C(C)=O)c1C1CCC(C)C1C(=O)CC(C)C,-8.607,-6.679,1.927999999999999,-2.532495,Gen 135
MOL_02779,CC(=O)C1C(C)CCC1c1cnccc1F,-6.527,-5.707,0.82,-2.5321000000000007,Fase 2_Seletividade
MOL_02780,COC1CCC(C)C1c1c(C)c(C)nc(C(C)=O)c1C(C)=O,-7.084,-6.313,0.7709999999999999,-2.5320550000000015,Gen 94
MOL_02781,COC1CCC(c2cnccc2C=O)C1C(=O)C1CC1,-6.705,-5.962,0.743,-2.5316,Fase 2_Seletividade
MOL_02782,COc1nc(C)c(C)c(C(C)=O)c1C1C(C)CCC1C(C)=O,-6.901,-6.214,0.6869999999999994,-2.5307199999999996,Gen 146
MOL_02783,COc1c(C=CF)cc(C(C)=O)nc1C1C(C)CCC1C(C)=O,-6.939,-6.24,0.6989999999999998,-2.530500000000001,Gen 95
MOL_02784,COC1CCC(c2cnccc2I)C1C(=O)C(N)=O,-6.861,-6.18,0.681,-2.5305,Fase 2_Seletividade
MOL_02785,CC=CC(=O)C1C(C)CCC1c1cnccc1C(=O)OC,-7.291,-6.39,0.901,-2.530000000000002,Fase 1_Lote Inicial
MOL_02786,CC(=O)C1C(C#N)CCC1c1cnccc1C1CC1,-7.024,-6.287,0.737,-2.529255000000001,Fase 2_Seletividade
MOL_02787,COC1CCC(c2cnccc2C(F)F)C1C(=O)C1CC1,-6.754,-6.038,0.716,-2.5274,Fase 2_Seletividade
MOL_02788,CCc1ncc(C2CCC(C)C2C(=O)C(C)C(C)C)c(C(C)=O)c1F,-9.436,-6.805,2.631,-2.5273750000000046,Gen 152
MOL_02789,NC(=O)C1C(CF)CCC1c1cnccc1O,-8.103,-6.589,1.514,-2.527094999999999,Fase 2_Seletividade
MOL_02790,CCOC(=O)C1C(S)CCC1c1cnccc1O,-6.727,-6.0,0.727,-2.527000000000001,Fase 2_Seletividade
MOL_02791,COC1CCC(c2cnccc2O)C1C(=O)C1CCC1,-7.766,-6.518,1.248,-2.5262800000000025,Fase 2_Seletividade
MOL_02792,CCCC(=O)C1C(C)CCC1c1c(C#N)ccnc1C,-6.613,-5.839,0.774,-2.5257000000000005,Fase 4_Mutantes Geração 2
MOL_02793,O=CC1CCC(c2cnccc2O)C1C(=O)C1CC1,-6.719,-5.994,0.725,-2.523200000000001,Fase 2_Seletividade
MOL_02794,CCC(=O)c1c(C2CCC(C)C2C(=O)CC(C)C)cnc(C)c1F,-7.681,-6.499,1.1820000000000004,-2.5226950000000032,Gen 58
MOL_02795,Cc1ccncc1C1CCC(O)C1C(=O)O,-6.673,-5.931,0.742,-2.5213,Fase 2_Seletividade
MOL_02796,CCCCC(=O)C1C(C)CCC1c1c(OC)ncc(F)c1C=CCl,-7.367,-6.418,0.9489999999999998,-2.5152800000000015,Gen 27
MOL_02797,Cc1ccncc1C1CCC(C)C1C(=O)O,-6.69,-5.964,0.726,-2.5152,Fase 2_Seletividade
MOL_02798,CCC(=O)C1C(CC)CCC1c1cnccc1F,-6.707,-5.989,0.718,-2.5147000000000004,Fase 2_Seletividade
MOL_02799,CCC1CCC(c2cnccc2C(C)C)C1C(=O)OC,-6.601,-5.838,0.763,-2.5144,Fase 2_Seletividade
MOL_02800,CCOC(=O)C1C(C#N)CCC1c1cnccc1C(C)C,-6.477,-5.661,0.816,-2.514300000000001,Fase 2_Seletividade
MOL_02801,Nc1ccncc1C1CCC(S)C1C(=O)O,-6.603,-5.842,0.761,-2.5136000000000003,Fase 2_Seletividade
MOL_02802,COc1ccncc1C1CCC(S)C1C(=O)C1CC1,-6.536,-5.748,0.788,-2.5123999999999995,Fase 2_Seletividade
MOL_02803,COC(=O)C1C(O)CCC1c1cnccc1O,-6.645,-5.905,0.74,-2.5115,Fase 2_Seletividade
MOL_02804,CCCCC(=O)C1C(C)CCC1c1c(OC)ncc(O)c1C=CF,-6.984,-6.276,0.7080000000000002,-2.511420000000001,Gen 28
MOL_02805,COc1c(-c2ccnc(C)c2C(=O)C(C)C(C)C)ccnc1C,-6.746,-6.051,0.6950000000000003,-2.510300000000001,Gen 72
MOL_02806,CCCCC(=O)C1C(C)CCC1c1c(C=CF)cc(C2CC2)nc1OC,-8.858,-6.723,2.1350000000000007,-2.5102550000000043,Gen 24
MOL_02807,COC1CCC(c2cnccc2C=O)C1C(N)=O,-6.476,-5.667,0.809,-2.5091000000000006,Fase 2_Seletividade
MOL_02808,O=C(O)C1C(S)CCC1c1cnccc1CF,-6.56,-5.787,0.773,-2.5091,Fase 2_Seletividade
MOL_02809,CCOC(=O)C1C(CF)CCC1c1cnccc1N,-6.523,-5.735,0.788,-2.5084999999999997,Fase 2_Seletividade
MOL_02810,COc1ccncc1C1CCC(S)C1C(=O)C(N)=O,-6.48,-5.676,0.804,-2.5068000000000006,Fase 2_Seletividade
MOL_02811,C=C=Cc1ccncc1C1CCC(C)C1C(=O)CC(F)(F)F,-8.575,-6.678,1.897,-2.5064800000000016,Fase 1_Lote Inicial
MOL_02812,CC(F)CC(=O)C1C(C)CCC1c1cnccc1C(F)F,-8.288,-6.628,1.66,-2.505980000000002,Fase 1_Lote Inicial
MOL_02813,CC(=O)C1C(S)CCC1c1cnccc1O,-6.658,-5.933,0.725,-2.504900000000001,Fase 2_Seletividade
MOL_02814,CC(=O)C1C(S)CCC1c1cnccc1C=O,-6.713,-6.012,0.701,-2.504600000000001,Fase 2_Seletividade
MOL_02815,COc1ccncc1C1CCC(O)C1C(=O)C=O,-6.296,-5.417,0.879,-2.5041000000000007,Fase 2_Seletividade
MOL_02816,CCC(C(=O)C1C(C)CCC1c1cnccc1C(N)=O)C(C)C,-8.916,-6.733,2.1830000000000007,-2.503455000000004,Gen 56
MOL_02817,CCC(=O)C1C(C=O)CCC1c1cnccc1C(C)C,-6.385,-5.547,0.838,-2.5021000000000004,Fase 2_Seletividade
MOL_02818,C=C=Cc1ccncc1C1CCC(C)C1C(=O)C(C)(C)C,-7.119,-6.34,0.779,-2.5005000000000006,Fase 1_Lote Inicial
MOL_02819,CCC(=O)c1c(C2CCC(C)C2C(=O)CC(C)C)cnc(C)c1O,-8.906,-6.732,2.1740000000000004,-2.4999800000000016,Gen 47
MOL_02820,CC(C)C(=O)C1C(C#N)CCC1c1cnccc1O,-7.209,-6.373,0.836,-2.499255,Fase 2_Seletividade
MOL_02821,NC(=O)C1C(F)CCC1c1cnccc1I,-7.041,-6.309,0.732,-2.4982950000000006,Fase 2_Seletividade
MOL_02822,COc1cnccc1-c1nc(C)c(C)c(C(C)=O)c1C(=O)C(C)C(C)C,-7.352,-6.419,0.9330000000000008,-2.496895000000003,Gen 162
MOL_02823,N#CC1CCC(c2cnccc2I)C1C(N)=O,-6.815,-6.167,0.648,-2.4966550000000014,Fase 2_Seletividade
MOL_02824,O=C(C1CC1)C1C(S)CCC1c1cnccc1S,-6.425,-5.612,0.813,-2.4966,Fase 2_Seletividade
MOL_02825,CC1CCCC1C(=O)C1CC1c1cnccc1C=CF,-8.165,-6.607,1.558,-2.4958549999999997,Fase 1_Lote Inicial
MOL_02826,CCNC(=O)C1C(CC)CCC1c1cnccc1C(F)F,-8.005,-6.576,1.429,-2.4944200000000043,Fase 2_Seletividade
MOL_02827,CCNC(=O)C1C(C=O)CCC1c1cnccc1OC,-7.057,-6.318,0.739,-2.493280000000002,Fase 2_Seletividade
MOL_02828,CC(C)c1ccncc1C1CCC(C#N)C1C(N)=O,-7.698,-6.51,1.188,-2.493000000000003,Fase 2_Seletividade
MOL_02829,COc1c(C2C(C)CCC2C(C)=O)nc(C)c(C)c1C(=O)CC(C)C,-7.962,-6.568,1.394,-2.4907800000000035,Gen 102
MOL_02830,Cc1cc(NC#N)c(C2CCC(C)C2C(=O)CC(C)C)cn1,-6.695,-6.007,0.6880000000000006,-2.490100000000001,Gen 9
MOL_02831,O=CC1CCC(c2cnccc2C(F)F)C1C(=O)O,-6.517,-5.753,0.764,-2.4899000000000004,Fase 2_Seletividade
MOL_02832,CC(=O)C1C(C#N)CCC1c1cnccc1C(C)C,-6.779,-6.128,0.651,-2.4894,Fase 2_Seletividade
MOL_02833,CC(=O)c1c(C)c(C)nc(O)c1C1CCC(C)C1C(=O)CC(C)C,-6.957,-6.275,0.6819999999999995,-2.486375,Gen 46
MOL_02834,Cc1ccncc1C1CCC(CF)C1C(=O)C(N)=O,-6.89,-6.237,0.653,-2.486255,Fase 2_Seletividade
MOL_02835,CCOC(=O)C1C(OC)CCC1c1cnccc1CF,-6.495,-5.729,0.766,-2.4847,Fase 2_Seletividade
MOL_02836,CC(=O)C1C(S)CCC1c1cnccc1N,-6.473,-5.699,0.774,-2.4837000000000002,Fase 2_Seletividade
MOL_02837,COc1ccncc1C1CCC(C=O)C1C(=O)O,-6.636,-5.936,0.7,-2.4808000000000003,Fase 2_Seletividade
MOL_02838,Nc1ccncc1C1CCC(S)C1C(=O)C=O,-6.447,-5.666,0.781,-2.4808,Fase 2_Seletividade
MOL_02839,CCCCC(=O)C1C(C)CCC1c1c(OC)ncc(C(F)(F)Cl)c1C=CF,-8.522,-6.674,1.848,-2.4773199999999997,Gen 35
MOL_02840,COC1CCC(C)C1c1nc(C)c(C)c(C(C)=O)c1C(=O)CC(C)C,-7.358,-6.427,0.931,-2.475455000000003,Gen 155
MOL_02841,CC(=O)C1CCC(C)C1c1cncc(C(=O)CC(C)C)c1C1CC1,-8.403,-6.654,1.7490000000000006,-2.475120000000002,Gen 67
MOL_02842,CCOC(=O)C1C(CC)CCC1c1cnccc1OC,-6.269,-5.421,0.848,-2.4743000000000004,Fase 2_Seletividade
MOL_02843,O=Cc1ccncc1C1CCC(O)C1C(=O)C1CC1,-6.663,-5.984,0.679,-2.4742000000000006,Fase 2_Seletividade
MOL_02844,COC1CCC(c2cnccc2C)C1C(=O)C1CC1,-6.494,-5.743,0.751,-2.4738999999999995,Fase 2_Seletividade
MOL_02845,CC(=O)C1C(S)CCC1c1cnccc1I,-6.117,-5.205,0.912,-2.4735,Fase 2_Seletividade
MOL_02846,COc1nc(C)c(C2CCC(C)C2C(=O)C(C)C(C)C)c(C(N)=O)c1C,-8.991,-6.749,2.242,-2.4726950000000043,Gen 71
MOL_02847,O=C(O)C(=O)C1C(CF)CCC1c1cnccc1I,-7.393,-6.438,0.955,-2.471680000000002,Fase 2_Seletividade
MOL_02848,CC(C)c1ccncc1C1CCC(S)C1C(N)=O,-7.044,-6.322,0.722,-2.4706800000000007,Fase 2_Seletividade
MOL_02849,COC(=O)C1C(S)CCC1c1cnccc1C1CC1,-6.176,-5.294,0.882,-2.4702000000000006,Fase 2_Seletividade
MOL_02850,COC1CCC(c2cnccc2Br)C1C(=O)C1CC1,-6.423,-5.647,0.776,-2.4701,Fase 2_Seletividade
MOL_02851,CCC1CCC(c2cnccc2I)C1C(=O)NC,-7.015,-6.31,0.705,-2.4700000000000006,Fase 2_Seletividade
MOL_02852,COc1cnc(C)c(C2CCC(C)C2C(=O)C(C)C(C)C)c1C(C)=O,-7.038,-6.321,0.7170000000000005,-2.4670950000000014,Gen 50
MOL_02853,CC(=O)C1CCC(C)C1C(C)=O,-6.599,-5.904,0.6950000000000003,-2.4662000000000006,Gen 53
MOL_02854,CCOC(=O)C1C(O)CCC1c1cnccc1N,-6.844,-6.22,0.624,-2.4655000000000014,Fase 2_Seletividade
MOL_02855,COc1ccncc1C1CCC(C#N)C1C(N)=O,-6.777,-6.16,0.617,-2.464500000000001,Fase 2_Seletividade
MOL_02856,CCNC(=O)C1C(S)CCC1c1cnccc1OC,-6.39,-5.609,0.781,-2.4637,Fase 2_Seletividade
MOL_02857,O=CC1CCC(c2cnccc2I)C1C(=O)C(=O)O,-6.717,-6.077,0.64,-2.4631,Fase 2_Seletividade
MOL_02858,NC(=O)C1C(S)CCC1c1cnccc1CF,-6.736,-6.105,0.631,-2.4624999999999995,Fase 2_Seletividade
MOL_02859,CCNC(=O)C1C(C)CCC1c1cnccc1CC,-7.574,-6.488,1.086,-2.4611799999999997,Fase 2_Seletividade
MOL_02860,CC(C)CC(=O)C1C(C)CCC1c1c(F)nc(Cl)c(Cl)c1C(N)=O,-8.681,-6.703,1.9779999999999989,-2.4598549999999992,Gen 35
MOL_02861,O=C(O)C(=O)C1C(S)CCC1c1cnccc1C1CC1,-7.098,-6.348,0.75,-2.458380000000001,Fase 2_Seletividade
MOL_02862,CCNC(=O)C1C(C=O)CCC1c1cnccc1Br,-6.774,-6.165,0.609,-2.457375,Fase 2_Seletividade
MOL_02863,CC(=O)c1ccncc1C1C(C)CCC1c1cnccc1C1CC1,-7.382,-6.439,0.9429999999999996,-2.4570950000000007,Gen 83
MOL_02864,CCNC(=O)C1C(C)CCC1c1cnccc1I,-6.923,-6.273,0.65,-2.4562550000000014,Fase 2_Seletividade
MOL_02865,CCC1CCC(c2cnccc2C=O)C1C(=O)C=O,-6.39,-5.622,0.768,-2.4546,Fase 2_Seletividade
MOL_02866,CC(C)c1ccncc1C1CCC(C#N)C1C(=O)C1CC1,-7.296,-6.415,0.881,-2.4543750000000015,Fase 2_Seletividade
MOL_02867,CCC1CCC(c2cnccc2I)C1C(C)=O,-6.495,-5.774,0.721,-2.4532000000000007,Fase 2_Seletividade
MOL_02868,CCC(=O)c1ccnc(C)c1-c1cncc(C(C)=O)c1OC,-6.742,-6.127,0.6150000000000002,-2.4531,Gen 80
MOL_02869,CCC(=O)C1C(OC)CCC1c1cnccc1S,-6.295,-5.489,0.806,-2.4527,Fase 2_Seletividade
MOL_02870,CC(=O)c1c(F)c(F)nc(O)c1C1CCC(C)C1C(=O)CC(C)C,-9.354,-6.804,2.549999999999999,-2.4526200000000005,Gen 35
MOL_02871,COc1c(C=CF)cc(C(=O)CC(C)C)nc1C1C(C)CCC1OC,-7.1,-6.351,0.7489999999999997,-2.4522950000000012,Gen 95
MOL_02872,COc1cncc(C2CCC(C)C2C(=O)C(C)C(C)C)c1C(N)=O,-9.389,-6.809,2.579999999999999,-2.451295,Gen 145
MOL_02873,CCC(=O)C1C(O)CCC1c1cnccc1N,-7.888,-6.561,1.327,-2.4506950000000014,Fase 3_Super Elite
MOL_02874,CCNC(=O)C1C(F)CCC1c1cnccc1C=O,-7.604,-6.498,1.106,-2.449880000000001,Fase 2_Seletividade
MOL_02875,COc1cnccc1-c1cnccc1-c1cnccc1C(=O)CC(C)C,-7.413,-6.45,0.963,-2.4480000000000013,Gen 158
MOL_02876,CCOC(=O)C1C(C=O)CCC1c1cnccc1S,-6.12,-5.246,0.874,-2.4478,Fase 2_Seletividade
MOL_02877,COC(=O)C1C(O)CCC1c1cnccc1C,-6.689,-6.059,0.63,-2.4477,Fase 2_Seletividade
MOL_02878,CCNC(=O)C1C(F)CCC1c1cnccc1C1CC1,-7.403,-6.448,0.955,-2.445379999999999,Fase 2_Seletividade
MOL_02879,O=C(O)C(=O)C1C(O)CCC1c1cnccc1C1CC1,-8.093,-6.603,1.49,-2.444855000000003,Fase 2_Seletividade
MOL_02880,N#CC1CCC(c2cnccc2F)C1C(=O)C1CCC1,-7.574,-6.492,1.082,-2.4447800000000015,Fase 2_Seletividade
MOL_02881,CCC(=O)c1c(C2CC2)cncc1C1CCC(C)C1C(N)=O,-9.573,-6.835,2.7380000000000004,-2.4423750000000037,Gen 45
MOL_02882,CCNC(=O)C1C(S)CCC1c1cnccc1I,-6.394,-5.646,0.748,-2.4418000000000006,Fase 2_Seletividade
MOL_02883,CCOC(=O)C1C(S)CCC1c1cnccc1F,-6.545,-5.864,0.681,-2.4402,Fase 2_Seletividade
MOL_02884,CC(C)C(=O)C1C(N)CCC1c1cnccc1C=O,-7.076,-6.347,0.729,-2.4390549999999998,Fase 2_Seletividade
MOL_02885,CC(=O)c1c(C2CCC(C)C2C(=O)CC(C)C)cnc(C(F)(F)F)c1C1CC1,-9.316,-6.801,2.515000000000001,-2.436295000000002,Gen 41
MOL_02886,CNC(=O)C1C(OC)CCC1c1cnccc1C(C)C,-6.764,-6.178,0.586,-2.435480000000001,Fase 2_Seletividade
MOL_02887,CNC(=O)C1C(N)CCC1c1cnccc1F,-7.218,-6.397,0.821,-2.435055,Fase 2_Seletividade
MOL_02888,COc1c(-c2c(C)c(C)nc(C(C)=O)c2C(=O)CC(C)C)ccnc1C,-6.84,-6.238,0.6019999999999994,-2.43468,Gen 139
MOL_02889,CCNC(=O)C1C(CF)CCC1c1cnccc1C(C)C,-7.399,-6.45,0.949,-2.434000000000001,Fase 2_Seletividade
MOL_02890,CNC(=O)C1C(N)CCC1c1cnccc1S,-6.767,-6.183,0.584,-2.4334550000000013,Fase 2_Seletividade
MOL_02891,N#CC1CCC(c2cnccc2CF)C1C(=O)O,-6.491,-5.797,0.694,-2.4331000000000005,Fase 2_Seletividade
MOL_02892,CC1CCC(c2cnccc2C=O)C1C(=O)CC1CCC1F,-7.178,-6.385,0.793,-2.432375000000002,Fase 1_Lote Inicial
MOL_02893,COC1CCC(c2cnccc2C2CC2)C1C(=O)C(=O)O,-6.904,-6.276,0.628,-2.431420000000001,Fase 2_Seletividade
MOL_02894,CCc1ccncc1C1CCC(S)C1C(=O)O,-6.475,-5.777,0.698,-2.4311,Fase 2_Seletividade
MOL_02895,CC(=O)c1cnccc1-c1cnccc1C(=O)C(C)C(C)C,-6.487,-5.796,0.6909999999999998,-2.4298,Gen 70
MOL_02896,CCCCC(=O)C1C(C)CCC1c1c(OC)nc(OCC)c(F)c1C=CF,-7.54,-6.488,1.0519999999999996,-2.42718,Gen 31
MOL_02897,COc1ncc(C2CCC(C)C2C(=O)C(C)C(C)C)c(C(N)=O)c1C1CC1,-8.69,-6.71,1.9799999999999995,-2.4250000000000016,Gen 75
MOL_02898,COc1ccncc1C1CCC(S)C1C(=O)C(=O)O,-6.586,-5.946,0.64,-2.423800000000001,Fase 2_Seletividade
MOL_02899,NC(=O)C1C(C=O)CCC1c1cnccc1CF,-7.072,-6.352,0.72,-2.4215800000000005,Fase 2_Seletividade
MOL_02900,CCNC(=O)C1C(OC)CCC1c1cnccc1S,-6.391,-5.672,0.719,-2.4206000000000003,Fase 2_Seletividade
MOL_02901,CNC(=O)C1C(C=O)CCC1c1cnccc1C(F)F,-7.101,-6.363,0.738,-2.4200549999999996,Fase 2_Seletividade
MOL_02902,CCNC(=O)C1C(C=O)CCC1c1cnccc1CC,-6.781,-6.207,0.574,-2.419855,Fase 2_Seletividade
MOL_02903,COC1CCC(c2cnccc2C=O)C1C(C)=O,-6.29,-5.531,0.759,-2.4183000000000003,Fase 2_Seletividade
MOL_02904,COc1ncc(F)c(C=CF)c1C1CCC(C)C1C(N)=O,-8.795,-6.728,2.067,-2.4149800000000043,Gen 27
MOL_02905,COC1CCC(c2cnccc2O)C1C(N)=O,-6.631,-6.023,0.608,-2.414900000000001,Fase 2_Seletividade
MOL_02906,CCNC(=O)C1C(N)CCC1c1cnccc1CC,-6.61,-5.993,0.617,-2.4149000000000003,Fase 2_Seletividade
MOL_02907,CCOC(=O)C1C(CC)CCC1c1cnccc1CC,-6.174,-5.371,0.803,-2.4143000000000003,Fase 2_Seletividade
MOL_02908,CCC(=O)c1c(C2CCC(C)C2C(=O)CC(C)C)cnc(O)c1O,-6.705,-6.131,0.5739999999999998,-2.4133000000000004,Gen 135
MOL_02909,CCCC(=O)C1C(N)CCC1c1cnccc1N,-6.477,-5.806,0.671,-2.4128000000000007,Fase 2_Seletividade
MOL_02910,CNC(=O)C1C(CF)CCC1c1cnccc1Br,-8.022,-6.596,1.426,-2.4102200000000016,Fase 2_Seletividade
MOL_02911,O=CC1CCC(c2cnccc2Br)C1C(=O)C1CCC1,-6.374,-5.663,0.711,-2.4099,Fase 2_Seletividade
MOL_02912,CCCCC(=O)C1C(C)CCC1c1c(OC)nc(C(F)(F)F)c(F)c1C=CF,-9.304,-6.803,2.5010000000000003,-2.409855000000004,Gen 37
MOL_02913,CCNC(=O)C1C(S)CCC1c1cnccc1C(F)F,-6.893,-6.282,0.611,-2.408480000000001,Fase 2_Seletividade
MOL_02914,CC(=O)c1c(C2C(C)CCC2C(=O)C(C)C(C)C)ccnc1C,-7.021,-6.338,0.6829999999999998,-2.407680000000001,Gen 89
MOL_02915,N#CC1CCC(c2cnccc2S)C1C(=O)C=O,-6.384,-5.682,0.702,-2.4066000000000005,Fase 2_Seletividade
MOL_02916,N#CC1CCC(c2cnccc2Br)C1C(N)=O,-6.891,-6.282,0.609,-2.406480000000001,Fase 2_Seletividade
MOL_02917,C=Cc1ccncc1C1CCC(OC)C1C(=O)CCC,-6.283,-5.541,0.742,-2.4043000000000005,Fase 1_Lote Inicial
MOL_02918,CCC(CC)C(=O)C1C(C)CCC1c1c(C#N)ccnc1C(F)(F)F,-6.926,-6.3,0.6260000000000003,-2.403500000000002,Gen 17
MOL_02919,COc1nc(C)c(C)c(C(=O)CC(C)C)c1OC,-8.067,-6.606,1.4610000000000003,-2.403120000000003,Gen 102
MOL_02920,CCOC(=O)C1C(C#N)CCC1c1cnccc1C#N,-6.306,-5.576,0.73,-2.4028000000000005,Fase 2_Seletividade
MOL_02921,CCc1ccncc1C1CCC(F)C1C(=O)C(=O)O,-8.098,-6.612,1.486,-2.4023800000000017,Fase 2_Seletividade
MOL_02922,CC(=O)C1C(N)CCC1c1cnccc1C(F)F,-6.825,-6.249,0.576,-2.401695000000001,Fase 2_Seletividade
MOL_02923,COC(=O)C1C(OC)CCC1c1cnccc1OC,-6.521,-5.886,0.635,-2.4008000000000003,Fase 2_Seletividade
MOL_02924,CCC(=O)c1nc(C)c(C)c(C2CCC(C)C2OC)c1C(N)=O,-9.081,-6.773,2.308,-2.3992550000000037,Gen 99
MOL_02925,CC(C)C(=O)C1C(S)CCC1c1cnccc1N,-6.595,-5.996,0.599,-2.3977999999999993,Fase 2_Seletividade
MOL_02926,COc1ccncc1-c1c(O)nc(C)c(O)c1OC,-6.59,-5.989,0.601,-2.3977000000000004,Gen 135
MOL_02927,CNC(=O)C1C(O)CCC1c1cnccc1N,-7.301,-6.433,0.868,-2.3974550000000017,Fase 2_Seletividade
MOL_02928,COC1CCC(c2cnccc2S)C1C(C)=O,-6.071,-5.248,0.823,-2.3973999999999998,Fase 2_Seletividade
MOL_02929,CCCC(C)C(=O)C1C(C)CCC1c1c(C=CF)cc(OC)nc1OC,-7.409,-6.463,0.9459999999999996,-2.395055000000001,Gen 28
MOL_02930,C=Cc1ccncc1C1CCC(C)C1C(=O)C(C)(C)C,-6.684,-6.128,0.556,-2.3944,Fase 1_Lote Inicial
MOL_02931,COc1cc(C=CF)c(C2C(C)CCC2C(C)=O)c(C(C)=O)n1,-6.846,-6.265,0.5810000000000004,-2.394375000000001,Gen 142
MOL_02932,COC1CCC(C)C1c1cc(C=CF)c(C(C)=O)c(C(=O)CC(C)C)n1,-7.944,-6.584,1.3600000000000003,-2.3934200000000034,Gen 167
MOL_02933,CC(=O)c1c(C2CCC(C)C2C(=O)CC(C)C)cnc(C)c1F,-8.02,-6.599,1.4209999999999994,-2.392695,Gen 30
MOL_02934,CCNC(=O)C1C(F)CCC1c1cnccc1I,-6.544,-5.931,0.613,-2.3922999999999996,Fase 2_Seletividade
MOL_02935,CCC1CCC(c2cnccc2N)C1C(=O)O,-6.863,-6.276,0.587,-2.3904200000000015,Fase 2_Seletividade
MOL_02936,CCC1CCC(c2cnccc2C2CC2)C1C(=O)OC,-6.63,-6.06,0.57,-2.388000000000001,Fase 2_Seletividade
MOL_02937,CCC(=O)C1C(O)CCC1c1cnccc1C=O,-7.752,-6.546,1.206,-2.38572,Fase 2_Seletividade
MOL_02938,NC1CCC(c2cnccc2C(F)F)C1C(=O)C=O,-7.454,-6.477,0.977,-2.3854549999999994,Fase 2_Seletividade
MOL_02939,CCC(=O)C1C(OC)CCC1c1cnccc1I,-6.517,-5.904,0.613,-2.3842000000000008,Fase 2_Seletividade
MOL_02940,COC1CCC(c2cnccc2C=O)C1C(=O)O,-6.349,-5.665,0.684,-2.3835000000000006,Fase 2_Seletividade
MOL_02941,CC(C)c1ccncc1C1CCC(O)C1C(N)=O,-7.541,-6.499,1.042,-2.3826950000000036,Fase 2_Seletividade
MOL_02942,CC(=O)C1C(O)CCC1c1cnccc1O,-6.93,-6.311,0.619,-2.382695,Fase 2_Seletividade
MOL_02943,CNC(=O)C1C(OC)CCC1c1cnccc1N,-6.973,-6.329,0.644,-2.3824950000000014,Fase 2_Seletividade
MOL_02944,CC(C)CC(=O)c1ccncc1-c1cnccc1C(=O)CC(C)C,-7.857,-6.569,1.2880000000000005,-2.3808950000000015,Gen 158
MOL_02945,CCCC(=O)C1C(CC)CCC1c1cnccc1CF,-6.569,-5.984,0.585,-2.3802000000000003,Fase 1_Lote Inicial
MOL_02946,CC(=O)c1c(C2C(C)CCC2C(C)=O)nc(C)c(C)c1C(=O)CC(C)C,-9.026,-6.768,2.258,-2.3787800000000034,Gen 102
MOL_02947,CC(=O)c1cc(C=CF)c(C(C)=O)c(-c2ccncc2C(=O)C(C)C(C)C)n1,-7.305,-6.44,0.8649999999999993,-2.3765,Gen 103
MOL_02948,CCCCC(=O)C1C(C)CCC1c1c(C=CF)cc(O)nc1OC,-7.437,-6.475,0.9620000000000006,-2.376375000000003,Gen 28
MOL_02949,O=CC1CCC(c2cnccc2CF)C1C(=O)C1CCC1,-7.218,-6.415,0.803,-2.3763750000000012,Fase 2_Seletividade
MOL_02950,CNC(=O)C1C(S)CCC1c1cnccc1OC,-6.571,-5.996,0.575,-2.3737999999999992,Fase 2_Seletividade
MOL_02951,COc1cnccc1-c1nc(C(C)=O)cc(C=CF)c1C(C)=O,-6.956,-6.326,0.6300000000000008,-2.3729200000000024,Gen 103
MOL_02952,CNC(=O)C1C(C#N)CCC1c1cnccc1F,-7.531,-6.499,1.032,-2.372695000000003,Fase 2_Seletividade
MOL_02953,CCNC(=O)C1C(F)CCC1c1cnccc1CF,-7.819,-6.563,1.256,-2.372055000000003,Fase 2_Seletividade
MOL_02954,COC1CCC(c2cnccc2Br)C1C(=O)C=O,-6.424,-5.789,0.635,-2.3717000000000006,Fase 2_Seletividade
MOL_02955,CCc1c(C)nc(C)c(C2CCC(C)C2C(=O)C(C)C(C)C)c1C(N)=O,-8.375,-6.667,1.7080000000000002,-2.371655000000004,Gen 65
MOL_02956,CCNC(=O)C1C(OC)CCC1c1cnccc1C#N,-6.681,-6.156,0.525,-2.37162,Fase 2_Seletividade
MOL_02957,N#Cc1ccncc1C1CCC(N)C1C(=O)C1CCC1,-8.451,-6.68,1.771,-2.370500000000005,Fase 2_Seletividade
MOL_02958,CC(=O)c1ccnc(C)c1C1C(C)CCC1c1ccnc(C)c1C(C)=O,-8.029,-6.605,1.4239999999999997,-2.3703749999999992,Gen 93
MOL_02959,COC(=O)C1C(OC)CCC1c1cnccc1F,-6.538,-5.955,0.583,-2.3695000000000004,Fase 2_Seletividade
MOL_02960,CCC1CCC(c2cnccc2N)C1C(=O)C1CCC1,-7.112,-6.384,0.728,-2.36942,Fase 2_Seletividade
MOL_02961,O=C(C1CCC1)C1C(O)CCC1c1cnccc1S,-7.364,-6.458,0.906,-2.3690800000000003,Fase 2_Seletividade
MOL_02962,NC(=O)C1C(O)CCC1c1cnccc1C(F)F,-7.643,-6.526,1.117,-2.3679200000000025,Fase 2_Seletividade
MOL_02963,CC(=O)c1c(O)cnc(C)c1C1CCC(C)C1C(=O)C(C)C(C)C,-9.445,-6.828,2.617,-2.36698,Gen 54
MOL_02964,COc1nc(C)c(C)c(C=NO)c1C1CCC(C)C1C(=O)CC(C)C,-7.013,-6.351,0.6619999999999999,-2.3652950000000015,Gen 22
MOL_02965,CCC(=O)C1C(CC)CCC1c1cnccc1N,-6.347,-5.689,0.658,-2.3647000000000005,Fase 2_Seletividade
MOL_02966,CNC(=O)C1C(S)CCC1c1cnccc1C=O,-6.119,-5.366,0.753,-2.3628000000000005,Fase 2_Seletividade
MOL_02967,CCCC(=O)C1C(F)CCC1c1cnccc1O,-7.682,-6.536,1.146,-2.3618200000000034,Fase 2_Seletividade
MOL_02968,CCC(=O)c1cnccc1C1CCC(C)C1c1cnccc1C(C)=O,-7.155,-6.401,0.7540000000000004,-2.359295000000002,Gen 83
MOL_02969,CCC(=O)c1ccncc1C1C(C)CCC1C(C)=O,-8.386,-6.671,1.714999999999999,-2.359095,Gen 83
MOL_02970,COC1CCC(C)C1c1nc(C)c(C)c(C(=O)C(C)C(C)C)c1C(C)=O,-8.617,-6.709,1.9080000000000013,-2.3582950000000062,Gen 155
MOL_02971,CCCC(=O)C1C(O)CCC1c1cnccc1C(=O)OC,-7.687,-6.538,1.149,-2.357680000000001,Fase 1_Lote Inicial
MOL_02972,CCNC(=O)C1C(S)CCC1c1cnccc1C1CC1,-6.848,-6.285,0.563,-2.357375,Fase 2_Seletividade
MOL_02973,CCOC(=O)C1C(C)CCC1c1cnccc1C(C)C,-6.448,-5.844,0.604,-2.3572000000000006,Fase 2_Seletividade
MOL_02974,NC1CCC(c2cnccc2S)C1C(=O)O,-6.434,-5.824,0.61,-2.3572000000000006,Fase 2_Seletividade
MOL_02975,CC(=O)c1c(-c2cnccc2C(=O)CC(C)C)ccnc1C,-6.634,-6.115,0.5190000000000001,-2.3535000000000004,Gen 93
MOL_02976,CC1CCC(c2c(C(F)(F)F)ncc(C3CC3)c2C#N)C1C(N)=O,-9.02,-6.771,2.249,-2.352095000000002,Gen 22
MOL_02977,CCNC(=O)C1C(C)CCC1c1cnccc1C1CC1,-7.436,-6.481,0.955,-2.3514950000000017,Fase 2_Seletividade
MOL_02978,CCC1CCC(c2cnccc2C(C)C)C1C(N)=O,-7.176,-6.41,0.766,-2.351000000000001,Fase 2_Seletividade
MOL_02979,N#Cc1ccncc1C1CCC(S)C1C(=O)C=O,-6.272,-5.603,0.669,-2.3499000000000008,Fase 2_Seletividade
MOL_02980,COC1CCC(C)C1c1cnccc1-c1ccncc1C(C)=O,-6.888,-6.307,0.5809999999999995,-2.349855,Gen 133
MOL_02981,COC(=O)C1C(OC)CCC1c1cnccc1Br,-6.227,-5.539,0.688,-2.349700000000001,Fase 2_Seletividade
MOL_02982,N#Cc1ccncc1C1CCC(CF)C1C(=O)C(N)=O,-7.94,-6.592,1.348,-2.348780000000004,Fase 3_Super Elite
MOL_02983,CCNC(=O)C1C(S)CCC1c1cnccc1C#N,-6.902,-6.314,0.588,-2.3477200000000007,Fase 2_Seletividade
MOL_02984,Cc1ccncc1C1CCC(N)C1C(N)=O,-7.814,-6.567,1.247,-2.3476550000000014,Fase 2_Seletividade
MOL_02985,CC(C)c1ccncc1C1CCC(C=O)C1C(=O)O,-6.748,-6.235,0.513,-2.3473750000000004,Fase 2_Seletividade
MOL_02986,CCC1CCC(c2cnccc2C=O)C1C(=O)C1CCC1,-6.324,-5.682,0.642,-2.3466,Fase 2_Seletividade
MOL_02987,CCOC(=O)C1C(C=O)CCC1c1cnccc1O,-6.226,-5.545,0.681,-2.3445000000000005,Fase 2_Seletividade
MOL_02988,CNC(=O)C1C(OC)CCC1c1cnccc1OC,-6.534,-5.989,0.545,-2.3417000000000003,Fase 2_Seletividade
MOL_02989,CCNC(=O)C1C(S)CCC1c1cnccc1Br,-6.522,-5.972,0.55,-2.3416000000000006,Fase 2_Seletividade
MOL_02990,NC(=O)C1C(C=O)CCC1c1cnccc1F,-6.923,-6.326,0.597,-2.339920000000002,Fase 2_Seletividade
MOL_02991,Cc1ccncc1C1CCC(C#N)C1C(=O)O,-7.488,-6.497,0.991,-2.3380550000000024,Fase 2_Seletividade
MOL_02992,CC(=O)c1c(C(F)(F)Cl)cnc(C)c1C1CCC(C)C1C(=O)CC(C)C,-6.885,-6.311,0.5739999999999998,-2.337695,Gen 43
MOL_02993,CC(C)C(C)C(C)C(N)=O,-5.901,-5.091,0.8099999999999996,-2.3373,Gen 64
MOL_02994,CNC(=O)C1C(C#N)CCC1c1cnccc1C,-7.98,-6.602,1.378,-2.337080000000001,Fase 2_Seletividade
MOL_02995,COC1CCC(C)C1c1ccncc1C1C(C)CCC1OC,-6.561,-6.036,0.5250000000000004,-2.3358000000000008,Gen 133
MOL_02996,COC1CCC(C)C1c1cnccc1C1C(C)CCC1C(C)=O,-7.73,-6.552,1.1780000000000008,-2.3355800000000038,Gen 122
MOL_02997,[C-]#[N+]c1ccncc1C1CCC(C)C1C(=O)CCCC,-6.193,-5.511,0.682,-2.3352999999999997,Fase 1_Lote Inicial
MOL_02998,C=C=Cc1cc(C)ncc1C1CCC(C)C1C(=O)C(C)=CC,-10.06,-6.91,3.1500000000000004,-2.3350000000000026,Gen 8
MOL_02999,CC1CCC(c2cnccc2C(F)F)C1C(=O)C(N)=O,-8.78,-6.738,2.042,-2.3346799999999988,Fase 3_Super Elite
MOL_03000,CCNC(=O)C1C(OC)CCC1c1cnccc1C,-6.861,-6.302,0.559,-2.334080000000001,Fase 2_Seletividade
MOL_03001,CCC1CCC(c2cnccc2O)C1C(=O)C(=O)O,-6.881,-6.311,0.57,-2.3336950000000005,Fase 2_Seletividade
MOL_03002,CC(C)CCC(=O)C1CC1,-5.888,-5.078,0.8099999999999996,-2.3334,Gen 62
MOL_03003,COc1ccncc1C1CCC(N)C1C(=O)C1CC1,-6.3,-5.668,0.632,-2.3324,Fase 2_Seletividade
MOL_03004,COC1CCC(c2cnccc2C#N)C1C(C)=O,-6.332,-5.716,0.616,-2.3308,Fase 2_Seletividade
MOL_03005,N#Cc1ccncc1C1CCC(O)C1C(=O)C1CC1,-7.587,-6.522,1.065,-2.3296800000000006,Fase 2_Seletividade
MOL_03006,CCCC(=O)C1C(C#N)CCC1c1cnccc1I,-6.26,-5.615,0.645,-2.3295,Fase 2_Seletividade
MOL_03007,NC(=O)C(=O)C1C(F)CCC1c1cnccc1N,-8.278,-6.658,1.62,-2.3270800000000005,Fase 3_Super Elite
MOL_03008,CNC(=O)C1C(N)CCC1c1cnccc1Br,-6.757,-6.253,0.504,-2.326855,Fase 2_Seletividade
MOL_03009,COC(=O)C1C(OC)CCC1c1cnccc1CF,-6.383,-5.795,0.588,-2.3265000000000002,Fase 2_Seletividade
MOL_03010,COC1C(C)CCC1C(C)=O,-5.997,-5.245,0.7519999999999998,-2.3255,Gen 90
MOL_03011,CC(=O)c1ccnc(C(F)(F)F)c1C1CCC(C)C1C(=O)CC(C)C,-6.943,-6.34,0.6029999999999998,-2.3245000000000005,Gen 16
MOL_03012,CCC1CCC(c2cnccc2C=O)C1C(=O)NC,-6.6,-6.108,0.492,-2.3244,Fase 2_Seletividade
MOL_03013,CC=CC(=O)C1C(F)CCC1c1cnccc1C=NO,-8.09,-6.625,1.465,-2.3243750000000025,Fase 1_Lote Inicial
MOL_03014,CCC1CCC(c2cnccc2N)C1C(C)=O,-6.42,-5.853,0.567,-2.3229000000000006,Fase 2_Seletividade
MOL_03015,COC1CCC(c2cnccc2CF)C1C(N)=O,-6.562,-6.056,0.506,-2.322800000000001,Fase 2_Seletividade
MOL_03016,CCc1ccncc1C1CCC(O)C1C(=O)NC,-7.828,-6.575,1.253,-2.322375000000001,Fase 2_Seletividade
MOL_03017,CCC(C)CC(=O)C1C(C)CCC1c1c(OC)ncc(F)c1C=CF,-6.559,-6.056,0.5030000000000001,-2.3198000000000008,Gen 27
MOL_03018,COc1c(-c2c(C)c(C)nc(C(=O)C(C)C(C)C)c2C(C)=O)ccnc1C,-8.224,-6.65,1.5739999999999998,-2.319,Gen 139
MOL_03019,O=CC(=O)C1C(S)CCC1c1cnccc1S,-6.071,-5.361,0.71,-2.3183000000000002,Fase 2_Seletividade
MOL_03020,CCOC(=O)C1C(S)CCC1c1cnccc1N,-6.016,-5.293,0.723,-2.3109,Fase 2_Seletividade
MOL_03021,COC1CCC(c2cnccc2I)C1C(=O)C1CC1,-6.268,-5.655,0.613,-2.3095,Fase 2_Seletividade
MOL_03022,CCc1ccncc1C1CCC(N)C1C(=O)C1CCC1,-7.161,-6.418,0.743,-2.309280000000001,Fase 2_Seletividade
MOL_03023,COc1cnccc1-c1ccnc(C)c1-c1cnccc1C(=O)C(C)C(C)C,-6.706,-6.233,0.4730000000000007,-2.3084550000000013,Gen 132
MOL_03024,CCNC(=O)C1C(N)CCC1c1cnccc1C(C)C,-7.014,-6.372,0.642,-2.3071800000000016,Fase 2_Seletividade
MOL_03025,CC(=O)c1c(F)c(Cl)nc(O)c1C1CCC(C)C1C(=O)CC(C)C,-9.229,-6.807,2.421999999999999,-2.3058549999999993,Gen 39
MOL_03026,Cc1ccncc1C1CCC(S)C1C(=O)O,-6.314,-5.726,0.588,-2.3058000000000005,Fase 2_Seletividade
MOL_03027,CCCCCC(=O)C1C(C)CCC1c1c(C=CF)ccnc1OC,-6.613,-6.154,0.4590000000000005,-2.3051200000000014,Gen 26
MOL_03028,CCCC(=O)C1C(S)CCC1c1cnccc1N,-6.412,-5.867,0.545,-2.3051000000000004,Fase 2_Seletividade
MOL_03029,CCCCC(=O)C1C(C)CCC1c1c(OC)ncc(OCC)c1C=CF,-6.937,-6.346,0.5910000000000002,-2.3027200000000008,Gen 33
MOL_03030,[C-]#[N+]c1ccncc1C1CCC(C)C1C(=O)C(C)(C)C,-6.647,-6.194,0.453,-2.301520000000001,Fase 1_Lote Inicial
MOL_03031,COC1CCC(c2cnccc2F)C1C(=O)C=O,-6.288,-5.695,0.593,-2.3015000000000003,Fase 2_Seletividade
MOL_03032,COc1ccncc1-c1ccnc(C)c1-c1cnccc1C(=O)C(C)C(C)C,-6.649,-6.196,0.4530000000000003,-2.3012200000000007,Gen 132
MOL_03033,COc1nc(OC)c(C2CCC(C)C2C(=O)CCC(C)C)c(C=CF)c1C,-8.292,-6.665,1.6269999999999998,-2.3003750000000016,Gen 32
MOL_03034,COc1ccncc1-c1nc(C(C)=O)cc(C=CF)c1C(=O)CCC(C)C,-7.21,-6.435,0.7750000000000004,-2.299375000000003,Gen 103
MOL_03035,CC(=O)c1ccnc(C)c1C1C(C)CCC1C(=O)CC(C)C,-8.1,-6.632,1.468,-2.2959800000000037,Gen 65
MOL_03036,COC1CCC(c2cnccc2CF)C1C(=O)C1CC1,-6.275,-5.687,0.588,-2.2941000000000003,Fase 2_Seletividade
MOL_03037,CCC1CCC(c2cnccc2S)C1C(C)=O,-6.237,-5.633,0.604,-2.2939000000000003,Fase 2_Seletividade
MOL_03038,CC(C)C(=O)C1C(C)CCC1c1cnccc1C=NO,-8.059,-6.625,1.434,-2.293375000000002,Fase 1_Lote Inicial
MOL_03039,CC(=O)c1ccnc(C)c1-c1cnccc1C(=O)CCC(C)C,-8.52,-6.704,1.816,-2.292620000000004,Gen 64
MOL_03040,CCCC(=O)C1C(C#N)CCC1c1cnccc1Br,-6.344,-5.79,0.554,-2.2910000000000004,Fase 2_Seletividade
MOL_03041,CC(=O)c1c(C)c(C)nc(C(=O)CC(C)C)c1C1C(C)CCC1C(C)=O,-8.139,-6.64,1.4989999999999997,-2.2905000000000033,Gen 152
MOL_03042,COC1CCC(c2cnccc2S)C1C(=O)O,-6.225,-5.622,0.603,-2.2896,Fase 2_Seletividade
MOL_03043,CCOC(=O)C1C(C=O)CCC1c1cnccc1C#N,-6.108,-5.455,0.653,-2.2895,Fase 2_Seletividade
MOL_03044,CC(=O)C1CCC(C)C1c1c(O)c(C)nc(O)c1C(=O)CC(C)C,-7.66,-6.547,1.1130000000000004,-2.289055000000003,Gen 153
MOL_03045,CCC(C)C(=O)C1C(CC)CCC1c1c(C#N)ccnc1C(F)(F)F,-8.313,-6.671,1.6420000000000003,-2.2860950000000013,Gen 17
MOL_03046,NC(=O)C(=O)C1C(O)CCC1c1cnccc1I,-7.657,-6.547,1.11,-2.286055000000003,Fase 3_Super Elite
MOL_03047,CNC(=O)C1C(C=O)CCC1c1cnccc1O,-6.804,-6.298,0.506,-2.2858800000000006,Fase 2_Seletividade
MOL_03048,CC(C)CC(=O)C1C(C)CCC1c1cnc(C(F)(F)F)c(F)c1C(N)=O,-9.393,-6.832,2.561000000000001,-2.2849800000000045,Gen 105
MOL_03049,COC(=O)C1C(OC)CCC1c1cnccc1S,-6.139,-5.512,0.627,-2.2806000000000006,Fase 2_Seletividade
MOL_03050,N#Cc1ccncc1C1CCC(S)C1C(=O)C1CCC1,-7.155,-6.425,0.73,-2.2793750000000017,Fase 2_Seletividade
MOL_03051,O=C(C1CCC1)C1C(S)CCC1c1cnccc1CF,-6.468,-5.986,0.482,-2.2778,Fase 2_Seletividade
MOL_03052,CCCC(=O)C1C(S)CCC1c1cnccc1I,-6.351,-5.823,0.528,-2.2748999999999997,Fase 2_Seletividade
MOL_03053,CC(C)C(C)CCC(N)=O,-5.94,-5.237,0.7030000000000003,-2.2741000000000007,Gen 35
MOL_03054,N#CNc1ccncc1C1CCC(F)C1C(=O)CC(F)(F)F,-8.501,-6.704,1.797,-2.2736200000000037,Fase 1_Lote Inicial
MOL_03055,NC1CCC(c2cnccc2C2CC2)C1C(=O)C1CC1,-6.573,-6.142,0.431,-2.2736,Fase 2_Seletividade
MOL_03056,CCC(=O)c1c(C(C)=O)nc(C)c(C)c1C1C(C)CCC1C(C)=O,-6.696,-6.249,0.447,-2.2726950000000006,Gen 94
MOL_03057,CNC(=O)C1C(CF)CCC1c1cnccc1C#N,-7.226,-6.447,0.779,-2.272055000000001,Fase 2_Seletividade
MOL_03058,CCC(=O)c1c(C(C)=O)cncc1C1CCC(C)C1C(=O)CC,-6.495,-6.034,0.4610000000000003,-2.2712000000000003,Gen 51
MOL_03059,CCCC(C(=O)C1C(C)CCC1c1c(O)nc(C)c(O)c1C(C)=O)C(C)C,-9.001,-6.78,2.220999999999999,-2.2705,Gen 109
MOL_03060,CCNC(=O)C1C(S)CCC1c1cnccc1N,-6.435,-5.95,0.485,-2.2699999999999996,Fase 2_Seletividade
MOL_03061,CC(=O)C1C(N)CCC1c1cnccc1C1CC1,-7.338,-6.477,0.861,-2.269455,Fase 2_Seletividade
MOL_03062,CCC(C)C(=O)c1c(O)c(C)nc(O)c1C1CCC(C)C1C(=O)CC(C)C,-6.689,-6.247,0.4420000000000001,-2.2690550000000007,Gen 124
MOL_03063,COc1nc(Cl)c(Cl)c(C(C)=O)c1C1CCC(C)C1C(=O)CC(C)C,-6.639,-6.215,0.4240000000000004,-2.2673750000000013,Gen 40
MOL_03064,COC(=O)C1C(S)CCC1c1cnccc1OC,-5.791,-5.034,0.757,-2.2672000000000008,Fase 2_Seletividade
MOL_03065,CCC(=O)c1c(-c2cnccc2C(C)=O)nc(C)c(C)c1C(=O)CC,-6.942,-6.361,0.5810000000000004,-2.266695000000002,Gen 98
MOL_03066,COC(=O)C1C(OC)CCC1c1cnccc1C,-6.392,-5.894,0.498,-2.2662000000000004,Fase 2_Seletividade
MOL_03067,CCC1CCC(c2cnccc2Br)C1C(=O)C=O,-6.007,-5.344,0.663,-2.2661999999999995,Fase 2_Seletividade
MOL_03068,CCC(=O)C1C(OC)CCC1c1cnccc1Br,-6.159,-5.563,0.596,-2.2649000000000004,Fase 2_Seletividade
MOL_03069,CCNC(=O)C1C(N)CCC1c1cnccc1O,-7.438,-6.503,0.935,-2.262855000000001,Fase 2_Seletividade
MOL_03070,CC(=O)c1ccnc(C)c1C(C)=O,-5.829,-5.095,0.734,-2.2625,Gen 93
MOL_03071,COC(=O)C1C(C=O)CCC1c1cnccc1Br,-6.183,-5.605,0.578,-2.2594999999999996,Fase 2_Seletividade
MOL_03072,CC(=O)c1cnccc1-c1nc(C)c(C)c(C(C)=O)c1C(=O)CC(C)C,-6.686,-6.252,0.4340000000000001,-2.257580000000001,Gen 162
MOL_03073,CC(=O)c1nc(C)c(C)c(C2CCC(C)C2C(C)=O)c1C(=O)CC(C)C,-8.478,-6.703,1.7749999999999997,-2.256855,Gen 121
MOL_03074,CCC1CCC(c2cnccc2F)C1C(=O)C(C)C,-6.439,-5.975,0.464,-2.256500000000001,Fase 2_Seletividade
MOL_03075,CCC(=O)c1c(Cl)c(Cl)nc(Cl)c1C1CCC(C)C1C(=O)CC(C)C,-6.71,-6.267,0.4429999999999996,-2.2546550000000005,Gen 34
MOL_03076,CC(C)CC(=O)C1C(C)CCC1c1c(F)nc(Cl)c(F)c1C(=O)C(C)C,-7.143,-6.429,0.7139999999999995,-2.253495,Gen 33
MOL_03077,O=C(O)C(=O)C1C(S)CCC1c1cnccc1S,-6.012,-5.371,0.641,-2.2522999999999995,Fase 2_Seletividade
MOL_03078,CCC(=O)c1cncc(C(=O)CC)c1C1C(C)CCC1C(=O)CC,-6.181,-5.614,0.5670000000000002,-2.2512000000000003,Gen 52
MOL_03079,CCOC(=O)C1C(C#N)CCC1c1cnccc1S,-6.211,-5.657,0.554,-2.2511000000000005,Fase 2_Seletividade
MOL_03080,CCC1CCC(c2cnccc2C(F)F)C1C(=O)O,-6.427,-5.966,0.461,-2.2508,Fase 2_Seletividade
MOL_03081,CCc1ccncc1C1CCC(O)C1C(=O)C1CC1,-7.826,-6.589,1.237,-2.250094999999999,Fase 2_Seletividade
MOL_03082,Cc1nc(O)c(C2CCC(C)C2C(=O)CC(C)C)c(C(=O)CC(C)C)c1O,-6.57,-6.175,0.3950000000000004,-2.2443750000000007,Gen 124
MOL_03083,COc1ccncc1C1CCC(S)C1C(=O)C1CCC1,-6.369,-5.895,0.474,-2.2425000000000006,Fase 2_Seletividade
MOL_03084,CCC(=O)c1c(Cl)c(Cl)nc(F)c1C1CCC(C)C1C(=O)CC(C)C,-7.185,-6.445,0.7399999999999993,-2.2383749999999996,Gen 33
MOL_03085,CCC1CCC(c2cnccc2N)C1C(=O)NC,-7.256,-6.464,0.792,-2.23822,Fase 2_Seletividade
MOL_03086,CCC(=O)c1ccncc1-c1c(C(=O)CC(C)C)cncc1C1CC1,-6.547,-6.156,0.391,-2.2376199999999997,Gen 48
MOL_03087,COC(=O)C1C(N)CCC1c1cnccc1Br,-6.368,-5.903,0.465,-2.235900000000001,Fase 2_Seletividade
MOL_03088,CNC(=O)C1C(O)CCC1c1cnccc1CF,-6.593,-6.204,0.389,-2.235620000000001,Fase 2_Seletividade
MOL_03089,NC1CCC(c2cnccc2I)C1C(=O)C=O,-6.08,-5.497,0.583,-2.2321000000000004,Fase 2_Seletividade
MOL_03090,CCC(=O)C1CCC(C)C1c1c(C2CC2)cncc1C1CC1,-6.45,-6.026,0.4240000000000004,-2.2318000000000007,Gen 52
MOL_03091,CC(=O)c1c(C)c(C)nc(C)c1C1CCC(C)C1C(=O)CC(C)C,-7.986,-6.623,1.3629999999999995,-2.231255,Gen 51
MOL_03092,COc1cc(C=CF)c(C(C)=O)c(-c2cnccc2C(=O)C(C)C(C)C)n1,-7.131,-6.432,0.6989999999999998,-2.2309800000000006,Gen 132
MOL_03093,CCNC(=O)C1C(S)CCC1c1cnccc1CF,-6.417,-5.985,0.432,-2.2275,Fase 2_Seletividade
MOL_03094,CC(=O)c1c(-c2cnccc2C(=O)C(C)C(C)C)ccnc1C,-6.659,-6.255,0.4039999999999999,-2.2253750000000005,Gen 93
MOL_03095,CCNC(=O)C1C(C=O)CCC1c1cnccc1S,-6.877,-6.353,0.524,-2.2238550000000012,Fase 2_Seletividade
MOL_03096,CC(C)CC(=O)C1CC1,-5.448,-4.61,0.8380000000000001,-2.2210000000000005,Gen 62
MOL_03097,CC(C)CC(=O)C1C(C)CCC1c1cncc(F)c1C(=O)C(C)C,-7.147,-6.44,0.7069999999999999,-2.2185000000000006,Gen 136
MOL_03098,CNC(=O)C1C(C=O)CCC1c1cnccc1N,-7.116,-6.432,0.684,-2.21598,Fase 2_Seletividade
MOL_03099,O=C(O)C1C(CF)CCC1c1cnccc1S,-6.075,-5.513,0.562,-2.2159000000000004,Fase 2_Seletividade
MOL_03100,CCC(=O)C1C(OC)CCC1c1cnccc1OC,-5.897,-5.26,0.637,-2.2150000000000007,Fase 2_Seletividade
MOL_03101,CNC(=O)C1C(N)CCC1c1cnccc1O,-7.437,-6.514,0.923,-2.2147200000000007,Fase 2_Seletividade
MOL_03102,CCNC(=O)C1C(N)CCC1c1cnccc1C,-7.424,-6.511,0.913,-2.2146950000000016,Fase 2_Seletividade
MOL_03103,CCC(=O)C1C(C)CCC1c1ccncc1C1C(C)CCC1C(C)=O,-8.766,-6.754,2.0120000000000005,-2.2141200000000056,Gen 81
MOL_03104,CC(=O)c1cnccc1-c1ccncc1C1C(C)CCC1C(C)=O,-7.055,-6.416,0.6389999999999993,-2.210019999999999,Gen 133
MOL_03105,COC1C(C)CCC1c1c(C)c(C)nc(C(C)=O)c1C(=O)C(C)C,-6.909,-6.37,0.5389999999999997,-2.208000000000001,Gen 96
MOL_03106,CCC(=O)c1nc(C(=O)CC(C)C)cc(C=CF)c1-c1cnccc1OC,-7.898,-6.611,1.287,-2.207695000000003,Gen 96
MOL_03107,NC1CCC(c2cnccc2Br)C1C(=O)C=O,-6.07,-5.519,0.551,-2.2067000000000005,Fase 2_Seletividade
MOL_03108,CC(C)c1ccncc1C1CCC(C=O)C1C(N)=O,-6.934,-6.379,0.555,-2.206495000000003,Fase 2_Seletividade
MOL_03109,COC1CCC(c2cnccc2C(F)F)C1C(N)=O,-8.04,-6.638,1.402,-2.2026800000000017,Fase 2_Seletividade
MOL_03110,O=CC(=O)C1C(S)CCC1c1cnccc1I,-5.95,-5.357,0.593,-2.2001000000000004,Fase 2_Seletividade
MOL_03111,CCCC(=O)C1C(C)CCC1c1cnc(C)c(OC)c1C#N,-6.356,-5.938,0.4180000000000001,-2.1994000000000007,Gen 23
MOL_03112,CCNC(=O)C1C(CC)CCC1c1cnccc1C#N,-7.221,-6.465,0.756,-2.1993750000000025,Fase 2_Seletividade
MOL_03113,CCC1CCC(c2cnccc2S)C1C(=O)C1CC1,-6.035,-5.48,0.555,-2.1990000000000003,Fase 2_Seletividade
MOL_03114,CCC(C)C(=O)C1C(C)CCC1c1c(C(F)(F)F)ncc(O)c1C#N,-6.563,-6.21,0.3529999999999997,-2.1980000000000004,Gen 25
MOL_03115,CC(=O)c1ccncc1-c1nc(C)c(C)c(C(=O)CC(C)C)c1C(C)=O,-7.85,-6.604,1.2459999999999996,-2.196620000000001,Gen 164
MOL_03116,CC1CCC(c2cnccc2C#N)C1C(=O)C(N)=O,-8.386,-6.698,1.688,-2.195879999999999,Fase 3_Super Elite
MOL_03117,O=C(O)C1C(CF)CCC1c1cnccc1O,-7.588,-6.552,1.036,-2.1935800000000034,Fase 2_Seletividade
MOL_03118,CCNC(=O)C1C(CF)CCC1c1cnccc1O,-7.464,-6.525,0.939,-2.1933750000000005,Fase 2_Seletividade
MOL_03119,CCC1CCC(c2cnccc2C)C1C(=O)NC,-6.525,-6.183,0.342,-2.1914550000000013,Fase 2_Seletividade
MOL_03120,CCC1CCC(c2cnccc2C(F)F)C1C(=O)C(=O)O,-7.661,-6.568,1.093,-2.1897800000000034,Fase 2_Seletividade
MOL_03121,CCCC(=O)c1c(O)cncc1C1CCC(C)C1C(=O)CC(C)C,-6.914,-6.378,0.5359999999999996,-2.1894800000000005,Gen 61
MOL_03122,COc1cnc(C)c(C2CCC(C)C2C(=O)C(C)C(C)C)c1C(N)=O,-7.675,-6.571,1.104,-2.1890950000000027,Gen 50
MOL_03123,CCc1ccncc1C1CCC(N)C1C(=O)NC,-7.509,-6.536,0.973,-2.1888200000000033,Fase 2_Seletividade
MOL_03124,COc1ccncc1-c1c(C=CF)cc(C(C)=O)nc1C(=O)C(C)C(C)C,-7.289,-6.485,0.8039999999999994,-2.1883749999999997,Gen 140
MOL_03125,Cc1ccncc1C1CCC(N)C1C(=O)C=O,-7.022,-6.413,0.609,-2.187055000000001,Fase 2_Seletividade
MOL_03126,CC(C)C(=O)C1C(N)CCC1c1cnccc1S,-6.164,-5.688,0.476,-2.1824000000000003,Fase 2_Seletividade
MOL_03127,NC(=O)C(=O)C1C(CF)CCC1c1cnccc1N,-6.984,-6.403,0.581,-2.181855000000003,Fase 3_Super Elite
MOL_03128,Nc1ccncc1C1CCC(N)C1C(=O)C1CCC1,-7.725,-6.583,1.142,-2.179455000000001,Fase 2_Seletividade
MOL_03129,COc1c(C=CF)cc(C(=O)CC(C)C)nc1C1C(C)CCC1C(C)=O,-6.879,-6.37,0.5089999999999995,-2.178000000000001,Gen 95
MOL_03130,CCc1ccncc1C1CCC(OC)C1C(=O)C1CC1,-6.229,-5.788,0.441,-2.1774000000000004,Fase 2_Seletividade
MOL_03131,CCCCCCC(=O)C1C(C)CCC1c1c(OC)nc(C)c(Cl)c1C=CF,-7.07,-6.43,0.6400000000000006,-2.1770000000000023,Gen 36
MOL_03132,COC1CCC(c2cnccc2O)C1C(=O)C(C)C,-6.44,-6.092,0.348,-2.175600000000001,Fase 2_Seletividade
MOL_03133,O=CC1CCC(c2cnccc2O)C1C(=O)O,-6.308,-5.906,0.402,-2.1738,Fase 2_Seletividade
MOL_03134,CC1CCC(c2cnc(O)c(C3CC3)c2C#N)C1C(N)=O,-8.248,-6.679,1.568999999999999,-2.173495,Gen 24
MOL_03135,CCNC(=O)C1C(OC)CCC1c1cnccc1O,-6.725,-6.313,0.412,-2.1730550000000015,Fase 2_Seletividade
MOL_03136,CCC(=O)C1C(CF)CCC1c1cnccc1C#N,-7.847,-6.608,1.239,-2.1725800000000044,Fase 2_Seletividade
MOL_03137,CCC(=O)c1c(-c2cnccc2C(C)=O)nc(C)c(C)c1C(C)=O,-6.752,-6.325,0.4269999999999996,-2.1713750000000003,Gen 98
MOL_03138,CNC(=O)C1C(OC)CCC1c1cnccc1CF,-6.401,-6.043,0.358,-2.1708999999999996,Fase 2_Seletividade
MOL_03139,COc1nc(C)c(O)c(C(C)=O)c1C1CCC(C)C1C(=O)CC(C)C,-6.441,-6.102,0.3389999999999995,-2.1696,Gen 42
MOL_03140,CCNC(=O)C1C(F)CCC1c1cnccc1O,-7.577,-6.555,1.022,-2.168375000000003,Fase 2_Seletividade
MOL_03141,COC1CCC(c2cnccc2N)C1C(=O)C=O,-6.01,-5.489,0.521,-2.1677,Fase 2_Seletividade
MOL_03142,CC(C)c1ccncc1C1CCC(C=O)C1C(=O)C=O,-6.298,-5.901,0.397,-2.1673,Fase 2_Seletividade
MOL_03143,CCC1CCC(c2cnccc2O)C1C(=O)O,-6.986,-6.409,0.577,-2.164295000000001,Fase 2_Seletividade
MOL_03144,NC(=O)C1C(C=O)CCC1c1cnccc1Br,-6.814,-6.353,0.461,-2.1608550000000015,Fase 2_Seletividade
MOL_03145,COC(=O)C1C(S)CCC1c1cnccc1O,-5.949,-5.413,0.536,-2.1599,Fase 2_Seletividade
MOL_03146,CCC1CCC(c2c(C=CF)cc(OC)nc2OC)C1C(=O)CCC(C)C,-6.417,-6.084,0.3330000000000002,-2.158200000000001,Gen 32
MOL_03147,CCNC(=O)C1C(C=O)CCC1c1cnccc1C(F)F,-7.566,-6.555,1.011,-2.1573750000000027,Fase 2_Seletividade
MOL_03148,CNC(=O)C1C(F)CCC1c1cnccc1S,-6.085,-5.614,0.471,-2.1552000000000002,Fase 2_Seletividade
MOL_03149,CCC(=O)C1C(C)CCC1c1c(C)c(C)nc(C(C)=O)c1C(C)=O,-6.636,-6.281,0.3550000000000004,-2.153495000000002,Gen 94
MOL_03150,CCCC(=O)C1C(OC)CCC1c1cnccc1I,-6.134,-5.691,0.443,-2.1503000000000005,Fase 2_Seletividade
MOL_03151,COc1ccncc1C1CCC(C)C1c1ccnc(C)c1C(C)=O,-6.766,-6.339,0.4269999999999996,-2.1500950000000003,Gen 89
MOL_03152,CCNC(=O)C1C(F)CCC1c1cnccc1C(F)F,-8.254,-6.684,1.57,-2.149420000000001,Fase 2_Seletividade
MOL_03153,CCCC(=O)c1c(C2CCC(C)C2C(=O)CC(C)C)cnc(OC)c1F,-6.571,-6.248,0.3229999999999995,-2.14938,Gen 100
MOL_03154,CCNC(=O)C1C(CF)CCC1c1cnccc1S,-7.01,-6.421,0.589,-2.1480949999999996,Fase 2_Seletividade
MOL_03155,CCNC(=O)C1C(N)CCC1c1cnccc1F,-7.441,-6.53,0.911,-2.1480000000000006,Fase 2_Seletividade
MOL_03156,CC(C)C(=O)C1C(O)CCC1c1cnccc1O,-7.26,-6.488,0.772,-2.1471799999999996,Fase 2_Seletividade
MOL_03157,CCCC(=O)C1C(OC)CCC1c1cnccc1S,-5.935,-5.413,0.522,-2.1458999999999997,Fase 2_Seletividade
MOL_03158,COC1CCC(c2cnccc2C(F)F)C1C(=O)C(N)=O,-8.062,-6.652,1.41,-2.1455800000000007,Fase 2_Seletividade
MOL_03159,CC(=O)c1cc(C=CF)c(C(C)=O)c(-c2ccnc(C)c2C(C)=O)n1,-6.888,-6.384,0.5039999999999996,-2.1454199999999997,Gen 140
MOL_03160,CCNC(=O)C1C(CF)CCC1c1cnccc1C#N,-7.715,-6.588,1.127,-2.1441800000000004,Fase 2_Seletividade
MOL_03161,CNC(=O)C1C(N)CCC1c1cnccc1I,-6.312,-5.956,0.356,-2.1428000000000003,Fase 2_Seletividade
MOL_03162,CNC(=O)C1C(C)CCC1c1cnccc1C#N,-6.873,-6.38,0.493,-2.142500000000002,Fase 2_Seletividade
MOL_03163,CCC1CCC(c2cnccc2C#N)C1C(=O)C(C)C,-7.182,-6.47,0.712,-2.1410000000000027,Fase 2_Seletividade
MOL_03164,CC(=O)c1c(C)c(O)nc(C)c1C1CCC(C)C1C(=O)C(C)C(C)C,-6.572,-6.255,0.3170000000000001,-2.138375000000001,Gen 66
MOL_03165,CNC(=O)C1C(S)CCC1c1cnccc1O,-6.953,-6.407,0.546,-2.137855000000002,Fase 2_Seletividade
MOL_03166,CNC(=O)C1C(F)CCC1c1cnccc1C=O,-7.865,-6.618,1.247,-2.1372800000000005,Fase 2_Seletividade
MOL_03167,COC1CCC(c2cnccc2S)C1C(=O)C(C)C,-6.018,-5.546,0.472,-2.1357999999999997,Fase 2_Seletividade
MOL_03168,CCc1ccncc1C1CCC(C)C1C(=O)C(=O)O,-7.216,-6.48,0.736,-2.1355000000000004,Fase 2_Seletividade
MOL_03169,COC(=O)C1C(C=O)CCC1c1cnccc1I,-6.05,-5.593,0.457,-2.1349,Fase 2_Seletividade
MOL_03170,CC(=O)C1C(C=O)CCC1c1cnccc1S,-5.766,-5.192,0.574,-2.1316,Fase 2_Seletividade
MOL_03171,CC(=O)C1C(C)CCC1c1cnccc1I,-6.271,-5.918,0.353,-2.1284,Fase 2_Seletividade
MOL_03172,NC(=O)C1C(F)CCC1c1cnccc1C(F)F,-8.417,-6.714,1.703,-2.1267199999999997,Fase 2_Seletividade
MOL_03173,CCNC(=O)C1C(O)CCC1c1cnccc1C,-7.376,-6.521,0.855,-2.123095000000003,Fase 2_Seletividade
MOL_03174,CCCC(=O)C1C(C=O)CCC1c1cnccc1F,-6.085,-5.661,0.424,-2.1223000000000005,Fase 2_Seletividade
MOL_03175,CCC(C)C(=O)C1C(C)CCC1c1c(C#N)ccnc1C(F)(F)Cl,-6.562,-6.259,0.3029999999999999,-2.121295000000001,Gen 17
MOL_03176,COc1c(O)nc(C)c(O)c1C1C(C)CCC1C(=O)CC(C)C,-6.352,-6.045,0.3070000000000004,-2.1205000000000007,Gen 153
MOL_03177,CC(C)c1ccncc1C1CCC(C)C1C(N)=O,-8.35,-6.705,1.645,-2.1163750000000014,Fase 2_Seletividade
MOL_03178,CCNC(=O)C1C(C#N)CCC1c1cnccc1S,-6.868,-6.387,0.481,-2.1162550000000024,Fase 2_Seletividade
MOL_03179,CC1CCC(c2cnccc2NC#N)C1C(=O)CC1CC1,-8.804,-6.774,2.03,-2.115320000000003,Fase 1_Lote Inicial
MOL_03180,CC(C)c1ccncc1C1CCC(C)C1C(=O)O,-7.721,-6.595,1.126,-2.1143750000000034,Fase 2_Seletividade
MOL_03181,CCOC(=O)C1C(N)CCC1c1cnccc1CC,-6.075,-5.661,0.414,-2.1123000000000007,Fase 2_Seletividade
MOL_03182,Cc1nc(F)cc(C=NO)c1C1CCC(C)C1C(=O)CC(C)C,-9.672,-6.89,2.782000000000001,-2.111000000000006,Gen 8
MOL_03183,CCCCC(=O)C1C(CC)CCC1c1c(OC)ncc(F)c1C=CF,-6.761,-6.352,0.4089999999999998,-2.1105800000000006,Gen 28
MOL_03184,COc1cc(C=CF)c(C2C(C)CCC2C(=O)CC(C)C)c(C(C)=O)n1,-6.311,-6.003,0.3079999999999998,-2.1089,Gen 142
MOL_03185,O=C(O)C(=O)C1C(S)CCC1c1cnccc1O,-6.714,-6.335,0.379,-2.1083750000000014,Fase 2_Seletividade
MOL_03186,COc1cnccc1-c1cnccc1C1C(C)CCC1C(C)=O,-6.433,-6.175,0.258,-2.107375,Gen 122
MOL_03187,CC(=O)c1cc(F)ncc1C1CCC(C)C1C(=O)CC(C)C,-9.189,-6.829,2.3600000000000003,-2.103495000000005,Gen 8
MOL_03188,CCc1ccncc1C1CCC(CC)C1C(=O)NC,-6.924,-6.409,0.515,-2.1022950000000016,Fase 2_Seletividade
MOL_03189,CNC(=O)C1C(C#N)CCC1c1cnccc1O,-7.524,-6.558,0.966,-2.1010800000000023,Fase 2_Seletividade
MOL_03190,Cc1cnc(C)c(C2CCC(C)C2C(=O)C(C)C(C)C)c1C(N)=O,-8.707,-6.762,1.9450000000000007,-2.1008800000000054,Gen 50
MOL_03191,COc1ccncc1-c1ccncc1C1C(C)CCC1C(=O)CC(C)C,-6.72,-6.341,0.3789999999999995,-2.0988950000000006,Gen 133
MOL_03192,CC(C)CC(=O)C1C(C)CCC1c1c(Cl)nc(Cl)c(Cl)c1C(N)=O,-8.801,-6.776,2.0250000000000004,-2.0984200000000044,Gen 35
MOL_03193,Cc1ccncc1C1CCC(S)C1C(=O)C(N)=O,-7.814,-6.616,1.198,-2.097020000000004,Fase 2_Seletividade
MOL_03194,CC(=O)c1ccncc1-c1cnccc1C1C(C)CCC1C(C)=O,-7.088,-6.457,0.6310000000000002,-2.0968550000000015,Gen 122
MOL_03195,COC1CCC(c2cnccc2C=O)C1C(=O)C1CCC1,-6.284,-5.982,0.302,-2.0965999999999996,Fase 2_Seletividade
MOL_03196,CCCC(=O)C1C(OC)CCC1c1cnccc1Br,-6.121,-5.75,0.371,-2.096000000000001,Fase 2_Seletividade
MOL_03197,CCNC(=O)C1C(C#N)CCC1c1cnccc1C(C)C,-7.375,-6.527,0.848,-2.0954550000000003,Fase 2_Seletividade
MOL_03198,COC1CCC(c2cnccc2C2CC2)C1C(=O)C1CCC1,-6.808,-6.374,0.434,-2.095320000000002,Fase 2_Seletividade
MOL_03199,CCC1CCC(c2cnccc2F)C1C(=O)C(=O)O,-6.599,-6.292,0.307,-2.0937800000000015,Fase 2_Seletividade
MOL_03200,CC(C)C(=O)C1C(S)CCC1c1cnccc1C=O,-5.861,-5.384,0.477,-2.0921999999999996,Fase 2_Seletividade
MOL_03201,COC1CCC(C)C1OC,-5.365,-4.679,0.6859999999999999,-2.0897,Gen 90
MOL_03202,COC1CCC(C)C1c1c(C(=O)CC(C)C)nc(C)c(C)c1C(C)=O,-6.266,-5.967,0.2990000000000004,-2.0891,Gen 146
MOL_03203,CCNC(=O)C1C(O)CCC1c1cnccc1S,-7.263,-6.503,0.76,-2.087855000000001,Fase 2_Seletividade
MOL_03204,COc1nc(C)c(OC)c(C=NO)c1C1CCC(C)C1C(=O)CC(C)C,-6.973,-6.428,0.5449999999999999,-2.0869800000000014,Gen 41
MOL_03205,CNC(=O)C1C(C)CCC1c1cnccc1OC,-6.406,-6.172,0.234,-2.0831800000000005,Fase 2_Seletividade
MOL_03206,CC1CCC(c2cnccc2C#N)C1C(=O)C(C)(C)C,-6.334,-6.083,0.251,-2.0759,Fase 1_Lote Inicial
MOL_03207,COC1CCC(c2cnccc2C(C)C)C1C(=O)C1CC1,-6.093,-5.74,0.353,-2.075,Fase 2_Seletividade
MOL_03208,CCCCC(=O)c1c(F)c(Cl)nc(F)c1C1CCC(C)C1C(=O)CC(C)C,-7.573,-6.574,0.9990000000000006,-2.072320000000003,Gen 35
MOL_03209,COc1nc(C)c(C)c(-c2ccncc2C(=O)C(C)C(C)C)c1OC,-6.525,-6.267,0.258,-2.069655000000001,Gen 91
MOL_03210,COc1ccncc1C1CCC(OC)C1C(=O)O,-6.144,-5.825,0.319,-2.0665000000000004,Fase 2_Seletividade
MOL_03211,CC(C)CC(=O)C1C(C)CCC1c1cnc(F)c(F)c1C(=O)C(C)C,-6.956,-6.431,0.5250000000000004,-2.059495000000002,Gen 36
MOL_03212,COc1ccncc1C1CCC(F)C1C(N)=O,-7.685,-6.599,1.086,-2.057695,Fase 2_Seletividade
MOL_03213,CC1CCC(c2cnccc2C#N)C1C(=O)C1CCC1,-7.923,-6.643,1.28,-2.057655000000004,Fase 2_Seletividade
MOL_03214,COC(=O)C1C(OC)CCC1c1cnccc1I,-5.854,-5.428,0.426,-2.0544000000000002,Fase 2_Seletividade
MOL_03215,CNC(=O)C1C(OC)CCC1c1cnccc1C(F)F,-7.2,-6.496,0.704,-2.05422,Fase 2_Seletividade
MOL_03216,CC(C)c1ccncc1C1CCC(O)C1C(=O)C=O,-6.342,-6.126,0.216,-2.0538,Fase 2_Seletividade
MOL_03217,CCC(CC(C)C)C(N)=O,-5.707,-5.221,0.4859999999999997,-2.0523000000000002,Gen 77
MOL_03218,O=C(C1CCC1)C1C(O)CCC1c1cnccc1F,-8.14,-6.682,1.458,-2.04748,Fase 2_Seletividade
MOL_03219,CCC(C(=O)C1C(C)CCC1c1c(C(C)=O)ccnc1O)C(C)C,-6.707,-6.356,0.351,-2.0456200000000013,Gen 122
MOL_03220,COc1ccncc1-c1c(C=CF)cc(C(C)=O)nc1C(=O)CC(C)C,-6.988,-6.444,0.5440000000000005,-2.045020000000002,Gen 108
MOL_03221,CC1CCC(c2cnccc2C=NO)C1C(=O)C(C)(C)C,-8.706,-6.77,1.936,-2.0450000000000053,Fase 1_Lote Inicial
MOL_03222,O=CC1CCC(c2cnccc2S)C1C(=O)O,-6.196,-5.935,0.261,-2.0415,Fase 2_Seletividade
MOL_03223,CC(=O)c1ccncc1C1C(C)CCC1c1ccnc(C)c1C(C)=O,-6.598,-6.315,0.2829999999999995,-2.0413750000000004,Gen 83
MOL_03224,N#Cc1ccncc1C1CCC(F)C1C(=O)C(N)=O,-8.573,-6.751,1.822,-2.0412950000000007,Fase 3_Super Elite
MOL_03225,NC(=O)C1C(CF)CCC1c1cnccc1C1CC1,-7.548,-6.576,0.972,-2.0374200000000036,Fase 2_Seletividade
MOL_03226,CNC(=O)C1C(O)CCC1c1cnccc1C(F)F,-8.051,-6.669,1.382,-2.0358950000000053,Fase 2_Seletividade
MOL_03227,CCCC(=O)C1C(OC)CCC1c1cnccc1NC#N,-7.434,-6.553,0.881,-2.034855000000002,Fase 1_Lote Inicial
MOL_03228,CCNC(=O)C1C(C)CCC1c1cnccc1N,-7.491,-6.565,0.926,-2.034374999999999,Fase 2_Seletividade
MOL_03229,NC1CCC(c2cnccc2Br)C1C(=O)O,-7.059,-6.466,0.593,-2.03352,Fase 2_Seletividade
MOL_03230,CCNC(=O)C1C(C=O)CCC1c1cnccc1I,-6.567,-6.305,0.262,-2.033375000000002,Fase 2_Seletividade
MOL_03231,COC1CCC(c2cnccc2I)C1C(=O)C=O,-6.057,-5.754,0.303,-2.0292000000000012,Fase 2_Seletividade
MOL_03232,CCCCCCC(N)=O,-5.211,-4.546,0.665,-2.0288000000000004,Gen 39
MOL_03233,CC(=O)c1cc(C=CF)c(C(C)=O)c(-c2cnccc2C(=O)C(C)C(C)C)n1,-6.953,-6.439,0.5140000000000002,-2.0280950000000013,Gen 132
MOL_03234,CC(=O)c1c(C(F)(F)Cl)cnc(F)c1C1CCC(C)C1C(=O)CC(C)C,-8.598,-6.757,1.841000000000001,-2.0258550000000053,Gen 43
MOL_03235,CC(=O)C1C(C)CCC1c1cnccc1Br,-6.111,-5.842,0.269,-2.0216000000000003,Fase 2_Seletividade
MOL_03236,CCNC(=O)C1C(CF)CCC1c1cnccc1N,-7.622,-6.594,1.028,-2.0205200000000003,Fase 2_Seletividade
MOL_03237,COc1ccnc(C)c1-c1c(C=CF)cc(C(=O)CC(C)C)nc1C(C)=O,-8.155,-6.689,1.4659999999999993,-2.0200950000000013,Gen 144
MOL_03238,CCCCC(=O)C1C(C)CCC1c1c(OC)ncc(C2CC2)c1C=CF,-7.349,-6.538,0.8109999999999999,-2.019680000000001,Gen 26
MOL_03239,CC(=O)c1c(O)nc(C)c(O)c1C1C(C)CCC1C(=O)CC(C)C,-9.452,-6.874,2.5780000000000003,-2.0193200000000058,Gen 153
MOL_03240,N#CC1CCC(c2cnccc2F)C1C(N)=O,-6.805,-6.398,0.407,-2.018880000000002,Fase 2_Seletividade
MOL_03241,Cc1ccncc1C1CCC(S)C1C(N)=O,-6.133,-5.88,0.253,-2.0170000000000003,Fase 2_Seletividade
MOL_03242,CCC(=O)C1C(C#N)CCC1c1cnccc1C(F)F,-7.691,-6.608,1.083,-2.016580000000004,Fase 2_Seletividade
MOL_03243,CCNC(=O)C1C(OC)CCC1c1cnccc1C=O,-6.843,-6.411,0.432,-2.0146950000000023,Fase 2_Seletividade
MOL_03244,NC1CCC(c2cnccc2I)C1C(=O)C1CC1,-7.885,-6.644,1.241,-2.0140200000000013,Fase 2_Seletividade
MOL_03245,CCC1CCC(c2cnccc2OC)C1C(=O)OC,-5.874,-5.525,0.349,-2.0064999999999995,Fase 2_Seletividade
MOL_03246,C=Cc1ccncc1C1CCC(C)C1C(=O)CC1CCC1F,-6.274,-6.097,0.177,-2.0061,Fase 1_Lote Inicial
MOL_03247,CCNC(=O)C1C(C=O)CCC1c1cnccc1N,-6.622,-6.339,0.283,-2.006095,Fase 2_Seletividade
MOL_03248,CCC(C)C(=O)C1C(C)CCC1c1c(C(F)(F)F)ncc(OC)c1C#N,-6.698,-6.367,0.3310000000000004,-2.005655000000001,Gen 25
MOL_03249,CC1CCC(c2cnccc2NC#N)C1C(=O)CC(F)(F)F,-8.22,-6.702,1.518,-2.005080000000003,Fase 1_Lote Inicial
MOL_03250,CC(=O)c1ccncc1-c1c(C2C(C)CCC2C(C)=O)ccnc1C,-6.864,-6.421,0.4429999999999996,-2.0020949999999997,Gen 53
MOL_03251,CNC(=O)C1C(S)CCC1c1cnccc1C(C)C,-6.941,-6.444,0.497,-1.9980200000000012,Fase 2_Seletividade
MOL_03252,CCNC(=O)C1C(O)CCC1c1cnccc1C(F)F,-7.584,-6.591,0.993,-1.9978950000000006,Fase 2_Seletividade
MOL_03253,CNC(=O)C1C(F)CCC1c1cnccc1O,-6.753,-6.389,0.364,-1.995095000000001,Fase 2_Seletividade
MOL_03254,COc1ccncc1-c1ccncc1C1C(C)CCC1C(C)=O,-6.47,-6.278,0.1920000000000001,-1.9934800000000008,Gen 152
MOL_03255,CCC(=O)c1ccncc1-c1nc(C)c(C)c(C(=O)CC)c1C(=O)CC,-6.724,-6.381,0.3429999999999999,-1.990495000000001,Gen 98
MOL_03256,O=C(O)C1C(F)CCC1c1cnccc1F,-7.962,-6.662,1.3,-1.9878800000000023,Fase 2_Seletividade
MOL_03257,COc1ncc(C(F)(F)Cl)c(C(C)=O)c1C1CCC(C)C1C(=O)CC(C)C,-7.86,-6.645,1.2150000000000007,-1.983375000000005,Gen 43
MOL_03258,CNC(=O)C1C(O)CCC1c1cnccc1C1CC1,-7.911,-6.654,1.257,-1.9831200000000013,Fase 2_Seletividade
MOL_03259,CCC(=O)c1cncc(C(=O)CC(C)C)c1C1C(C)CCC1C(C)=O,-6.237,-6.077,0.1600000000000001,-1.9831000000000003,Gen 52
MOL_03260,COc1ccncc1C1CCC(C#N)C1C(C)=O,-6.042,-5.8,0.242,-1.9820000000000002,Fase 2_Seletividade
MOL_03261,CCC(=O)c1ccnc(C)c1-c1cncc(OC)c1C(=O)C(C)C(C)C,-7.064,-6.482,0.5819999999999999,-1.975480000000001,Gen 80
MOL_03262,CCCC(=O)C1C(CC)CCC1c1cnccc1C(=O)OC,-6.563,-6.328,0.235,-1.9749800000000004,Fase 1_Lote Inicial
MOL_03263,CCNC(=O)C1C(CC)CCC1c1cnccc1C(C)C,-7.027,-6.473,0.554,-1.974255000000002,Fase 2_Seletividade
MOL_03264,CCC(=O)c1ccncc1-c1cnccc1C1CCC(C)C1C(=O)CC,-6.874,-6.432,0.4419999999999993,-1.97398,Gen 81
MOL_03265,CCC1CCC(c2cnccc2Br)C1C(=O)NC,-6.402,-6.252,0.15,-1.973580000000001,Fase 2_Seletividade
MOL_03266,CC(=O)C1CCC(C)C1c1ccncc1C(=O)CC(C)C,-6.157,-5.977,0.1799999999999997,-1.9730999999999996,Gen 100
MOL_03267,CC1CCC(c2cnccc2C=O)C1C(=O)C(C)(C)C,-6.601,-6.346,0.255,-1.9667200000000005,Fase 1_Lote Inicial
MOL_03268,CCC(C(=O)C1C(C)CCC1c1cnc(C)cc1C(C)=O)C(C)C,-7.798,-6.637,1.1610000000000005,-1.9662550000000047,Gen 48
MOL_03269,COc1ccncc1C1CCC(C=O)C1C(N)=O,-6.126,-5.946,0.18,-1.9638000000000009,Fase 2_Seletividade
MOL_03270,COC1CCC(C)C1c1c(C(C)=O)nc(C)c(C)c1C(=O)CC(C)C,-6.231,-6.102,0.1289999999999995,-1.9596,Gen 115
MOL_03271,CC1CCC(c2cnccc2C2CO2)C1C(=O)CC1CC1,-7.232,-6.526,0.706,-1.9569200000000029,Fase 1_Lote Inicial
MOL_03272,CC1CCC(c2cnccc2C(F)F)C1C(=O)C(C)(C)C,-6.434,-6.279,0.155,-1.9554950000000009,Fase 1_Lote Inicial
MOL_03273,CC(=O)c1nc(C2CCC(C)C2C(C)=O)cc(C=CF)c1C(C)=O,-9.093,-6.836,2.257,-1.9548200000000007,Gen 97
MOL_03274,CCC(C)CCC(N)=O,-5.355,-4.861,0.4940000000000006,-1.9523000000000006,Gen 55
MOL_03275,CC(C)CC(=O)C1C(C)CCC1c1cnc(F)cc1NC#N,-9.022,-6.827,2.1950000000000003,-1.9514550000000037,Gen 9
MOL_03276,NC(=O)C1C(S)CCC1c1cnccc1F,-5.754,-5.437,0.317,-1.9480999999999997,Fase 2_Seletividade
MOL_03277,COc1c(C2C(C)CCC2C(C)=O)nc(C)c(C)c1C(C)=O,-6.715,-6.392,0.3229999999999995,-1.9477799999999998,Gen 155
MOL_03278,Cc1ncc(C2CCC(C)C2C(=O)CC(C)C)c(C(N)=O)c1C1CC1,-7.018,-6.478,0.54,-1.9454800000000025,Gen 46
MOL_03279,CCc1ccncc1C1CCC(OC)C1C(=O)C(N)=O,-6.197,-6.075,0.122,-1.9445000000000006,Fase 2_Seletividade
MOL_03280,CCC1CCC(c2cnccc2I)C1C(=O)C(=O)O,-6.025,-5.83,0.195,-1.9440000000000008,Fase 2_Seletividade
MOL_03281,COC1CCC(C)C1c1ccncc1C(=O)CCC(C)C,-8.208,-6.71,1.4980000000000002,-1.9430000000000023,Gen 115
MOL_03282,O=Cc1ccncc1C1CCC(CF)C1C(=O)C1CCC1,-6.467,-6.301,0.166,-1.9422950000000005,Fase 2_Seletividade
MOL_03283,CCNC(=O)C1C(OC)CCC1c1cnccc1OC,-6.487,-6.31,0.177,-1.942000000000001,Fase 2_Seletividade
MOL_03284,O=CC1CCC(c2cnccc2C2CC2)C1C(=O)C1CC1,-6.19,-6.072,0.118,-1.9396000000000004,Fase 2_Seletividade
MOL_03285,CCNC(=O)C1C(F)CCC1c1cnccc1C,-8.035,-6.683,1.352,-1.9364550000000031,Fase 2_Seletividade
MOL_03286,COc1nc(C)c(C2CCC(C)C2C(=O)C(C)C(C)C)c(C(C)=O)c1OC,-6.975,-6.471,0.5039999999999996,-1.9300950000000006,Gen 101
MOL_03287,CCC(=O)C1C(OC)CCC1c1cnccc1C#N,-5.732,-5.434,0.298,-1.9282000000000004,Fase 2_Seletividade
MOL_03288,COC1CCC(c2cnccc2S)C1C(=O)C=O,-5.631,-5.292,0.339,-1.9266000000000005,Fase 2_Seletividade
MOL_03289,CCC(=O)c1cncc(C(=O)CC(C)C)c1-c1cnccc1OC,-6.157,-6.05,0.1070000000000002,-1.9220000000000006,Gen 48
MOL_03290,CC(=O)c1nc(C)c(C)c(C(C)=O)c1-c1ccncc1C(=O)CC(C)C,-6.609,-6.366,0.2430000000000003,-1.9195200000000021,Gen 100
MOL_03291,CCC1CCC(c2cnccc2Br)C1C(=O)C(=O)O,-6.06,-5.915,0.145,-1.9195000000000002,Fase 2_Seletividade
MOL_03292,COC1CCC(c2cnccc2C2CC2)C1C(N)=O,-7.608,-6.611,0.997,-1.9176950000000028,Fase 2_Seletividade
MOL_03293,CCc1cc(C(C)=O)c(C2CCC(C)C2C(=O)C(C)C(C)C)c(O)n1,-9.626,-6.908,2.717999999999999,-1.9175799999999992,Gen 154
MOL_03294,[C-]#[N+]c1ccncc1CC1(C)CCCC1C(=O)CCC,-7.895,-6.663,1.232,-1.9150550000000006,Fase 1_Lote Inicial
MOL_03295,CNC(=O)C1C(F)CCC1c1cnccc1Br,-7.86,-6.657,1.203,-1.914855000000002,Fase 2_Seletividade
MOL_03296,CC(C)CC(=O)C1C(C)CCC1c1c(NC#N)ccnc1F,-8.776,-6.799,1.977,-1.9106950000000005,Gen 9
MOL_03297,CNC(=O)C1C(O)CCC1c1cnccc1I,-5.965,-5.793,0.172,-1.9099000000000004,Fase 2_Seletividade
MOL_03298,CC(C)C(=O)C1C(N)CCC1c1cnccc1F,-7.217,-6.534,0.683,-1.9059200000000027,Fase 2_Seletividade
MOL_03299,COc1cnccc1C1CCC(C)C1c1ccnc(C)c1C(C)=O,-7.559,-6.604,0.955,-1.9056200000000016,Gen 89
MOL_03300,CCC1CCC(c2cnccc2C2CC2)C1C(=O)NC,-6.66,-6.388,0.272,-1.9051800000000014,Fase 2_Seletividade
MOL_03301,N#CC1CCC(c2cnccc2F)C1C(=O)O,-7.376,-6.568,0.808,-1.9047800000000041,Fase 2_Seletividade
MOL_03302,O=C(O)C1C(S)CCC1c1cnccc1O,-5.823,-5.599,0.224,-1.9037000000000006,Fase 2_Seletividade
MOL_03303,CNC(=O)C1C(C)CCC1c1cnccc1F,-7.469,-6.587,0.882,-1.9032550000000041,Fase 2_Seletividade
MOL_03304,CCCC(C)CCC(N)=O,-5.636,-5.339,0.2969999999999997,-1.8987000000000003,Gen 141
MOL_03305,CNC(=O)C1C(S)CCC1c1cnccc1C1CC1,-6.7,-6.403,0.297,-1.8978550000000034,Fase 2_Seletividade
MOL_03306,CNC(=O)C1C(F)CCC1c1cnccc1I,-7.633,-6.62,1.013,-1.8945000000000016,Fase 2_Seletividade
MOL_03307,CCOC(=O)C1C(O)CCC1c1cnccc1C1CC1,-6.115,-6.039,0.076,-1.8877000000000006,Fase 2_Seletividade
MOL_03308,COc1ncc(C2CCC(C)C2C(N)=O)c(C#N)c1C1CC1,-8.312,-6.735,1.576999999999999,-1.8863749999999992,Gen 23
MOL_03309,CNC(=O)C1C(S)CCC1c1cnccc1C(F)F,-7.623,-6.62,1.003,-1.8845000000000018,Fase 2_Seletividade
MOL_03310,CCNC(=O)C1C(S)CCC1c1cnccc1S,-6.026,-5.917,0.109,-1.8841,Fase 2_Seletividade
MOL_03311,N#CC1CCC(c2cnccc2N)C1C(=O)C1CC1,-6.789,-6.434,0.355,-1.88192,Fase 2_Seletividade
MOL_03312,CCNC(=O)C1C(C=O)CCC1c1cnccc1C=O,-6.703,-6.409,0.294,-1.8812950000000015,Fase 2_Seletividade
MOL_03313,COc1nc(C2CCC(C)C2C(C)=O)cc(C=CF)c1C(C)=O,-8.863,-6.816,2.047,-1.8740200000000033,Gen 97
MOL_03314,COc1ccncc1-c1c(-c2ccnc(C)c2OC)ccnc1C,-6.789,-6.437,0.3519999999999994,-1.8712550000000006,Gen 72
MOL_03315,CNC(=O)C1C(C#N)CCC1c1cnccc1CF,-7.425,-6.586,0.839,-1.8643200000000002,Fase 2_Seletividade
MOL_03316,CC(=O)c1c(-c2ccnc(C)c2C2C(C)CCC2C(C)=O)ccnc1C,-6.548,-6.364,0.1840000000000001,-1.8642200000000013,Gen 53
MOL_03317,CC(=O)c1cc(C=CF)c(C(C)=O)c(C2C(C)CCC2C(C)=O)n1,-6.729,-6.423,0.306,-1.8602550000000013,Gen 95
MOL_03318,CC(C)CCC(N)=O,-5.037,-4.542,0.4950000000000001,-1.8576000000000001,Gen 34
MOL_03319,CC(=O)c1cc(C=CF)c(C(C)=O)c(-c2ccncc2C(=O)CC(C)C)n1,-6.898,-6.47,0.4279999999999999,-1.857000000000002,Gen 103
MOL_03320,CCNC(=O)C1C(C=O)CCC1c1cnccc1C#N,-6.418,-6.317,0.101,-1.8566550000000008,Fase 2_Seletividade
MOL_03321,COc1cc(C=CF)c(-c2cnccc2C(=O)C(C)C(C)C)c(C(C)=O)n1,-6.102,-6.066,0.0360000000000004,-1.8558000000000003,Gen 132
MOL_03322,COc1c(C)nc(C)c(C2CCC(C)C2C(=O)CC(C)C)c1C(N)=O,-7.142,-6.529,0.6130000000000004,-1.8534950000000023,Gen 166
MOL_03323,COc1nc(C)c(C)c(OC)c1-c1ccncc1C(=O)C(C)C(C)C,-6.246,-6.23,0.016,-1.8530000000000006,Gen 91
MOL_03324,COc1cnccc1-c1ccncc1C1C(C)CCC1OC,-6.725,-6.425,0.2999999999999998,-1.849375000000001,Gen 133
MOL_03325,COc1cnccc1-c1c(-c2ccnc(C)c2C(C)=O)ccnc1C,-6.683,-6.413,0.2699999999999996,-1.8480550000000004,Gen 72
MOL_03326,O=Cc1ccncc1C1CCC(S)C1C(=O)C1CCC1,-6.012,-5.952,0.06,-1.8456000000000001,Fase 2_Seletividade
MOL_03327,CC(=O)c1ccncc1-c1ccncc1C1C(C)CCC1C(C)=O,-7.007,-6.501,0.5059999999999993,-1.8402949999999993,Gen 152
MOL_03328,CCCCC(=O)C1C(C)CCC1c1c(OC)nc(F)c(C)c1C=CF,-6.993,-6.499,0.4940000000000006,-1.8346950000000035,Gen 35
MOL_03329,CCC(=O)c1c(C(F)(F)Cl)cnc(C)c1C1CCC(C)C1C(=O)CC(C)C,-7.276,-6.562,0.7139999999999995,-1.8338800000000006,Gen 43
MOL_03330,N#CC1CCC(c2cnccc2S)C1C(=O)C1CCC1,-5.838,-5.721,0.117,-1.8333000000000004,Fase 2_Seletividade
MOL_03331,COc1ccncc1C1CCC(C#N)C1C(=O)O,-5.886,-5.79,0.096,-1.8330000000000002,Fase 2_Seletividade
MOL_03332,O=CC(=O)C1C(S)CCC1c1cnccc1C1CC1,-5.731,-5.569,0.162,-1.8327,Fase 2_Seletividade
MOL_03333,COc1nc(C(=O)CC(C)C)cc(C=CF)c1-c1ccncc1C(C)=O,-7.943,-6.685,1.258,-1.8323750000000043,Gen 96
MOL_03334,COc1ncc(C2CCC(C)C2C(=O)CC(C)C)c(C(N)=O)c1C1CC1,-7.444,-6.596,0.8479999999999999,-1.8322200000000013,Gen 47
MOL_03335,COc1ccncc1-c1c(C(=O)CC(C)C)cncc1C(=O)CC(C)C,-6.397,-6.32,0.0769999999999999,-1.828500000000001,Gen 48
MOL_03336,CC(=O)c1ccncc1-c1ccnc(C)c1-c1c(C(C)=O)ccnc1C,-6.838,-6.463,0.375,-1.8240550000000013,Gen 111
MOL_03337,COC1C(C)CCC1c1ccncc1C(=O)C(C)C(C)C,-7.729,-6.65,1.0789999999999995,-1.8239999999999998,Gen 159
MOL_03338,COC1CCC(c2cnccc2CF)C1C(=O)C(=O)O,-6.032,-6.017,0.015,-1.8201,Fase 2_Seletividade
MOL_03339,COC(=O)C1C(C=O)CCC1c1cnccc1C(C)C,-5.881,-5.808,0.073,-1.8154000000000003,Fase 2_Seletividade
MOL_03340,COC1CCC(c2cnccc2N)C1C(C)=O,-5.901,-5.837,0.064,-1.8151000000000002,Fase 2_Seletividade
MOL_03341,CC(=O)c1cc(C=CF)c(-c2ccncc2C(C)=O)c(C(=O)CC(C)C)n1,-6.736,-6.438,0.298,-1.8146800000000018,Gen 108
MOL_03342,CCC(C(N)=O)C(C)C,-5.388,-5.106,0.282,-1.8138,Gen 59
MOL_03343,CNC(=O)C1C(C#N)CCC1c1cnccc1C=O,-6.712,-6.433,0.279,-1.8084550000000013,Fase 2_Seletividade
MOL_03344,CCNC(=O)C1C(O)CCC1c1cnccc1N,-7.09,-6.528,0.562,-1.8059800000000035,Fase 2_Seletividade
MOL_03345,CCNC(=O)C1C(CC)CCC1c1cnccc1S,-6.143,-6.187,-0.044,-1.8052549999999998,Fase 2_Seletividade
MOL_03346,Cc1ncc(F)c(C(N)=O)c1C1CCC(C)C1C(=O)C(C)C(C)C,-8.263,-6.74,1.5229999999999997,-1.8045000000000009,Gen 50
MOL_03347,CCCC(C)CC(N)=O,-5.427,-5.176,0.2509999999999994,-1.8037999999999998,Gen 45
MOL_03348,COc1nc(OC)c(C(F)(F)F)c(C=CF)c1C1CCC(C)C1C(N)=O,-7.89,-6.681,1.2089999999999996,-1.8034950000000016,Gen 109
MOL_03349,CC(C)C(C)C(N)=O,-5.116,-4.736,0.3799999999999999,-1.8008000000000002,Gen 41
MOL_03350,CCNC(=O)C1C(CF)CCC1c1cnccc1Br,-7.392,-6.592,0.8,-1.800780000000004,Fase 2_Seletividade
MOL_03351,COc1cc(C=CF)c(C2C(C)CCC2OC)c(C(=O)CC(C)C)n1,-6.325,-6.302,0.0230000000000005,-1.7980800000000015,Gen 142
MOL_03352,CCC(C(=O)C1C(C)CCC1c1c(OC)ncc(C)c1C(C)=O)C(C)C,-7.499,-6.613,0.8859999999999992,-1.7980549999999988,Gen 97
MOL_03353,COC1CCC(C)C1c1c(O)c(C)nc(O)c1C1CCC(C)C1C(C)=O,-7.22,-6.558,0.6619999999999999,-1.797080000000002,Gen 115
MOL_03354,CCNC(=O)C1C(S)CCC1c1cnccc1C=O,-6.406,-6.339,0.067,-1.790095,Fase 2_Seletividade
MOL_03355,COc1nc(C)c(C)c(C(C)=O)c1-c1cnccc1C(C)=O,-6.651,-6.421,0.2299999999999995,-1.7890949999999997,Gen 146
MOL_03356,COc1cnccc1-c1nc(C)c(C)c(OC)c1C(=O)CC(C)C,-7.145,-6.545,0.5999999999999996,-1.7833750000000022,Gen 162
MOL_03357,Cc1ccncc1C1CCC(C#N)C1C(=O)C=O,-5.613,-5.472,0.141,-1.7826000000000004,Fase 2_Seletividade
MOL_03358,CCC=CC(=O)C1C(C)CCC1c1cnccc1C=NO,-8.168,-6.729,1.439,-1.7814950000000005,Fase 1_Lote Inicial
MOL_03359,COc1c(C2CC2)ncc(C2CCC(C)C2C(=O)CC(C)C)c1C(C)=O,-7.601,-6.635,0.9660000000000002,-1.780375000000003,Gen 47
MOL_03360,COc1ccncc1C1CCC(OC)C1C(=O)C1CCC1,-5.842,-5.811,0.031,-1.7743000000000002,Fase 2_Seletividade
MOL_03361,CCCC(=O)C1C(C)CCC1c1c(OC)ncc(C(F)(F)F)c1C=CF,-7.616,-6.64,0.976,-1.7675000000000036,Gen 33
MOL_03362,CC(C)C(=O)C1C(C#N)CCC1c1cnccc1CF,-7.506,-6.62,0.886,-1.7675000000000018,Fase 2_Seletividade
MOL_03363,CCNC(=O)C1C(O)CCC1c1cnccc1F,-7.927,-6.694,1.233,-1.7615200000000026,Fase 2_Seletividade
MOL_03364,COc1cnccc1-c1c(C(C)=O)nc(C)c(C)c1C(=O)CCC(C)C,-6.912,-6.498,0.4139999999999997,-1.757880000000001,Gen 110
MOL_03365,CC(=O)c1nc(C)c(C)c(-c2ccncc2C(=O)C(C)C(C)C)c1C(C)=O,-7.655,-6.649,1.0060000000000002,-1.755695000000002,Gen 91
MOL_03366,COc1nc(C)c(C)c(C(=O)CC(C)C)c1-c1cnccc1C(C)=O,-6.374,-6.34,0.0339999999999998,-1.7555000000000005,Gen 164
MOL_03367,CNC(=O)C1C(C#N)CCC1c1cnccc1S,-6.705,-6.446,0.259,-1.7547200000000025,Fase 2_Seletividade
MOL_03368,CCC(=O)c1nc(C2CCC(C)C2OC)cc(C=CF)c1C(C)=O,-8.505,-6.783,1.7220000000000004,-1.7534550000000007,Gen 97
MOL_03369,CC(=O)c1c(F)c(O)nc(C(F)(F)F)c1C1CCC(C)C1C(=O)CC(C)C,-9.53,-6.917,2.6129999999999995,-1.746655000000004,Gen 84
MOL_03370,CC(=O)C1C(C)CCC1c1c(O)nc(C)c(O)c1C(=O)CC(C)C,-8.059,-6.718,1.3409999999999993,-1.7432800000000022,Gen 148
MOL_03371,NC(=O)C1C(C=O)CCC1c1cnccc1C(F)F,-7.369,-6.599,0.77,-1.741695,Fase 2_Seletividade
MOL_03372,COc1cnccc1-c1nc(C)c(C)c(C(=O)CC(C)C)c1C(C)=O,-7.825,-6.681,1.144,-1.7384950000000021,Gen 162
MOL_03373,CCNC(=O)C1C(N)CCC1c1cnccc1C(F)F,-7.933,-6.699,1.234,-1.7366950000000037,Fase 2_Seletividade
MOL_03374,COC(=O)C1C(S)CCC1c1cnccc1S,-5.23,-4.999,0.231,-1.730700000000001,Fase 2_Seletividade
MOL_03375,CC(C)C(=O)C1C(C#N)CCC1c1cnccc1S,-5.867,-5.923,-0.056,-1.7209000000000003,Fase 2_Seletividade
MOL_03376,COc1c(-c2ccnc(C)c2-c2cnccc2C(C)=O)ccnc1C,-6.331,-6.337,-0.0059999999999993,-1.7202550000000025,Gen 72
MOL_03377,COc1c(O)nc(C)c(O)c1OC,-5.179,-4.944,0.2350000000000003,-1.7182000000000004,Gen 135
MOL_03378,CC(=O)c1cnccc1-c1cnccc1C1C(C)CCC1C(C)=O,-6.688,-6.453,0.2349999999999994,-1.711855,Gen 122
MOL_03379,CC(=O)c1c(F)c(F)nc(C)c1C1CCC(C)C1C(=O)CC(C)C,-8.264,-6.755,1.5089999999999997,-1.7053750000000027,Gen 37
MOL_03380,COc1cc(C=CF)c(OC)c(C2C(C)CCC2C(=O)CC(C)C)n1,-7.146,-6.562,0.5839999999999996,-1.7038800000000007,Gen 95
MOL_03381,COC1C(C)CCC1c1c(C2C(C)CCC2C(C)=O)ccnc1C,-7.498,-6.631,0.867,-1.6994950000000006,Gen 89
MOL_03382,COc1cnccc1-c1c(C=CF)cc(C(C)=O)nc1C(=O)C(C)C(C)C,-6.838,-6.495,0.3429999999999999,-1.6963750000000006,Gen 140
MOL_03383,NC(=O)C1C(S)CCC1c1cnccc1S,-5.666,-5.675,-0.009,-1.6935000000000007,Fase 2_Seletividade
MOL_03384,Cc1ccncc1C1CCC(C)C1C(N)=O,-7.233,-6.582,0.651,-1.6924800000000024,Fase 2_Seletividade
MOL_03385,COC1CCC(C)C1c1c(C=CF)cc(C(=O)CC(C)C)nc1C(C)=O,-8.15,-6.741,1.4090000000000007,-1.6848950000000054,Gen 144
MOL_03386,N#CC1CCC(c2cnccc2C2CC2)C1C(=O)O,-7.532,-6.64,0.892,-1.683500000000004,Fase 2_Seletividade
MOL_03387,CCC1CCC(c2cnc(Cl)c(F)c2C(C)=O)C1C(=O)CC(C)C,-9.172,-6.881,2.2910000000000004,-1.6834950000000015,Gen 38
MOL_03388,CC(C)CC(C)C(N)=O,-5.347,-5.238,0.1089999999999999,-1.6804000000000006,Gen 39
MOL_03389,Cc1ccncc1C1CCC(S)C1C(=O)C(C)C,-5.53,-5.515,0.015,-1.6695000000000007,Fase 2_Seletividade
MOL_03390,CCC(=O)c1cncc(C(=O)CC(C)C)c1-c1cnccc1C(C)=O,-6.147,-6.281,-0.1339999999999994,-1.6644950000000023,Gen 48
MOL_03391,CCC(=O)C1C(C)CCC1c1ccncc1C1CCC(C)C1OC,-8.018,-6.724,1.2940000000000005,-1.663820000000002,Gen 81
MOL_03392,N#CC1CCC(c2cnccc2O)C1C(=O)C1CCC1,-7.801,-6.69,1.111,-1.6600000000000001,Fase 2_Seletividade
MOL_03393,NC1CCC(c2cnccc2C(F)F)C1C(=O)O,-7.662,-6.667,0.995,-1.658655000000004,Fase 2_Seletividade
MOL_03394,N#CC1CCC(c2cnccc2C(F)F)C1C(N)=O,-7.439,-6.629,0.81,-1.651495000000005,Fase 2_Seletividade
MOL_03395,CCNC(=O)C1C(S)CCC1c1cnccc1O,-6.417,-6.392,0.025,-1.6497799999999998,Fase 2_Seletividade
MOL_03396,NC(=O)C1C(C=O)CCC1c1cnccc1C1CC1,-6.802,-6.498,0.304,-1.6478800000000007,Fase 2_Seletividade
MOL_03397,O=CC1CCC(c2cnccc2C(F)F)C1C(=O)C1CCC1,-6.019,-6.216,-0.197,-1.646020000000001,Fase 2_Seletividade
MOL_03398,COc1cc(C=CF)c(C(C)=O)c(C2C(C)CCC2C(=O)CC(C)C)n1,-6.21,-6.32,-0.1100000000000003,-1.6415000000000006,Gen 95
MOL_03399,CCNC(=O)C1C(CF)CCC1c1cnccc1C1CC1,-7.329,-6.611,0.718,-1.638695000000003,Fase 2_Seletividade
MOL_03400,CCC1CCC(c2cnccc2C#N)C1C(=O)C1CCC1,-7.044,-6.555,0.489,-1.6353750000000025,Fase 2_Seletividade
MOL_03401,CNC(=O)C1C(N)CCC1c1cnccc1C,-7.54,-6.65,0.89,-1.6349999999999998,Fase 2_Seletividade
MOL_03402,CC(C)c1ccncc1C1CCC(CF)C1C(N)=O,-7.715,-6.68,1.035,-1.6345000000000045,Fase 2_Seletividade
MOL_03403,CC(=O)C1C(C#N)CCC1c1cnccc1F,-7.199,-6.587,0.612,-1.6332550000000037,Fase 2_Seletividade
MOL_03404,CC(=O)c1cncc(C(C)=O)c1C1C(C)CCC1C(C)=O,-5.883,-6.076,-0.1929999999999996,-1.6298000000000004,Gen 52
MOL_03405,COc1cnccc1C1C(C)CCC1C(C)=O,-7.581,-6.661,0.9200000000000008,-1.6126950000000049,Gen 122
MOL_03406,COc1ccncc1-c1c(C=CF)cc(C(=O)CC(C)C)nc1C(C)=O,-7.977,-6.727,1.25,-1.6034550000000003,Gen 96
MOL_03407,CCC(C(=O)C1C(C)CCC1c1cncc(O)c1C(C)=O)C(C)C,-8.186,-6.759,1.4269999999999996,-1.600295,Gen 152
MOL_03408,CCCCC(=O)C1C(C)CCC1c1cnccc1C=NO,-6.886,-6.529,0.357,-1.597495000000002,Fase 1_Lote Inicial
MOL_03409,[C-]#[N+]c1ccncc1C1CCC(F)C1C(=O)C=CC,-6.454,-6.42,0.034,-1.5955000000000013,Fase 1_Lote Inicial
MOL_03410,CCNC(=O)C1C(CF)CCC1c1cnccc1C(F)F,-7.651,-6.676,0.975,-1.5944200000000013,Fase 2_Seletividade
MOL_03411,CC(=O)c1c(O)cncc1C1CCC(C)C1C(=O)CC(C)C,-9.286,-6.906,2.38,-1.5941200000000055,Gen 40
MOL_03412,COC1CCC(c2cnccc2C#N)C1C(=O)C1CCC1,-6.265,-6.361,-0.096,-1.5896950000000016,Fase 2_Seletividade
MOL_03413,CCNC(=O)C1C(C)CCC1c1cnccc1C(F)F,-8.096,-6.748,1.348,-1.5843800000000012,Fase 2_Seletividade
MOL_03414,CCC(=O)c1c(C2CCC(C)C2c2cnccc2C(C)=O)ccnc1C,-7.105,-6.581,0.524,-1.5694949999999999,Gen 83
MOL_03415,COc1nc(C)c(C)c(-c2ccncc2C(=O)C(C)C(C)C)c1C(C)=O,-6.714,-6.496,0.2179999999999999,-1.5682200000000002,Gen 91
MOL_03416,CC1CCCC1C(=O)C1CC1c1cnccc1NC#N,-7.401,-6.639,0.762,-1.5580950000000007,Fase 1_Lote Inicial
MOL_03417,CCC1CCC(c2cnccc2OC)C1C(=O)C1CCC1,-6.136,-6.325,-0.189,-1.5553750000000006,Fase 2_Seletividade
MOL_03418,CCNC(=O)C1C(O)CCC1c1cnccc1O,-7.293,-6.623,0.67,-1.5382550000000004,Fase 2_Seletividade
MOL_03419,CCCCCCC(=O)C1C(C)CCC1c1c(OC)nc(C2CC2)c(Cl)c1C=CF,-7.009,-6.569,0.4400000000000004,-1.5328950000000017,Gen 39
MOL_03420,Cc1c(C2CC2)ncc(C2CCC(C)C2C(=O)CC(C)C)c1C(N)=O,-8.227,-6.775,1.452,-1.5313750000000006,Gen 47
MOL_03421,CC(=O)c1c(C2CCC(C)C2C(=O)CC(C)C)cnc(F)c1Cl,-6.783,-6.521,0.2620000000000004,-1.5300950000000029,Gen 31
MOL_03422,CCNC(=O)C1C(CC)CCC1c1cnccc1O,-7.415,-6.647,0.768,-1.5270550000000007,Fase 2_Seletividade
MOL_03423,CCNC(=O)C1C(OC)CCC1c1cnccc1C1CC1,-6.597,-6.48,0.117,-1.5165000000000006,Fase 2_Seletividade
MOL_03424,COc1ccncc1C1CCC(OC)C1C(N)=O,-6.197,-6.365,-0.168,-1.5103750000000007,Fase 2_Seletividade
MOL_03425,CCC(=O)C1CCC(C)C1c1c(C)c(C)nc(C(C)=O)c1OC,-6.482,-6.453,0.0289999999999999,-1.5058550000000004,Gen 94
MOL_03426,CC1CCC(c2cnccc2NC#N)C1C(=O)C(C)(C)C,-6.582,-6.479,0.103,-1.5054950000000016,Fase 1_Lote Inicial
MOL_03427,CNC(=O)C1C(F)CCC1c1cnccc1C(C)C,-8.029,-6.751,1.278,-1.4972950000000003,Fase 2_Seletividade
MOL_03428,COc1nc(C)c(C)c(C(N)=O)c1C1CCC(C)C1C(=O)C(C)C(C)C,-6.905,-6.555,0.3500000000000005,-1.4963750000000031,Gen 108
MOL_03429,CC(=O)c1cc(C=CF)c(C(C)=O)c(C2CCC(C)C2C(C)=O)n1,-6.986,-6.572,0.4139999999999997,-1.4951800000000013,Gen 103
MOL_03430,CCNC(=O)C1C(O)CCC1c1cnccc1C#N,-7.836,-6.722,1.114,-1.4946799999999998,Fase 2_Seletividade
MOL_03431,CC1CCC(c2cnccc2C2CO2)C1C(=O)CC1CCC1F,-5.995,-6.29,-0.295,-1.4940000000000007,Fase 1_Lote Inicial
MOL_03432,CC(=O)c1cc(O)ncc1C1CCC(C)C1C(=O)CC(C)C,-7.781,-6.714,1.0669999999999993,-1.4907199999999996,Gen 23
MOL_03433,CCNC(=O)C1C(C=O)CCC1c1cnccc1O,-7.566,-6.68,0.886,-1.4855000000000045,Fase 2_Seletividade
MOL_03434,CCC(=O)c1cncc(C2CC2)c1C1C(C)CCC1C(=O)CC,-5.783,-6.14,-0.3569999999999993,-1.4850000000000012,Gen 52
MOL_03435,CCCCCC(C)C(=O)C1C(C)CCC1c1c(OC)nc(C)c(Cl)c1C=CF,-6.663,-6.505,0.1580000000000003,-1.4793750000000028,Gen 41
MOL_03436,COc1ccncc1C1CCC(S)C1C(C)=O,-5.395,-5.598,-0.203,-1.4764,Fase 2_Seletividade
MOL_03437,CC(C)CC(=O)C1C(C)CCC1c1cncc(C2CC2)c1C(N)=O,-9.472,-6.942,2.53,-1.476280000000001,Gen 30
MOL_03438,CCNC(=O)C1C(C)CCC1c1cnccc1C,-7.676,-6.7,0.976,-1.4735000000000014,Fase 2_Seletividade
MOL_03439,COc1nc(C)c(F)c(C=NO)c1C1CCC(C)C1C(=O)CC(C)C,-9.741,-6.973,2.768,-1.4732550000000035,Gen 41
MOL_03440,CCC(C(=O)C1C(C)CCC1c1cnc(Cl)c(F)c1C(N)=O)C(C)C,-7.973,-6.747,1.226,-1.468055000000004,Gen 40
MOL_03441,NC(=O)C(=O)C1C(O)CCC1c1cnccc1CF,-7.428,-6.66,0.768,-1.4655000000000014,Fase 3_Super Elite
MOL_03442,CC(C)C(=O)C1C(C=O)CCC1c1cnccc1C(C)C,-5.594,-5.904,-0.31,-1.4612000000000007,Fase 2_Seletividade
MOL_03443,CCC1CCC(c2c(F)nc(F)c(F)c2C(N)=O)C1C(=O)CC(C)C,-9.506,-6.948,2.558,-1.45838,Gen 41
MOL_03444,CC(=O)c1c(C2CCC(C)C2C(=O)CC(C)C)cnc(C)c1Cl,-6.804,-6.542,0.2620000000000004,-1.4562800000000031,Gen 60
MOL_03445,CCOc1nc(F)c(F)c(C=CF)c1C1CCC(C)C1C(=O)CCC(C)C,-8.262,-6.791,1.471,-1.4538950000000002,Gen 32
MOL_03446,CC(=O)c1c(F)c(Cl)nc(C(F)(F)F)c1C1CCC(C)C1C(=O)CC(C)C,-9.162,-6.908,2.2540000000000004,-1.4535800000000005,Gen 40
MOL_03447,CCC(=O)c1ccncc1-c1cncc(C2CC2)c1C1CC1,-6.444,-6.457,-0.0129999999999999,-1.4528550000000013,Gen 73
MOL_03448,CC(C)CC(=O)C1C(C)CCC1c1cnccc1C1CC1,-7.312,-6.642,0.67,-1.45228,Fase 1_Lote Inicial
MOL_03449,CC1CCC(c2cnccc2O)C1C(=O)C(=O)O,-7.641,-6.699,0.942,-1.4446950000000038,Fase 2_Seletividade
MOL_03450,CNC(=O)C1C(C#N)CCC1c1cnccc1Br,-6.336,-6.43,-0.094,-1.4430000000000023,Fase 2_Seletividade
MOL_03451,COc1nc(C)c(C)c(C(=O)CC(C)C)c1-c1ccncc1C(C)=O,-6.46,-6.464,-0.0040000000000004,-1.4422199999999998,Gen 164
MOL_03452,CCC(=O)C1C(C#N)CCC1c1cnccc1C1CC1,-7.449,-6.669,0.78,-1.433895000000005,Fase 2_Seletividade
MOL_03453,CNC(=O)C1C(F)CCC1c1cnccc1C1CC1,-8.579,-6.837,1.742,-1.4332550000000053,Fase 2_Seletividade
MOL_03454,CCC(=O)C1C(C)CCC1c1ccncc1-c1ccncc1OC,-6.756,-6.537,0.2190000000000003,-1.431255000000002,Gen 81
MOL_03455,COc1c(C)c(C)nc(C2C(C)CCC2C(C)=O)c1C(=O)CC(C)C,-6.149,-6.376,-0.2270000000000003,-1.4304200000000007,Gen 155
MOL_03456,CCCCC(N)=O,-4.43,-4.288,0.1419999999999994,-1.4284,Gen 10
MOL_03457,COc1ccncc1C1CCC(CF)C1C(=O)C1CCC1,-7.466,-6.673,0.793,-1.4272550000000015,Fase 2_Seletividade
MOL_03458,COc1nc(O)cc(C(C)=O)c1C1CCC(C)C1C(=O)C(C)C(C)C,-9.211,-6.918,2.293,-1.4192800000000023,Gen 85
MOL_03459,COC1CCC(c2cnccc2N)C1C(=O)C1CCC1,-7.261,-6.639,0.622,-1.418095000000001,Fase 2_Seletividade
MOL_03460,CCC(=O)c1ccncc1-c1nc(C)c(C)c(C(C)=O)c1C(=O)CC,-6.768,-6.543,0.2249999999999996,-1.415655000000001,Gen 98
MOL_03461,COc1nc(C)c(C2CCC(C)C2C(=O)C(C)C(C)C)c(C(N)=O)c1F,-9.033,-6.897,2.1359999999999992,-1.4150550000000006,Gen 88
MOL_03462,CCC1CCC(c2cnccc2C2CC2)C1C(=O)C=O,-5.274,-5.517,-0.243,-1.4121000000000001,Fase 2_Seletividade
MOL_03463,COc1c(C=CF)cc(C(C)=O)nc1-c1cnccc1C(=O)C(C)C(C)C,-9.168,-6.914,2.254,-1.4097200000000054,Gen 132
MOL_03464,CCC(=O)c1cnccc1-c1c(C=CF)cc(C(=O)CC(C)C)nc1OC,-7.002,-6.593,0.4089999999999998,-1.4056550000000012,Gen 96
MOL_03465,CCC(=O)C1CCC(C)C1c1c(C)c(C)nc(C(C)=O)c1C(C)=O,-6.754,-6.544,0.2099999999999999,-1.397020000000003,Gen 94
MOL_03466,CNC(=O)C1C(O)CCC1c1cnccc1C(C)C,-5.762,-6.214,-0.452,-1.3917199999999994,Fase 2_Seletividade
MOL_03467,COc1cncc(C2CC2)c1C1C(C)CCC1C(=O)C(C)C(C)C,-6.37,-6.454,-0.0839999999999996,-1.3901200000000022,Gen 79
MOL_03468,COc1nc(OC)c(C2CCC(C)C2C(=O)C(C)CC(C)C)c(C=CF)c1F,-8.879,-6.883,1.996,-1.3744550000000029,Gen 34
MOL_03469,CCNC(=O)C1C(C=O)CCC1c1cnccc1F,-7.332,-6.661,0.671,-1.3636950000000043,Fase 2_Seletividade
MOL_03470,COc1c(C)c(C)nc(C(C)=O)c1-c1ccncc1C(=O)C(C)C(C)C,-6.557,-6.508,0.0490000000000003,-1.3605800000000015,Gen 91
MOL_03471,N#CC1CCC(c2cnccc2C(F)F)C1C(=O)O,-7.218,-6.642,0.576,-1.3582799999999997,Fase 2_Seletividade
MOL_03472,CC(=O)c1ccncc1C1C(C)CCC1c1c(C(C)=O)ccnc1C,-7.258,-6.65,0.6079999999999997,-1.3529999999999998,Gen 83
MOL_03473,CCCC(C)C(=O)C1C(C)CCC1c1c(OC)ncc(Cl)c1C=CF,-6.568,-6.513,0.0549999999999997,-1.3500550000000011,Gen 32
MOL_03474,CC(=O)C1CCC(C)C1c1ccncc1C1CCC(C)C1C(C)=O,-6.714,-6.548,0.1660000000000003,-1.3383800000000017,Gen 122
MOL_03475,COc1nc(C)c(C)c(OC)c1-c1ccncc1C(=O)CC(C)C,-6.527,-6.509,0.0179999999999997,-1.326295,Gen 100
MOL_03476,COc1ccnc(C)c1-c1c(-c2ccnc(C)c2OC)ccnc1C,-6.56,-6.517,0.0429999999999992,-1.324655,Gen 72
MOL_03477,CCC(=O)c1c(OC)c(O)nc(C)c1C1CCC(C)C1C(=O)C(C)C(C)C,-9.014,-6.906,2.108,-1.3221200000000053,Gen 161
MOL_03478,O=C(O)C1C(CF)CCC1c1cnccc1C(F)F,-7.502,-6.697,0.805,-1.318055000000002,Fase 2_Seletividade
MOL_03479,CC(=O)c1cnccc1-c1nc(C)c(C)c(C(=O)C(C)C(C)C)c1C(C)=O,-7.852,-6.752,1.1000000000000003,-1.3135800000000035,Gen 162
MOL_03480,N#Cc1ccncc1C1CCC(F)C1C(=O)C1CCC1,-7.424,-6.685,0.739,-1.313375000000005,Fase 2_Seletividade
MOL_03481,COc1nc(O)c(C2CCC(C)C2C(=O)C(C)C(C)C)c(C(C)=O)c1C1CC1,-8.328,-6.82,1.5079999999999991,-1.3094999999999999,Gen 69
MOL_03482,CC(=O)C1CCC(C)C1c1c(C(=O)CCC(C)C)ccnc1C,-6.223,-6.436,-0.213,-1.3088200000000016,Gen 116
MOL_03483,CCNC(=O)C1C(CF)CCC1c1cnccc1I,-7.352,-6.674,0.678,-1.3073199999999998,Fase 2_Seletividade
MOL_03484,COc1c(O)c(C)nc(O)c1-c1ccncc1C1C(C)CCC1OC,-6.888,-6.59,0.298,-1.3070000000000022,Gen 135
MOL_03485,CCNC(=O)C1C(CF)CCC1c1cnccc1F,-7.918,-6.765,1.153,-1.2913750000000048,Fase 2_Seletividade
MOL_03486,CNC(=O)C1C(O)CCC1c1cnccc1C#N,-7.23,-6.656,0.574,-1.290620000000004,Fase 2_Seletividade
MOL_03487,CC(=O)c1c(C2CCC(C)C2C(=O)C(C)C(C)C)cnc(O)c1C(F)(F)F,-8.726,-6.875,1.8510000000000009,-1.2853750000000037,Gen 154
MOL_03488,CCNC(=O)C1C(C#N)CCC1c1cnccc1C=O,-7.423,-6.69,0.733,-1.282,Fase 2_Seletividade
MOL_03489,CC(=O)c1nc(C2C(C)CCC2C(C)=O)cc(C=CF)c1C(C)=O,-8.727,-6.878,1.8490000000000002,-1.2624800000000018,Gen 167
MOL_03490,CC(=O)c1ccncc1-c1cnccc1-c1cnccc1C(=O)CC(C)C,-6.768,-6.575,0.1929999999999996,-1.2623750000000005,Gen 158
MOL_03491,N#Cc1ccncc1C1CCC(C=O)C1C(=O)C1CCC1,-6.37,-6.487,-0.117,-1.2612550000000011,Fase 2_Seletividade
MOL_03492,NC(=O)C(=O)C1C(S)CCC1c1cnccc1C(F)F,-7.244,-6.665,0.579,-1.2523750000000016,Fase 2_Seletividade
MOL_03493,CCNC(=O)C1C(O)CCC1c1cnccc1C1CC1,-7.756,-6.747,1.009,-1.2510550000000045,Fase 2_Seletividade
MOL_03494,COC1CCC(C)C1c1cnccc1-c1ccncc1C(=O)CC(C)C,-6.645,-6.552,0.0929999999999999,-1.250580000000003,Gen 133
MOL_03495,CCOc1ncc(C2CCC(C)C2C(=O)CC(C)C)c(C(C)=O)c1C,-6.275,-6.466,-0.1909999999999998,-1.2495200000000004,Gen 56
MOL_03496,CCC(=O)c1nc(C)c(C)c(C2CCC(C)C2OC)c1C(=O)CC,-7.814,-6.756,1.0579999999999998,-1.2486200000000007,Gen 90
MOL_03497,CC(=O)c1ccnc(C)c1C1CCC(C)C1c1ccnc(C)c1C(C)=O,-6.46,-6.512,-0.0519999999999996,-1.246380000000003,Gen 89
MOL_03498,CCNC(=O)C1C(C#N)CCC1c1cnccc1Br,-7.012,-6.626,0.386,-1.2409199999999991,Fase 2_Seletividade
MOL_03499,CCNC(=O)C1C(F)CCC1c1cnccc1C(C)C,-7.972,-6.781,1.191,-1.2344950000000052,Fase 2_Seletividade
MOL_03500,N#CC1CCC(c2cnccc2N)C1C(=O)C1CCC1,-7.076,-6.639,0.437,-1.2330950000000005,Fase 2_Seletividade
MOL_03501,CC(=O)c1c(O)c(C2CC2)nc(C)c1C1CCC(C)C1C(=O)CC(C)C,-8.519,-6.856,1.6630000000000005,-1.2276200000000035,Gen 84
MOL_03502,COc1c(C=CF)cc(C(=O)CC(C)C)nc1C(=O)C(C)C(C)C,-7.028,-6.632,0.3959999999999999,-1.2239800000000036,Gen 130
MOL_03503,N#CC1CCC(c2cnccc2CF)C1C(=O)C1CCC1,-6.52,-6.531,-0.011,-1.222495000000002,Fase 2_Seletividade
MOL_03504,COc1cnccc1-c1c(C=CF)cc(C(=O)CC(C)C)nc1C(C)=O,-8.687,-6.878,1.8089999999999995,-1.222480000000001,Gen 96
MOL_03505,CC(=O)c1ccnc(C)c1-c1cnccc1C1C(C)CCC1C(C)=O,-6.309,-6.482,-0.173,-1.2204800000000011,Gen 122
MOL_03506,CNC(=O)C1C(F)CCC1c1cnccc1C(F)F,-8.488,-6.854,1.634,-1.2121200000000023,Fase 2_Seletividade
MOL_03507,CCNC(=O)C1C(C)CCC1c1cnccc1O,-7.097,-6.649,0.448,-1.1976950000000022,Fase 2_Seletividade
MOL_03508,COc1ccncc1-c1cnccc1-c1cnccc1C(=O)CC(C)C,-6.423,-6.518,-0.0949999999999997,-1.1832800000000026,Gen 158
MOL_03509,NC(=O)C(=O)C1C(CF)CCC1c1cnccc1F,-8.571,-6.871,1.7,-1.162094999999999,Fase 2_Seletividade
MOL_03510,CNC(=O)C1C(OC)CCC1c1cnccc1C#N,-6.82,-6.606,0.214,-1.1561200000000031,Fase 2_Seletividade
MOL_03511,COC1C(C)CCC1c1c(C)c(C)nc(C(C)=O)c1C(N)=O,-8.971,-6.921,2.05,-1.1540950000000016,Gen 96
MOL_03512,COc1ccncc1-c1ccncc1-c1cnccc1C(=O)CC(C)C,-6.419,-6.525,-0.1060000000000007,-1.1483749999999997,Gen 158
MOL_03513,[C-]#[N+]c1ccncc1C1CCC(C)C1C(=O)CC1CCC1F,-6.995,-6.64,0.355,-1.146500000000004,Fase 1_Lote Inicial
MOL_03514,CC(=O)c1ccncc1-c1ccncc1-c1cnccc1C(=O)CC(C)C,-7.539,-6.731,0.8079999999999998,-1.1394950000000028,Gen 158
MOL_03515,CC1CCC(c2cnccc2C=CF)C1C(=O)C(C)(C)C,-5.413,-6.107,-0.694,-1.1381000000000006,Fase 1_Lote Inicial
MOL_03516,O=C(CC(F)(F)F)C1C(F)CCC1c1cnccc1C#CF,-8.624,-6.881,1.743,-1.1354950000000015,Fase 1_Lote Inicial
MOL_03517,CCC(C)CCC(=O)C1C(C)CCC1c1c(OC)ncc(F)c1C=CF,-8.135,-6.818,1.3170000000000002,-1.1312800000000056,Gen 32
MOL_03518,COC1CCC(C)C1c1c(O)c(C)nc(O)c1C(C)=O,-6.979,-6.641,0.3380000000000001,-1.1248950000000022,Gen 115
MOL_03519,CC(C)c1ccncc1C1CCC(F)C1C(=O)C(=O)O,-8.195,-6.828,1.367,-1.1169799999999999,Fase 2_Seletividade
MOL_03520,CC1CCC(c2cnccc2NC#N)C1C(=O)CC1CCC1F,-8.068,-6.812,1.256,-1.1083800000000004,Fase 1_Lote Inicial
MOL_03521,COc1c(-c2ccnc(C)c2-c2ccnc(C)c2OC)ccnc1C,-7.037,-6.655,0.3819999999999997,-1.1033750000000007,Gen 72
MOL_03522,Cc1ccncc1C1CCC(F)C1C(=O)C1CCC1,-8.531,-6.876,1.655,-1.0824200000000008,Fase 2_Seletividade
MOL_03523,CC(C)C(=O)c1c(C2CC2)cncc1C1CCC(C)C1C(N)=O,-8.809,-6.911,1.898,-1.0756950000000058,Gen 59
MOL_03524,COc1c(O)c(C)nc(O)c1-c1ccncc1C1CCC(C)C1OC,-7.075,-6.667,0.4080000000000003,-1.0716550000000042,Gen 135
MOL_03525,CNC(=O)C1C(OC)CCC1c1cnccc1C1CC1,-6.744,-6.609,0.135,-1.0642950000000013,Fase 2_Seletividade
MOL_03526,COC1C(C)CCC1c1c(O)nc(C)c(O)c1C1CCC(C)C1OC,-7.213,-6.693,0.5200000000000005,-1.0536550000000044,Gen 129
MOL_03527,CC(=O)c1cnccc1-c1cnccc1-c1ccncc1C(=O)C(C)C(C)C,-6.812,-6.626,0.1859999999999999,-1.0409199999999998,Gen 70
MOL_03528,CNC(=O)C1C(CF)CCC1c1cnccc1C(F)F,-8.135,-6.832,1.303,-1.0269800000000036,Fase 2_Seletividade
MOL_03529,CC(C)CC(=O)C1C(C)CCC1c1cncc(C(F)(F)F)c1C#N,-8.97,-6.936,2.0340000000000007,-1.025820000000004,Gen 21
MOL_03530,CCC(=O)C1C(C)CCC1c1ccncc1C1CCC(C)C1C(C)=O,-7.276,-6.709,0.5670000000000002,-1.0172950000000052,Gen 81
MOL_03531,COc1nc(C)c(C)c(C(C)=O)c1C1CCC(C)C1C(=O)C(C)C(C)C,-6.604,-6.592,0.0120000000000004,-1.0127800000000038,Gen 84
MOL_03532,Cc1nc(C2CC2)c(C2CCC(C)C2C(N)=O)c(C#N)c1C1CC1,-8.809,-6.919,1.89,-1.008895000000006,Gen 34
MOL_03533,CC(=O)c1cnccc1C1C(C)CCC1C(C)=O,-6.3,-6.533,-0.2330000000000005,-0.993455,Gen 122
MOL_03534,COC1C(C)CCC1c1c(C=CF)cc(C(C)=O)nc1C(=O)CC(C)C,-6.796,-6.634,0.1619999999999999,-0.9809200000000002,Gen 108
MOL_03535,COc1c(C=CF)cc(C(=O)CCC(C)C)nc1C(=O)CC(C)C,-8.419,-6.875,1.5440000000000005,-0.9783750000000033,Gen 108
MOL_03536,O=C(CC(F)(F)F)C1C(F)CCC1c1cnccc1C=NO,-8.636,-6.902,1.734,-0.9770800000000008,Fase 1_Lote Inicial
MOL_03537,COc1ccncc1-c1cnccc1C1C(C)CCC1C(C)=O,-6.719,-6.621,0.0979999999999998,-0.9750950000000005,Gen 152
MOL_03538,COc1nc(C)c(C)c(C(N)=O)c1C1CCC(C)C1C(=O)CC(C)C,-6.77,-6.631,0.1389999999999993,-0.971495,Gen 87
MOL_03539,COc1c(C(C)=O)nc(C)c(C)c1C(=O)CCC(C)C,-8.835,-6.928,1.907000000000001,-0.9589800000000039,Gen 110
MOL_03540,CNC(=O)C1C(C#N)CCC1c1cnccc1I,-6.087,-6.498,-0.411,-0.9328800000000008,Fase 2_Seletividade
MOL_03541,CC(C)c1ccncc1C1CCC(S)C1C(=O)C(N)=O,-6.604,-6.609,-0.005,-0.9242950000000016,Fase 2_Seletividade
MOL_03542,CCC(=O)c1ccnc(C)c1-c1cncc(C(=O)CCC(C)C)c1C(C)=O,-7.065,-6.69,0.375,-0.9240000000000004,Gen 80
MOL_03543,CC(=O)c1nc(C)c(C)c(C(=O)CC(C)C)c1C1C(C)CCC1C(C)=O,-6.188,-6.525,-0.3370000000000006,-0.9173749999999998,Gen 152
MOL_03544,CNC(=O)C1C(C#N)CCC1c1cnccc1C(C)C,-7.267,-6.724,0.543,-0.9128200000000017,Fase 2_Seletividade
MOL_03545,COc1nc(C2C(C)CCC2C(=O)CC(C)C)cc(C=CF)c1C(C)=O,-9.252,-6.981,2.271000000000001,-0.9124950000000052,Gen 167
MOL_03546,CCC1CCC(c2c(OC)ncc(Cl)c2C=CF)C1C(N)=O,-9.12,-6.967,2.153,-0.9056550000000065,Gen 39
MOL_03547,CNC(=O)C1C(O)CCC1c1cnccc1O,-7.578,-6.772,0.806,-0.9031800000000008,Fase 2_Seletividade
MOL_03548,CC(=O)c1c(Cl)cncc1C1CCC(C)C1C(=O)C(C)C(C)C,-7.39,-6.745,0.6449999999999996,-0.8983750000000015,Gen 56
MOL_03549,CC(=O)c1ccnc(O)c1C1CCC(C)C1C(=O)C(C)C(C)C,-8.243,-6.863,1.38,-0.8970549999999999,Gen 48
MOL_03550,CCC(=O)c1c(-c2cnccc2C(=O)CC(C)C)nc(C)c(C)c1OC,-7.333,-6.738,0.5949999999999998,-0.8876799999999996,Gen 98
MOL_03551,COc1c(C(=O)CCC(C)C)nc(C)c(C)c1C1CCC(C)C1OC,-8.033,-6.838,1.1949999999999994,-0.8796800000000013,Gen 90
MOL_03552,CC(C)c1ccncc1C1CCC(N)C1C(=O)C1CCC1,-7.708,-6.794,0.914,-0.8785200000000053,Fase 2_Seletividade
MOL_03553,CC(=O)c1c(C2C(C)CCC2C(C)=O)ccnc1C,-6.601,-6.618,-0.0170000000000003,-0.8732800000000003,Gen 53
MOL_03554,CCNC(=O)C1C(C#N)CCC1c1cnccc1O,-7.627,-6.784,0.843,-0.868420000000004,Fase 2_Seletividade
MOL_03555,CCc1nc(OC)cc(C(N)=O)c1C1CCC(C)C1C(=O)C(C)C(C)C,-9.368,-6.999,2.3690000000000007,-0.8646950000000064,Gen 50
MOL_03556,CCCCCCC(=O)C1C(C)CCC1c1c(OC)nc(F)c(Cl)c1C=CCl,-7.644,-6.79,0.8540000000000001,-0.8430000000000017,Gen 38
MOL_03557,CC(=O)c1c(C2CCC(C)C2c2ccnc(C)c2C(C)=O)ccnc1C,-6.766,-6.654,0.1120000000000001,-0.8381200000000018,Gen 89
MOL_03558,CC(=O)c1cnccc1-c1cnccc1-c1cnccc1C(=O)CC(C)C,-6.574,-6.622,-0.048,-0.8246800000000025,Gen 158
MOL_03559,CC(=O)c1c(C2CCC(C)C2C(=O)CC(C)C)cnc(O)c1O,-10.03,-7.074,2.9559999999999995,-0.8093200000000049,Gen 49
MOL_03560,CCC1CCC(c2cncc(C(F)(F)F)c2C(N)=O)C1C(=O)CC(C)C,-9.687,-7.039,2.648,-0.8080950000000051,Gen 108
MOL_03561,CC(=O)c1c(C2CCC(C)C2C(=O)CC(C)C)cncc1C(F)(F)F,-7.73,-6.807,0.923,-0.8068550000000005,Gen 16
MOL_03562,CC(=O)c1c(O)cnc(C2CC2)c1C1CCC(C)C1C(=O)C(C)C(C)C,-7.105,-6.717,0.3880000000000008,-0.7956550000000053,Gen 137
MOL_03563,CC1CCC(c2cnccc2N=[N+]=[N-])C1C(=O)C(C)(C)C,-5.064,-6.126,-1.062,-0.7758000000000003,Fase 1_Lote Inicial
MOL_03564,C=C=Cc1cc(C)ncc1C1CCC(C)C1C(=O)C(=CC)CC,-9.653,-7.039,2.6140000000000008,-0.7740950000000062,Gen 9
MOL_03565,CCNC(=O)C1C(OC)CCC1c1cnccc1N,-6.916,-6.691,0.225,-0.7688950000000032,Fase 2_Seletividade
MOL_03566,CCc1nc(O)c(O)c(C(C)=O)c1C1CCC(C)C1C(=O)C(C)C(C)C,-7.239,-6.745,0.4939999999999998,-0.7473750000000017,Gen 88
MOL_03567,CC(=O)c1c(O)c(C2CC2)nc(O)c1C1CCC(C)C1C(=O)CC(C)C,-8.697,-6.937,1.759999999999999,-0.7442549999999999,Gen 107
MOL_03568,CCC(=O)c1c(F)c(Cl)nc(F)c1C1CCC(C)C1C(N)=O,-8.901,-6.961,1.9399999999999995,-0.7396950000000011,Gen 33
MOL_03569,CCC(=O)C1C(C)CCC1c1ccncc1-c1ccncc1C(C)=O,-7.214,-6.744,0.4700000000000006,-0.7290200000000038,Gen 70
MOL_03570,CCC(=O)C1C(C)CCC1c1cc(C=CF)c(C(C)=O)c(C(C)=O)n1,-9.337,-7.014,2.3229999999999995,-0.6947200000000002,Gen 97
MOL_03571,COc1cnc(OC)c(C2CCC(C)C2C(=O)C(C)C(C)C)c1C(C)=O,-7.709,-6.823,0.8859999999999992,-0.6682550000000003,Gen 124
MOL_03572,CCC(=O)C1C(C)CCC1c1ccncc1-c1cnccc1C(C)=O,-7.336,-6.771,0.5650000000000004,-0.6680950000000028,Gen 81
MOL_03573,CCC(=O)c1ccncc1C1CCC(C)C1c1cnccc1C(C)=O,-6.451,-6.629,-0.1779999999999999,-0.6634950000000046,Gen 83
MOL_03574,Cc1cc(C=NO)c(C2CCC(C)C2C(=O)C(C)C(C)C)cn1,-7.851,-6.846,1.005,-0.6367200000000031,Fase 5_Híbridos Geração 3
MOL_03575,CC(C)CC(=O)C1C(C)CCC1c1cnccc1C(F)F,-7.508,-6.803,0.705,-0.6138550000000036,Fase 1_Lote Inicial
MOL_03576,CC(C)CC(=O)C1C(C)CCC1c1cnc(C2CC2)c(C2CC2)c1C(N)=O,-8.766,-6.962,1.8040000000000005,-0.5958800000000064,Gen 55
MOL_03577,CC(C)CC(=O)C1C(C)CCC1c1cncc(C(F)(F)F)c1C(N)=O,-7.121,-6.752,0.3690000000000006,-0.5825800000000037,Gen 65
MOL_03578,Cc1ccncc1C1CCC(O)C1C(=O)C1CCC1,-8.055,-6.879,1.176,-0.582495000000006,Fase 2_Seletividade
MOL_03579,CCNC(=O)C1C(C)CCC1c1cnccc1C(C)C,-6.513,-6.658,-0.145,-0.5620799999999999,Fase 2_Seletividade
MOL_03580,CC(=O)c1c(F)c(C2CC2)nc(O)c1C1CCC(C)C1C(=O)CC(C)C,-9.545,-7.05,2.495,-0.560000000000004,Gen 56
MOL_03581,CC(=O)c1c(C2CCC(C)C2C(=O)C(C)C(C)C)cnc(F)c1F,-7.807,-6.852,0.955,-0.5465800000000005,Gen 31
MOL_03582,CC1CCC(c2cnc(C(F)(F)F)c(C3CC3)c2C#N)C1C(N)=O,-8.649,-6.955,1.693999999999999,-0.5403750000000009,Gen 25
MOL_03583,CCC1CCC(c2cnccc2C(F)F)C1C(=O)C(N)=O,-6.697,-6.693,0.004,-0.5376550000000044,Fase 2_Seletividade
MOL_03584,COC(=O)c1ccncc1C1CCC(C)C1C(=O)C(C)(C)C,-5.912,-6.549,-0.637,-0.531695,Fase 1_Lote Inicial
MOL_03585,Cc1ncc(O)c(C(=O)C(C)C)c1C1CCC(C)C1C(=O)C(C)C(C)C,-7.226,-6.777,0.4489999999999998,-0.5164550000000014,Gen 122
MOL_03586,COc1c(C2C(C)CCC2C(C)=O)nc(C)c(C)c1C(=O)C(C)C(C)C,-7.884,-6.868,1.016,-0.49878,Gen 155
MOL_03587,CCC=CC(=O)C1C(C)CCC1c1cnccc1C1CO1,-7.974,-6.88,1.094,-0.4935000000000036,Fase 1_Lote Inicial
MOL_03588,CCCCCC(=O)C1C(C)CCC1c1c(OC)nc(F)c(Cl)c1C=CF,-7.544,-6.825,0.7189999999999994,-0.48837500000000045,Gen 36
MOL_03589,CC(=O)c1c(C2CCC(C)C2C(=O)C(C)C(C)C)cnc(O)c1C1CC1,-9.167,-7.021,2.146,-0.45909500000000314,Gen 74
MOL_03590,COc1c(C2C(C)CCC2OC)nc(C)c(C)c1C(=O)C(C)C(C)C,-9.136,-7.018,2.1179999999999994,-0.4562800000000049,Gen 155
MOL_03591,CC1CCCC1C(=O)C1CC1c1cnccc1C=NO,-7.713,-6.854,0.859,-0.43712000000000284,Fase 1_Lote Inicial
MOL_03592,CC(=O)c1cc(C=CF)c(-c2cnccc2C(=O)C(C)C(C)C)c(C(C)=O)n1,-8.48,-6.948,1.532,-0.4323800000000002,Gen 132
MOL_03593,CC1CCC(c2cnc(C3CC3)c(C3CC3)c2C#N)C1C(N)=O,-7.464,-6.822,0.6420000000000003,-0.4306800000000024,Gen 24
MOL_03594,CC(=O)c1nc(C)c(C)c(-c2ccnc(C)c2C(C)=O)c1C(=O)CC(C)C,-6.418,-6.665,-0.2469999999999999,-0.42637500000000195,Gen 121
MOL_03595,COc1c(C=CF)cc(C(C)=O)nc1C1CCC(C)C1C(=O)CC(C)C,-6.463,-6.673,-0.2099999999999999,-0.4242550000000014,Gen 68
MOL_03596,Cc1ccncc1C1CCC(C=O)C1C(=O)O,-7.696,-6.859,0.837,-0.38129500000000327,Fase 2_Seletividade
MOL_03597,C=C=Cc1cc(CC)ncc1C1CCC(C)C1C(=O)C(C)=CC,-8.725,-6.985,1.739999999999999,-0.3493750000000002,Gen 9
MOL_03598,CNC(=O)C1C(C#N)CCC1c1cnccc1C(F)F,-7.906,-6.892,1.014,-0.32878000000000007,Fase 2_Seletividade
MOL_03599,CCNC(=O)C1C(C#N)CCC1c1cnccc1I,-5.527,-6.518,-0.991,-0.28728000000000264,Fase 2_Seletividade
MOL_03600,CC(C)C(=O)C1C(O)CCC1c1cnccc1C(F)F,-7.678,-6.869,0.809,-0.284895000000005,Fase 2_Seletividade
MOL_03601,CC(=O)c1c(-c2cnccc2C2C(C)CCC2C(C)=O)ccnc1C,-6.659,-6.728,-0.0689999999999999,-0.2789800000000042,Gen 122
MOL_03602,CCC(F)C(=O)C1C(C)CCC1c1cnccc1NC#N,-7.981,-6.908,1.073,-0.2725799999999996,Fase 1_Lote Inicial
MOL_03603,Cc1nc(O)c(C(=O)CC(C)C)c(C2C(C)CCC2C(=O)CC(C)C)c1O,-6.384,-6.689,-0.3049999999999997,-0.2490950000000023,Gen 153
MOL_03604,CNC(=O)C1C(C#N)CCC1c1cnccc1C1CC1,-7.177,-6.811,0.366,-0.2246950000000023,Fase 2_Seletividade
MOL_03605,CC(=O)c1c(O)c(O)nc(C(F)(F)F)c1C1CCC(C)C1C(=O)CC(C)C,-7.369,-6.838,0.5309999999999997,-0.21568000000000165,Gen 86
MOL_03606,CC1CCC(c2cnccc2C#CF)C1C(=O)C(C)(C)C,-4.567,-6.22,-1.653,-0.18850000000000122,Fase 1_Lote Inicial
MOL_03607,CCC1CCC(c2cnc(F)c(F)c2C(C)=O)C1C(=O)CC(C)C,-8.349,-6.962,1.3870000000000005,-0.1788800000000066,Gen 31
MOL_03608,Cc1nc(C)c(C2CCC(C)C2C(=O)C(C)C(C)C)c(C(N)=O)c1F,-8.877,-7.02,1.857000000000001,-0.17850000000000854,Gen 101
MOL_03609,COc1nc(C)c(C2CCC(C)C2C(=O)CC(C)C)c(C(C)=O)c1O,-8.782,-7.01,1.7720000000000002,-0.1770000000000067,Gen 140
MOL_03610,COC1C(C)CCC1c1c(O)nc(C)c(O)c1C1CCC(C)C1C(C)=O,-6.921,-6.782,0.1390000000000002,-0.1764800000000024,Gen 129
MOL_03611,CCC(=O)C1C(C)CCC1c1ccncc1-c1cnccc1OC,-6.286,-6.685,-0.399,-0.17537500000000428,Gen 81
MOL_03612,CC(=O)C1CCC(C)C1c1ccnc(C)c1C(=O)C(C)C(C)C,-6.552,-6.732,-0.1800000000000006,-0.14598000000000066,Gen 89
MOL_03613,CCCC(=O)C1C(OC)CCC1c1cnccc1C=NO,-7.799,-6.902,0.897,-0.14008000000000198,Fase 1_Lote Inicial
MOL_03614,CCCC(=O)c1c(Cl)c(Cl)nc(F)c1C1CCC(C)C1C(=O)CC(C)C,-6.436,-6.715,-0.2789999999999999,-0.1393750000000029,Gen 38
MOL_03615,COC1C(C)CCC1c1nc(C(C)=O)cc(C=CF)c1C(C)=O,-7.256,-6.834,0.4220000000000006,-0.1329200000000057,Gen 103
MOL_03616,CCNC(=O)C1C(C)CCC1c1cnccc1OC,-6.808,-6.773,0.035,-0.126255000000004,Fase 2_Seletividade
MOL_03617,NC1CCC(c2cnccc2O)C1C(=O)C1CCC1,-8.381,-6.974,1.407,-0.1043200000000013,Fase 2_Seletividade
MOL_03618,COc1c(C(F)(F)F)ncc(C2CCC(C)C2C(=O)CC(C)C)c1C(N)=O,-9.47,-7.09,2.380000000000001,-0.08900000000000574,Gen 86
MOL_03619,CCC(C)C(=O)C1C(C)CCC1c1c(C#N)cc(C(F)(F)F)nc1C(F)(F)F,-9.267,-7.07,2.196999999999999,-0.0860000000000003,Gen 20
MOL_03620,CCC(=O)c1ccnc(C)c1C1CCC(C)C1c1cnccc1C(C)=O,-7.019,-6.809,0.2099999999999999,-0.08129500000000078,Gen 83
MOL_03621,COc1nc(C2CCC(C)C2C(=O)CC(C)C)cc(C=CF)c1C(C)=O,-8.897,-7.033,1.864,-0.07545499999999983,Gen 97
MOL_03622,O=C(O)C(=O)C1C(O)CCC1c1cnccc1C(F)F,-7.315,-6.85,0.465,-0.0700000000000065,Fase 2_Seletividade
MOL_03623,COc1ncc(C2CCC(C)C2C(=O)C(C)C(C)C)c(C(N)=O)c1C(F)(F)F,-9.156,-7.064,2.0920000000000005,-0.034220000000003026,Gen 65
MOL_03624,O=C(C1CCC1)C1C(O)CCC1c1cnccc1C1CC1,-8.395,-6.984,1.411,-0.028420000000002332,Fase 2_Seletividade
MOL_03625,CCOc1c(OC)nc(C)c(C2CCC(C)C2C(=O)C(C)C(C)C)c1C(C)=O,-9.286,-7.081,2.204999999999999,0.004504999999999981,Gen 147
MOL_03626,CC(=O)c1c(C2CCC(C)C2C(N)=O)cnc(F)c1F,-9.147,-7.07,2.077,0.03399999999999892,Gen 31
MOL_03627,COC1CCC(C)C1c1nc(C(=O)CC(C)C)cc(C=CF)c1C(C)=O,-9.075,-7.063,2.012,0.03694499999999579,Gen 95
MOL_03628,CC(C)CC(=O)C1C(C)CCC1c1cnc(C(F)(F)F)c(C2CC2)c1C(N)=O,-10.09,-7.163,2.927,0.05494500000000002,Gen 47
MOL_03629,CC(=O)c1c(C2CC2)c(O)nc(C)c1C1CCC(C)C1C(=O)CC(C)C,-8.731,-7.03,1.7009999999999996,0.06199999999999939,Gen 46
MOL_03630,NC(=O)C1C(N)CCC1c1cnccc1C(F)F,-8.125,-6.964,1.161,0.06278000000000006,Fase 2_Seletividade
MOL_03631,CCC(=O)c1ccnc(C)c1-c1cncc(OC)c1C(=O)CCC(C)C,-8.652,-7.022,1.629999999999999,0.06531999999999982,Gen 80
MOL_03632,CC1CCC(c2cnccc2C2CC2)C1C(=O)C(C)(C)C,-6.779,-6.799,-0.02,0.08630499999999941,Fase 1_Lote Inicial
MOL_03633,CC(=O)C1CCC(C)C1c1c(O)nc(C)c(O)c1C1C(C)CCC1C(C)=O,-7.28,-6.867,0.4130000000000002,0.09734499999999624,Gen 153
MOL_03634,O=C(C1CCC1)C1C(O)CCC1c1cnccc1O,-7.965,-6.951,1.014,0.10870499999999339,Fase 2_Seletividade
MOL_03635,COc1c(-c2cnccc2C(C)=O)nc(C)c(C)c1C(=O)CC(C)C,-8.665,-7.031,1.6339999999999997,0.13750499999999377,Gen 102
MOL_03636,COC1C(C)CCC1c1ccncc1-c1cnccc1C(=O)CC(C)C,-6.352,-6.745,-0.3929999999999998,0.1396249999999979,Gen 158
MOL_03637,COc1c(-c2c(C)c(C)nc(C(=O)C(C)C(C)C)c2OC)ccnc1C,-6.344,-6.744,-0.3999999999999994,0.14097999999999633,Gen 139
MOL_03638,CC(=O)c1ccnc(C)c1-c1c(C2C(C)CCC2C(C)=O)ccnc1C,-7.621,-6.915,0.7060000000000004,0.14562499999999723,Gen 53
MOL_03639,C=C=Cc1ccncc1C1CCC(C)C1C(=O)CC1CCC1F,-9.228,-7.09,2.138,0.15299999999999514,Fase 1_Lote Inicial
MOL_03640,CCC(=O)c1ccnc(C)c1-c1cncc(C(=O)C(C)C(C)C)c1OC,-8.222,-6.988,1.233999999999999,0.18082000000000242,Gen 80
MOL_03641,CCNC(=O)C1C(C#N)CCC1c1cnccc1CC,-7.06,-6.852,0.208,0.20042000000000026,Fase 2_Seletividade
MOL_03642,COc1ncc(O)c(C=CF)c1C1CCC(C)C1C(=O)CCC(C)C,-8.123,-6.984,1.1389999999999991,0.2435799999999979,Gen 33
MOL_03643,COc1ccncc1C1CCC(O)C1C(N)=O,-7.303,-6.889,0.414,0.24990499999999916,Fase 2_Seletividade
MOL_03644,CCc1cnc(C)c(C2CCC(C)C2C(=O)C(C)C(C)C)c1C(N)=O,-8.362,-7.012,1.3500000000000003,0.26161999999999175,Gen 61
MOL_03645,CC(=O)c1cnccc1-c1c(C(C)=O)nc(C)c(C)c1C(=O)CCC(C)C,-6.353,-6.764,-0.4110000000000005,0.2667799999999989,Gen 110
MOL_03646,Cc1ncc(C2CCC(C)C2C(=O)CC(C)C)c(C(N)=O)c1C(F)(F)F,-8.737,-7.055,1.6820000000000004,0.2966249999999935,Gen 46
MOL_03647,CCC(=O)c1c(OC)c(OC)nc(C)c1C1CCC(C)C1C(=O)C(C)C(C)C,-9.22,-7.108,2.112000000000001,0.3444199999999906,Gen 141
MOL_03648,CC(C)C(C)C(=O)C1C(C)CCC1c1cnc(F)c(F)c1C(N)=O,-9.398,-7.129,2.269,0.3845049999999919,Gen 31
MOL_03649,COC1CCC(C)C1c1c(O)c(C)nc(O)c1C(=O)CCC(C)C,-8.162,-7.009,1.1530000000000005,0.433704999999998,Gen 115
MOL_03650,CCC(C)C(=O)C1C(C)CCC1c1c(C#N)cc(C2CC2)nc1C(F)(F)F,-9.283,-7.123,2.16,0.4367449999999984,Gen 20
MOL_03651,COc1ncc(C2CCC(C)C2C(=O)CC(C)C)c(C(N)=O)c1C(F)(F)F,-8.555,-7.052,1.503,0.4494199999999928,Gen 65
MOL_03652,COc1c(C)c(C)nc(-c2ccncc2C(C)=O)c1C(=O)CC(C)C,-6.981,-6.874,0.1070000000000002,0.4516799999999943,Gen 162
MOL_03653,CCNC(=O)C1C(C#N)CCC1c1cnccc1C1CC1,-7.7,-6.96,0.74,0.4524999999999961,Fase 2_Seletividade
MOL_03654,CCNC(=O)C1C(O)CCC1c1cnccc1C(C)C,-7.813,-6.974,0.839,0.4636799999999992,Fase 2_Seletividade
MOL_03655,COc1cncc(C2CCC(C)C2C(N)=O)c1C(C)=O,-8.459,-7.044,1.415,0.4679799999999936,Gen 70
MOL_03656,COc1ccncc1-c1ccncc1-c1cnccc1C(=O)CCC(C)C,-8.109,-7.007,1.1020000000000003,0.4681449999999945,Gen 64
MOL_03657,CC(=O)c1cnccc1C1CCC(C)C1c1cnccc1C(C)=O,-6.551,-6.823,-0.2720000000000002,0.4897449999999992,Gen 83
MOL_03658,COc1nc(C)c(C)c(C(C)=O)c1C1C(C)CCC1C(=O)CC(C)C,-6.716,-6.845,-0.1289999999999995,0.4906249999999952,Gen 146
MOL_03659,CCC1CCC(c2cnccc2C(C)C)C1C(=O)NC,-7.203,-6.919,0.284,0.5971049999999929,Fase 2_Seletividade
MOL_03660,COc1nc(O)c(OC)c(C(C)=O)c1C1CCC(C)C1C(=O)C(C)C(C)C,-7.523,-6.957,0.5659999999999998,0.603144999999996,Gen 61
MOL_03661,CC(C)CC(=O)C1C(C)CCC1c1cnc(O)cc1C#N,-7.256,-6.928,0.3280000000000003,0.6200199999999967,Gen 23
MOL_03662,CCOc1cnc(C)c(C2CCC(C)C2C(=O)C(C)C(C)C)c1C(N)=O,-9.063,-7.123,1.9400000000000004,0.6567449999999972,Gen 112
MOL_03663,CCNC(=O)C1C(C#N)CCC1c1cnccc1C#N,-6.198,-6.798,-0.6,0.6601199999999974,Fase 2_Seletividade
MOL_03664,COC1CCC(C)C1c1c(O)nc(C)c(O)c1C1C(C)CCC1C(C)=O,-6.653,-6.859,-0.2060000000000004,0.6617049999999969,Gen 153
MOL_03665,N#Cc1ccncc1C1CCC(C#N)C1C(=O)C1CCC1,-7.862,-7.002,0.86,0.6689199999999946,Fase 2_Seletividade
MOL_03666,COc1c(C=CF)cc(-c2cnccc2C(C)=O)nc1C(=O)C(C)C(C)C,-7.479,-6.963,0.516,0.6999449999999969,Gen 130
MOL_03667,COC1CCC(c2cnccc2C(F)F)C1C(=O)C1CCC1,-7.33,-6.952,0.378,0.7524199999999954,Fase 2_Seletividade
MOL_03668,CC(C)C(C)C(=O)C1C(C)CCC1c1cncc(C2CC2)c1C(N)=O,-7.453,-6.968,0.4850000000000003,0.7702199999999957,Gen 56
MOL_03669,CC(=O)c1ccncc1C1C(C)CCC1c1ccncc1C1CC1,-7.464,-6.972,0.492,0.7948199999999996,Gen 83
MOL_03670,CC(=O)C1CCC(C)C1c1c(O)c(C)nc(O)c1C(=O)CCC(C)C,-6.436,-6.849,-0.4130000000000002,0.8013049999999993,Gen 153
MOL_03671,CC(=O)c1c(-c2c(C3C(C)CCC3C(C)=O)ccnc2C)ccnc1C,-7.059,-6.928,0.1310000000000002,0.8170199999999967,Gen 53
MOL_03672,CCC(=O)c1c(F)c(F)nc(C2CC2)c1C1CCC(C)C1C(=O)CC(C)C,-7.418,-6.971,0.447,0.8319049999999981,Gen 31
MOL_03673,CC1CCC(c2cnccc2C#N)C1C(=O)CC1CCC1F,-6.827,-6.903,-0.076,0.8401449999999944,Fase 1_Lote Inicial
MOL_03674,COc1c(C=CF)cc(-c2ccncc2C(C)=O)nc1C(=O)C(C)C(C)C,-7.01,-6.927,0.0830000000000001,0.8575449999999938,Gen 130
MOL_03675,NC(=O)C(=O)C1C(F)CCC1c1cnccc1CF,-8.242,-7.065,1.177,0.8896249999999988,Fase 2_Seletividade
MOL_03676,CC(=O)c1c(O)c(C(F)(F)F)nc(O)c1C1CCC(C)C1C(=O)C(C)C(C)C,-8.879,-7.129,1.75,0.903504999999992,Gen 135
MOL_03677,COc1nc(C)c(C2CCC(C)C2C(=O)C(C)C(C)C)c(C(C)=O)c1O,-7.583,-7.008,0.5750000000000002,1.0034199999999966,Gen 61
MOL_03678,CC(=O)c1cncc(C(C)=O)c1C1C(C)CCC1C(=O)CC(C)C,-6.114,-6.838,-0.7240000000000002,1.0393199999999982,Gen 52
MOL_03679,CC(=O)c1c(C2CCC(C)C2C(=O)CC(C)C)cnc(O)c1C(F)(F)F,-9.632,-7.214,2.418,1.0782800000000012,Gen 56
MOL_03680,CC(=O)c1cnccc1-c1cnccc1-c1cnccc1C(=O)C(C)C(C)C,-7.44,-7.011,0.4290000000000002,1.1743049999999977,Gen 70
MOL_03681,Nc1ccncc1C1CCC(O)C1C(=O)C1CCC1,-7.313,-7.001,0.312,1.2087049999999993,Fase 2_Seletividade
MOL_03682,COc1c(C)nc(C)c(C2CCC(C)C2C(=O)C(C)C(C)C)c1C(C)=O,-7.067,-6.98,0.0869999999999997,1.2635000000000005,Gen 66
MOL_03683,COc1ccnc(C)c1-c1c(O)c(C)nc(O)c1C1CCC(C)C1OC,-6.693,-6.94,-0.2470000000000007,1.2855000000000008,Gen 148
MOL_03684,CNC(=O)C1C(C#N)CCC1c1cnccc1C#N,-7.216,-6.999,0.217,1.2873049999999937,Fase 2_Seletividade
MOL_03685,CNC(=O)C1C(N)CCC1c1cnccc1C(F)F,-8.188,-7.102,1.086,1.314919999999999,Fase 2_Seletividade
MOL_03686,COc1nc(O)c(C2CCC(C)C2C(=O)CC(C)C)c(C(C)=O)c1OC,-9.184,-7.199,1.9849999999999994,1.3573049999999949,Gen 167
MOL_03687,CCc1ncc(C2CC2)c(C(N)=O)c1C1CCC(C)C1C(=O)C(C)C(C)C,-7.201,-7.005,0.1959999999999997,1.357624999999996,Gen 50
MOL_03688,CC(=O)c1c(O)cnc(O)c1C1CCC(C)C1C(=O)C(C)C(C)C,-8.205,-7.126,1.0789999999999995,1.54608,Gen 76
MOL_03689,CCCc1ncc(C2CCC(C)C2C(=O)CC(C)C)c(C=NO)c1C(F)(F)F,-9.088,-7.208,1.879999999999999,1.5544199999999986,Gen 24
MOL_03690,CC(C)C(=O)C1C(C)CCC1c1c(C(F)(F)F)nc(F)c(C(F)(F)F)c1C#N,-7.772,-7.088,0.6840000000000002,1.5888199999999966,Gen 25
MOL_03691,CCNC(=O)C1C(F)CCC1c1cnccc1C#N,-7.546,-7.067,0.479,1.6053449999999971,Fase 2_Seletividade
MOL_03692,C=C=Cc1cc(C)nc(C)c1C1CCC(C)C1C(=O)C(C)=CC,-8.342,-7.145,1.197000000000001,1.6096249999999923,Gen 9
MOL_03693,COc1nc(O)c(OC)c(C(C)=O)c1C1CCC(C)C1C(=O)CC(C)C,-7.427,-7.057,0.3699999999999992,1.626145000000001,Gen 86
MOL_03694,CC(=O)C1CCC(C)C1c1ccnc(C)c1C1C(C)CCC1C(C)=O,-7.699,-7.085,0.6139999999999999,1.631624999999996,Gen 53
MOL_03695,COc1c(C=CF)cc(C(C)=O)nc1-c1ccnc(C)c1C(=O)CC(C)C,-6.671,-6.983,-0.3119999999999994,1.6865449999999944,Gen 140
MOL_03696,COc1c(O)nc(C)c(C2CCC(C)C2C(=O)C(C)C(C)C)c1C(C)=O,-9.587,-7.269,2.318,1.7621049999999965,Gen 58
MOL_03697,CC(=O)c1c(C2CCC(C)C2C(=O)CC(C)C)cnc(O)c1C(F)(F)Cl,-8.529,-7.178,1.351,1.7795199999999944,Gen 42
MOL_03698,COc1cnccc1-c1nc(C)c(C)c(C(=O)CC(C)C)c1OC,-8.21,-7.171,1.0390000000000006,2.0219049999999985,Gen 102
MOL_03699,Cc1nc(C)c(C2CCC(C)C2C(=O)CC(C)C)c(C=NO)c1O,-6.545,-7.008,-0.4630000000000001,2.041419999999997,Gen 25
MOL_03700,CCNC(=O)C1C(C#N)CCC1c1cnccc1CF,-6.225,-6.977,-0.752,2.078545,Fase 2_Seletividade
MOL_03701,CC=CC(=O)C1C(C)CCC1c1cnccc1C=CF,-8.577,-7.21,1.367,2.0879999999999956,Fase 1_Lote Inicial
MOL_03702,CCC(=O)C1CCC(C)C1c1cnccc1C1CC1,-7.173,-7.081,0.0919999999999996,2.1175049999999995,Gen 83
MOL_03703,Cc1nc(C)c(C2CCC(C)C2C(=O)C(C)C(C)C)c(C(N)=O)c1C,-9.184,-7.271,1.913,2.1889049999999965,Gen 54
MOL_03704,C=C=Cc1cc(C)nc(F)c1C1CCC(C)C1C(=O)C(C)=CC,-10.04,-7.343,2.696999999999999,2.216344999999997,Gen 9
MOL_03705,COC1C(C)CCC1c1nc(C(C)=O)cc(C=CF)c1C(=O)CC(C)C,-6.891,-7.063,-0.1719999999999997,2.220944999999995,Gen 103
MOL_03706,COc1nc(OC)c(C2CCC(C)C2C(=O)C(C)C(C)C)c(C(C)=O)c1O,-8.083,-7.178,0.9050000000000002,2.225519999999994,Gen 86
MOL_03707,COC1CCC(C)C1c1c(O)nc(C)c(O)c1C1C(C)CCC1OC,-6.628,-7.038,-0.4100000000000001,2.241319999999998,Gen 115
MOL_03708,COc1c(C)nc(C(F)(F)F)c(C2CCC(C)C2C(=O)CC(C)C)c1C=NO,-6.859,-7.066,-0.2069999999999998,2.2824799999999943,Gen 42
MOL_03709,COc1nc(Cl)c(F)c(C(N)=O)c1C1CCC(C)C1C(=O)C(C)C(C)C,-7.505,-7.132,0.3730000000000002,2.3090199999999923,Gen 39
MOL_03710,CCC(C)C(=O)C1C(C)CCC1c1c(C(F)(F)F)nc(C(F)(F)F)c(O)c1C#N,-7.386,-7.121,0.2649999999999997,2.3129049999999998,Gen 25
MOL_03711,COC1C(C)CCC1c1c(O)nc(C)c(O)c1C1C(C)CCC1C(C)=O,-6.675,-7.055,-0.3799999999999999,2.3586249999999938,Gen 129
MOL_03712,CC(=O)c1ccnc(C)c1-c1ccnc(C)c1C1CCC(C)C1C(C)=O,-7.071,-7.095,-0.024,2.3606249999999935,Gen 134
MOL_03713,NC(=O)C(=O)C1C(O)CCC1c1cnccc1C(F)F,-8.249,-7.222,1.027,2.55232,Fase 3_Super Elite
MOL_03714,COc1nc(F)c(OC)c(C(C)=O)c1C1CCC(C)C1C(=O)CC(C)C,-7.554,-7.163,0.391,2.5909449999999996,Gen 43
MOL_03715,COc1c(C)nc(C)c(C2CCC(C)C2C(=O)C(C)C(C)C)c1C(N)=O,-8.06,-7.217,0.8430000000000009,2.6843449999999915,Gen 77
MOL_03716,CC(C)CC(=O)C1C(C)CCC1c1cnc(C2CC2)c(C(F)(F)F)c1C(N)=O,-9.75,-7.371,2.379,2.8639050000000026,Gen 76
MOL_03717,CCc1ncc(C(F)(F)F)c(C(N)=O)c1C1CCC(C)C1C(=O)C(C)C(C)C,-7.717,-7.21,0.5069999999999997,2.947999999999996,Gen 76
MOL_03718,CCOc1c(O)nc(C)c(C2CCC(C)C2C(=O)C(C)C(C)C)c1C(C)=O,-6.909,-7.141,-0.2320000000000002,3.000104999999997,Gen 114
MOL_03719,Cc1ncc(C(F)(F)F)c(C(N)=O)c1C1CCC(C)C1C(=O)C(C)C(C)C,-9.578,-7.371,2.206999999999999,3.035905000000003,Gen 50
MOL_03720,Cc1ncc(C2CC2)c(C(N)=O)c1C1CCC(C)C1C(=O)C(C)C(C)C,-7.834,-7.23,0.6039999999999992,3.059000000000001,Gen 50
MOL_03721,CC(C)C(C)C(=O)C1C(C)CCC1c1c(C(N)=O)ccnc1C(F)(F)F,-7.022,-7.16,-0.1379999999999999,3.090499999999997,Gen 81
MOL_03722,COc1c(C)nc(C)c(C2CCC(C)C2C(=O)CC(C)C)c1C(C)=O,-8.804,-7.336,1.468,3.3641799999999993,Gen 57
MOL_03723,COc1c(-c2ccncc2C(C)=O)nc(C)c(C)c1C(=O)CC(C)C,-7.87,-7.288,0.5819999999999999,3.706819999999998,Gen 102
MOL_03724,CC(C)CC(=O)C1C(C)CCC1c1cnc(C(F)(F)F)c(C(F)(F)F)c1C(N)=O,-9.349,-7.406,1.9430000000000005,3.722879999999991,Gen 138
MOL_03725,COc1nc(C)c(C2CCC(C)C2C(=O)C(C)C(C)C)c(C(N)=O)c1C(F)(F)F,-7.471,-7.261,0.2099999999999999,3.7833049999999986,Gen 65
MOL_03726,COc1nc(C2CC2)c(C2CCC(C)C2C(=O)CC(C)C)c(C(C)=O)c1OC,-7.737,-7.293,0.4439999999999999,3.900344999999998,Gen 136
MOL_03727,Cc1nc(C(F)(F)F)c(F)c(C(N)=O)c1C1CCC(C)C1C(=O)C(C)C(C)C,-9.551,-7.454,2.0970000000000004,4.168879999999993,Gen 112
MOL_03728,CC(=O)C1CCC(C)C1c1c(C2CCC(C)C2C(C)=O)ccnc1C,-7.043,-7.296,-0.2530000000000001,4.630779999999997,Gen 53
MOL_03729,CC(=O)C1CCC(C)C1c1c(O)c(C)nc(O)c1C1CCC(C)C1C(C)=O,-8.936,-7.45,1.4859999999999998,4.728999999999997,Gen 153
MOL_03730,CCOc1cnc(C)c(C2CCC(C)C2C(=O)C(C)C(C)C)c1C(C)=O,-9.461,-7.543,1.918,5.521344999999998,Gen 54
MOL_03731,COc1ccnc(C)c1-c1cc(C=CF)c(OC)c(C(=O)C(C)C(C)C)n1,-6.509,-7.332,-0.8229999999999995,5.609019999999994,Gen 130
MOL_03732,CC(=O)c1ccnc(C)c1-c1c(C2CCC(C)C2C(C)=O)ccnc1C,-7.391,-7.41,-0.0190000000000001,5.733999999999996,Gen 111
MOL_03733,CCc1ncc(C2CCC(C)C2C(=O)CC(C)C)c(C=NO)c1C(F)(F)F,-9.33,-7.688,1.6420000000000003,7.878819999999989,Gen 24
